ELECTION,SPENDERID,SPENDER_NAME,C_CODE,STRNO,STRNAME,APARTMENT,CITY,STATE,ZIP,FILING,COMMUNICATION_ID,COMMUNICATION_NAME,COMM_DATE,COMM_PURPOSECD,COMM_PURPOSE,COMM_AMNT,CANDID,CANDNAME,OFFICECD,OFFICE_BORO_DISTRICT,ALLOCATION,POSITION,MEDIA_TYPE
2025,Z194,Affordable New York,OTHR,2350,Kerner Boulevard,250,San Rafael,CA,94901,PD,6273,Multiple Candidate Social Media Ads,2025-06-17,INTAD,Internet - Display/Banner,237500,1164,"Lander, Brad",1,,79166.68,Oppose,digital_display
2025,Z194,Affordable New York,OTHR,2350,Kerner Boulevard,250,San Rafael,CA,94901,PD,6273,Multiple Candidate Social Media Ads,2025-06-17,INTAD,Internet - Display/Banner,237500,2899,"Mamdani, Zohran K",1,,79166.66,Oppose,digital_display
2025,Z194,Affordable New York,OTHR,2350,Kerner Boulevard,250,San Rafael,CA,94901,PD,6273,Multiple Candidate Social Media Ads,2025-06-17,INTAD,Internet - Display/Banner,237500,148,"Stringer, Scott M",1,,79166.66,Oppose,digital_display
2025,Z194,Affordable New York,OTHR,2350,Kerner Boulevard,250,San Rafael,CA,94901,PD,5753,Multiple Candidates TV Ad,2025-06-09,TVADS,Video (TV/Cable),1084100,1164,"Lander, Brad",1,,361366.68,Oppose,television
2025,Z194,Affordable New York,OTHR,2350,Kerner Boulevard,250,San Rafael,CA,94901,PD,5753,Multiple Candidates TV Ad,2025-06-09,TVADS,Video (TV/Cable),1084100,2899,"Mamdani, Zohran K",1,,361366.66,Oppose,television
2025,Z194,Affordable New York,OTHR,2350,Kerner Boulevard,250,San Rafael,CA,94901,PD,5753,Multiple Candidates TV Ad,2025-06-09,TVADS,Video (TV/Cable),1084100,148,"Stringer, Scott M",1,,361366.66,Oppose,television
2025,Z229,Anyone But Mamdani,OTHR,489,Fifth Ave,FL16,New York,NY,10017,41,7151,Bo at Library,2025-10-17,INTVID,Video (Internet),15132,2899,"Mamdani, Zohran K",1,,15132.0,Oppose,digital_video
2025,Z229,Anyone But Mamdani,OTHR,489,Fifth Ave,FL16,New York,NY,10017,39,7026,Bo in Bronx,2025-09-29,INTVID,Video (Internet),700,2899,"Mamdani, Zohran K",1,,700.0,Oppose,digital_video
2025,Z229,Anyone But Mamdani,OTHR,489,Fifth Ave,FL16,New York,NY,10017,38,6993,Bo in Harlem,2025-09-26,INTVID,Video (Internet),700,2899,"Mamdani, Zohran K",1,,700.0,Oppose,digital_video
2025,Z229,Anyone But Mamdani,OTHR,489,Fifth Ave,FL16,New York,NY,10017,41,7150,Bo in Office,2025-10-17,INTVID,Video (Internet),15082,2899,"Mamdani, Zohran K",1,,15082.32,Oppose,digital_video
2025,Z229,Anyone But Mamdani,OTHR,489,Fifth Ave,FL16,New York,NY,10017,35,6922,Video on Queensbridge Development,2025-09-02,INTVID,Video (Internet),500,2899,"Mamdani, Zohran K",1,,500.0,Oppose,digital_video
2025,Z169,Committee for Sensible Government,OTHR,5907,5907 175th Place,STE PH,fresh meadows,NY,11365,PD,6477,30 second video opposing Mamdani,2025-06-20,INTVID,Video (Internet),16500,2899,"Mamdani, Zohran K",1,,16500.0,Oppose,digital_video
2025,Z217,Competent New York,OTHR,1900,L St NW Ste 800,,Washington,DC,20036,23,5711,Best of the Boroughs - Digital Video,2025-06-07,INTVID,Video (Internet),374200,2063,"Adams, Adrienne E",1,,374200.0,Support,digital_video
2025,Z217,Competent New York,OTHR,1900,L St NW Ste 800,,Washington,DC,20036,23,5719,Order My Steps - Radio Advertisement,2025-06-07,RADIO,Audio > 30 seconds,135800,2063,"Adams, Adrienne E",1,,135800.0,Support,audio
2025,Z239,Defend and Advance - NY I.E.,OTHR,3425,U.S. Hwy 98 N,,Lakeland,FL,33809,40,7043,Social Media Content,2025-10-07,INTAD,Internet - Display/Banner,2750,2899,"Mamdani, Zohran K",1,,2750.0,Support,digital_display
2025,Z44,Empire State 32BJ SEIU PAC,EMPO,25,West 18th Street,,New York,NY,10011,39,7003,Zohran Static Ad Placement,2025-09-30,INTAD,Internet - Display/Banner,55362,2899,"Mamdani, Zohran K",1,,55362.16,Support,digital_display
2025,Z230,Empower NYC,OTHR,1325,"Avenue of the Americas, 28th flo",,New york,NY,10019,34,6905,AD PLACEMENTS,2025-08-25,INTAD,Internet - Display/Banner,2000,1545,"Adams, Eric L",1,,2000.0,Support,digital_display
2025,Z230,Empower NYC,OTHR,1325,"Avenue of the Americas, 28th flo",,New york,NY,10019,32,6868,AD PRODUCTION + AD PLACEMENT,2025-08-14,INTVID,Video (Internet),20000,1545,"Adams, Eric L",1,,20000.0,Support,digital_video
2025,Z230,Empower NYC,OTHR,1325,"Avenue of the Americas, 28th flo",,New york,NY,10019,33,6867,DIGITAL AD PRODUCTION + DISTRIBUTION,2025-08-18,INTVID,Video (Internet),105000,1545,"Adams, Eric L",1,,105000.0,Support,digital_video
2025,Z230,Empower NYC,OTHR,1325,"Avenue of the Americas, 28th flo",,New york,NY,10019,36,6939,EDITING,2025-09-09,INTVID,Video (Internet),4156,1545,"Adams, Eric L",1,,4156.25,Support,digital_video
2025,Z230,Empower NYC,OTHR,1325,"Avenue of the Americas, 28th flo",,New york,NY,10019,32,6859,GRAPHICS/ADVERTISING,2025-08-12,PRINT,Print Ad,15325,1545,"Adams, Eric L",1,,15325.0,Support,print
2025,Z230,Empower NYC,OTHR,1325,"Avenue of the Americas, 28th flo",,New york,NY,10019,34,6904,LED TRUCK,2025-08-25,BILLBD,Billboard,15000,1545,"Adams, Eric L",1,,15000.0,Support,billboard
2025,Z230,Empower NYC,OTHR,1325,"Avenue of the Americas, 28th flo",,New york,NY,10019,34,6898,MEDIA DISTRIBUTION,2025-08-25,PRINT,Print Ad,14000,1545,"Adams, Eric L",1,,14000.0,Support,print
2025,Z230,Empower NYC,OTHR,1325,"Avenue of the Americas, 28th flo",,New york,NY,10019,34,6894,PRODUCTION,2025-08-25,INTVID,Video (Internet),3750,1545,"Adams, Eric L",1,,3750.0,Support,digital_video
2025,Z230,Empower NYC,OTHR,1325,"Avenue of the Americas, 28th flo",,New york,NY,10019,34,6895,PRODUCTION,2025-08-25,INTVID,Video (Internet),3750,1545,"Adams, Eric L",1,,3750.0,Support,digital_video
2025,Z230,Empower NYC,OTHR,1325,"Avenue of the Americas, 28th flo",,New york,NY,10019,34,6896,PRODUCTION,2025-08-25,INTVID,Video (Internet),3750,1545,"Adams, Eric L",1,,3750.0,Support,digital_video
2025,Z230,Empower NYC,OTHR,1325,"Avenue of the Americas, 28th flo",,New york,NY,10019,34,6897,PRODUCTION,2025-08-25,INTVID,Video (Internet),3750,1545,"Adams, Eric L",1,,3750.0,Support,digital_video
2025,Z193,"Fix the City, Inc.",CORP,156,"West 56th Street, 3rd Floor",,New York,NY,10019,PD,5748,1/2 Page Ad,2025-06-09,PRINT,Print Ad,12540,2993,"Cuomo, Andrew M",1,,12540.0,Support,print
2025,Z193,"Fix the City, Inc.",CORP,156,"West 56th Street, 3rd Floor",,New York,NY,10019,15,4205,Ad 2,2025-04-08,TVADS,Video (TV/Cable),2279181,2993,"Cuomo, Andrew M",1,,2279181.3,Support,television
2025,Z193,"Fix the City, Inc.",CORP,156,"West 56th Street, 3rd Floor",,New York,NY,10019,GD,7410,Additional Social Media Post,2025-10-31,INTAD,Internet - Display/Banner,60000,2993,"Cuomo, Andrew M",1,,60000.0,Support,digital_display
2025,Z193,"Fix the City, Inc.",CORP,156,"West 56th Street, 3rd Floor",,New York,NY,10019,18,5252,Allegory Ad 3,2025-05-04,TVADS,Video (TV/Cable),756994,2993,"Cuomo, Andrew M",1,,756994.33,Support,television
2025,Z193,"Fix the City, Inc.",CORP,156,"West 56th Street, 3rd Floor",,New York,NY,10019,PD,6445,AMNY News Ad 6.19,2025-06-20,PRINT,Print Ad,5075,2993,"Cuomo, Andrew M",1,,5075.0,Support,print
2025,Z193,"Fix the City, Inc.",CORP,156,"West 56th Street, 3rd Floor",,New York,NY,10019,PD,6031,Amsterdam News Ad,2025-06-12,PRINT,Print Ad,5075,2993,"Cuomo, Andrew M",1,,5075.0,Support,print
2025,Z193,"Fix the City, Inc.",CORP,156,"West 56th Street, 3rd Floor",,New York,NY,10019,PD,6310,Applecart Digital Ad,2025-06-18,INTVID,Video (Internet),35000,2993,"Cuomo, Andrew M",1,,35000.0,Support,digital_video
2025,Z193,"Fix the City, Inc.",CORP,156,"West 56th Street, 3rd Floor",,New York,NY,10019,35,6916,Banner Digital Ads,2025-09-03,INTAD,Internet - Display/Banner,6500,2899,"Mamdani, Zohran K",1,,6500.0,Oppose,digital_display
2025,Z193,"Fix the City, Inc.",CORP,156,"West 56th Street, 3rd Floor",,New York,NY,10019,GD,7177,Banner Digital Ads NYC Voice,2025-10-20,INTAD,Internet - Display/Banner,3500,2899,"Mamdani, Zohran K",1,,3500.0,Oppose,digital_display
2025,Z193,"Fix the City, Inc.",CORP,156,"West 56th Street, 3rd Floor",,New York,NY,10019,GD,7382,Caribbean Life Full page,2025-10-30,PRINT,Print Ad,3571,2993,"Cuomo, Andrew M",1,,3571.42,Support,print
2025,Z193,"Fix the City, Inc.",CORP,156,"West 56th Street, 3rd Floor",,New York,NY,10019,20,5307,Challenge Ad 4,2025-05-13,TVADS,Video (TV/Cable),82203,2993,"Cuomo, Andrew M",1,,82202.82,Support,television
2025,Z193,"Fix the City, Inc.",CORP,156,"West 56th Street, 3rd Floor",,New York,NY,10019,20,5302,Challenge Ad 4 Revised,2025-05-16,TVADS,Video (TV/Cable),3076723,2993,"Cuomo, Andrew M",1,,3076723.27,Support,television
2025,Z193,"Fix the City, Inc.",CORP,156,"West 56th Street, 3rd Floor",,New York,NY,10019,GD,7308,Crisis Video,2025-10-28,TVADS,Video (TV/Cable),1700000,2899,"Mamdani, Zohran K",1,,1700000.0,Oppose,television
2025,Z193,"Fix the City, Inc.",CORP,156,"West 56th Street, 3rd Floor",,New York,NY,10019,PD,6668,CTV Ads Record,2025-06-20,TVADS,Video (TV/Cable),160000,2993,"Cuomo, Andrew M",1,,160000.0,Support,television
2025,Z193,"Fix the City, Inc.",CORP,156,"West 56th Street, 3rd Floor",,New York,NY,10019,GD,7412,Cuomo Early Voting Banners,2025-10-31,INTAD,Internet - Display/Banner,2500,2993,"Cuomo, Andrew M",1,,2500.0,Support,digital_display
2025,Z193,"Fix the City, Inc.",CORP,156,"West 56th Street, 3rd Floor",,New York,NY,10019,GD,7383,Cuomo V Mamdani Policy Video Ad,2025-10-28,INTVID,Video (Internet),5667,2993,"Cuomo, Andrew M",1,,5666.67,Support,digital_video
2025,Z193,"Fix the City, Inc.",CORP,156,"West 56th Street, 3rd Floor",,New York,NY,10019,11,4156,Digital Ad,2025-03-12,INTVID,Video (Internet),132008,2993,"Cuomo, Andrew M",1,,132007.78,Support,digital_video
2025,Z193,"Fix the City, Inc.",CORP,156,"West 56th Street, 3rd Floor",,New York,NY,10019,20,5304,Digital Ad 15sec Chaos,2025-05-16,INTVID,Video (Internet),117269,2993,"Cuomo, Andrew M",1,,117268.55,Support,digital_video
2025,Z193,"Fix the City, Inc.",CORP,156,"West 56th Street, 3rd Floor",,New York,NY,10019,20,5303,Digital Ad 15sec WIN,2025-05-13,INTVID,Video (Internet),197028,2993,"Cuomo, Andrew M",1,,197028.23,Support,digital_video
2025,Z193,"Fix the City, Inc.",CORP,156,"West 56th Street, 3rd Floor",,New York,NY,10019,PD,6528,Digital Ad Meta,2025-06-21,INTVID,Video (Internet),50000,2993,"Cuomo, Andrew M",1,,50000.0,Support,digital_video
2025,Z193,"Fix the City, Inc.",CORP,156,"West 56th Street, 3rd Floor",,New York,NY,10019,PD,6529,Digital Ad Meta 2,2025-06-21,INTVID,Video (Internet),50000,2993,"Cuomo, Andrew M",1,,50000.0,Support,digital_video
2025,Z193,"Fix the City, Inc.",CORP,156,"West 56th Street, 3rd Floor",,New York,NY,10019,PD,6530,Digital Ad Meta 3,2025-06-21,INTVID,Video (Internet),50000,2993,"Cuomo, Andrew M",1,,50000.0,Support,digital_video
2025,Z193,"Fix the City, Inc.",CORP,156,"West 56th Street, 3rd Floor",,New York,NY,10019,GD,7408,Digital Ad_Pivot,2025-10-31,INTVID,Video (Internet),20000,2993,"Cuomo, Andrew M",1,,20000.0,Support,digital_video
2025,Z193,"Fix the City, Inc.",CORP,156,"West 56th Street, 3rd Floor",,New York,NY,10019,GD,7409,Digital Ad_Pivot 2,2025-10-31,INTVID,Video (Internet),20000,2993,"Cuomo, Andrew M",1,,20000.0,Support,digital_video
2025,Z193,"Fix the City, Inc.",CORP,156,"West 56th Street, 3rd Floor",,New York,NY,10019,PD,6574,DN 6.23 Ad,2025-06-23,PRINT,Print Ad,50000,2993,"Cuomo, Andrew M",1,,50000.0,Support,print
2025,Z193,"Fix the City, Inc.",CORP,156,"West 56th Street, 3rd Floor",,New York,NY,10019,PD,6339,Flatbush Jewish AD1,2025-06-19,PRINT,Print Ad,8333,2899,"Mamdani, Zohran K",1,,8333.0,Oppose,print
2025,Z193,"Fix the City, Inc.",CORP,156,"West 56th Street, 3rd Floor",,New York,NY,10019,PD,6341,Flatbush Jewish AD2,2025-06-19,PRINT,Print Ad,8333,2899,"Mamdani, Zohran K",1,,8333.0,Oppose,print
2025,Z193,"Fix the City, Inc.",CORP,156,"West 56th Street, 3rd Floor",,New York,NY,10019,PD,6342,Flatbush Jewish AD3,2025-06-19,PRINT,Print Ad,8334,2993,"Cuomo, Andrew M",1,,8334.0,Support,print
2025,Z193,"Fix the City, Inc.",CORP,156,"West 56th Street, 3rd Floor",,New York,NY,10019,23,5664,FTC Done Spanish Ad,2025-06-06,INTVID,Video (Internet),170000,2993,"Cuomo, Andrew M",1,,170000.0,Support,digital_video
2025,Z193,"Fix the City, Inc.",CORP,156,"West 56th Street, 3rd Floor",,New York,NY,10019,23,5661,FTC Dough Digital Ad,2025-06-05,INTVID,Video (Internet),112500,2993,"Cuomo, Andrew M",1,,112500.0,Support,digital_video
2025,Z193,"Fix the City, Inc.",CORP,156,"West 56th Street, 3rd Floor",,New York,NY,10019,PD,6447,FTC Essence 1,2025-06-20,INTAD,Internet - Display/Banner,50000,2993,"Cuomo, Andrew M",1,,50000.0,Support,digital_display
2025,Z193,"Fix the City, Inc.",CORP,156,"West 56th Street, 3rd Floor",,New York,NY,10019,PD,6448,FTC Essence 2,2025-06-20,INTAD,Internet - Display/Banner,50000,2993,"Cuomo, Andrew M",1,,50000.0,Support,digital_display
2025,Z193,"Fix the City, Inc.",CORP,156,"West 56th Street, 3rd Floor",,New York,NY,10019,PD,6449,FTC Essence 3,2025-06-20,INTAD,Internet - Display/Banner,50000,2993,"Cuomo, Andrew M",1,,50000.0,Support,digital_display
2025,Z193,"Fix the City, Inc.",CORP,156,"West 56th Street, 3rd Floor",,New York,NY,10019,PD,6450,FTC Essence 4,2025-06-20,INTAD,Internet - Display/Banner,50000,2993,"Cuomo, Andrew M",1,,50000.0,Support,digital_display
2025,Z193,"Fix the City, Inc.",CORP,156,"West 56th Street, 3rd Floor",,New York,NY,10019,23,5660,FTC Fewer Digital Ad,2025-06-05,INTVID,Video (Internet),112500,2993,"Cuomo, Andrew M",1,,112500.0,Support,digital_video
2025,Z193,"Fix the City, Inc.",CORP,156,"West 56th Street, 3rd Floor",,New York,NY,10019,23,5659,FTC HEY AD,2025-06-05,TVADS,Video (TV/Cable),1015170,2993,"Cuomo, Andrew M",1,,1015170.0,Support,television
2025,Z193,"Fix the City, Inc.",CORP,156,"West 56th Street, 3rd Floor",,New York,NY,10019,23,5663,FTC Kids Spanish Ad,2025-06-06,INTVID,Video (Internet),170000,2993,"Cuomo, Andrew M",1,,170000.0,Support,digital_video
2025,Z193,"Fix the City, Inc.",CORP,156,"West 56th Street, 3rd Floor",,New York,NY,10019,PD,6525,Google Ads,2025-06-21,INTAD,Internet - Display/Banner,50000,2993,"Cuomo, Andrew M",1,,50000.0,Support,digital_display
2025,Z193,"Fix the City, Inc.",CORP,156,"West 56th Street, 3rd Floor",,New York,NY,10019,PD,6666,Google Ads Joke,2025-06-20,INTVID,Video (Internet),80000,2993,"Cuomo, Andrew M",1,,80000.0,Support,digital_video
2025,Z193,"Fix the City, Inc.",CORP,156,"West 56th Street, 3rd Floor",,New York,NY,10019,PD,6667,Google Ads Praise,2025-06-20,INTVID,Video (Internet),80000,2993,"Cuomo, Andrew M",1,,80000.0,Support,digital_video
2025,Z193,"Fix the City, Inc.",CORP,156,"West 56th Street, 3rd Floor",,New York,NY,10019,PD,6513,Kiosks 1,2025-06-21,INTAD,Internet - Display/Banner,97500,2993,"Cuomo, Andrew M",1,,97500.0,Support,digital_display
2025,Z193,"Fix the City, Inc.",CORP,156,"West 56th Street, 3rd Floor",,New York,NY,10019,PD,6514,Kiosks 2,2025-06-21,INTAD,Internet - Display/Banner,97500,2993,"Cuomo, Andrew M",1,,97500.0,Support,digital_display
2025,Z193,"Fix the City, Inc.",CORP,156,"West 56th Street, 3rd Floor",,New York,NY,10019,43,7475,Leadership Not Noise Cuomo,2025-11-04,INTVID,Video (Internet),150000,2993,"Cuomo, Andrew M",1,,150000.0,Support,digital_video
2025,Z193,"Fix the City, Inc.",CORP,156,"West 56th Street, 3rd Floor",,New York,NY,10019,40,7061,Live Ads and Posting 10/06 - 10/13,2025-10-06,INTAD,Internet - Display/Banner,151500,2993,"Cuomo, Andrew M",1,,151500.0,Support,digital_display
2025,Z193,"Fix the City, Inc.",CORP,156,"West 56th Street, 3rd Floor",,New York,NY,10019,PD,6575,Local Paper Display,2025-06-23,PRINT,Print Ad,50000,2993,"Cuomo, Andrew M",1,,50000.0,Support,print
2025,Z193,"Fix the City, Inc.",CORP,156,"West 56th Street, 3rd Floor",,New York,NY,10019,PD,6493,Mayoral Race Ad,2025-06-20,INTVID,Video (Internet),92987,2993,"Cuomo, Andrew M",1,,92986.93,Support,digital_video
2025,Z193,"Fix the City, Inc.",CORP,156,"West 56th Street, 3rd Floor",,New York,NY,10019,PD,5873,Memorial Day Ad,2025-05-23,PRINT,Print Ad,1995,2993,"Cuomo, Andrew M",1,,1995.0,Support,print
2025,Z193,"Fix the City, Inc.",CORP,156,"West 56th Street, 3rd Floor",,New York,NY,10019,PD,6531,Meta Digital Ads,2025-06-20,INTVID,Video (Internet),50000,2993,"Cuomo, Andrew M",1,,50000.0,Support,digital_video
2025,Z193,"Fix the City, Inc.",CORP,156,"West 56th Street, 3rd Floor",,New York,NY,10019,40,7057,Not Series Video Ad,2025-10-06,TVADS,Video (TV/Cable),10500,2899,"Mamdani, Zohran K",1,,10500.0,Oppose,television
2025,Z193,"Fix the City, Inc.",CORP,156,"West 56th Street, 3rd Floor",,New York,NY,10019,38,6974,Not Serious Digital Ad,2025-09-24,INTVID,Video (Internet),26666,2899,"Mamdani, Zohran K",1,,26666.0,Oppose,digital_video
2025,Z193,"Fix the City, Inc.",CORP,156,"West 56th Street, 3rd Floor",,New York,NY,10019,36,6933,NYC Biggest Challenges_Media,2025-09-11,INTVID,Video (Internet),9358,2899,"Mamdani, Zohran K",1,,9358.0,Oppose,digital_video
2025,Z193,"Fix the City, Inc.",CORP,156,"West 56th Street, 3rd Floor",,New York,NY,10019,40,7055,NYC Deserves Real Leadership Youtube Video Ad,2025-10-06,INTVID,Video (Internet),10500,2899,"Mamdani, Zohran K",1,,10500.0,Oppose,digital_video
2025,Z193,"Fix the City, Inc.",CORP,156,"West 56th Street, 3rd Floor",,New York,NY,10019,PD,6526,NYDN and Google Ads,2025-06-21,INTAD,Internet - Display/Banner,50000,2993,"Cuomo, Andrew M",1,,50000.0,Support,digital_display
2025,Z193,"Fix the City, Inc.",CORP,156,"West 56th Street, 3rd Floor",,New York,NY,10019,PD,6527,NYT Digital Ads,2025-06-20,INTVID,Video (Internet),50000,2993,"Cuomo, Andrew M",1,,50000.0,Support,digital_video
2025,Z193,"Fix the City, Inc.",CORP,156,"West 56th Street, 3rd Floor",,New York,NY,10019,PD,6411,Print Ad Full Caribbean 6/19,2025-06-19,PRINT,Print Ad,2458,2993,"Cuomo, Andrew M",1,,2458.0,Support,print
2025,Z193,"Fix the City, Inc.",CORP,156,"West 56th Street, 3rd Floor",,New York,NY,10019,PD,6096,Print Ad Full Page Bronx,2025-06-13,PRINT,Print Ad,1604,2993,"Cuomo, Andrew M",1,,1604.0,Support,print
2025,Z193,"Fix the City, Inc.",CORP,156,"West 56th Street, 3rd Floor",,New York,NY,10019,PD,6098,Print Ad Full Page Jamaica,2025-06-13,PRINT,Print Ad,1604,2993,"Cuomo, Andrew M",1,,1604.0,Support,print
2025,Z193,"Fix the City, Inc.",CORP,156,"West 56th Street, 3rd Floor",,New York,NY,10019,PD,6413,Print Ad Full Page Jamaica 6/20,2025-06-20,PRINT,Print Ad,1604,2993,"Cuomo, Andrew M",1,,1604.0,Support,print
2025,Z193,"Fix the City, Inc.",CORP,156,"West 56th Street, 3rd Floor",,New York,NY,10019,PD,6099,Print Ad Full Page Queens,2025-06-13,PRINT,Print Ad,3515,2993,"Cuomo, Andrew M",1,,3515.0,Support,print
2025,Z193,"Fix the City, Inc.",CORP,156,"West 56th Street, 3rd Floor",,New York,NY,10019,PD,6416,Print Ad Full Page Queens 6/20,2025-06-20,PRINT,Print Ad,3515,2993,"Cuomo, Andrew M",1,,3515.0,Support,print
2025,Z193,"Fix the City, Inc.",CORP,156,"West 56th Street, 3rd Floor",,New York,NY,10019,PD,6029,Print Ad Full Page Schneps,2025-06-12,PRINT,Print Ad,2458,2993,"Cuomo, Andrew M",1,,2458.0,Support,print
2025,Z193,"Fix the City, Inc.",CORP,156,"West 56th Street, 3rd Floor",,New York,NY,10019,PD,6100,Print Ad Full Page Spanish El Diario,2025-06-14,PRINT,Print Ad,13080,2993,"Cuomo, Andrew M",1,,13079.91,Support,print
2025,Z193,"Fix the City, Inc.",CORP,156,"West 56th Street, 3rd Floor",,New York,NY,10019,PD,6097,Print Ad Full Page Spanish Noticia,2025-06-13,PRINT,Print Ad,1495,2993,"Cuomo, Andrew M",1,,1495.0,Support,print
2025,Z193,"Fix the City, Inc.",CORP,156,"West 56th Street, 3rd Floor",,New York,NY,10019,PD,6409,Print Ad Full Page Spanish Noticia 6/20,2025-06-20,PRINT,Print Ad,1495,2993,"Cuomo, Andrew M",1,,1495.0,Support,print
2025,Z193,"Fix the City, Inc.",CORP,156,"West 56th Street, 3rd Floor",,New York,NY,10019,PD,6408,Print Ad Full Pg Bronx Times 6/20,2025-06-20,PRINT,Print Ad,1604,2993,"Cuomo, Andrew M",1,,1604.0,Support,print
2025,Z193,"Fix the City, Inc.",CORP,156,"West 56th Street, 3rd Floor",,New York,NY,10019,PD,6267,Print Ad Replacement Schneps,2025-06-16,PRINT,Print Ad,16720,2993,"Cuomo, Andrew M",1,,16720.0,Support,print
2025,Z193,"Fix the City, Inc.",CORP,156,"West 56th Street, 3rd Floor",,New York,NY,10019,PD,5915,Print Ad Straus Media,2025-06-12,PRINT,Print Ad,4150,2993,"Cuomo, Andrew M",1,,4150.0,Support,print
2025,Z193,"Fix the City, Inc.",CORP,156,"West 56th Street, 3rd Floor",,New York,NY,10019,GD,7402,Print Ads Schneps,2025-10-31,PRINT,Print Ad,46429,2993,"Cuomo, Andrew M",1,,46428.58,Support,print
2025,Z193,"Fix the City, Inc.",CORP,156,"West 56th Street, 3rd Floor",,New York,NY,10019,PD,6576,Radio,2025-06-22,RADIO,Audio > 30 seconds,100000,2993,"Cuomo, Andrew M",1,,100000.0,Support,audio
2025,Z193,"Fix the City, Inc.",CORP,156,"West 56th Street, 3rd Floor",,New York,NY,10019,GD,7443,Radio Ad Restaurant,2025-11-01,RADIO,Audio > 30 seconds,30910,2993,"Cuomo, Andrew M",1,,30910.0,Support,audio
2025,Z193,"Fix the City, Inc.",CORP,156,"West 56th Street, 3rd Floor",,New York,NY,10019,40,7056,Ready for the Job Youtube Video Ad,2025-10-06,INTVID,Video (Internet),10500,2899,"Mamdani, Zohran K",1,,10500.0,Oppose,digital_video
2025,Z193,"Fix the City, Inc.",CORP,156,"West 56th Street, 3rd Floor",,New York,NY,10019,36,6934,Rent Freeze_Media,2025-09-11,INTVID,Video (Internet),9358,2899,"Mamdani, Zohran K",1,,9358.0,Oppose,digital_video
2025,Z193,"Fix the City, Inc.",CORP,156,"West 56th Street, 3rd Floor",,New York,NY,10019,PD,5964,Risky Ad,2025-06-12,TVADS,Video (TV/Cable),5389604,2899,"Mamdani, Zohran K",1,,5389604.4,Oppose,television
2025,Z193,"Fix the City, Inc.",CORP,156,"West 56th Street, 3rd Floor",,New York,NY,10019,40,7054,Safey Youtube Video Ad,2025-10-06,INTVID,Video (Internet),10500,2899,"Mamdani, Zohran K",1,,10500.0,Oppose,digital_video
2025,Z193,"Fix the City, Inc.",CORP,156,"West 56th Street, 3rd Floor",,New York,NY,10019,PD,6334,Schneps 6/19,2025-06-19,PRINT,Print Ad,55500,2993,"Cuomo, Andrew M",1,,55500.0,Support,print
2025,Z193,"Fix the City, Inc.",CORP,156,"West 56th Street, 3rd Floor",,New York,NY,10019,PD,6622,Schneps Digital 6/24,2025-06-24,INTAD,Internet - Display/Banner,3500,2993,"Cuomo, Andrew M",1,,3500.0,Support,digital_display
2025,Z193,"Fix the City, Inc.",CORP,156,"West 56th Street, 3rd Floor",,New York,NY,10019,39,7001,Social Media (X Corp) 10/01,2025-10-01,INTAD,Internet - Display/Banner,640,2993,"Cuomo, Andrew M",1,,640.11,Support,digital_display
2025,Z193,"Fix the City, Inc.",CORP,156,"West 56th Street, 3rd Floor",,New York,NY,10019,39,7007,Social Media (X Corp) 10/02/2025,2025-10-02,INTAD,Internet - Display/Banner,994,2993,"Cuomo, Andrew M",1,,993.8,Support,digital_display
2025,Z193,"Fix the City, Inc.",CORP,156,"West 56th Street, 3rd Floor",,New York,NY,10019,40,7008,Social Media (X Corp) 10/03/25,2025-10-03,INTAD,Internet - Display/Banner,998,2993,"Cuomo, Andrew M",1,,997.94,Support,digital_display
2025,Z193,"Fix the City, Inc.",CORP,156,"West 56th Street, 3rd Floor",,New York,NY,10019,38,6978,Social Media (X Corp) 9/22,2025-09-22,INTAD,Internet - Display/Banner,615,2993,"Cuomo, Andrew M",1,,615.0,Support,digital_display
2025,Z193,"Fix the City, Inc.",CORP,156,"West 56th Street, 3rd Floor",,New York,NY,10019,38,6979,Social Media (X Corp) 9/23,2025-09-23,INTAD,Internet - Display/Banner,926,2993,"Cuomo, Andrew M",1,,926.21,Support,digital_display
2025,Z193,"Fix the City, Inc.",CORP,156,"West 56th Street, 3rd Floor",,New York,NY,10019,38,6980,Social Media (X Corp) 9/24,2025-09-24,INTAD,Internet - Display/Banner,1596,2993,"Cuomo, Andrew M",1,,1595.88,Support,digital_display
2025,Z193,"Fix the City, Inc.",CORP,156,"West 56th Street, 3rd Floor",,New York,NY,10019,38,6981,Social Media (X Corp) 9/25,2025-09-25,INTAD,Internet - Display/Banner,934,2993,"Cuomo, Andrew M",1,,934.31,Support,digital_display
2025,Z193,"Fix the City, Inc.",CORP,156,"West 56th Street, 3rd Floor",,New York,NY,10019,38,6982,Social Media (X Corp) 9/26,2025-09-26,INTAD,Internet - Display/Banner,1744,2993,"Cuomo, Andrew M",1,,1743.79,Support,digital_display
2025,Z193,"Fix the City, Inc.",CORP,156,"West 56th Street, 3rd Floor",,New York,NY,10019,39,7002,Social Media (X Corp) 9/29,2025-09-30,INTAD,Internet - Display/Banner,1606,2993,"Cuomo, Andrew M",1,,1606.46,Support,digital_display
2025,Z193,"Fix the City, Inc.",CORP,156,"West 56th Street, 3rd Floor",,New York,NY,10019,39,7006,Social Media (X Corp) 9/30,2025-09-30,INTAD,Internet - Display/Banner,2681,2993,"Cuomo, Andrew M",1,,2681.42,Support,digital_display
2025,Z193,"Fix the City, Inc.",CORP,156,"West 56th Street, 3rd Floor",,New York,NY,10019,41,7152,Social Media (X Corp) w/e 10/19,2025-10-19,INTAD,Internet - Display/Banner,15269,2993,"Cuomo, Andrew M",1,,15268.56,Support,digital_display
2025,Z193,"Fix the City, Inc.",CORP,156,"West 56th Street, 3rd Floor",,New York,NY,10019,37,6957,Social Media Ads,2025-09-21,INTAD,Internet - Display/Banner,10000,2899,"Mamdani, Zohran K",1,,10000.0,Oppose,digital_display
2025,Z193,"Fix the City, Inc.",CORP,156,"West 56th Street, 3rd Floor",,New York,NY,10019,41,7117,Social Media Ads & Postings w/e 10/19,2025-10-19,INTAD,Internet - Display/Banner,204000,2993,"Cuomo, Andrew M",1,,204000.0,Support,digital_display
2025,Z193,"Fix the City, Inc.",CORP,156,"West 56th Street, 3rd Floor",,New York,NY,10019,38,6973,Social Media Posting 9/22-9/28,2025-09-22,INTAD,Internet - Display/Banner,29722,2993,"Cuomo, Andrew M",1,,29721.85,Support,digital_display
2025,Z193,"Fix the City, Inc.",CORP,156,"West 56th Street, 3rd Floor",,New York,NY,10019,39,7022,Social Media Posting 9/29-10/5,2025-09-29,INTAD,Internet - Display/Banner,12068,2993,"Cuomo, Andrew M",1,,12067.66,Support,digital_display
2025,Z193,"Fix the City, Inc.",CORP,156,"West 56th Street, 3rd Floor",,New York,NY,10019,40,7067,Social Media Postings 10/06 - 10/13,2025-10-06,INTAD,Internet - Display/Banner,7455,2993,"Cuomo, Andrew M",1,,7455.4,Support,digital_display
2025,Z193,"Fix the City, Inc.",CORP,156,"West 56th Street, 3rd Floor",,New York,NY,10019,GD,7190,Social Media Postings 10/21 & 10/22,2025-10-21,INTAD,Internet - Display/Banner,200000,2993,"Cuomo, Andrew M",1,,200000.0,Support,digital_display
2025,Z193,"Fix the City, Inc.",CORP,156,"West 56th Street, 3rd Floor",,New York,NY,10019,40,7063,Social Post Arent Leadership Youtube Video Ad,2025-10-06,INTVID,Video (Internet),10500,2899,"Mamdani, Zohran K",1,,10500.0,Oppose,digital_video
2025,Z193,"Fix the City, Inc.",CORP,156,"West 56th Street, 3rd Floor",,New York,NY,10019,PD,6577,Sound Truck Ad Audio 6/22-6/24,2025-06-22,RADIO,Audio > 30 seconds,24000,2993,"Cuomo, Andrew M",1,,24000.0,Support,audio
2025,Z193,"Fix the City, Inc.",CORP,156,"West 56th Street, 3rd Floor",,New York,NY,10019,PD,6578,Soundtrack Ad Display 6/22-6/24,2025-06-22,INTAD,Internet - Display/Banner,24000,2993,"Cuomo, Andrew M",1,,24000.0,Support,digital_display
2025,Z193,"Fix the City, Inc.",CORP,156,"West 56th Street, 3rd Floor",,New York,NY,10019,PD,6654,Spanish Radio Ad,2025-06-23,RADIO,Audio > 30 seconds,55000,2993,"Cuomo, Andrew M",1,,55000.0,Support,audio
2025,Z193,"Fix the City, Inc.",CORP,156,"West 56th Street, 3rd Floor",,New York,NY,10019,PD,5998,Spanish Taxi Ad,2025-06-12,INTAD,Internet - Display/Banner,169955,2993,"Cuomo, Andrew M",1,,169955.0,Support,digital_display
2025,Z193,"Fix the City, Inc.",CORP,156,"West 56th Street, 3rd Floor",,New York,NY,10019,PD,6338,Steinreich Ads,2025-06-18,PRINT,Print Ad,16706,2993,"Cuomo, Andrew M",1,,16706.0,Support,print
2025,Z193,"Fix the City, Inc.",CORP,156,"West 56th Street, 3rd Floor",,New York,NY,10019,PD,6392,Straus Media 6.19,2025-06-19,PRINT,Print Ad,4150,2993,"Cuomo, Andrew M",1,,4150.0,Support,print
2025,Z193,"Fix the City, Inc.",CORP,156,"West 56th Street, 3rd Floor",,New York,NY,10019,40,7290,Tax Fantasy Video,2025-10-24,INTVID,Video (Internet),5667,2899,"Mamdani, Zohran K",1,,5666.66,Oppose,digital_video
2025,Z193,"Fix the City, Inc.",CORP,156,"West 56th Street, 3rd Floor",,New York,NY,10019,PD,6515,Taxi 1,2025-06-21,INTAD,Internet - Display/Banner,28628,2993,"Cuomo, Andrew M",1,,28627.63,Support,digital_display
2025,Z193,"Fix the City, Inc.",CORP,156,"West 56th Street, 3rd Floor",,New York,NY,10019,PD,6516,Taxi Tops 2,2025-06-21,INTAD,Internet - Display/Banner,28628,2993,"Cuomo, Andrew M",1,,28627.63,Support,digital_display
2025,Z193,"Fix the City, Inc.",CORP,156,"West 56th Street, 3rd Floor",,New York,NY,10019,PD,6517,Taxi Tops 3,2025-06-21,INTAD,Internet - Display/Banner,28628,2993,"Cuomo, Andrew M",1,,28627.64,Support,digital_display
2025,Z193,"Fix the City, Inc.",CORP,156,"West 56th Street, 3rd Floor",,New York,NY,10019,PD,6443,Tooth Ad,2025-06-20,INTVID,Video (Internet),220354,2993,"Cuomo, Andrew M",1,,220354.4,Support,digital_video
2025,Z193,"Fix the City, Inc.",CORP,156,"West 56th Street, 3rd Floor",,New York,NY,10019,GD,7389,Truck Side Ads,2025-10-30,BILLBD,Billboard,7500,2993,"Cuomo, Andrew M",1,,7500.0,Support,billboard
2025,Z193,"Fix the City, Inc.",CORP,156,"West 56th Street, 3rd Floor",,New York,NY,10019,38,6975,Tweets Digital Ad,2025-09-24,INTVID,Video (Internet),26667,2899,"Mamdani, Zohran K",1,,26667.0,Oppose,digital_video
2025,Z193,"Fix the City, Inc.",CORP,156,"West 56th Street, 3rd Floor",,New York,NY,10019,PD,6367,Unsuited Ad,2025-06-18,TVADS,Video (TV/Cable),1550000,2899,"Mamdani, Zohran K",1,,1550000.0,Oppose,television
2025,Z193,"Fix the City, Inc.",CORP,156,"West 56th Street, 3rd Floor",,New York,NY,10019,42,7275,Updated Live Ads and Links 10/25,2025-10-25,INTVID,Video (Internet),100000,2993,"Cuomo, Andrew M",1,,100000.0,Support,digital_video
2025,Z193,"Fix the City, Inc.",CORP,156,"West 56th Street, 3rd Floor",,New York,NY,10019,GD,7116,Video_Smooth,2025-10-20,INTVID,Video (Internet),375000,2899,"Mamdani, Zohran K",1,,375000.0,Oppose,digital_video
2025,Z193,"Fix the City, Inc.",CORP,156,"West 56th Street, 3rd Floor",,New York,NY,10019,GD,7155,Video_Stop Mamdani,2025-10-20,INTVID,Video (Internet),375000,2899,"Mamdani, Zohran K",1,,375000.0,Oppose,digital_video
2025,Z193,"Fix the City, Inc.",CORP,156,"West 56th Street, 3rd Floor",,New York,NY,10019,43,7476,Vote Cuomo for Common Sense,2025-11-04,INTVID,Video (Internet),150000,2993,"Cuomo, Andrew M",1,,150000.0,Support,digital_video
2025,Z193,"Fix the City, Inc.",CORP,156,"West 56th Street, 3rd Floor",,New York,NY,10019,GD,7413,Vote Early Truck Sides,2025-10-31,INTAD,Internet - Display/Banner,2500,2993,"Cuomo, Andrew M",1,,2500.0,Support,digital_display
2025,Z193,"Fix the City, Inc.",CORP,156,"West 56th Street, 3rd Floor",,New York,NY,10019,GD,7438,Weekend Truck Advertising,2025-11-02,INTAD,Internet - Display/Banner,19500,2993,"Cuomo, Andrew M",1,,19500.0,Support,digital_display
2025,Z257,For Our City,OTHR,60,"Park Place, Ste 1303",,Newark,NJ,7102,GD,7426,15 Second Video - Piker and Mamdani,2025-11-01,TVADS,Video (TV/Cable),650000,2899,"Mamdani, Zohran K",1,,650000.0,Oppose,television
2025,Z257,For Our City,OTHR,60,"Park Place, Ste 1303",,Newark,NJ,7102,GD,7358,30 Second Video - Alone - Internet,2025-10-29,INTVID,Video (Internet),250000,2993,"Cuomo, Andrew M",1,,125000.0,Support,digital_video
2025,Z257,For Our City,OTHR,60,"Park Place, Ste 1303",,Newark,NJ,7102,GD,7358,30 Second Video - Alone - Internet,2025-10-29,INTVID,Video (Internet),250000,2899,"Mamdani, Zohran K",1,,125000.0,Oppose,digital_video
2025,Z257,For Our City,OTHR,60,"Park Place, Ste 1303",,Newark,NJ,7102,GD,7415,30 Second Video - Biggest Fear - Alone w/new Paid By,2025-10-31,TVADS,Video (TV/Cable),1201193,2993,"Cuomo, Andrew M",1,,600596.46,Support,television
2025,Z257,For Our City,OTHR,60,"Park Place, Ste 1303",,Newark,NJ,7102,GD,7415,30 Second Video - Biggest Fear - Alone w/new Paid By,2025-10-31,TVADS,Video (TV/Cable),1201193,2899,"Mamdani, Zohran K",1,,600596.46,Oppose,television
2025,Z257,For Our City,OTHR,60,"Park Place, Ste 1303",,Newark,NJ,7102,GD,7416,30 Second Video - Biggest Fear - Alone w/new Paid By We,2025-10-31,INTVID,Video (Internet),80063,2993,"Cuomo, Andrew M",1,,40031.34,Support,digital_video
2025,Z257,For Our City,OTHR,60,"Park Place, Ste 1303",,Newark,NJ,7102,GD,7416,30 Second Video - Biggest Fear - Alone w/new Paid By We,2025-10-31,INTVID,Video (Internet),80063,2899,"Mamdani, Zohran K",1,,40031.33,Oppose,digital_video
2025,Z257,For Our City,OTHR,60,"Park Place, Ste 1303",,Newark,NJ,7102,GD,7417,30 Second Video - Crisis,2025-10-31,TVADS,Video (TV/Cable),1201193,2993,"Cuomo, Andrew M",1,,1201192.93,Support,television
2025,Z257,For Our City,OTHR,60,"Park Place, Ste 1303",,Newark,NJ,7102,GD,7418,30 Second Video - Crisis - Internet,2025-10-31,INTVID,Video (Internet),82489,2993,"Cuomo, Andrew M",1,,82488.81,Support,digital_video
2025,Z257,For Our City,OTHR,60,"Park Place, Ste 1303",,Newark,NJ,7102,GD,7191,30 Second Video - Embrace,2025-10-22,TVADS,Video (TV/Cable),849660,2899,"Mamdani, Zohran K",1,,849660.06,Oppose,television
2025,Z257,For Our City,OTHR,60,"Park Place, Ste 1303",,Newark,NJ,7102,GD,7398,30 Second Video - Not Who You Think / Trashed - Interne,2025-10-30,INTVID,Video (Internet),24332,2899,"Mamdani, Zohran K",1,,24331.74,Support,digital_video
2025,Z257,For Our City,OTHR,60,"Park Place, Ste 1303",,Newark,NJ,7102,41,7149,30 Second Video - Not Who You Think He Is / Trashed,2025-10-18,TVADS,Video (TV/Cable),2174179,2899,"Mamdani, Zohran K",1,,2174178.64,Oppose,television
2025,Z257,For Our City,OTHR,60,"Park Place, Ste 1303",,Newark,NJ,7102,GD,7205,30 Second Video - Own Words,2025-10-22,INTVID,Video (Internet),250000,2899,"Mamdani, Zohran K",1,,250000.0,Oppose,digital_video
2025,Z257,For Our City,OTHR,60,"Park Place, Ste 1303",,Newark,NJ,7102,GD,7419,30 Second Video - Smiling - Embrace w/new Paid By - Web,2025-10-31,INTVID,Video (Internet),80063,2899,"Mamdani, Zohran K",1,,80062.67,Support,digital_video
2025,Z257,For Our City,OTHR,60,"Park Place, Ste 1303",,Newark,NJ,7102,GD,7396,30 Second Video - Spanish TV,2025-10-30,TVADS,Video (TV/Cable),290000,2993,"Cuomo, Andrew M",1,,290000.0,Support,television
2025,Z89,Hotel Workers for Stronger Communities,OTHR,707,8th Avenue,,New York,NY,10036,PD,6222,Cuomo mayor billboard trucks v2,2025-06-16,BILLBD,Billboard,38750,2993,"Cuomo, Andrew M",1,,38750.0,Support,billboard
2025,Z89,Hotel Workers for Stronger Communities,OTHR,707,8th Avenue,,New York,NY,10036,PD,6219,Cuomo mayor mobile billboard v1,2025-06-16,BILLBD,Billboard,38750,2993,"Cuomo, Andrew M",1,,38750.0,Support,billboard
2025,Z89,Hotel Workers for Stronger Communities,OTHR,707,8th Avenue,,New York,NY,10036,GD,7197,Shift Change broadcast TV video,2025-10-22,TVADS,Video (TV/Cable),610000,2899,"Mamdani, Zohran K",1,,610000.0,Support,television
2025,Z89,Hotel Workers for Stronger Communities,OTHR,707,8th Avenue,,New York,NY,10036,GD,7198,Shift Change digital video,2025-10-22,INTVID,Video (Internet),200000,2899,"Mamdani, Zohran K",1,,200000.0,Support,digital_video
2025,Z205,HOUSING FOR ALL,OTHR,123,William,,New York,NY,10038,PD,6027,Radio & TV Media Buy,2025-06-09,TVADS,Video (TV/Cable),2300000,2993,"Cuomo, Andrew M",1,,2300000.0,Support,television
2025,Z205,HOUSING FOR ALL,OTHR,123,William,,New York,NY,10038,25,6669,Radio Ads,2025-06-23,SRADIO,Audio <= 30 seconds,200000,2993,"Cuomo, Andrew M",1,,200000.0,Support,audio
2025,Z223,Indian Americans for Cuomo,OTHR,28,Arie Dr,,Marlboro,NJ,7746,PD,6356,radio ad on June 14th (27 seconds),2025-06-14,SRADIO,Audio <= 30 seconds,200,2993,"Cuomo, Andrew M",1,,200.0,Support,audio
2025,Z223,Indian Americans for Cuomo,OTHR,28,Arie Dr,,Marlboro,NJ,7746,PD,6357,radio ad on June 14th (28 seconds),2025-06-14,SRADIO,Audio <= 30 seconds,200,2993,"Cuomo, Andrew M",1,,200.0,Support,audio
2025,Z223,Indian Americans for Cuomo,OTHR,28,Arie Dr,,Marlboro,NJ,7746,PD,6359,radio ad on June 14th (31 seconds),2025-06-14,RADIO,Audio > 30 seconds,200,2993,"Cuomo, Andrew M",1,,200.0,Support,audio
2025,Z223,Indian Americans for Cuomo,OTHR,28,Arie Dr,,Marlboro,NJ,7746,PD,6358,radio ad on June 14th (33 seconds),2025-06-14,RADIO,Audio > 30 seconds,200,2993,"Cuomo, Andrew M",1,,200.0,Support,audio
2025,Z223,Indian Americans for Cuomo,OTHR,28,Arie Dr,,Marlboro,NJ,7746,PD,6360,radio interview on June 13th (6 minutes 49 seconds),2025-06-13,RADIO,Audio > 30 seconds,100,2993,"Cuomo, Andrew M",1,,100.0,Support,audio
2025,Z213,Local Economies Forward NY,OTHR,2350,Kerner Boulevard,250,San Rafael,CA,94901,25,6704,Andrew Cuomo Newspaper Ad 7,2025-06-24,INTAD,Internet - Display/Banner,2700,2993,"Cuomo, Andrew M",1,,2700.0,Support,digital_display
2025,Z213,Local Economies Forward NY,OTHR,2350,Kerner Boulevard,250,San Rafael,CA,94901,PD,6549,Andrew Cuomo Billboard Truck Sides 1,2025-06-22,BILLBD,Billboard,25000,2993,"Cuomo, Andrew M",1,,25000.0,Support,billboard
2025,Z213,Local Economies Forward NY,OTHR,2350,Kerner Boulevard,250,San Rafael,CA,94901,PD,6488,Andrew Cuomo Display Ads 1,2025-06-21,BILLBD,Billboard,30000,2993,"Cuomo, Andrew M",1,,30000.0,Support,billboard
2025,Z213,Local Economies Forward NY,OTHR,2350,Kerner Boulevard,250,San Rafael,CA,94901,PD,6484,Andrew Cuomo Newspaper Ad 1,2025-06-21,INTAD,Internet - Display/Banner,3475,2993,"Cuomo, Andrew M",1,,3475.0,Support,digital_display
2025,Z213,Local Economies Forward NY,OTHR,2350,Kerner Boulevard,250,San Rafael,CA,94901,PD,6540,Andrew Cuomo Newspaper Ad 2,2025-06-22,INTAD,Internet - Display/Banner,3475,2993,"Cuomo, Andrew M",1,,3475.0,Support,digital_display
2025,Z213,Local Economies Forward NY,OTHR,2350,Kerner Boulevard,250,San Rafael,CA,94901,PD,6542,Andrew Cuomo Newspaper Ad 3,2025-06-22,INTAD,Internet - Display/Banner,4800,2993,"Cuomo, Andrew M",1,,4800.0,Support,digital_display
2025,Z213,Local Economies Forward NY,OTHR,2350,Kerner Boulevard,250,San Rafael,CA,94901,PD,6616,Andrew Cuomo Newspaper Ad 4,2025-06-23,INTAD,Internet - Display/Banner,3475,2993,"Cuomo, Andrew M",1,,3475.0,Support,digital_display
2025,Z213,Local Economies Forward NY,OTHR,2350,Kerner Boulevard,250,San Rafael,CA,94901,25,6702,Andrew Cuomo Newspaper Ad 5,2025-06-24,INTAD,Internet - Display/Banner,3475,2993,"Cuomo, Andrew M",1,,3475.0,Support,digital_display
2025,Z213,Local Economies Forward NY,OTHR,2350,Kerner Boulevard,250,San Rafael,CA,94901,25,6703,Andrew Cuomo Newspaper Ad 6,2025-06-24,INTAD,Internet - Display/Banner,4800,2993,"Cuomo, Andrew M",1,,4800.0,Support,digital_display
2025,Z213,Local Economies Forward NY,OTHR,2350,Kerner Boulevard,250,San Rafael,CA,94901,25,6705,Andrew Cuomo Newspaper Ad 8,2025-06-24,INTAD,Internet - Display/Banner,4400,2993,"Cuomo, Andrew M",1,,4400.0,Support,digital_display
2025,Z213,Local Economies Forward NY,OTHR,2350,Kerner Boulevard,250,San Rafael,CA,94901,PD,6486,Andrew Cuomo WeChat Video Ad 1,2025-06-21,INTVID,Video (Internet),20000,2993,"Cuomo, Andrew M",1,,20000.0,Support,digital_video
2025,Z241,"NEW YORKERS FOR A BETTER FUTURE MAYOR 25, INC",CORP,163,AMSTERDAM AVENUE,1350,New york,NY,10023,37,6955,Digital Ads opposing  Zohran Mamdani,2025-09-16,INTAD,Internet - Display/Banner,250000,2899,"Mamdani, Zohran K",1,,250000.0,Oppose,digital_display
2025,Z241,"NEW YORKERS FOR A BETTER FUTURE MAYOR 25, INC",CORP,163,AMSTERDAM AVENUE,1350,New york,NY,10023,40,7046,Digital Ads opposing Zohran Mamdani,2025-10-10,INTAD,Internet - Display/Banner,250000,2899,"Mamdani, Zohran K",1,,250000.0,Oppose,digital_display
2025,Z241,"NEW YORKERS FOR A BETTER FUTURE MAYOR 25, INC",CORP,163,AMSTERDAM AVENUE,1350,New york,NY,10023,GD,7362,NYFABF Mayor 25 - Cable TV Ad,2025-10-30,TVADS,Video (TV/Cable),36000,2993,"Cuomo, Andrew M",1,,36000.0,Support,television
2025,Z241,"NEW YORKERS FOR A BETTER FUTURE MAYOR 25, INC",CORP,163,AMSTERDAM AVENUE,1350,New york,NY,10023,GD,7361,NYFABF Mayor 25 - Radio Ads,2025-10-30,RADIO,Audio > 30 seconds,17000,2993,"Cuomo, Andrew M",1,,17000.0,Support,audio
2025,Z241,"NEW YORKERS FOR A BETTER FUTURE MAYOR 25, INC",CORP,163,AMSTERDAM AVENUE,1350,New york,NY,10023,GD,7394,NYFABFM25 - Newspaper Ads,2025-10-31,PRINT,Print Ad,7300,2993,"Cuomo, Andrew M",1,,3650.0,Support,print
2025,Z241,"NEW YORKERS FOR A BETTER FUTURE MAYOR 25, INC",CORP,163,AMSTERDAM AVENUE,1350,New york,NY,10023,GD,7394,NYFABFM25 - Newspaper Ads,2025-10-31,PRINT,Print Ad,7300,2899,"Mamdani, Zohran K",1,,1825.0,Oppose,print
2025,Z241,"NEW YORKERS FOR A BETTER FUTURE MAYOR 25, INC",CORP,163,AMSTERDAM AVENUE,1350,New york,NY,10023,GD,7394,NYFABFM25 - Newspaper Ads,2025-10-31,PRINT,Print Ad,7300,2618,"Sliwa, Curtis A",1,,1825.0,Oppose,print
2025,Z241,"NEW YORKERS FOR A BETTER FUTURE MAYOR 25, INC",CORP,163,AMSTERDAM AVENUE,1350,New york,NY,10023,41,7154,Russian Digital Ad Supporting Cuomo & Opposing Sliwa/ZM,2025-10-18,INTAD,Internet - Display/Banner,100000,2993,"Cuomo, Andrew M",1,,50000.0,Support,digital_display
2025,Z241,"NEW YORKERS FOR A BETTER FUTURE MAYOR 25, INC",CORP,163,AMSTERDAM AVENUE,1350,New york,NY,10023,41,7154,Russian Digital Ad Supporting Cuomo & Opposing Sliwa/ZM,2025-10-18,INTAD,Internet - Display/Banner,100000,2899,"Mamdani, Zohran K",1,,25000.0,Oppose,digital_display
2025,Z241,"NEW YORKERS FOR A BETTER FUTURE MAYOR 25, INC",CORP,163,AMSTERDAM AVENUE,1350,New york,NY,10023,41,7154,Russian Digital Ad Supporting Cuomo & Opposing Sliwa/ZM,2025-10-18,INTAD,Internet - Display/Banner,100000,2618,"Sliwa, Curtis A",1,,25000.0,Oppose,digital_display
2025,Z241,"NEW YORKERS FOR A BETTER FUTURE MAYOR 25, INC",CORP,163,AMSTERDAM AVENUE,1350,New york,NY,10023,41,7153,South Asian Digital Ads Opposing Zohran Mamdani,2025-10-18,INTAD,Internet - Display/Banner,100000,2899,"Mamdani, Zohran K",1,,100000.0,Oppose,digital_display
2025,Z241,"NEW YORKERS FOR A BETTER FUTURE MAYOR 25, INC",CORP,163,AMSTERDAM AVENUE,1350,New york,NY,10023,GD,7390,South Asian Digital Ads Opposing Zohran Mamdani #2,2025-10-30,INTAD,Internet - Display/Banner,100000,2899,"Mamdani, Zohran K",1,,100000.0,Oppose,digital_display
2025,Z241,"NEW YORKERS FOR A BETTER FUTURE MAYOR 25, INC",CORP,163,AMSTERDAM AVENUE,1350,New york,NY,10023,41,7088,Video - Election Advice from Zohran Mamdani,2025-10-17,INTVID,Video (Internet),30000,2993,"Cuomo, Andrew M",1,,25000.0,Support,digital_video
2025,Z241,"NEW YORKERS FOR A BETTER FUTURE MAYOR 25, INC",CORP,163,AMSTERDAM AVENUE,1350,New york,NY,10023,41,7088,Video - Election Advice from Zohran Mamdani,2025-10-17,INTVID,Video (Internet),30000,2899,"Mamdani, Zohran K",1,,5000.0,Oppose,digital_video
2025,Z198,New Yorkers for a Better New York Today,OTHR,1900,L St NW,800,Washington,DC,20036,PD,6587,Arbini Family,2025-06-20,INTVID,Video (Internet),787,2993,"Cuomo, Andrew M",1,,787.18,Oppose,digital_video
2025,Z198,New Yorkers for a Better New York Today,OTHR,1900,L St NW,800,Washington,DC,20036,PD,6589,Cassie Video_Oops All Cuomo,2025-06-20,INTVID,Video (Internet),1465,2993,"Cuomo, Andrew M",1,,1465.44,Oppose,digital_video
2025,Z198,New Yorkers for a Better New York Today,OTHR,1900,L St NW,800,Washington,DC,20036,PD,6588,Dr. Steve,2025-06-20,INTVID,Video (Internet),212,2993,"Cuomo, Andrew M",1,,211.82,Oppose,digital_video
2025,Z198,New Yorkers for a Better New York Today,OTHR,1900,L St NW,800,Washington,DC,20036,PD,6572,ICE  - Digital Ad,2025-06-18,INTVID,Video (Internet),325,2993,"Cuomo, Andrew M",1,,325.03,Oppose,digital_video
2025,Z198,New Yorkers for a Better New York Today,OTHR,1900,L St NW,800,Washington,DC,20036,PD,6586,Jamaal Clip,2025-06-20,INTVID,Video (Internet),941,2993,"Cuomo, Andrew M",1,,941.2,Oppose,digital_video
2025,Z198,New Yorkers for a Better New York Today,OTHR,1900,L St NW,800,Washington,DC,20036,41,7156,Make The Road - In-Kind - Social Media Ads #1,2025-10-15,INTVID,Video (Internet),3358,2899,"Mamdani, Zohran K",1,,3358.49,Support,digital_video
2025,Z198,New Yorkers for a Better New York Today,OTHR,1900,L St NW,800,Washington,DC,20036,41,7459,Make The Road - In-Kind - Social Media Ads #2,2025-10-15,INTVID,Video (Internet),4495,2899,"Mamdani, Zohran K",1,,4494.91,Support,digital_video
2025,Z198,New Yorkers for a Better New York Today,OTHR,1900,L St NW,800,Washington,DC,20036,41,7460,Make The Road - In-Kind - Social Media Ads #3,2025-10-15,INTVID,Video (Internet),4021,2899,"Mamdani, Zohran K",1,,4020.56,Support,digital_video
2025,Z198,New Yorkers for a Better New York Today,OTHR,1900,L St NW,800,Washington,DC,20036,41,7461,Make The Road - In-Kind - Social Media Graphic #1,2025-10-15,INTAD,Internet - Display/Banner,1500,2899,"Mamdani, Zohran K",1,,1500.0,Support,digital_display
2025,Z198,New Yorkers for a Better New York Today,OTHR,1900,L St NW,800,Washington,DC,20036,PD,6590,Racism,2025-06-20,INTVID,Video (Internet),1682,2993,"Cuomo, Andrew M",1,,1682.38,Oppose,digital_video
2025,Z198,New Yorkers for a Better New York Today,OTHR,1900,L St NW,800,Washington,DC,20036,PD,6585,RCV,2025-06-18,INTVID,Video (Internet),733,2993,"Cuomo, Andrew M",1,,733.29,Oppose,digital_video
2025,Z198,New Yorkers for a Better New York Today,OTHR,1900,L St NW,800,Washington,DC,20036,PD,6591,Staten Island,2025-06-22,INTVID,Video (Internet),253,2993,"Cuomo, Andrew M",1,,253.2,Oppose,digital_video
2025,Z198,New Yorkers for a Better New York Today,OTHR,1900,L St NW,800,Washington,DC,20036,PD,6592,Testimony 2,2025-06-23,INTVID,Video (Internet),143,2993,"Cuomo, Andrew M",1,,142.88,Oppose,digital_video
2025,Z196,New Yorkers for Lower Costs,OTHR,169,Madison Ave,11258,New York,NY,10016,40,7084,$100k FB Ad v2,2025-10-07,INTAD,Internet - Display/Banner,25131,2899,"Mamdani, Zohran K",1,,25130.57,Support,digital_display
2025,Z196,New Yorkers for Lower Costs,OTHR,169,Madison Ave,11258,New York,NY,10016,40,7085,$100k FB Ad v3,2025-10-07,INTAD,Internet - Display/Banner,4878,2899,"Mamdani, Zohran K",1,,4878.22,Support,digital_display
2025,Z196,New Yorkers for Lower Costs,OTHR,169,Madison Ave,11258,New York,NY,10016,40,7083,$100k Goal FB Ad,2025-10-07,INTAD,Internet - Display/Banner,16060,2899,"Mamdani, Zohran K",1,,16059.76,Support,digital_display
2025,Z196,New Yorkers for Lower Costs,OTHR,169,Madison Ave,11258,New York,NY,10016,28,6814,$25 FB Ad,2025-07-16,INTAD,Internet - Display/Banner,245,2899,"Mamdani, Zohran K",1,,245.35,Support,digital_display
2025,Z196,New Yorkers for Lower Costs,OTHR,169,Madison Ave,11258,New York,NY,10016,28,6815,$25 FB Ad v2,2025-07-16,INTAD,Internet - Display/Banner,151,2899,"Mamdani, Zohran K",1,,150.85,Support,digital_display
2025,Z196,New Yorkers for Lower Costs,OTHR,169,Madison Ave,11258,New York,NY,10016,28,6816,$25 FB Ad v3,2025-07-16,INTAD,Internet - Display/Banner,961,2899,"Mamdani, Zohran K",1,,961.15,Support,digital_display
2025,Z196,New Yorkers for Lower Costs,OTHR,169,Madison Ave,11258,New York,NY,10016,28,6819,$25 FB Ad v4,2025-07-16,INTAD,Internet - Display/Banner,194,2899,"Mamdani, Zohran K",1,,193.97,Support,digital_display
2025,Z196,New Yorkers for Lower Costs,OTHR,169,Madison Ave,11258,New York,NY,10016,28,6820,$25 FB Ad v5,2025-07-16,INTAD,Internet - Display/Banner,134,2899,"Mamdani, Zohran K",1,,133.7,Support,digital_display
2025,Z196,New Yorkers for Lower Costs,OTHR,169,Madison Ave,11258,New York,NY,10016,28,6821,$25 FB Ad v6,2025-07-16,INTAD,Internet - Display/Banner,202,2899,"Mamdani, Zohran K",1,,201.97,Support,digital_display
2025,Z196,New Yorkers for Lower Costs,OTHR,169,Madison Ave,11258,New York,NY,10016,34,6926,$25 FB Ad v7,2025-09-01,INTAD,Internet - Display/Banner,1262,2899,"Mamdani, Zohran K",1,,1262.27,Support,digital_display
2025,Z196,New Yorkers for Lower Costs,OTHR,169,Madison Ave,11258,New York,NY,10016,34,6927,$25 FB Ad v8,2025-09-01,INTAD,Internet - Display/Banner,2637,2899,"Mamdani, Zohran K",1,,2636.78,Support,digital_display
2025,Z196,New Yorkers for Lower Costs,OTHR,169,Madison Ave,11258,New York,NY,10016,41,7176,10/14 FB Ads,2025-10-14,INTAD,Internet - Display/Banner,805,2899,"Mamdani, Zohran K",1,,804.69,Support,digital_display
2025,Z196,New Yorkers for Lower Costs,OTHR,169,Madison Ave,11258,New York,NY,10016,42,7269,10/20 FB Ads,2025-10-20,INTAD,Internet - Display/Banner,115,2899,"Mamdani, Zohran K",1,,114.97,Support,digital_display
2025,Z196,New Yorkers for Lower Costs,OTHR,169,Madison Ave,11258,New York,NY,10016,42,7270,10/21 FB Ad,2025-10-21,INTAD,Internet - Display/Banner,156,2899,"Mamdani, Zohran K",1,,156.02,Support,digital_display
2025,Z196,New Yorkers for Lower Costs,OTHR,169,Madison Ave,11258,New York,NY,10016,42,7271,10/24 FB Ads,2025-10-24,INTAD,Internet - Display/Banner,371,2899,"Mamdani, Zohran K",1,,371.15,Support,digital_display
2025,Z196,New Yorkers for Lower Costs,OTHR,169,Madison Ave,11258,New York,NY,10016,42,7280,10/25 FB Ads,2025-10-25,INTAD,Internet - Display/Banner,533,2899,"Mamdani, Zohran K",1,,532.68,Support,digital_display
2025,Z196,New Yorkers for Lower Costs,OTHR,169,Madison Ave,11258,New York,NY,10016,42,7289,10/26 FB Ads,2025-10-26,INTAD,Internet - Display/Banner,435,2899,"Mamdani, Zohran K",1,,434.84,Support,digital_display
2025,Z196,New Yorkers for Lower Costs,OTHR,169,Madison Ave,11258,New York,NY,10016,GD,7321,10/27 FB Ads,2025-10-27,INTAD,Internet - Display/Banner,357,2899,"Mamdani, Zohran K",1,,357.25,Support,digital_display
2025,Z196,New Yorkers for Lower Costs,OTHR,169,Madison Ave,11258,New York,NY,10016,GD,7345,10/28 FB Ads,2025-10-28,INTAD,Internet - Display/Banner,239,2899,"Mamdani, Zohran K",1,,238.8,Support,digital_display
2025,Z196,New Yorkers for Lower Costs,OTHR,169,Madison Ave,11258,New York,NY,10016,GD,7379,10/30 FB Ads,2025-10-30,INTAD,Internet - Display/Banner,478,2899,"Mamdani, Zohran K",1,,478.21,Support,digital_display
2025,Z196,New Yorkers for Lower Costs,OTHR,169,Madison Ave,11258,New York,NY,10016,GD,7425,10/31 FB Ads,2025-10-31,INTAD,Internet - Display/Banner,430,2899,"Mamdani, Zohran K",1,,430.04,Support,digital_display
2025,Z196,New Yorkers for Lower Costs,OTHR,169,Madison Ave,11258,New York,NY,10016,40,7094,10/6 FB Ads,2025-10-06,INTAD,Internet - Display/Banner,770,2899,"Mamdani, Zohran K",1,,770.17,Support,digital_display
2025,Z196,New Yorkers for Lower Costs,OTHR,169,Madison Ave,11258,New York,NY,10016,43,7502,11/3 FB Ads,2025-11-03,INTAD,Internet - Display/Banner,482,2899,"Mamdani, Zohran K",1,,481.65,Support,digital_display
2025,Z196,New Yorkers for Lower Costs,OTHR,169,Madison Ave,11258,New York,NY,10016,36,6945,41-52 FB Ad,2025-09-09,INTAD,Internet - Display/Banner,4208,2899,"Mamdani, Zohran K",1,,4207.59,Support,digital_display
2025,Z196,New Yorkers for Lower Costs,OTHR,169,Madison Ave,11258,New York,NY,10016,36,6946,41-52 FB Ad v2,2025-09-09,INTAD,Internet - Display/Banner,3596,2899,"Mamdani, Zohran K",1,,3595.54,Support,digital_display
2025,Z196,New Yorkers for Lower Costs,OTHR,169,Madison Ave,11258,New York,NY,10016,22,5525,5/27-6/1 FB Ads,2025-05-27,INTAD,Internet - Display/Banner,900,2993,"Cuomo, Andrew M",1,,449.76,Oppose,digital_display
2025,Z196,New Yorkers for Lower Costs,OTHR,169,Madison Ave,11258,New York,NY,10016,22,5525,5/27-6/1 FB Ads,2025-05-27,INTAD,Internet - Display/Banner,900,2899,"Mamdani, Zohran K",1,,449.75,Support,digital_display
2025,Z196,New Yorkers for Lower Costs,OTHR,169,Madison Ave,11258,New York,NY,10016,PD,5879,6/10 FB Ads & Email,2025-06-10,INTAD,Internet - Display/Banner,223,2899,"Mamdani, Zohran K",1,,222.59,Support,digital_display
2025,Z196,New Yorkers for Lower Costs,OTHR,169,Madison Ave,11258,New York,NY,10016,PD,6082,6/13 FB Ads,2025-06-13,INTAD,Internet - Display/Banner,517,2899,"Mamdani, Zohran K",1,,516.69,Support,digital_display
2025,Z196,New Yorkers for Lower Costs,OTHR,169,Madison Ave,11258,New York,NY,10016,28,6822,7/16-7/18 FB Ads,2025-07-16,INTAD,Internet - Display/Banner,312,2899,"Mamdani, Zohran K",1,,311.85,Support,digital_display
2025,Z196,New Yorkers for Lower Costs,OTHR,169,Madison Ave,11258,New York,NY,10016,28,6842,7/18 FB Ads,2025-07-18,INTAD,Internet - Display/Banner,130,2899,"Mamdani, Zohran K",1,,130.26,Support,digital_display
2025,Z196,New Yorkers for Lower Costs,OTHR,169,Madison Ave,11258,New York,NY,10016,30,6838,7/28 Facebook Ads,2025-07-28,INTAD,Internet - Display/Banner,429,2899,"Mamdani, Zohran K",1,,428.51,Support,digital_display
2025,Z196,New Yorkers for Lower Costs,OTHR,169,Madison Ave,11258,New York,NY,10016,27,6804,7/9 FB Ads,2025-07-09,INTAD,Internet - Display/Banner,473,2899,"Mamdani, Zohran K",1,,473.33,Support,digital_display
2025,Z196,New Yorkers for Lower Costs,OTHR,169,Madison Ave,11258,New York,NY,10016,32,6909,8/12 FB Ads & Email,2025-08-12,INTAD,Internet - Display/Banner,118,2899,"Mamdani, Zohran K",1,,117.72,Support,digital_display
2025,Z196,New Yorkers for Lower Costs,OTHR,169,Madison Ave,11258,New York,NY,10016,33,6910,8/18-8/22 FB Ads,2025-08-18,INTAD,Internet - Display/Banner,392,2899,"Mamdani, Zohran K",1,,392.09,Support,digital_display
2025,Z196,New Yorkers for Lower Costs,OTHR,169,Madison Ave,11258,New York,NY,10016,31,6846,8/4 FB Ads,2025-08-04,INTAD,Internet - Display/Banner,138,2899,"Mamdani, Zohran K",1,,138.16,Support,digital_display
2025,Z196,New Yorkers for Lower Costs,OTHR,169,Madison Ave,11258,New York,NY,10016,31,6908,8/4-8/8 FB Ads & Emails,2025-08-04,INTAD,Internet - Display/Banner,199,2899,"Mamdani, Zohran K",1,,198.74,Support,digital_display
2025,Z196,New Yorkers for Lower Costs,OTHR,169,Madison Ave,11258,New York,NY,10016,34,6929,9/1 FB Ads part 1,2025-09-01,INTAD,Internet - Display/Banner,190,2899,"Mamdani, Zohran K",1,,190.22,Support,digital_display
2025,Z196,New Yorkers for Lower Costs,OTHR,169,Madison Ave,11258,New York,NY,10016,34,6930,9/1 FB Ads part 2,2025-09-01,INTAD,Internet - Display/Banner,454,2899,"Mamdani, Zohran K",1,,454.05,Support,digital_display
2025,Z196,New Yorkers for Lower Costs,OTHR,169,Madison Ave,11258,New York,NY,10016,37,6967,9/15 FB & Search Ads,2025-09-15,INTAD,Internet - Display/Banner,450,2899,"Mamdani, Zohran K",1,,449.74,Support,digital_display
2025,Z196,New Yorkers for Lower Costs,OTHR,169,Madison Ave,11258,New York,NY,10016,38,6991,9/22 FB & Search Ads,2025-09-22,INTAD,Internet - Display/Banner,211,2899,"Mamdani, Zohran K",1,,211.16,Support,digital_display
2025,Z196,New Yorkers for Lower Costs,OTHR,169,Madison Ave,11258,New York,NY,10016,39,7020,9/29 Facebook Ads,2025-09-29,INTAD,Internet - Display/Banner,603,2899,"Mamdani, Zohran K",1,,602.74,Support,digital_display
2025,Z196,New Yorkers for Lower Costs,OTHR,169,Madison Ave,11258,New York,NY,10016,36,6947,9/8 FB Ads,2025-09-08,INTAD,Internet - Display/Banner,385,2899,"Mamdani, Zohran K",1,,384.85,Support,digital_display
2025,Z196,New Yorkers for Lower Costs,OTHR,169,Madison Ave,11258,New York,NY,10016,40,7082,A Few Weeks Left FB Ad,2025-10-06,INTAD,Internet - Display/Banner,279,2899,"Mamdani, Zohran K",1,,279.21,Support,digital_display
2025,Z196,New Yorkers for Lower Costs,OTHR,169,Madison Ave,11258,New York,NY,10016,41,7163,A Few Weeks Left FB Ad v2,2025-10-14,INTAD,Internet - Display/Banner,961,2899,"Mamdani, Zohran K",1,,960.63,Support,digital_display
2025,Z196,New Yorkers for Lower Costs,OTHR,169,Madison Ave,11258,New York,NY,10016,41,7101,A001,2025-10-16,INTAD,Internet - Display/Banner,10488,2899,"Mamdani, Zohran K",1,,10487.5,Support,digital_display
2025,Z196,New Yorkers for Lower Costs,OTHR,169,Madison Ave,11258,New York,NY,10016,41,7102,A002,2025-10-16,INTAD,Internet - Display/Banner,10488,2899,"Mamdani, Zohran K",1,,10487.5,Support,digital_display
2025,Z196,New Yorkers for Lower Costs,OTHR,169,Madison Ave,11258,New York,NY,10016,41,7103,A003,2025-10-16,INTAD,Internet - Display/Banner,10488,2899,"Mamdani, Zohran K",1,,10487.5,Support,digital_display
2025,Z196,New Yorkers for Lower Costs,OTHR,169,Madison Ave,11258,New York,NY,10016,41,7104,A004,2025-10-16,INTAD,Internet - Display/Banner,10488,2899,"Mamdani, Zohran K",1,,10487.5,Support,digital_display
2025,Z196,New Yorkers for Lower Costs,OTHR,169,Madison Ave,11258,New York,NY,10016,41,7105,A005,2025-10-16,INTAD,Internet - Display/Banner,10488,2899,"Mamdani, Zohran K",1,,10487.5,Support,digital_display
2025,Z196,New Yorkers for Lower Costs,OTHR,169,Madison Ave,11258,New York,NY,10016,41,7106,A006,2025-10-16,INTAD,Internet - Display/Banner,10488,2899,"Mamdani, Zohran K",1,,10487.5,Support,digital_display
2025,Z196,New Yorkers for Lower Costs,OTHR,169,Madison Ave,11258,New York,NY,10016,PD,6078,Ad on the Airwaves FB Ad,2025-06-13,INTAD,Internet - Display/Banner,141,2899,"Mamdani, Zohran K",1,,140.66,Support,digital_display
2025,Z196,New Yorkers for Lower Costs,OTHR,169,Madison Ave,11258,New York,NY,10016,PD,6079,Ad on the Airwaves FB Ad v2,2025-06-13,INTAD,Internet - Display/Banner,126,2899,"Mamdani, Zohran K",1,,125.98,Support,digital_display
2025,Z196,New Yorkers for Lower Costs,OTHR,169,Madison Ave,11258,New York,NY,10016,27,6801,Adams Billionaires FB Ad,2025-07-09,INTAD,Internet - Display/Banner,63,2899,"Mamdani, Zohran K",1,,63.37,Support,digital_display
2025,Z196,New Yorkers for Lower Costs,OTHR,169,Madison Ave,11258,New York,NY,10016,39,7010,Adams Quit NYC FB Ad,2025-09-29,INTAD,Internet - Display/Banner,151,2899,"Mamdani, Zohran K",1,,150.91,Support,digital_display
2025,Z196,New Yorkers for Lower Costs,OTHR,169,Madison Ave,11258,New York,NY,10016,39,7011,Adams Quit NYC FB Ad v2,2025-09-29,INTAD,Internet - Display/Banner,433,2899,"Mamdani, Zohran K",1,,433.12,Support,digital_display
2025,Z196,New Yorkers for Lower Costs,OTHR,169,Madison Ave,11258,New York,NY,10016,PD,6436,ADC Billboard Cuomo,2025-06-19,BILLBD,Billboard,2500,2993,"Cuomo, Andrew M",1,,2500.0,Oppose,billboard
2025,Z196,New Yorkers for Lower Costs,OTHR,169,Madison Ave,11258,New York,NY,10016,PD,6435,ADC Billboard Zohran,2025-06-19,BILLBD,Billboard,2500,2899,"Mamdani, Zohran K",1,,2500.0,Support,billboard
2025,Z196,New Yorkers for Lower Costs,OTHR,169,Madison Ave,11258,New York,NY,10016,PD,6080,American Name FB Ad,2025-06-13,INTAD,Internet - Display/Banner,282,2899,"Mamdani, Zohran K",1,,282.32,Support,digital_display
2025,Z196,New Yorkers for Lower Costs,OTHR,169,Madison Ave,11258,New York,NY,10016,PD,6315,AOC Banner Ads,2025-06-17,INTAD,Internet - Display/Banner,13000,2899,"Mamdani, Zohran K",1,,13000.0,Support,digital_display
2025,Z196,New Yorkers for Lower Costs,OTHR,169,Madison Ave,11258,New York,NY,10016,23,5708,AOC Just Endorsed FB Ad,2025-06-06,INTAD,Internet - Display/Banner,876,2899,"Mamdani, Zohran K",1,,876.09,Support,digital_display
2025,Z196,New Yorkers for Lower Costs,OTHR,169,Madison Ave,11258,New York,NY,10016,23,5709,AOC Just Endorsed FB Ad v2,2025-06-06,INTAD,Internet - Display/Banner,175,2899,"Mamdani, Zohran K",1,,174.52,Support,digital_display
2025,Z196,New Yorkers for Lower Costs,OTHR,169,Madison Ave,11258,New York,NY,10016,PD,6384,Bernie Endorsement FB Ad,2025-06-18,INTAD,Internet - Display/Banner,213,2899,"Mamdani, Zohran K",1,,212.99,Support,digital_display
2025,Z196,New Yorkers for Lower Costs,OTHR,169,Madison Ave,11258,New York,NY,10016,27,6802,Bill Ackman FB Ad,2025-07-09,INTAD,Internet - Display/Banner,214,2899,"Mamdani, Zohran K",1,,214.26,Support,digital_display
2025,Z196,New Yorkers for Lower Costs,OTHR,169,Madison Ave,11258,New York,NY,10016,20,5305,Billionaire Buddies Facebook Ad,2025-05-15,INTAD,Internet - Display/Banner,200,2899,"Mamdani, Zohran K",1,,200.26,Support,digital_display
2025,Z196,New Yorkers for Lower Costs,OTHR,169,Madison Ave,11258,New York,NY,10016,22,5519,Block Cuomo FB Ad,2025-05-27,INTAD,Internet - Display/Banner,202,2993,"Cuomo, Andrew M",1,,101.22,Oppose,digital_display
2025,Z196,New Yorkers for Lower Costs,OTHR,169,Madison Ave,11258,New York,NY,10016,22,5519,Block Cuomo FB Ad,2025-05-27,INTAD,Internet - Display/Banner,202,2899,"Mamdani, Zohran K",1,,101.22,Support,digital_display
2025,Z196,New Yorkers for Lower Costs,OTHR,169,Madison Ave,11258,New York,NY,10016,32,6881,Board is Rigged FB Ad,2025-08-12,INTAD,Internet - Display/Banner,269,2899,"Mamdani, Zohran K",1,,268.8,Support,digital_display
2025,Z196,New Yorkers for Lower Costs,OTHR,169,Madison Ave,11258,New York,NY,10016,31,6879,Breaking News Hearts FB Ad,2025-08-07,INTAD,Internet - Display/Banner,109,2899,"Mamdani, Zohran K",1,,108.78,Support,digital_display
2025,Z196,New Yorkers for Lower Costs,OTHR,169,Madison Ave,11258,New York,NY,10016,GD,7343,Bus Screen FB Ad,2025-10-28,INTAD,Internet - Display/Banner,561,2899,"Mamdani, Zohran K",1,,561.3,Support,digital_display
2025,Z196,New Yorkers for Lower Costs,OTHR,169,Madison Ave,11258,New York,NY,10016,37,6963,CBS News FB Ad,2025-09-15,INTAD,Internet - Display/Banner,1423,2899,"Mamdani, Zohran K",1,,1422.87,Support,digital_display
2025,Z196,New Yorkers for Lower Costs,OTHR,169,Madison Ave,11258,New York,NY,10016,29,6832,Cuomo Relaunches FB Ad,2025-07-21,INTAD,Internet - Display/Banner,134,2993,"Cuomo, Andrew M",1,,66.99,Oppose,digital_display
2025,Z196,New Yorkers for Lower Costs,OTHR,169,Madison Ave,11258,New York,NY,10016,29,6832,Cuomo Relaunches FB Ad,2025-07-21,INTAD,Internet - Display/Banner,134,2899,"Mamdani, Zohran K",1,,67.0,Support,digital_display
2025,Z196,New Yorkers for Lower Costs,OTHR,169,Madison Ave,11258,New York,NY,10016,42,7251,Cuomo Surges FB Ad,2025-10-22,INTAD,Internet - Display/Banner,506,2899,"Mamdani, Zohran K",1,,505.97,Support,digital_display
2025,Z196,New Yorkers for Lower Costs,OTHR,169,Madison Ave,11258,New York,NY,10016,33,6882,Cuomo to Florida FB Ad,2025-08-22,INTAD,Internet - Display/Banner,583,2899,"Mamdani, Zohran K",1,,583.11,Support,digital_display
2025,Z196,New Yorkers for Lower Costs,OTHR,169,Madison Ave,11258,New York,NY,10016,33,6883,Cuomo Wants a Vacation FB Ad,2025-08-22,INTAD,Internet - Display/Banner,105,2899,"Mamdani, Zohran K",1,,105.31,Support,digital_display
2025,Z196,New Yorkers for Lower Costs,OTHR,169,Madison Ave,11258,New York,NY,10016,34,6923,Cuomo's AI Bot FB Ad,2025-09-01,INTAD,Internet - Display/Banner,104,2899,"Mamdani, Zohran K",1,,103.56,Support,digital_display
2025,Z196,New Yorkers for Lower Costs,OTHR,169,Madison Ave,11258,New York,NY,10016,GD,7453,Cuomo's Covid Corruption Video,2025-10-31,TVADS,Video (TV/Cable),165000,2993,"Cuomo, Andrew M",1,,165000.0,Oppose,television
2025,Z196,New Yorkers for Lower Costs,OTHR,169,Madison Ave,11258,New York,NY,10016,31,6871,Cuomo's Resurgence FB Ad,2025-08-04,INTAD,Internet - Display/Banner,4456,2899,"Mamdani, Zohran K",1,,4455.68,Support,digital_display
2025,Z196,New Yorkers for Lower Costs,OTHR,169,Madison Ave,11258,New York,NY,10016,41,7107,Day in the Life Video,2025-10-14,INTVID,Video (Internet),121602,2899,"Mamdani, Zohran K",1,,121602.3,Support,digital_video
2025,Z196,New Yorkers for Lower Costs,OTHR,169,Madison Ave,11258,New York,NY,10016,41,7108,Day in the Life Video - Spanish,2025-10-16,INTVID,Video (Internet),17500,2899,"Mamdani, Zohran K",1,,17500.0,Support,digital_video
2025,Z196,New Yorkers for Lower Costs,OTHR,169,Madison Ave,11258,New York,NY,10016,GD,7380,Day in the Life Video - Spanish (TV),2025-10-30,TVADS,Video (TV/Cable),98217,2899,"Mamdani, Zohran K",1,,98216.82,Support,television
2025,Z196,New Yorkers for Lower Costs,OTHR,169,Madison Ave,11258,New York,NY,10016,39,7009,Defeat DT's Donors Search Ad,2025-09-29,INTAD,Internet - Display/Banner,6972,2899,"Mamdani, Zohran K",1,,6971.68,Support,digital_display
2025,Z196,New Yorkers for Lower Costs,OTHR,169,Madison Ave,11258,New York,NY,10016,40,7068,Democratic Leaders Video,2025-10-09,INTVID,Video (Internet),114102,2899,"Mamdani, Zohran K",1,,114102.3,Support,digital_video
2025,Z196,New Yorkers for Lower Costs,OTHR,169,Madison Ave,11258,New York,NY,10016,41,7109,Don't Get Pushed Out Video,2025-10-14,INTVID,Video (Internet),124202,2899,"Mamdani, Zohran K",1,,124202.29,Support,digital_video
2025,Z196,New Yorkers for Lower Costs,OTHR,169,Madison Ave,11258,New York,NY,10016,27,6800,DT Threatens FB Ad,2025-07-09,INTAD,Internet - Display/Banner,184,2899,"Mamdani, Zohran K",1,,183.79,Support,digital_display
2025,Z196,New Yorkers for Lower Costs,OTHR,169,Madison Ave,11258,New York,NY,10016,GD,7344,Early Vote Fund FB Ad,2025-10-28,INTAD,Internet - Display/Banner,358,2899,"Mamdani, Zohran K",1,,357.84,Support,digital_display
2025,Z196,New Yorkers for Lower Costs,OTHR,169,Madison Ave,11258,New York,NY,10016,34,6924,End of Summer Drop FB Ad,2025-09-01,INTAD,Internet - Display/Banner,245,2899,"Mamdani, Zohran K",1,,244.81,Support,digital_display
2025,Z196,New Yorkers for Lower Costs,OTHR,169,Madison Ave,11258,New York,NY,10016,27,6798,Fascism FB Ad,2025-07-09,INTAD,Internet - Display/Banner,467,2899,"Mamdani, Zohran K",1,,467.39,Support,digital_display
2025,Z196,New Yorkers for Lower Costs,OTHR,169,Madison Ave,11258,New York,NY,10016,27,6799,Fascism FB Ad v2,2025-07-09,INTAD,Internet - Display/Banner,151,2899,"Mamdani, Zohran K",1,,150.52,Support,digital_display
2025,Z196,New Yorkers for Lower Costs,OTHR,169,Madison Ave,11258,New York,NY,10016,41,7166,Fate of Zohran FB Ad,2025-10-14,INTAD,Internet - Display/Banner,741,2899,"Mamdani, Zohran K",1,,740.91,Support,digital_display
2025,Z196,New Yorkers for Lower Costs,OTHR,169,Madison Ave,11258,New York,NY,10016,39,7012,Final Stretch FB Ad,2025-10-01,INTAD,Internet - Display/Banner,6441,2899,"Mamdani, Zohran K",1,,6441.31,Support,digital_display
2025,Z196,New Yorkers for Lower Costs,OTHR,169,Madison Ave,11258,New York,NY,10016,39,7013,Final Stretch FB Ad v2,2025-10-01,INTAD,Internet - Display/Banner,2846,2899,"Mamdani, Zohran K",1,,2845.76,Support,digital_display
2025,Z196,New Yorkers for Lower Costs,OTHR,169,Madison Ave,11258,New York,NY,10016,GD,7354,Gothamist FB Ad,2025-10-29,INTAD,Internet - Display/Banner,405,2899,"Mamdani, Zohran K",1,,405.14,Support,digital_display
2025,Z196,New Yorkers for Lower Costs,OTHR,169,Madison Ave,11258,New York,NY,10016,42,7265,GOTV - Early Vote Video,2025-10-20,INTVID,Video (Internet),140527,2899,"Mamdani, Zohran K",1,,140527.27,Support,digital_video
2025,Z196,New Yorkers for Lower Costs,OTHR,169,Madison Ave,11258,New York,NY,10016,PD,6499,GOTV Video,2025-06-21,INTVID,Video (Internet),150000,2899,"Mamdani, Zohran K",1,,150000.0,Support,digital_video
2025,Z196,New Yorkers for Lower Costs,OTHR,169,Madison Ave,11258,New York,NY,10016,31,6872,Hell Gate FB Ad,2025-08-04,INTAD,Internet - Display/Banner,186,2899,"Mamdani, Zohran K",1,,186.41,Support,digital_display
2025,Z196,New Yorkers for Lower Costs,OTHR,169,Madison Ave,11258,New York,NY,10016,31,6874,Hell Gate FB Ad v2,2025-08-04,INTAD,Internet - Display/Banner,547,2899,"Mamdani, Zohran K",1,,546.63,Support,digital_display
2025,Z196,New Yorkers for Lower Costs,OTHR,169,Madison Ave,11258,New York,NY,10016,33,6885,Help Zohran Win FB Ad,2025-08-22,INTAD,Internet - Display/Banner,4583,2899,"Mamdani, Zohran K",1,,4583.39,Support,digital_display
2025,Z196,New Yorkers for Lower Costs,OTHR,169,Madison Ave,11258,New York,NY,10016,33,6886,Help Zohran Win FB Ad v2,2025-08-22,INTAD,Internet - Display/Banner,3697,2899,"Mamdani, Zohran K",1,,3697.16,Support,digital_display
2025,Z196,New Yorkers for Lower Costs,OTHR,169,Madison Ave,11258,New York,NY,10016,34,6928,Help Zohran Win FB Ad v3,2025-09-01,INTAD,Internet - Display/Banner,3707,2899,"Mamdani, Zohran K",1,,3707.37,Support,digital_display
2025,Z196,New Yorkers for Lower Costs,OTHR,169,Madison Ave,11258,New York,NY,10016,28,6813,Huge Impact FB Ad,2025-07-16,INTAD,Internet - Display/Banner,398,2993,"Cuomo, Andrew M",1,,198.93,Oppose,digital_display
2025,Z196,New Yorkers for Lower Costs,OTHR,169,Madison Ave,11258,New York,NY,10016,28,6813,Huge Impact FB Ad,2025-07-16,INTAD,Internet - Display/Banner,398,2899,"Mamdani, Zohran K",1,,198.94,Support,digital_display
2025,Z196,New Yorkers for Lower Costs,OTHR,169,Madison Ave,11258,New York,NY,10016,40,7086,Keep Us Ahead FB Ad,2025-10-07,INTAD,Internet - Display/Banner,116,2899,"Mamdani, Zohran K",1,,115.84,Support,digital_display
2025,Z196,New Yorkers for Lower Costs,OTHR,169,Madison Ave,11258,New York,NY,10016,42,7252,Keep Us Ahead FB Ad v2,2025-10-22,INTAD,Internet - Display/Banner,4277,2899,"Mamdani, Zohran K",1,,4276.67,Support,digital_display
2025,Z196,New Yorkers for Lower Costs,OTHR,169,Madison Ave,11258,New York,NY,10016,18,5256,Last Chance Facebook,2025-04-30,INTAD,Internet - Display/Banner,134,2899,"Mamdani, Zohran K",1,,134.41,Support,digital_display
2025,Z196,New Yorkers for Lower Costs,OTHR,169,Madison Ave,11258,New York,NY,10016,42,7277,Last Chance FB Ad,2025-10-25,INTAD,Internet - Display/Banner,3200,2899,"Mamdani, Zohran K",1,,3199.97,Support,digital_display
2025,Z196,New Yorkers for Lower Costs,OTHR,169,Madison Ave,11258,New York,NY,10016,42,7278,Last Chance FB Ad v2,2025-10-25,INTAD,Internet - Display/Banner,4851,2899,"Mamdani, Zohran K",1,,4851.14,Support,digital_display
2025,Z196,New Yorkers for Lower Costs,OTHR,169,Madison Ave,11258,New York,NY,10016,42,7279,Last Chance FB Ad v3,2025-10-25,INTAD,Internet - Display/Banner,7180,2899,"Mamdani, Zohran K",1,,7179.58,Support,digital_display
2025,Z196,New Yorkers for Lower Costs,OTHR,169,Madison Ave,11258,New York,NY,10016,PD,6677,Last Minute Fund FB Ad,2025-06-20,INTAD,Internet - Display/Banner,6933,2899,"Mamdani, Zohran K",1,,6933.14,Support,digital_display
2025,Z196,New Yorkers for Lower Costs,OTHR,169,Madison Ave,11258,New York,NY,10016,41,7164,Last Minute Fund FB Ad,2025-10-14,INTAD,Internet - Display/Banner,25430,2899,"Mamdani, Zohran K",1,,25430.23,Support,digital_display
2025,Z196,New Yorkers for Lower Costs,OTHR,169,Madison Ave,11258,New York,NY,10016,PD,6679,Last Minute Fund FB Ad v2,2025-06-20,INTAD,Internet - Display/Banner,3845,2899,"Mamdani, Zohran K",1,,3845.39,Support,digital_display
2025,Z196,New Yorkers for Lower Costs,OTHR,169,Madison Ave,11258,New York,NY,10016,41,7165,Last Minute Fund FB Ad v2,2025-10-14,INTAD,Internet - Display/Banner,17708,2899,"Mamdani, Zohran K",1,,17708.43,Support,digital_display
2025,Z196,New Yorkers for Lower Costs,OTHR,169,Madison Ave,11258,New York,NY,10016,PD,6681,Last Minute Fund FB Ad v3,2025-06-20,INTAD,Internet - Display/Banner,3722,2899,"Mamdani, Zohran K",1,,3721.77,Support,digital_display
2025,Z196,New Yorkers for Lower Costs,OTHR,169,Madison Ave,11258,New York,NY,10016,20,5306,Leading in People Power Facebook,2025-05-16,INTAD,Internet - Display/Banner,288,2899,"Mamdani, Zohran K",1,,288.36,Support,digital_display
2025,Z196,New Yorkers for Lower Costs,OTHR,169,Madison Ave,11258,New York,NY,10016,27,6803,Less Than $100k FB Ad,2025-07-09,INTAD,Internet - Display/Banner,174,2899,"Mamdani, Zohran K",1,,173.57,Support,digital_display
2025,Z196,New Yorkers for Lower Costs,OTHR,169,Madison Ave,11258,New York,NY,10016,42,7266,Mailer Display Ads 1,2025-10-21,INTAD,Internet - Display/Banner,6992,2899,"Mamdani, Zohran K",1,,6991.67,Support,digital_display
2025,Z196,New Yorkers for Lower Costs,OTHR,169,Madison Ave,11258,New York,NY,10016,42,7267,Mailer Display Ads 2,2025-10-21,INTAD,Internet - Display/Banner,6992,2899,"Mamdani, Zohran K",1,,6991.67,Support,digital_display
2025,Z196,New Yorkers for Lower Costs,OTHR,169,Madison Ave,11258,New York,NY,10016,42,7268,Mailer Display Ads 3,2025-10-21,INTAD,Internet - Display/Banner,6992,2899,"Mamdani, Zohran K",1,,6991.66,Support,digital_display
2025,Z196,New Yorkers for Lower Costs,OTHR,169,Madison Ave,11258,New York,NY,10016,31,6875,Merch Store is Live FB Ad,2025-08-07,INTAD,Internet - Display/Banner,1768,2899,"Mamdani, Zohran K",1,,1767.53,Support,digital_display
2025,Z196,New Yorkers for Lower Costs,OTHR,169,Madison Ave,11258,New York,NY,10016,31,6876,Merch Store is Live FB Ad v2,2025-08-07,INTAD,Internet - Display/Banner,708,2899,"Mamdani, Zohran K",1,,707.78,Support,digital_display
2025,Z196,New Yorkers for Lower Costs,OTHR,169,Madison Ave,11258,New York,NY,10016,PD,6680,Move NYC Forward FB Ad,2025-06-20,INTAD,Internet - Display/Banner,762,2899,"Mamdani, Zohran K",1,,761.72,Support,digital_display
2025,Z196,New Yorkers for Lower Costs,OTHR,169,Madison Ave,11258,New York,NY,10016,28,6818,Neck and Neck FB Ad,2025-07-18,INTAD,Internet - Display/Banner,2947,2899,"Mamdani, Zohran K",1,,2947.49,Support,digital_display
2025,Z196,New Yorkers for Lower Costs,OTHR,169,Madison Ave,11258,New York,NY,10016,29,6834,Neck and Neck FB Ad v2,2025-07-21,INTAD,Internet - Display/Banner,1126,2899,"Mamdani, Zohran K",1,,1126.06,Support,digital_display
2025,Z196,New Yorkers for Lower Costs,OTHR,169,Madison Ave,11258,New York,NY,10016,29,6836,Neck and Neck FB Ad v3,2025-07-21,INTAD,Internet - Display/Banner,1073,2899,"Mamdani, Zohran K",1,,1072.88,Support,digital_display
2025,Z196,New Yorkers for Lower Costs,OTHR,169,Madison Ave,11258,New York,NY,10016,30,6844,Neck and Neck FB Ad v4,2025-07-28,INTAD,Internet - Display/Banner,10128,2899,"Mamdani, Zohran K",1,,10128.01,Support,digital_display
2025,Z196,New Yorkers for Lower Costs,OTHR,169,Madison Ave,11258,New York,NY,10016,32,6880,Neck and Neck FB Ad v5,2025-08-11,INTAD,Internet - Display/Banner,1195,2899,"Mamdani, Zohran K",1,,1195.17,Support,digital_display
2025,Z196,New Yorkers for Lower Costs,OTHR,169,Madison Ave,11258,New York,NY,10016,PD,6466,New Day Video,2025-06-20,TVADS,Video (TV/Cable),175000,2899,"Mamdani, Zohran K",1,,175000.0,Support,television
2025,Z196,New Yorkers for Lower Costs,OTHR,169,Madison Ave,11258,New York,NY,10016,28,6817,New Poll Alert FB Ad,2025-07-18,INTAD,Internet - Display/Banner,845,2899,"Mamdani, Zohran K",1,,844.56,Support,digital_display
2025,Z196,New Yorkers for Lower Costs,OTHR,169,Madison Ave,11258,New York,NY,10016,29,6833,New Poll Alert FB Ad v2,2025-07-21,INTAD,Internet - Display/Banner,2300,2899,"Mamdani, Zohran K",1,,2299.64,Support,digital_display
2025,Z196,New Yorkers for Lower Costs,OTHR,169,Madison Ave,11258,New York,NY,10016,29,6835,New Poll Alert FB Ad v3,2025-07-21,INTAD,Internet - Display/Banner,1190,2899,"Mamdani, Zohran K",1,,1189.81,Support,digital_display
2025,Z196,New Yorkers for Lower Costs,OTHR,169,Madison Ave,11258,New York,NY,10016,41,7168,Nightmare FB Ad,2025-10-17,INTAD,Internet - Display/Banner,173,2899,"Mamdani, Zohran K",1,,173.04,Support,digital_display
2025,Z196,New Yorkers for Lower Costs,OTHR,169,Madison Ave,11258,New York,NY,10016,42,7255,No Restocks FB Ad,2025-10-23,INTAD,Internet - Display/Banner,588,2899,"Mamdani, Zohran K",1,,588.29,Support,digital_display
2025,Z196,New Yorkers for Lower Costs,OTHR,169,Madison Ave,11258,New York,NY,10016,PD,6676,No-Mo Cuomo FB Ad,2025-06-20,INTAD,Internet - Display/Banner,4451,2993,"Cuomo, Andrew M",1,,2225.46,Oppose,digital_display
2025,Z196,New Yorkers for Lower Costs,OTHR,169,Madison Ave,11258,New York,NY,10016,PD,6676,No-Mo Cuomo FB Ad,2025-06-20,INTAD,Internet - Display/Banner,4451,2899,"Mamdani, Zohran K",1,,2225.47,Support,digital_display
2025,Z196,New Yorkers for Lower Costs,OTHR,169,Madison Ave,11258,New York,NY,10016,33,6890,Not Over Text,2025-08-20,INTAD,Internet - Display/Banner,9000,2899,"Mamdani, Zohran K",1,,9000.0,Support,digital_display
2025,Z196,New Yorkers for Lower Costs,OTHR,169,Madison Ave,11258,New York,NY,10016,37,6964,Not Too Late FB Ad,2025-09-19,INTAD,Internet - Display/Banner,380,2899,"Mamdani, Zohran K",1,,380.11,Support,digital_display
2025,Z196,New Yorkers for Lower Costs,OTHR,169,Madison Ave,11258,New York,NY,10016,37,6965,Not Too Late FB Ad v2,2025-09-19,INTAD,Internet - Display/Banner,3375,2899,"Mamdani, Zohran K",1,,3375.29,Support,digital_display
2025,Z196,New Yorkers for Lower Costs,OTHR,169,Madison Ave,11258,New York,NY,10016,38,6988,Not Too Late FB Ad v3,2025-09-22,INTAD,Internet - Display/Banner,107,2899,"Mamdani, Zohran K",1,,107.26,Support,digital_display
2025,Z196,New Yorkers for Lower Costs,OTHR,169,Madison Ave,11258,New York,NY,10016,39,7014,Notes App FB Ad,2025-10-01,INTAD,Internet - Display/Banner,152,2899,"Mamdani, Zohran K",1,,151.74,Support,digital_display
2025,Z196,New Yorkers for Lower Costs,OTHR,169,Madison Ave,11258,New York,NY,10016,31,6877,NY Mag FB Ad,2025-08-07,INTAD,Internet - Display/Banner,112,2899,"Mamdani, Zohran K",1,,111.79,Support,digital_display
2025,Z196,New Yorkers for Lower Costs,OTHR,169,Madison Ave,11258,New York,NY,10016,31,6878,NY Mag FB Ad v2,2025-08-07,INTAD,Internet - Display/Banner,130,2899,"Mamdani, Zohran K",1,,129.64,Support,digital_display
2025,Z196,New Yorkers for Lower Costs,OTHR,169,Madison Ave,11258,New York,NY,10016,30,6843,NYC Mayoral Poll FB Ad,2025-07-28,INTAD,Internet - Display/Banner,2422,2899,"Mamdani, Zohran K",1,,2422.39,Support,digital_display
2025,Z196,New Yorkers for Lower Costs,OTHR,169,Madison Ave,11258,New York,NY,10016,30,6845,NYC Mayoral Poll FB Ad v2,2025-07-28,INTAD,Internet - Display/Banner,3792,2899,"Mamdani, Zohran K",1,,3791.99,Support,digital_display
2025,Z196,New Yorkers for Lower Costs,OTHR,169,Madison Ave,11258,New York,NY,10016,40,7087,NYC Mayoral Update FB Ad,2025-10-07,INTAD,Internet - Display/Banner,741,2899,"Mamdani, Zohran K",1,,741.27,Support,digital_display
2025,Z196,New Yorkers for Lower Costs,OTHR,169,Madison Ave,11258,New York,NY,10016,22,5514,Only Zohran FB Ad,2025-05-27,INTAD,Internet - Display/Banner,210,2899,"Mamdani, Zohran K",1,,209.73,Support,digital_display
2025,Z196,New Yorkers for Lower Costs,OTHR,169,Madison Ave,11258,New York,NY,10016,22,5516,Only Zohran FB Ad v2,2025-05-27,INTAD,Internet - Display/Banner,492,2899,"Mamdani, Zohran K",1,,491.6,Support,digital_display
2025,Z196,New Yorkers for Lower Costs,OTHR,169,Madison Ave,11258,New York,NY,10016,31,6873,Opening Bid FB Ad,2025-08-04,INTAD,Internet - Display/Banner,122,2899,"Mamdani, Zohran K",1,,122.0,Support,digital_display
2025,Z196,New Yorkers for Lower Costs,OTHR,169,Madison Ave,11258,New York,NY,10016,37,6961,Polling USA FB Ad,2025-09-15,INTAD,Internet - Display/Banner,112,2899,"Mamdani, Zohran K",1,,111.85,Support,digital_display
2025,Z196,New Yorkers for Lower Costs,OTHR,169,Madison Ave,11258,New York,NY,10016,37,6962,Polling USA FB Ad v2,2025-09-15,INTAD,Internet - Display/Banner,186,2899,"Mamdani, Zohran K",1,,186.28,Support,digital_display
2025,Z196,New Yorkers for Lower Costs,OTHR,169,Madison Ave,11258,New York,NY,10016,36,6944,Polls are Close FB Ad,2025-09-08,INTAD,Internet - Display/Banner,858,2899,"Mamdani, Zohran K",1,,858.4,Support,digital_display
2025,Z196,New Yorkers for Lower Costs,OTHR,169,Madison Ave,11258,New York,NY,10016,33,6884,Potato Chips FB Ad,2025-08-22,INTAD,Internet - Display/Banner,162,2899,"Mamdani, Zohran K",1,,161.94,Support,digital_display
2025,Z196,New Yorkers for Lower Costs,OTHR,169,Madison Ave,11258,New York,NY,10016,41,7167,Protect the Family FB Ad,2025-10-14,INTAD,Internet - Display/Banner,279,2899,"Mamdani, Zohran K",1,,279.22,Support,digital_display
2025,Z196,New Yorkers for Lower Costs,OTHR,169,Madison Ave,11258,New York,NY,10016,40,7093,Republicans for Cuomo FB Ad,2025-10-10,INTAD,Internet - Display/Banner,172,2899,"Mamdani, Zohran K",1,,172.16,Support,digital_display
2025,Z196,New Yorkers for Lower Costs,OTHR,169,Madison Ave,11258,New York,NY,10016,27,6797,Shocked the World FB Ad,2025-07-09,INTAD,Internet - Display/Banner,274,2899,"Mamdani, Zohran K",1,,274.01,Support,digital_display
2025,Z196,New Yorkers for Lower Costs,OTHR,169,Madison Ave,11258,New York,NY,10016,42,7256,Snake and a Liar FB Ad,2025-10-24,INTAD,Internet - Display/Banner,102,2899,"Mamdani, Zohran K",1,,102.44,Support,digital_display
2025,Z196,New Yorkers for Lower Costs,OTHR,169,Madison Ave,11258,New York,NY,10016,39,7015,Spread Zohran's Message FB Ad,2025-10-01,INTAD,Internet - Display/Banner,126,2899,"Mamdani, Zohran K",1,,126.12,Support,digital_display
2025,Z196,New Yorkers for Lower Costs,OTHR,169,Madison Ave,11258,New York,NY,10016,39,7016,Spread Zohran's Message FB Ad v2,2025-10-01,INTAD,Internet - Display/Banner,107,2899,"Mamdani, Zohran K",1,,106.78,Support,digital_display
2025,Z196,New Yorkers for Lower Costs,OTHR,169,Madison Ave,11258,New York,NY,10016,28,6812,Still Running FB Ad v1,2025-07-16,INTAD,Internet - Display/Banner,789,2899,"Mamdani, Zohran K",1,,788.86,Support,digital_display
2025,Z196,New Yorkers for Lower Costs,OTHR,169,Madison Ave,11258,New York,NY,10016,40,7089,Stop Cuomo FB Ad,2025-10-08,INTAD,Internet - Display/Banner,103,2899,"Mamdani, Zohran K",1,,102.76,Support,digital_display
2025,Z196,New Yorkers for Lower Costs,OTHR,169,Madison Ave,11258,New York,NY,10016,40,7090,Stop Scrolling FB Ad,2025-10-08,INTAD,Internet - Display/Banner,843,2899,"Mamdani, Zohran K",1,,843.0,Support,digital_display
2025,Z196,New Yorkers for Lower Costs,OTHR,169,Madison Ave,11258,New York,NY,10016,42,7276,Subway Tile FB Ad,2025-10-25,INTAD,Internet - Display/Banner,105,2899,"Mamdani, Zohran K",1,,105.22,Support,digital_display
2025,Z196,New Yorkers for Lower Costs,OTHR,169,Madison Ave,11258,New York,NY,10016,37,6966,Support Zohran Search Ad,2025-09-18,INTAD,Internet - Display/Banner,31864,2899,"Mamdani, Zohran K",1,,31863.67,Support,digital_display
2025,Z196,New Yorkers for Lower Costs,OTHR,169,Madison Ave,11258,New York,NY,10016,22,5518,Surging Across the City FB Ad,2025-05-27,INTAD,Internet - Display/Banner,391,2899,"Mamdani, Zohran K",1,,390.69,Support,digital_display
2025,Z196,New Yorkers for Lower Costs,OTHR,169,Madison Ave,11258,New York,NY,10016,PD,6081,The Name is Mamdani FB Ad,2025-06-13,INTAD,Internet - Display/Banner,147,2899,"Mamdani, Zohran K",1,,147.39,Support,digital_display
2025,Z196,New Yorkers for Lower Costs,OTHR,169,Madison Ave,11258,New York,NY,10016,22,5515,Tied in Brooklyn FB Ad,2025-05-27,INTAD,Internet - Display/Banner,108,2899,"Mamdani, Zohran K",1,,107.94,Support,digital_display
2025,Z196,New Yorkers for Lower Costs,OTHR,169,Madison Ave,11258,New York,NY,10016,22,5517,Tied in Brooklyn FB Ad v2,2025-05-27,INTAD,Internet - Display/Banner,175,2899,"Mamdani, Zohran K",1,,174.73,Support,digital_display
2025,Z196,New Yorkers for Lower Costs,OTHR,169,Madison Ave,11258,New York,NY,10016,43,7499,Tomorrow is Election Day FB Ad v5,2025-11-03,INTAD,Internet - Display/Banner,146,2899,"Mamdani, Zohran K",1,,145.86,Support,digital_display
2025,Z196,New Yorkers for Lower Costs,OTHR,169,Madison Ave,11258,New York,NY,10016,PD,6678,Voting Has Started FB Ad,2025-06-20,INTAD,Internet - Display/Banner,1730,2899,"Mamdani, Zohran K",1,,1729.9,Support,digital_display
2025,Z196,New Yorkers for Lower Costs,OTHR,169,Madison Ave,11258,New York,NY,10016,GD,7378,Voting Right Now FB Ad,2025-10-30,INTAD,Internet - Display/Banner,189,2899,"Mamdani, Zohran K",1,,189.48,Support,digital_display
2025,Z196,New Yorkers for Lower Costs,OTHR,169,Madison Ave,11258,New York,NY,10016,41,7170,Watch Our New Ad FB Ad,2025-10-17,INTAD,Internet - Display/Banner,599,2899,"Mamdani, Zohran K",1,,599.31,Support,digital_display
2025,Z196,New Yorkers for Lower Costs,OTHR,169,Madison Ave,11258,New York,NY,10016,41,7171,Watch Our New Ad FB Ad v2,2025-10-17,INTAD,Internet - Display/Banner,117,2899,"Mamdani, Zohran K",1,,117.0,Support,digital_display
2025,Z196,New Yorkers for Lower Costs,OTHR,169,Madison Ave,11258,New York,NY,10016,20,5308,We're the Campaign Facebook,2025-05-16,INTAD,Internet - Display/Banner,153,2899,"Mamdani, Zohran K",1,,153.35,Support,digital_display
2025,Z196,New Yorkers for Lower Costs,OTHR,169,Madison Ave,11258,New York,NY,10016,PD,6383,zohCuomo's Values FB Ad,2025-06-18,INTAD,Internet - Display/Banner,124,2993,"Cuomo, Andrew M",1,,62.25,Oppose,digital_display
2025,Z196,New Yorkers for Lower Costs,OTHR,169,Madison Ave,11258,New York,NY,10016,PD,6383,zohCuomo's Values FB Ad,2025-06-18,INTAD,Internet - Display/Banner,124,2899,"Mamdani, Zohran K",1,,62.24,Support,digital_display
2025,Z196,New Yorkers for Lower Costs,OTHR,169,Madison Ave,11258,New York,NY,10016,20,5310,Zohran Can Catch Him Facebook,2025-05-16,INTAD,Internet - Display/Banner,174,2899,"Mamdani, Zohran K",1,,173.68,Support,digital_display
2025,Z196,New Yorkers for Lower Costs,OTHR,169,Madison Ave,11258,New York,NY,10016,PD,6076,Zohran Can Win This FB Ad,2025-06-13,INTAD,Internet - Display/Banner,202,2993,"Cuomo, Andrew M",1,,100.88,Oppose,digital_display
2025,Z196,New Yorkers for Lower Costs,OTHR,169,Madison Ave,11258,New York,NY,10016,PD,6076,Zohran Can Win This FB Ad,2025-06-13,INTAD,Internet - Display/Banner,202,2899,"Mamdani, Zohran K",1,,100.88,Support,digital_display
2025,Z196,New Yorkers for Lower Costs,OTHR,169,Madison Ave,11258,New York,NY,10016,PD,6077,Zohran Can Win This FB Ad v2,2025-06-13,INTAD,Internet - Display/Banner,235,2993,"Cuomo, Andrew M",1,,117.48,Oppose,digital_display
2025,Z196,New Yorkers for Lower Costs,OTHR,169,Madison Ave,11258,New York,NY,10016,PD,6077,Zohran Can Win This FB Ad v2,2025-06-13,INTAD,Internet - Display/Banner,235,2899,"Mamdani, Zohran K",1,,117.48,Support,digital_display
2025,Z196,New Yorkers for Lower Costs,OTHR,169,Madison Ave,11258,New York,NY,10016,PD,6437,Zohran Fights for Us TV,2025-06-17,TVADS,Video (TV/Cable),200000,2993,"Cuomo, Andrew M",1,,100000.0,Oppose,television
2025,Z196,New Yorkers for Lower Costs,OTHR,169,Madison Ave,11258,New York,NY,10016,PD,6437,Zohran Fights for Us TV,2025-06-17,TVADS,Video (TV/Cable),200000,2899,"Mamdani, Zohran K",1,,100000.0,Support,television
2025,Z196,New Yorkers for Lower Costs,OTHR,169,Madison Ave,11258,New York,NY,10016,PD,6090,Zohran Fights for US Video,2025-06-13,INTVID,Video (Internet),263000,2993,"Cuomo, Andrew M",1,,131500.0,Oppose,digital_video
2025,Z196,New Yorkers for Lower Costs,OTHR,169,Madison Ave,11258,New York,NY,10016,PD,6090,Zohran Fights for US Video,2025-06-13,INTVID,Video (Internet),263000,2899,"Mamdani, Zohran K",1,,131500.0,Support,digital_video
2025,Z196,New Yorkers for Lower Costs,OTHR,169,Madison Ave,11258,New York,NY,10016,PD,6316,Zohran Fights for US Video with Skin,2025-06-17,INTVID,Video (Internet),90000,2993,"Cuomo, Andrew M",1,,45000.0,Oppose,digital_video
2025,Z196,New Yorkers for Lower Costs,OTHR,169,Madison Ave,11258,New York,NY,10016,PD,6316,Zohran Fights for US Video with Skin,2025-06-17,INTVID,Video (Internet),90000,2899,"Mamdani, Zohran K",1,,45000.0,Support,digital_video
2025,Z196,New Yorkers for Lower Costs,OTHR,169,Madison Ave,11258,New York,NY,10016,38,6987,Zohran Isn't Fundraising FB Ad,2025-09-22,INTAD,Internet - Display/Banner,579,2899,"Mamdani, Zohran K",1,,578.81,Support,digital_display
2025,Z196,New Yorkers for Lower Costs,OTHR,169,Madison Ave,11258,New York,NY,10016,38,6989,Zohran Isn't Fundraising FB Ad v2,2025-09-22,INTAD,Internet - Display/Banner,2441,2899,"Mamdani, Zohran K",1,,2441.08,Support,digital_display
2025,Z196,New Yorkers for Lower Costs,OTHR,169,Madison Ave,11258,New York,NY,10016,38,6990,Zohran Isn't Fundraising FB Ad v3,2025-09-22,INTAD,Internet - Display/Banner,3905,2899,"Mamdani, Zohran K",1,,3905.46,Support,digital_display
2025,Z196,New Yorkers for Lower Costs,OTHR,169,Madison Ave,11258,New York,NY,10016,34,6925,Zohran Merch FB Ad,2025-09-01,INTAD,Internet - Display/Banner,1540,2899,"Mamdani, Zohran K",1,,1540.32,Support,digital_display
2025,Z196,New Yorkers for Lower Costs,OTHR,169,Madison Ave,11258,New York,NY,10016,27,6795,Zohran Wins FB Ad,2025-07-09,INTAD,Internet - Display/Banner,1040,2899,"Mamdani, Zohran K",1,,1040.08,Support,digital_display
2025,Z196,New Yorkers for Lower Costs,OTHR,169,Madison Ave,11258,New York,NY,10016,40,7091,Zohran's Birthday FB Ad,2025-10-10,INTAD,Internet - Display/Banner,112,2899,"Mamdani, Zohran K",1,,111.85,Support,digital_display
2025,Z196,New Yorkers for Lower Costs,OTHR,169,Madison Ave,11258,New York,NY,10016,40,7092,Zohran's Birthday FB Ad v2,2025-10-10,INTAD,Internet - Display/Banner,971,2899,"Mamdani, Zohran K",1,,971.18,Support,digital_display
2025,Z226,OneNYC,OTHR,515,East 86th St,,New York,NY,10028,GD,7295,Digital Ad - 30 seconds,2025-10-27,INTVID,Video (Internet),2385,2899,"Mamdani, Zohran K",1,,2384.69,Support,digital_video
2025,Z226,OneNYC,OTHR,515,East 86th St,,New York,NY,10028,GD,7294,Digital Ad - 60 seconds,2025-10-27,INTVID,Video (Internet),2451,2899,"Mamdani, Zohran K",1,,2451.3,Support,digital_video
2025,Z226,OneNYC,OTHR,515,East 86th St,,New York,NY,10028,GD,7296,Digital Ad - 90 seconds,2025-10-27,INTVID,Video (Internet),2152,2899,"Mamdani, Zohran K",1,,2151.52,Support,digital_video
2025,Z226,OneNYC,OTHR,515,East 86th St,,New York,NY,10028,GD,7384,Digital Ad - NYC Can Thrive Again (60 seconds),2025-10-30,INTVID,Video (Internet),1799,2899,"Mamdani, Zohran K",1,,1799.35,Support,digital_video
2025,Z226,OneNYC,OTHR,515,East 86th St,,New York,NY,10028,GD,7385,Digital Ad - NYC Can Thrive Again (90 seconds),2025-10-30,INTVID,Video (Internet),1680,2899,"Mamdani, Zohran K",1,,1679.51,Support,digital_video
2025,Z226,OneNYC,OTHR,515,East 86th St,,New York,NY,10028,GD,7386,Digital Ad - The Math is Simple (15 seconds),2025-10-30,INTVID,Video (Internet),16389,2899,"Mamdani, Zohran K",1,,16388.83,Support,digital_video
2025,Z226,OneNYC,OTHR,515,East 86th St,,New York,NY,10028,GD,7387,Digital Ad - The Math is Simple (30 seconds),2025-10-30,INTVID,Video (Internet),4831,2899,"Mamdani, Zohran K",1,,4830.57,Support,digital_video
2025,Z226,OneNYC,OTHR,515,East 86th St,,New York,NY,10028,43,7504,Digital Ads - Daily News,2025-11-04,INTAD,Internet - Display/Banner,35000,2899,"Mamdani, Zohran K",1,,35000.0,Support,digital_display
2025,Z226,OneNYC,OTHR,515,East 86th St,,New York,NY,10028,43,7503,Print Ad - Daily News,2025-11-04,PRINT,Print Ad,15000,2899,"Mamdani, Zohran K",1,,15000.0,Support,print
2025,Z226,OneNYC,OTHR,515,East 86th St,,New York,NY,10028,43,7500,Print Ad - Staten Island Advance,2025-11-04,PRINT,Print Ad,4700,2899,"Mamdani, Zohran K",1,,4700.0,Support,print
2025,Z226,OneNYC,OTHR,515,East 86th St,,New York,NY,10028,GD,7201,TV Ad,2025-10-22,TVADS,Video (TV/Cable),118000,2899,"Mamdani, Zohran K",1,,118000.0,Support,television
2025,Z214,"Sensible City, Inc.",OTHR,360,Furman Street,,Brooklyn,NY,11201,PD,5755,Digital Ad - It Doesn't Stop,2025-06-09,INTVID,Video (Internet),85524,2899,"Mamdani, Zohran K",1,,85524.16,Oppose,digital_video
2025,Z214,"Sensible City, Inc.",OTHR,360,Furman Street,,Brooklyn,NY,11201,PD,6037,Digital Ad Israel Debate,2025-06-12,INTVID,Video (Internet),1000,2899,"Mamdani, Zohran K",1,,1000.0,Oppose,digital_video
2025,Z214,"Sensible City, Inc.",OTHR,360,Furman Street,,Brooklyn,NY,11201,23,5756,Digital Ad It Doesn't Stop Original,2025-06-06,INTVID,Video (Internet),15000,2899,"Mamdani, Zohran K",1,,15000.0,Oppose,digital_video
2025,Z214,"Sensible City, Inc.",OTHR,360,Furman Street,,Brooklyn,NY,11201,25,6684,Priviledge Doesn't Pay,2025-06-24,INTVID,Video (Internet),1000,2899,"Mamdani, Zohran K",1,,1000.0,Oppose,digital_video
2025,Z214,"Sensible City, Inc.",OTHR,360,Furman Street,,Brooklyn,NY,11201,PD,6494,Rank him and Regret it,2025-06-20,INTVID,Video (Internet),1000,2899,"Mamdani, Zohran K",1,,1000.0,Oppose,digital_video
2025,Z214,"Sensible City, Inc.",OTHR,360,Furman Street,,Brooklyn,NY,11201,PD,6457,Scars of Inti. Digital Ad 6/19,2025-06-19,INTVID,Video (Internet),1000,2899,"Mamdani, Zohran K",1,,1000.0,Oppose,digital_video
2025,Z253,Stop The Socialists,OTHR,1075,"Easton Avenue, Suite 2-1",,Somerset,NJ,8873,GD,7297,30 Second Audio - Crossroads,2025-10-24,SRADIO,Audio <= 30 seconds,500000,2993,"Cuomo, Andrew M",1,,166666.66,Support,audio
2025,Z253,Stop The Socialists,OTHR,1075,"Easton Avenue, Suite 2-1",,Somerset,NJ,8873,GD,7297,30 Second Audio - Crossroads,2025-10-24,SRADIO,Audio <= 30 seconds,500000,2899,"Mamdani, Zohran K",1,,166666.67,Oppose,audio
2025,Z253,Stop The Socialists,OTHR,1075,"Easton Avenue, Suite 2-1",,Somerset,NJ,8873,GD,7297,30 Second Audio - Crossroads,2025-10-24,SRADIO,Audio <= 30 seconds,500000,2618,"Sliwa, Curtis A",1,,166666.67,Oppose,audio
2025,Z253,Stop The Socialists,OTHR,1075,"Easton Avenue, Suite 2-1",,Somerset,NJ,8873,GD,7242,30 Second Video - Arlene Ross - Internet,2025-10-23,INTVID,Video (Internet),500000,2993,"Cuomo, Andrew M",1,,250000.0,Support,digital_video
2025,Z253,Stop The Socialists,OTHR,1075,"Easton Avenue, Suite 2-1",,Somerset,NJ,8873,GD,7242,30 Second Video - Arlene Ross - Internet,2025-10-23,INTVID,Video (Internet),500000,2618,"Sliwa, Curtis A",1,,250000.0,Oppose,digital_video
2025,Z253,Stop The Socialists,OTHR,1075,"Easton Avenue, Suite 2-1",,Somerset,NJ,8873,GD,7207,30 Second Video - Don't Waste Your Vote - Internet,2025-10-21,INTVID,Video (Internet),500000,2993,"Cuomo, Andrew M",1,,166666.66,Support,digital_video
2025,Z253,Stop The Socialists,OTHR,1075,"Easton Avenue, Suite 2-1",,Somerset,NJ,8873,GD,7207,30 Second Video - Don't Waste Your Vote - Internet,2025-10-21,INTVID,Video (Internet),500000,2899,"Mamdani, Zohran K",1,,166666.67,Oppose,digital_video
2025,Z253,Stop The Socialists,OTHR,1075,"Easton Avenue, Suite 2-1",,Somerset,NJ,8873,GD,7207,30 Second Video - Don't Waste Your Vote - Internet,2025-10-21,INTVID,Video (Internet),500000,2618,"Sliwa, Curtis A",1,,166666.67,Oppose,digital_video
2025,Z253,Stop The Socialists,OTHR,1075,"Easton Avenue, Suite 2-1",,Somerset,NJ,8873,GD,7411,30 Second Video - Inna Vernikov,2025-10-31,TVADS,Video (TV/Cable),250000,2993,"Cuomo, Andrew M",1,,83333.34,Support,television
2025,Z253,Stop The Socialists,OTHR,1075,"Easton Avenue, Suite 2-1",,Somerset,NJ,8873,GD,7411,30 Second Video - Inna Vernikov,2025-10-31,TVADS,Video (TV/Cable),250000,2899,"Mamdani, Zohran K",1,,83333.33,Oppose,television
2025,Z253,Stop The Socialists,OTHR,1075,"Easton Avenue, Suite 2-1",,Somerset,NJ,8873,GD,7411,30 Second Video - Inna Vernikov,2025-10-31,TVADS,Video (TV/Cable),250000,2618,"Sliwa, Curtis A",1,,83333.33,Oppose,television
2025,Z253,Stop The Socialists,OTHR,1075,"Easton Avenue, Suite 2-1",,Somerset,NJ,8873,GD,7240,30 Second Video - One City One Choice - Internet,2025-10-23,INTVID,Video (Internet),500000,2993,"Cuomo, Andrew M",1,,166666.66,Support,digital_video
2025,Z253,Stop The Socialists,OTHR,1075,"Easton Avenue, Suite 2-1",,Somerset,NJ,8873,GD,7240,30 Second Video - One City One Choice - Internet,2025-10-23,INTVID,Video (Internet),500000,2899,"Mamdani, Zohran K",1,,166666.67,Oppose,digital_video
2025,Z253,Stop The Socialists,OTHR,1075,"Easton Avenue, Suite 2-1",,Somerset,NJ,8873,GD,7240,30 Second Video - One City One Choice - Internet,2025-10-23,INTVID,Video (Internet),500000,2618,"Sliwa, Curtis A",1,,166666.67,Oppose,digital_video
2025,Z253,Stop The Socialists,OTHR,1075,"Easton Avenue, Suite 2-1",,Somerset,NJ,8873,GD,7393,30 Second Video - Stop Mamdani - TV,2025-10-30,TVADS,Video (TV/Cable),500000,2993,"Cuomo, Andrew M",1,,166666.66,Support,television
2025,Z253,Stop The Socialists,OTHR,1075,"Easton Avenue, Suite 2-1",,Somerset,NJ,8873,GD,7393,30 Second Video - Stop Mamdani - TV,2025-10-30,TVADS,Video (TV/Cable),500000,2899,"Mamdani, Zohran K",1,,166666.67,Oppose,television
2025,Z253,Stop The Socialists,OTHR,1075,"Easton Avenue, Suite 2-1",,Somerset,NJ,8873,GD,7393,30 Second Video - Stop Mamdani - TV,2025-10-30,TVADS,Video (TV/Cable),500000,2618,"Sliwa, Curtis A",1,,166666.67,Oppose,television
2025,Z253,Stop The Socialists,OTHR,1075,"Easton Avenue, Suite 2-1",,Somerset,NJ,8873,GD,7468,45 Second Internet Video Ad - Schools,2025-11-02,INTVID,Video (Internet),6660,2993,"Cuomo, Andrew M",1,,3330.0,Support,digital_video
2025,Z253,Stop The Socialists,OTHR,1075,"Easton Avenue, Suite 2-1",,Somerset,NJ,8873,GD,7468,45 Second Internet Video Ad - Schools,2025-11-02,INTVID,Video (Internet),6660,2899,"Mamdani, Zohran K",1,,3330.0,Oppose,digital_video
2025,Z253,Stop The Socialists,OTHR,1075,"Easton Avenue, Suite 2-1",,Somerset,NJ,8873,GD,7456,45 Second Video - Govt Grocery,2025-11-02,INTVID,Video (Internet),6660,2993,"Cuomo, Andrew M",1,,3330.0,Support,digital_video
2025,Z253,Stop The Socialists,OTHR,1075,"Easton Avenue, Suite 2-1",,Somerset,NJ,8873,GD,7456,45 Second Video - Govt Grocery,2025-11-02,INTVID,Video (Internet),6660,2899,"Mamdani, Zohran K",1,,3330.0,Oppose,digital_video
2025,Z253,Stop The Socialists,OTHR,1075,"Easton Avenue, Suite 2-1",,Somerset,NJ,8873,GD,7457,45 Second Video - Govt Housing,2025-11-02,INTVID,Video (Internet),6660,2993,"Cuomo, Andrew M",1,,3330.0,Support,digital_video
2025,Z253,Stop The Socialists,OTHR,1075,"Easton Avenue, Suite 2-1",,Somerset,NJ,8873,GD,7457,45 Second Video - Govt Housing,2025-11-02,INTVID,Video (Internet),6660,2899,"Mamdani, Zohran K",1,,3330.0,Oppose,digital_video
2025,Z253,Stop The Socialists,OTHR,1075,"Easton Avenue, Suite 2-1",,Somerset,NJ,8873,43,7508,Internet Video Ad - GOTV - 11-4-25,2025-11-04,INTVID,Video (Internet),6660,2993,"Cuomo, Andrew M",1,,3330.0,Support,digital_video
2025,Z253,Stop The Socialists,OTHR,1075,"Easton Avenue, Suite 2-1",,Somerset,NJ,8873,43,7508,Internet Video Ad - GOTV - 11-4-25,2025-11-04,INTVID,Video (Internet),6660,2899,"Mamdani, Zohran K",1,,3330.0,Oppose,digital_video
2025,Z253,Stop The Socialists,OTHR,1075,"Easton Avenue, Suite 2-1",,Somerset,NJ,8873,GD,7486,"Internet Video Ad - Schools Teach, Not Preach",2025-11-03,INTVID,Video (Internet),6660,2993,"Cuomo, Andrew M",1,,3330.0,Support,digital_video
2025,Z253,Stop The Socialists,OTHR,1075,"Easton Avenue, Suite 2-1",,Somerset,NJ,8873,GD,7486,"Internet Video Ad - Schools Teach, Not Preach",2025-11-03,INTVID,Video (Internet),6660,2899,"Mamdani, Zohran K",1,,3330.0,Oppose,digital_video
2025,Z253,Stop The Socialists,OTHR,1075,"Easton Avenue, Suite 2-1",,Somerset,NJ,8873,GD,7465,NY Post Tweets,2025-11-02,INTAD,Internet - Display/Banner,6660,2993,"Cuomo, Andrew M",1,,3330.0,Support,digital_display
2025,Z253,Stop The Socialists,OTHR,1075,"Easton Avenue, Suite 2-1",,Somerset,NJ,8873,GD,7465,NY Post Tweets,2025-11-02,INTAD,Internet - Display/Banner,6660,2899,"Mamdani, Zohran K",1,,3330.0,Oppose,digital_display
2025,Z253,Stop The Socialists,OTHR,1075,"Easton Avenue, Suite 2-1",,Somerset,NJ,8873,GD,7193,Static Internet Ads,2025-10-21,INTAD,Internet - Display/Banner,600000,2899,"Mamdani, Zohran K",1,,600000.0,Oppose,digital_display
2025,Z253,Stop The Socialists,OTHR,1075,"Easton Avenue, Suite 2-1",,Somerset,NJ,8873,GD,7243,Static Internet Ads - 10-23-25,2025-10-23,INTAD,Internet - Display/Banner,900000,2993,"Cuomo, Andrew M",1,,300000.0,Support,digital_display
2025,Z253,Stop The Socialists,OTHR,1075,"Easton Avenue, Suite 2-1",,Somerset,NJ,8873,GD,7243,Static Internet Ads - 10-23-25,2025-10-23,INTAD,Internet - Display/Banner,900000,2899,"Mamdani, Zohran K",1,,300000.0,Oppose,digital_display
2025,Z253,Stop The Socialists,OTHR,1075,"Easton Avenue, Suite 2-1",,Somerset,NJ,8873,GD,7243,Static Internet Ads - 10-23-25,2025-10-23,INTAD,Internet - Display/Banner,900000,2618,"Sliwa, Curtis A",1,,300000.0,Oppose,digital_display
2025,Z253,Stop The Socialists,OTHR,1075,"Easton Avenue, Suite 2-1",,Somerset,NJ,8873,GD,7360,Static Newspaper Ads - NY Post,2025-10-29,PRINT,Print Ad,40000,2993,"Cuomo, Andrew M",1,,13333.34,Support,print
2025,Z253,Stop The Socialists,OTHR,1075,"Easton Avenue, Suite 2-1",,Somerset,NJ,8873,GD,7360,Static Newspaper Ads - NY Post,2025-10-29,PRINT,Print Ad,40000,2899,"Mamdani, Zohran K",1,,13333.33,Oppose,print
2025,Z253,Stop The Socialists,OTHR,1075,"Easton Avenue, Suite 2-1",,Somerset,NJ,8873,GD,7360,Static Newspaper Ads - NY Post,2025-10-29,PRINT,Print Ad,40000,2618,"Sliwa, Curtis A",1,,13333.33,Oppose,print
2025,Z224,Unity & Justice Fund PAC,OTHR,20,Elton Court,,Sacramento,CA,95826,GD,7446,Countering Billionaires,2025-10-31,INTVID,Video (Internet),1633,2899,"Mamdani, Zohran K",1,,1633.06,Support,digital_video
2025,Z224,Unity & Justice Fund PAC,OTHR,20,Elton Court,,Sacramento,CA,95826,GD,7448,Lateefah Zohran,2025-10-31,INTVID,Video (Internet),1633,2899,"Mamdani, Zohran K",1,,1633.06,Support,digital_video
2025,Z224,Unity & Justice Fund PAC,OTHR,20,Elton Court,,Sacramento,CA,95826,GD,7449,Now-Nov,2025-10-31,INTVID,Video (Internet),1633,2899,"Mamdani, Zohran K",1,,1633.05,Support,digital_video
2025,Z224,Unity & Justice Fund PAC,OTHR,20,Elton Court,,Sacramento,CA,95826,GD,7447,Rashido for Zohran,2025-10-31,INTVID,Video (Internet),1633,2899,"Mamdani, Zohran K",1,,1633.06,Support,digital_video
2025,Z258,Vote Common Sense,CORP,502,6th Street,,Hudson,WI,54016,GD,7183,Media Placement,2025-10-20,TVADS,Video (TV/Cable),25000,2618,"Sliwa, Curtis A",1,,25000.0,Support,television
2025,Z258,Vote Common Sense,CORP,502,6th Street,,Hudson,WI,54016,GD,7184,Media Placement,2025-10-11,TVADS,Video (TV/Cable),25000,2618,"Sliwa, Curtis A",1,,25000.0,Support,television
2025,Z258,Vote Common Sense,CORP,502,6th Street,,Hudson,WI,54016,GD,7185,Media Placement,2025-10-15,TVADS,Video (TV/Cable),25000,2618,"Sliwa, Curtis A",1,,25000.0,Support,television
2025,Z258,Vote Common Sense,CORP,502,6th Street,,Hudson,WI,54016,GD,7186,Media Placement,2025-10-11,TVADS,Video (TV/Cable),224450,2618,"Sliwa, Curtis A",1,,224450.0,Support,television
2025,Z258,Vote Common Sense,CORP,502,6th Street,,Hudson,WI,54016,GD,7187,Media Placement,2025-10-15,TVADS,Video (TV/Cable),225450,2618,"Sliwa, Curtis A",1,,225450.0,Support,television
2025,Z258,Vote Common Sense,CORP,502,6th Street,,Hudson,WI,54016,GD,7188,Media Placement,2025-10-20,TVADS,Video (TV/Cable),251058,2618,"Sliwa, Curtis A",1,,251058.0,Support,television
2025,Z258,Vote Common Sense,CORP,502,6th Street,,Hudson,WI,54016,GD,7182,Media Production,2025-10-11,TVADS,Video (TV/Cable),13375,2618,"Sliwa, Curtis A",1,,13375.0,Support,television
2025,Z222,"VYAS, KUSUM Y",IND,9307,ANGELAS MEADOW LN,,HOUSTON,TX,77095,23,6160,Aerial Banner,2025-06-06,BILLBD,Billboard,3000,2993,"Cuomo, Andrew M",1,,3000.0,Support,billboard
2025,Z225,"We the People, America for All",OTHR,777,Terrace Ave.,303,Hasbrouck Heights,NJ,53560,30,6840,Video fast and clean buses support for Mamdani for NYC,2025-07-28,BILLBD,Billboard,5000,2899,"Mamdani, Zohran K",1,,5000.0,Support,billboard
2025,Z225,"We the People, America for All",OTHR,777,Terrace Ave.,303,Hasbrouck Heights,NJ,53560,31,6841,Video fast and clean buses support for Mamdani for NYC,2025-08-04,BILLBD,Billboard,5000,2899,"Mamdani, Zohran K",1,,5000.0,Support,billboard
2025,Z225,"We the People, America for All",OTHR,777,Terrace Ave.,303,Hasbrouck Heights,NJ,53560,34,6911,Video fast and clean buses support for Mamdani for NYC,2025-08-25,BILLBD,Billboard,5000,2899,"Mamdani, Zohran K",1,,5000.0,Support,billboard
2025,Z225,"We the People, America for All",OTHR,777,Terrace Ave.,303,Hasbrouck Heights,NJ,53560,35,6932,Video fast and clean buses support for Mamdani for NYC,2025-09-02,BILLBD,Billboard,5000,2899,"Mamdani, Zohran K",1,,5000.0,Support,billboard
2025,Z225,"We the People, America for All",OTHR,777,Terrace Ave.,303,Hasbrouck Heights,NJ,53560,36,6948,Video fast and clean buses support for Mamdani for NYC,2025-09-08,BILLBD,Billboard,5000,2899,"Mamdani, Zohran K",1,,5000.0,Support,billboard
2025,Z225,"We the People, America for All",OTHR,777,Terrace Ave.,303,Hasbrouck Heights,NJ,53560,37,6952,Video fast and clean buses support for Mamdani for NYC,2025-09-15,BILLBD,Billboard,5000,2899,"Mamdani, Zohran K",1,,5000.0,Support,billboard
2025,Z225,"We the People, America for All",OTHR,777,Terrace Ave.,303,Hasbrouck Heights,NJ,53560,38,6992,Video fast and clean buses support for Mamdani for NYC,2025-09-22,BILLBD,Billboard,5000,2899,"Mamdani, Zohran K",1,,5000.0,Support,billboard
2025,Z225,"We the People, America for All",OTHR,777,Terrace Ave.,303,Hasbrouck Heights,NJ,53560,39,7028,Video fast and clean buses support for Mamdani for NYC,2025-09-29,BILLBD,Billboard,1429,2899,"Mamdani, Zohran K",1,,1429.0,Support,billboard
2025,Z157,WFP National PAC - NYS IE Committee,OTHR,77,Sands Street,6th FL,Brooklyn,NY,11201,PD,6672,Cuomo Digital Ad Distribution 6.23.25,2025-06-23,INTVID,Video (Internet),2000,2993,"Cuomo, Andrew M",1,,2000.0,Oppose,digital_video
2025,Z157,WFP National PAC - NYS IE Committee,OTHR,77,Sands Street,6th FL,Brooklyn,NY,11201,PD,6674,Cuomo Digital Ad Distribution 6.23.25 2,2025-06-23,INTVID,Video (Internet),2000,2993,"Cuomo, Andrew M",1,,2000.0,Oppose,digital_video
2025,Z157,WFP National PAC - NYS IE Committee,OTHR,77,Sands Street,6th FL,Brooklyn,NY,11201,PD,6313,Cuomo TV Ad 15s,2025-06-18,TVADS,Video (TV/Cable),150000,2993,"Cuomo, Andrew M",1,,150000.0,Oppose,television
2025,Z157,WFP National PAC - NYS IE Committee,OTHR,77,Sands Street,6th FL,Brooklyn,NY,11201,PD,6314,Cuomo TV Ad 30s,2025-06-18,TVADS,Video (TV/Cable),250000,2993,"Cuomo, Andrew M",1,,250000.0,Oppose,television
2025,Z157,WFP National PAC - NYS IE Committee,OTHR,77,Sands Street,6th FL,Brooklyn,NY,11201,GD,7363,Cuomo TV Ad G2025,2025-10-31,TVADS,Video (TV/Cable),441600,2993,"Cuomo, Andrew M",1,,441600.0,Oppose,television
2025,Z157,WFP National PAC - NYS IE Committee,OTHR,77,Sands Street,6th FL,Brooklyn,NY,11201,PD,6117,Cuomo Video Ad,2025-06-14,INTVID,Video (Internet),18000,2993,"Cuomo, Andrew M",1,,18000.0,Oppose,digital_video
2025,Z157,WFP National PAC - NYS IE Committee,OTHR,77,Sands Street,6th FL,Brooklyn,NY,11201,GD,7373,Mamdani - Patrick Merveille Video 10.30.25,2025-10-30,INTVID,Video (Internet),100,2899,"Mamdani, Zohran K",1,,100.0,Support,digital_video
2025,Z157,WFP National PAC - NYS IE Committee,OTHR,77,Sands Street,6th FL,Brooklyn,NY,11201,GD,7334,Mamdani College Digital Program Buy,2025-10-29,INTVID,Video (Internet),25000,2899,"Mamdani, Zohran K",1,,25000.0,Support,digital_video
2025,Z157,WFP National PAC - NYS IE Committee,OTHR,77,Sands Street,6th FL,Brooklyn,NY,11201,GD,7335,Mamdani College Digital Program Buy 2,2025-10-29,INTVID,Video (Internet),25000,2899,"Mamdani, Zohran K",1,,25000.0,Support,digital_video
2025,Z157,WFP National PAC - NYS IE Committee,OTHR,77,Sands Street,6th FL,Brooklyn,NY,11201,GD,7306,Mamdani Digital Ads 10.28.25,2025-10-28,INTVID,Video (Internet),100000,2899,"Mamdani, Zohran K",1,,100000.0,Support,digital_video
2025,Z157,WFP National PAC - NYS IE Committee,OTHR,77,Sands Street,6th FL,Brooklyn,NY,11201,GD,7239,Mamdani Facebook Ads,2025-10-23,INTVID,Video (Internet),11120,2899,"Mamdani, Zohran K",1,,11120.16,Support,digital_video
2025,Z157,WFP National PAC - NYS IE Committee,OTHR,77,Sands Street,6th FL,Brooklyn,NY,11201,GD,7348,Mamdani Newspaper Ad - The Korea Daily,2025-10-30,PRINT,Print Ad,2100,2899,"Mamdani, Zohran K",1,,2100.0,Support,print
2025,Z157,WFP National PAC - NYS IE Committee,OTHR,77,Sands Street,6th FL,Brooklyn,NY,11201,GD,7350,Mamdani Newspaper Ad - The Korea Times New York,2025-10-30,PRINT,Print Ad,1400,2899,"Mamdani, Zohran K",1,,1400.0,Support,print
2025,Z157,WFP National PAC - NYS IE Committee,OTHR,77,Sands Street,6th FL,Brooklyn,NY,11201,GD,7349,Mamdani Newspaper Ad - The Korean New York Daily,2025-10-30,PRINT,Print Ad,1500,2899,"Mamdani, Zohran K",1,,1500.0,Support,print
2025,Z157,WFP National PAC - NYS IE Committee,OTHR,77,Sands Street,6th FL,Brooklyn,NY,11201,36,6936,Mamdani Social Media Content,2025-09-10,INTAD,Internet - Display/Banner,9126,2899,"Mamdani, Zohran K",1,,9126.0,Support,digital_display
2025,Z157,WFP National PAC - NYS IE Committee,OTHR,77,Sands Street,6th FL,Brooklyn,NY,11201,GD,7237,Mamdani TV Ads G2025,2025-10-24,TVADS,Video (TV/Cable),478400,2899,"Mamdani, Zohran K",1,,478400.0,Support,television
2025,Z157,WFP National PAC - NYS IE Committee,OTHR,77,Sands Street,6th FL,Brooklyn,NY,11201,GD,7235,Mamdani Video Ads Production,2025-10-23,INTVID,Video (Internet),15000,2899,"Mamdani, Zohran K",1,,15000.0,Support,digital_video
2025,Z157,WFP National PAC - NYS IE Committee,OTHR,77,Sands Street,6th FL,Brooklyn,NY,11201,PD,6509,Mayor Digital Ad 6.23.25,2025-06-23,INTVID,Video (Internet),7500,2993,"Cuomo, Andrew M",1,,7500.0,Oppose,digital_video
2025,Z263,"Winters, hpwinters, Hope",IND,11124,White Balsam Ave,,BOYNTON BEACH,FL,33473,46,7536,Cab Billboards,2025-11-03,BILLBD,Billboard,60000,2993,"Cuomo, Andrew M",1,,60000.0,Support,billboard
2025,Z263,"Winters, hpwinters, Hope",IND,11124,White Balsam Ave,,BOYNTON BEACH,FL,33473,46,7529,trucks,2025-10-29,BILLBD,Billboard,175000,2993,"Cuomo, Andrew M",1,,165000.0,Support,billboard
2025,Z263,"Winters, hpwinters, Hope",IND,11124,White Balsam Ave,,BOYNTON BEACH,FL,33473,46,7529,trucks,2025-10-29,BILLBD,Billboard,175000,2899,"Mamdani, Zohran K",1,,10000.0,Oppose,billboard
