AD,ED,County,Candidate,Tally
23,001,Queens,Andrew M. Cuomo,683
23,001,Queens,Curtis A. Sliwa,351
23,001,Queens,Eric L. Adams,1
23,001,Queens,Irene Estrada,5
23,001,Queens,Jim Walden,2
23,001,Queens,Joseph Hernandez,0
23,001,Queens,Zohran Kwame Mamdani,85
23,002,Queens,Andrew M. Cuomo,649
23,002,Queens,Curtis A. Sliwa,388
23,002,Queens,Eric L. Adams,1
23,002,Queens,Irene Estrada,4
23,002,Queens,Jim Walden,1
23,002,Queens,Joseph Hernandez,1
23,002,Queens,Zohran Kwame Mamdani,81
23,003,Queens,Andrew M. Cuomo,186
23,003,Queens,Curtis A. Sliwa,158
23,003,Queens,Eric L. Adams,0
23,003,Queens,Irene Estrada,0
23,003,Queens,Jim Walden,0
23,003,Queens,Joseph Hernandez,1
23,003,Queens,Zohran Kwame Mamdani,33
23,004,Queens,Andrew M. Cuomo,779
23,004,Queens,Curtis A. Sliwa,232
23,004,Queens,Eric L. Adams,3
23,004,Queens,Irene Estrada,2
23,004,Queens,Jim Walden,0
23,004,Queens,Joseph Hernandez,0
23,004,Queens,Zohran Kwame Mamdani,105
23,005,Queens,Andrew M. Cuomo,751
23,005,Queens,Curtis A. Sliwa,281
23,005,Queens,Eric L. Adams,1
23,005,Queens,Irene Estrada,0
23,005,Queens,Jim Walden,0
23,005,Queens,Joseph Hernandez,0
23,005,Queens,Zohran Kwame Mamdani,85
23,006,Queens,Andrew M. Cuomo,680
23,006,Queens,Curtis A. Sliwa,296
23,006,Queens,Eric L. Adams,2
23,006,Queens,Irene Estrada,1
23,006,Queens,Jim Walden,0
23,006,Queens,Joseph Hernandez,1
23,006,Queens,Zohran Kwame Mamdani,121
23,007,Queens,Andrew M. Cuomo,647
23,007,Queens,Curtis A. Sliwa,374
23,007,Queens,Eric L. Adams,4
23,007,Queens,Irene Estrada,3
23,007,Queens,Jim Walden,1
23,007,Queens,Joseph Hernandez,4
23,007,Queens,Zohran Kwame Mamdani,152
23,008,Queens,Andrew M. Cuomo,415
23,008,Queens,Curtis A. Sliwa,242
23,008,Queens,Eric L. Adams,1
23,008,Queens,Irene Estrada,1
23,008,Queens,Jim Walden,3
23,008,Queens,Joseph Hernandez,0
23,008,Queens,Zohran Kwame Mamdani,180
23,009,Queens,Andrew M. Cuomo,241
23,009,Queens,Curtis A. Sliwa,124
23,009,Queens,Eric L. Adams,1
23,009,Queens,Irene Estrada,0
23,009,Queens,Jim Walden,2
23,009,Queens,Joseph Hernandez,1
23,009,Queens,Zohran Kwame Mamdani,181
23,010,Queens,Andrew M. Cuomo,486
23,010,Queens,Curtis A. Sliwa,316
23,010,Queens,Eric L. Adams,0
23,010,Queens,Irene Estrada,0
23,010,Queens,Jim Walden,3
23,010,Queens,Joseph Hernandez,0
23,010,Queens,Zohran Kwame Mamdani,171
23,011,Queens,Andrew M. Cuomo,238
23,011,Queens,Curtis A. Sliwa,84
23,011,Queens,Eric L. Adams,4
23,011,Queens,Irene Estrada,1
23,011,Queens,Jim Walden,2
23,011,Queens,Joseph Hernandez,0
23,011,Queens,Zohran Kwame Mamdani,279
23,012,Queens,Andrew M. Cuomo,73
23,012,Queens,Curtis A. Sliwa,31
23,012,Queens,Eric L. Adams,2
23,012,Queens,Irene Estrada,0
23,012,Queens,Jim Walden,1
23,012,Queens,Joseph Hernandez,0
23,012,Queens,Zohran Kwame Mamdani,125
23,013,Queens,Andrew M. Cuomo,214
23,013,Queens,Curtis A. Sliwa,99
23,013,Queens,Eric L. Adams,1
23,013,Queens,Irene Estrada,1
23,013,Queens,Jim Walden,0
23,013,Queens,Joseph Hernandez,0
23,013,Queens,Zohran Kwame Mamdani,284
23,014,Queens,Andrew M. Cuomo,275
23,014,Queens,Curtis A. Sliwa,136
23,014,Queens,Eric L. Adams,1
23,014,Queens,Irene Estrada,2
23,014,Queens,Jim Walden,0
23,014,Queens,Joseph Hernandez,1
23,014,Queens,Zohran Kwame Mamdani,157
23,015,Queens,Andrew M. Cuomo,326
23,015,Queens,Curtis A. Sliwa,146
23,015,Queens,Eric L. Adams,1
23,015,Queens,Irene Estrada,2
23,015,Queens,Jim Walden,2
23,015,Queens,Joseph Hernandez,1
23,015,Queens,Zohran Kwame Mamdani,172
23,016,Queens,Andrew M. Cuomo,162
23,016,Queens,Curtis A. Sliwa,79
23,016,Queens,Eric L. Adams,2
23,016,Queens,Irene Estrada,0
23,016,Queens,Jim Walden,2
23,016,Queens,Joseph Hernandez,0
23,016,Queens,Zohran Kwame Mamdani,104
23,017,Queens,Andrew M. Cuomo,325
23,017,Queens,Curtis A. Sliwa,212
23,017,Queens,Eric L. Adams,2
23,017,Queens,Irene Estrada,2
23,017,Queens,Jim Walden,0
23,017,Queens,Joseph Hernandez,0
23,017,Queens,Zohran Kwame Mamdani,65
23,018,Queens,Andrew M. Cuomo,251
23,018,Queens,Curtis A. Sliwa,72
23,018,Queens,Eric L. Adams,4
23,018,Queens,Irene Estrada,0
23,018,Queens,Jim Walden,1
23,018,Queens,Joseph Hernandez,0
23,018,Queens,Zohran Kwame Mamdani,337
23,019,Queens,Andrew M. Cuomo,39
23,019,Queens,Curtis A. Sliwa,8
23,019,Queens,Eric L. Adams,0
23,019,Queens,Irene Estrada,2
23,019,Queens,Jim Walden,0
23,019,Queens,Joseph Hernandez,0
23,019,Queens,Zohran Kwame Mamdani,59
23,020,Queens,Andrew M. Cuomo,72
23,020,Queens,Curtis A. Sliwa,13
23,020,Queens,Eric L. Adams,2
23,020,Queens,Irene Estrada,1
23,020,Queens,Jim Walden,0
23,020,Queens,Joseph Hernandez,0
23,020,Queens,Zohran Kwame Mamdani,131
23,021,Queens,Andrew M. Cuomo,251
23,021,Queens,Curtis A. Sliwa,17
23,021,Queens,Eric L. Adams,3
23,021,Queens,Irene Estrada,2
23,021,Queens,Jim Walden,1
23,021,Queens,Joseph Hernandez,1
23,021,Queens,Zohran Kwame Mamdani,115
23,022,Queens,Andrew M. Cuomo,70
23,022,Queens,Curtis A. Sliwa,10
23,022,Queens,Eric L. Adams,0
23,022,Queens,Irene Estrada,0
23,022,Queens,Jim Walden,0
23,022,Queens,Joseph Hernandez,0
23,022,Queens,Zohran Kwame Mamdani,91
23,023,Queens,Andrew M. Cuomo,204
23,023,Queens,Curtis A. Sliwa,29
23,023,Queens,Eric L. Adams,6
23,023,Queens,Irene Estrada,0
23,023,Queens,Jim Walden,2
23,023,Queens,Joseph Hernandez,2
23,023,Queens,Zohran Kwame Mamdani,73
23,024,Queens,Andrew M. Cuomo,100
23,024,Queens,Curtis A. Sliwa,14
23,024,Queens,Eric L. Adams,2
23,024,Queens,Irene Estrada,1
23,024,Queens,Jim Walden,0
23,024,Queens,Joseph Hernandez,0
23,024,Queens,Zohran Kwame Mamdani,118
23,025,Queens,Andrew M. Cuomo,402
23,025,Queens,Curtis A. Sliwa,27
23,025,Queens,Eric L. Adams,7
23,025,Queens,Irene Estrada,2
23,025,Queens,Jim Walden,0
23,025,Queens,Joseph Hernandez,1
23,025,Queens,Zohran Kwame Mamdani,164
23,026,Queens,Andrew M. Cuomo,206
23,026,Queens,Curtis A. Sliwa,19
23,026,Queens,Eric L. Adams,6
23,026,Queens,Irene Estrada,3
23,026,Queens,Jim Walden,0
23,026,Queens,Joseph Hernandez,0
23,026,Queens,Zohran Kwame Mamdani,102
23,027,Queens,Andrew M. Cuomo,719
23,027,Queens,Curtis A. Sliwa,18
23,027,Queens,Eric L. Adams,3
23,027,Queens,Irene Estrada,0
23,027,Queens,Jim Walden,1
23,027,Queens,Joseph Hernandez,0
23,027,Queens,Zohran Kwame Mamdani,60
23,028,Queens,Andrew M. Cuomo,376
23,028,Queens,Curtis A. Sliwa,24
23,028,Queens,Eric L. Adams,0
23,028,Queens,Irene Estrada,1
23,028,Queens,Jim Walden,0
23,028,Queens,Joseph Hernandez,0
23,028,Queens,Zohran Kwame Mamdani,149
23,029,Queens,Andrew M. Cuomo,902
23,029,Queens,Curtis A. Sliwa,14
23,029,Queens,Eric L. Adams,2
23,029,Queens,Irene Estrada,0
23,029,Queens,Jim Walden,0
23,029,Queens,Joseph Hernandez,0
23,029,Queens,Zohran Kwame Mamdani,9
23,030,Queens,Andrew M. Cuomo,641
23,030,Queens,Curtis A. Sliwa,28
23,030,Queens,Eric L. Adams,2
23,030,Queens,Irene Estrada,0
23,030,Queens,Jim Walden,0
23,030,Queens,Joseph Hernandez,1
23,030,Queens,Zohran Kwame Mamdani,95
23,031,Queens,Andrew M. Cuomo,465
23,031,Queens,Curtis A. Sliwa,29
23,031,Queens,Eric L. Adams,2
23,031,Queens,Irene Estrada,0
23,031,Queens,Jim Walden,0
23,031,Queens,Joseph Hernandez,0
23,031,Queens,Zohran Kwame Mamdani,200
23,032,Queens,Andrew M. Cuomo,602
23,032,Queens,Curtis A. Sliwa,41
23,032,Queens,Eric L. Adams,4
23,032,Queens,Irene Estrada,1
23,032,Queens,Jim Walden,0
23,032,Queens,Joseph Hernandez,0
23,032,Queens,Zohran Kwame Mamdani,218
23,033,Queens,Andrew M. Cuomo,622
23,033,Queens,Curtis A. Sliwa,276
23,033,Queens,Eric L. Adams,0
23,033,Queens,Irene Estrada,0
23,033,Queens,Jim Walden,0
23,033,Queens,Joseph Hernandez,0
23,033,Queens,Zohran Kwame Mamdani,96
23,034,Queens,Andrew M. Cuomo,488
23,034,Queens,Curtis A. Sliwa,296
23,034,Queens,Eric L. Adams,0
23,034,Queens,Irene Estrada,0
23,034,Queens,Jim Walden,0
23,034,Queens,Joseph Hernandez,0
23,034,Queens,Zohran Kwame Mamdani,87
23,035,Queens,Andrew M. Cuomo,508
23,035,Queens,Curtis A. Sliwa,262
23,035,Queens,Eric L. Adams,0
23,035,Queens,Irene Estrada,0
23,035,Queens,Jim Walden,0
23,035,Queens,Joseph Hernandez,0
23,035,Queens,Zohran Kwame Mamdani,69
23,036,Queens,Andrew M. Cuomo,491
23,036,Queens,Curtis A. Sliwa,275
23,036,Queens,Eric L. Adams,0
23,036,Queens,Irene Estrada,2
23,036,Queens,Jim Walden,0
23,036,Queens,Joseph Hernandez,0
23,036,Queens,Zohran Kwame Mamdani,131
23,037,Queens,Andrew M. Cuomo,399
23,037,Queens,Curtis A. Sliwa,290
23,037,Queens,Eric L. Adams,1
23,037,Queens,Irene Estrada,1
23,037,Queens,Jim Walden,0
23,037,Queens,Joseph Hernandez,0
23,037,Queens,Zohran Kwame Mamdani,178
23,038,Queens,Andrew M. Cuomo,402
23,038,Queens,Curtis A. Sliwa,224
23,038,Queens,Eric L. Adams,0
23,038,Queens,Irene Estrada,1
23,038,Queens,Jim Walden,0
23,038,Queens,Joseph Hernandez,1
23,038,Queens,Zohran Kwame Mamdani,99
23,039,Queens,Andrew M. Cuomo,16
23,039,Queens,Curtis A. Sliwa,3
23,039,Queens,Eric L. Adams,0
23,039,Queens,Irene Estrada,0
23,039,Queens,Jim Walden,0
23,039,Queens,Joseph Hernandez,0
23,039,Queens,Zohran Kwame Mamdani,26
23,040,Queens,Andrew M. Cuomo,149
23,040,Queens,Curtis A. Sliwa,48
23,040,Queens,Eric L. Adams,0
23,040,Queens,Irene Estrada,0
23,040,Queens,Jim Walden,0
23,040,Queens,Joseph Hernandez,0
23,040,Queens,Zohran Kwame Mamdani,208
23,041,Queens,Andrew M. Cuomo,251
23,041,Queens,Curtis A. Sliwa,119
23,041,Queens,Eric L. Adams,0
23,041,Queens,Irene Estrada,0
23,041,Queens,Jim Walden,0
23,041,Queens,Joseph Hernandez,1
23,041,Queens,Zohran Kwame Mamdani,172
23,042,Queens,Andrew M. Cuomo,161
23,042,Queens,Curtis A. Sliwa,65
23,042,Queens,Eric L. Adams,0
23,042,Queens,Irene Estrada,2
23,042,Queens,Jim Walden,0
23,042,Queens,Joseph Hernandez,0
23,042,Queens,Zohran Kwame Mamdani,154
23,043,Queens,Andrew M. Cuomo,7
23,043,Queens,Curtis A. Sliwa,0
23,043,Queens,Eric L. Adams,0
23,043,Queens,Irene Estrada,0
23,043,Queens,Jim Walden,0
23,043,Queens,Joseph Hernandez,0
23,043,Queens,Zohran Kwame Mamdani,14
23,044,Queens,Andrew M. Cuomo,544
23,044,Queens,Curtis A. Sliwa,230
23,044,Queens,Eric L. Adams,0
23,044,Queens,Irene Estrada,4
23,044,Queens,Jim Walden,1
23,044,Queens,Joseph Hernandez,1
23,044,Queens,Zohran Kwame Mamdani,209
23,045,Queens,Andrew M. Cuomo,345
23,045,Queens,Curtis A. Sliwa,165
23,045,Queens,Eric L. Adams,1
23,045,Queens,Irene Estrada,0
23,045,Queens,Jim Walden,0
23,045,Queens,Joseph Hernandez,0
23,045,Queens,Zohran Kwame Mamdani,103
23,046,Queens,Andrew M. Cuomo,326
23,046,Queens,Curtis A. Sliwa,100
23,046,Queens,Eric L. Adams,0
23,046,Queens,Irene Estrada,1
23,046,Queens,Jim Walden,1
23,046,Queens,Joseph Hernandez,2
23,046,Queens,Zohran Kwame Mamdani,388
23,047,Queens,Andrew M. Cuomo,247
23,047,Queens,Curtis A. Sliwa,143
23,047,Queens,Eric L. Adams,1
23,047,Queens,Irene Estrada,0
23,047,Queens,Jim Walden,0
23,047,Queens,Joseph Hernandez,1
23,047,Queens,Zohran Kwame Mamdani,174
23,048,Queens,Andrew M. Cuomo,301
23,048,Queens,Curtis A. Sliwa,160
23,048,Queens,Eric L. Adams,0
23,048,Queens,Irene Estrada,1
23,048,Queens,Jim Walden,0
23,048,Queens,Joseph Hernandez,0
23,048,Queens,Zohran Kwame Mamdani,198
23,049,Queens,Andrew M. Cuomo,324
23,049,Queens,Curtis A. Sliwa,129
23,049,Queens,Eric L. Adams,0
23,049,Queens,Irene Estrada,1
23,049,Queens,Jim Walden,1
23,049,Queens,Joseph Hernandez,0
23,049,Queens,Zohran Kwame Mamdani,246
23,050,Queens,Andrew M. Cuomo,117
23,050,Queens,Curtis A. Sliwa,45
23,050,Queens,Eric L. Adams,0
23,050,Queens,Irene Estrada,0
23,050,Queens,Jim Walden,0
23,050,Queens,Joseph Hernandez,0
23,050,Queens,Zohran Kwame Mamdani,160
23,051,Queens,Andrew M. Cuomo,164
23,051,Queens,Curtis A. Sliwa,59
23,051,Queens,Eric L. Adams,1
23,051,Queens,Irene Estrada,2
23,051,Queens,Jim Walden,0
23,051,Queens,Joseph Hernandez,1
23,051,Queens,Zohran Kwame Mamdani,226
23,052,Queens,Andrew M. Cuomo,99
23,052,Queens,Curtis A. Sliwa,26
23,052,Queens,Eric L. Adams,0
23,052,Queens,Irene Estrada,0
23,052,Queens,Jim Walden,0
23,052,Queens,Joseph Hernandez,0
23,052,Queens,Zohran Kwame Mamdani,177
23,053,Queens,Andrew M. Cuomo,141
23,053,Queens,Curtis A. Sliwa,38
23,053,Queens,Eric L. Adams,1
23,053,Queens,Irene Estrada,1
23,053,Queens,Jim Walden,0
23,053,Queens,Joseph Hernandez,0
23,053,Queens,Zohran Kwame Mamdani,514
23,054,Queens,Andrew M. Cuomo,139
23,054,Queens,Curtis A. Sliwa,44
23,054,Queens,Eric L. Adams,0
23,054,Queens,Irene Estrada,0
23,054,Queens,Jim Walden,0
23,054,Queens,Joseph Hernandez,0
23,054,Queens,Zohran Kwame Mamdani,452
23,055,Queens,Andrew M. Cuomo,67
23,055,Queens,Curtis A. Sliwa,24
23,055,Queens,Eric L. Adams,0
23,055,Queens,Irene Estrada,0
23,055,Queens,Jim Walden,1
23,055,Queens,Joseph Hernandez,0
23,055,Queens,Zohran Kwame Mamdani,134
23,056,Queens,Andrew M. Cuomo,89
23,056,Queens,Curtis A. Sliwa,26
23,056,Queens,Eric L. Adams,1
23,056,Queens,Irene Estrada,1
23,056,Queens,Jim Walden,0
23,056,Queens,Joseph Hernandez,0
23,056,Queens,Zohran Kwame Mamdani,119
23,057,Queens,Andrew M. Cuomo,96
23,057,Queens,Curtis A. Sliwa,46
23,057,Queens,Eric L. Adams,2
23,057,Queens,Irene Estrada,0
23,057,Queens,Jim Walden,0
23,057,Queens,Joseph Hernandez,0
23,057,Queens,Zohran Kwame Mamdani,162
23,058,Queens,Andrew M. Cuomo,228
23,058,Queens,Curtis A. Sliwa,165
23,058,Queens,Eric L. Adams,1
23,058,Queens,Irene Estrada,0
23,058,Queens,Jim Walden,0
23,058,Queens,Joseph Hernandez,0
23,058,Queens,Zohran Kwame Mamdani,61
23,059,Queens,Andrew M. Cuomo,255
23,059,Queens,Curtis A. Sliwa,115
23,059,Queens,Eric L. Adams,0
23,059,Queens,Irene Estrada,0
23,059,Queens,Jim Walden,0
23,059,Queens,Joseph Hernandez,0
23,059,Queens,Zohran Kwame Mamdani,27
23,060,Queens,Andrew M. Cuomo,203
23,060,Queens,Curtis A. Sliwa,127
23,060,Queens,Eric L. Adams,1
23,060,Queens,Irene Estrada,1
23,060,Queens,Jim Walden,0
23,060,Queens,Joseph Hernandez,1
23,060,Queens,Zohran Kwame Mamdani,163
23,062,Queens,Andrew M. Cuomo,235
23,062,Queens,Curtis A. Sliwa,73
23,062,Queens,Eric L. Adams,0
23,062,Queens,Irene Estrada,0
23,062,Queens,Jim Walden,2
23,062,Queens,Joseph Hernandez,0
23,062,Queens,Zohran Kwame Mamdani,289
23,063,Queens,Andrew M. Cuomo,116
23,063,Queens,Curtis A. Sliwa,21
23,063,Queens,Eric L. Adams,1
23,063,Queens,Irene Estrada,2
23,063,Queens,Jim Walden,0
23,063,Queens,Joseph Hernandez,0
23,063,Queens,Zohran Kwame Mamdani,153
23,064,Queens,Andrew M. Cuomo,48
23,064,Queens,Curtis A. Sliwa,8
23,064,Queens,Eric L. Adams,0
23,064,Queens,Irene Estrada,0
23,064,Queens,Jim Walden,0
23,064,Queens,Joseph Hernandez,1
23,064,Queens,Zohran Kwame Mamdani,70
23,065,Queens,Andrew M. Cuomo,134
23,065,Queens,Curtis A. Sliwa,18
23,065,Queens,Eric L. Adams,3
23,065,Queens,Irene Estrada,1
23,065,Queens,Jim Walden,1
23,065,Queens,Joseph Hernandez,0
23,065,Queens,Zohran Kwame Mamdani,215
23,066,Queens,Andrew M. Cuomo,203
23,066,Queens,Curtis A. Sliwa,6
23,066,Queens,Eric L. Adams,5
23,066,Queens,Irene Estrada,3
23,066,Queens,Jim Walden,0
23,066,Queens,Joseph Hernandez,1
23,066,Queens,Zohran Kwame Mamdani,162
23,068,Queens,Andrew M. Cuomo,0
23,068,Queens,Curtis A. Sliwa,0
23,068,Queens,Eric L. Adams,0
23,068,Queens,Irene Estrada,0
23,068,Queens,Jim Walden,0
23,068,Queens,Joseph Hernandez,0
23,068,Queens,Zohran Kwame Mamdani,0
23,070,Queens,Andrew M. Cuomo,0
23,070,Queens,Curtis A. Sliwa,0
23,070,Queens,Eric L. Adams,0
23,070,Queens,Irene Estrada,0
23,070,Queens,Jim Walden,0
23,070,Queens,Joseph Hernandez,0
23,070,Queens,Zohran Kwame Mamdani,0
23,072,Queens,Andrew M. Cuomo,0
23,072,Queens,Curtis A. Sliwa,0
23,072,Queens,Eric L. Adams,0
23,072,Queens,Irene Estrada,0
23,072,Queens,Jim Walden,0
23,072,Queens,Joseph Hernandez,0
23,072,Queens,Zohran Kwame Mamdani,0
23,073,Queens,Andrew M. Cuomo,0
23,073,Queens,Curtis A. Sliwa,0
23,073,Queens,Eric L. Adams,0
23,073,Queens,Irene Estrada,0
23,073,Queens,Jim Walden,0
23,073,Queens,Joseph Hernandez,0
23,073,Queens,Zohran Kwame Mamdani,0
23,074,Queens,Andrew M. Cuomo,0
23,074,Queens,Curtis A. Sliwa,0
23,074,Queens,Eric L. Adams,0
23,074,Queens,Irene Estrada,0
23,074,Queens,Jim Walden,0
23,074,Queens,Joseph Hernandez,0
23,074,Queens,Zohran Kwame Mamdani,0
24,001,Queens,Andrew M. Cuomo,43
24,001,Queens,Curtis A. Sliwa,16
24,001,Queens,Eric L. Adams,0
24,001,Queens,Irene Estrada,0
24,001,Queens,Jim Walden,1
24,001,Queens,Joseph Hernandez,0
24,001,Queens,Zohran Kwame Mamdani,98
24,002,Queens,Andrew M. Cuomo,92
24,002,Queens,Curtis A. Sliwa,16
24,002,Queens,Eric L. Adams,0
24,002,Queens,Irene Estrada,0
24,002,Queens,Jim Walden,0
24,002,Queens,Joseph Hernandez,1
24,002,Queens,Zohran Kwame Mamdani,118
24,003,Queens,Andrew M. Cuomo,156
24,003,Queens,Curtis A. Sliwa,45
24,003,Queens,Eric L. Adams,0
24,003,Queens,Irene Estrada,5
24,003,Queens,Jim Walden,0
24,003,Queens,Joseph Hernandez,2
24,003,Queens,Zohran Kwame Mamdani,301
24,004,Queens,Andrew M. Cuomo,116
24,004,Queens,Curtis A. Sliwa,33
24,004,Queens,Eric L. Adams,1
24,004,Queens,Irene Estrada,0
24,004,Queens,Jim Walden,0
24,004,Queens,Joseph Hernandez,0
24,004,Queens,Zohran Kwame Mamdani,224
24,005,Queens,Andrew M. Cuomo,137
24,005,Queens,Curtis A. Sliwa,19
24,005,Queens,Eric L. Adams,2
24,005,Queens,Irene Estrada,0
24,005,Queens,Jim Walden,0
24,005,Queens,Joseph Hernandez,0
24,005,Queens,Zohran Kwame Mamdani,176
24,006,Queens,Andrew M. Cuomo,158
24,006,Queens,Curtis A. Sliwa,44
24,006,Queens,Eric L. Adams,1
24,006,Queens,Irene Estrada,2
24,006,Queens,Jim Walden,0
24,006,Queens,Joseph Hernandez,0
24,006,Queens,Zohran Kwame Mamdani,273
24,007,Queens,Andrew M. Cuomo,111
24,007,Queens,Curtis A. Sliwa,39
24,007,Queens,Eric L. Adams,2
24,007,Queens,Irene Estrada,0
24,007,Queens,Jim Walden,0
24,007,Queens,Joseph Hernandez,0
24,007,Queens,Zohran Kwame Mamdani,203
24,008,Queens,Andrew M. Cuomo,152
24,008,Queens,Curtis A. Sliwa,41
24,008,Queens,Eric L. Adams,1
24,008,Queens,Irene Estrada,0
24,008,Queens,Jim Walden,0
24,008,Queens,Joseph Hernandez,0
24,008,Queens,Zohran Kwame Mamdani,302
24,009,Queens,Andrew M. Cuomo,99
24,009,Queens,Curtis A. Sliwa,13
24,009,Queens,Eric L. Adams,0
24,009,Queens,Irene Estrada,0
24,009,Queens,Jim Walden,0
24,009,Queens,Joseph Hernandez,0
24,009,Queens,Zohran Kwame Mamdani,169
24,010,Queens,Andrew M. Cuomo,141
24,010,Queens,Curtis A. Sliwa,27
24,010,Queens,Eric L. Adams,2
24,010,Queens,Irene Estrada,0
24,010,Queens,Jim Walden,1
24,010,Queens,Joseph Hernandez,0
24,010,Queens,Zohran Kwame Mamdani,247
24,011,Queens,Andrew M. Cuomo,121
24,011,Queens,Curtis A. Sliwa,21
24,011,Queens,Eric L. Adams,1
24,011,Queens,Irene Estrada,0
24,011,Queens,Jim Walden,1
24,011,Queens,Joseph Hernandez,0
24,011,Queens,Zohran Kwame Mamdani,218
24,012,Queens,Andrew M. Cuomo,95
24,012,Queens,Curtis A. Sliwa,19
24,012,Queens,Eric L. Adams,1
24,012,Queens,Irene Estrada,1
24,012,Queens,Jim Walden,0
24,012,Queens,Joseph Hernandez,0
24,012,Queens,Zohran Kwame Mamdani,236
24,013,Queens,Andrew M. Cuomo,161
24,013,Queens,Curtis A. Sliwa,26
24,013,Queens,Eric L. Adams,1
24,013,Queens,Irene Estrada,2
24,013,Queens,Jim Walden,0
24,013,Queens,Joseph Hernandez,0
24,013,Queens,Zohran Kwame Mamdani,300
24,014,Queens,Andrew M. Cuomo,163
24,014,Queens,Curtis A. Sliwa,49
24,014,Queens,Eric L. Adams,1
24,014,Queens,Irene Estrada,1
24,014,Queens,Jim Walden,0
24,014,Queens,Joseph Hernandez,0
24,014,Queens,Zohran Kwame Mamdani,260
24,015,Queens,Andrew M. Cuomo,152
24,015,Queens,Curtis A. Sliwa,29
24,015,Queens,Eric L. Adams,0
24,015,Queens,Irene Estrada,1
24,015,Queens,Jim Walden,0
24,015,Queens,Joseph Hernandez,0
24,015,Queens,Zohran Kwame Mamdani,242
24,016,Queens,Andrew M. Cuomo,87
24,016,Queens,Curtis A. Sliwa,16
24,016,Queens,Eric L. Adams,1
24,016,Queens,Irene Estrada,0
24,016,Queens,Jim Walden,0
24,016,Queens,Joseph Hernandez,0
24,016,Queens,Zohran Kwame Mamdani,131
24,017,Queens,Andrew M. Cuomo,20
24,017,Queens,Curtis A. Sliwa,2
24,017,Queens,Eric L. Adams,1
24,017,Queens,Irene Estrada,0
24,017,Queens,Jim Walden,0
24,017,Queens,Joseph Hernandez,0
24,017,Queens,Zohran Kwame Mamdani,88
24,018,Queens,Andrew M. Cuomo,88
24,018,Queens,Curtis A. Sliwa,38
24,018,Queens,Eric L. Adams,2
24,018,Queens,Irene Estrada,0
24,018,Queens,Jim Walden,0
24,018,Queens,Joseph Hernandez,0
24,018,Queens,Zohran Kwame Mamdani,173
24,019,Queens,Andrew M. Cuomo,133
24,019,Queens,Curtis A. Sliwa,41
24,019,Queens,Eric L. Adams,1
24,019,Queens,Irene Estrada,1
24,019,Queens,Jim Walden,0
24,019,Queens,Joseph Hernandez,0
24,019,Queens,Zohran Kwame Mamdani,268
24,020,Queens,Andrew M. Cuomo,57
24,020,Queens,Curtis A. Sliwa,5
24,020,Queens,Eric L. Adams,0
24,020,Queens,Irene Estrada,1
24,020,Queens,Jim Walden,0
24,020,Queens,Joseph Hernandez,0
24,020,Queens,Zohran Kwame Mamdani,70
24,021,Queens,Andrew M. Cuomo,203
24,021,Queens,Curtis A. Sliwa,53
24,021,Queens,Eric L. Adams,2
24,021,Queens,Irene Estrada,1
24,021,Queens,Jim Walden,0
24,021,Queens,Joseph Hernandez,0
24,021,Queens,Zohran Kwame Mamdani,151
24,022,Queens,Andrew M. Cuomo,48
24,022,Queens,Curtis A. Sliwa,10
24,022,Queens,Eric L. Adams,0
24,022,Queens,Irene Estrada,0
24,022,Queens,Jim Walden,0
24,022,Queens,Joseph Hernandez,0
24,022,Queens,Zohran Kwame Mamdani,19
24,023,Queens,Andrew M. Cuomo,114
24,023,Queens,Curtis A. Sliwa,15
24,023,Queens,Eric L. Adams,0
24,023,Queens,Irene Estrada,0
24,023,Queens,Jim Walden,0
24,023,Queens,Joseph Hernandez,1
24,023,Queens,Zohran Kwame Mamdani,168
24,024,Queens,Andrew M. Cuomo,207
24,024,Queens,Curtis A. Sliwa,26
24,024,Queens,Eric L. Adams,1
24,024,Queens,Irene Estrada,1
24,024,Queens,Jim Walden,1
24,024,Queens,Joseph Hernandez,0
24,024,Queens,Zohran Kwame Mamdani,155
24,025,Queens,Andrew M. Cuomo,74
24,025,Queens,Curtis A. Sliwa,25
24,025,Queens,Eric L. Adams,0
24,025,Queens,Irene Estrada,0
24,025,Queens,Jim Walden,0
24,025,Queens,Joseph Hernandez,0
24,025,Queens,Zohran Kwame Mamdani,80
24,026,Queens,Andrew M. Cuomo,100
24,026,Queens,Curtis A. Sliwa,31
24,026,Queens,Eric L. Adams,0
24,026,Queens,Irene Estrada,1
24,026,Queens,Jim Walden,1
24,026,Queens,Joseph Hernandez,0
24,026,Queens,Zohran Kwame Mamdani,178
24,027,Queens,Andrew M. Cuomo,63
24,027,Queens,Curtis A. Sliwa,8
24,027,Queens,Eric L. Adams,0
24,027,Queens,Irene Estrada,0
24,027,Queens,Jim Walden,0
24,027,Queens,Joseph Hernandez,0
24,027,Queens,Zohran Kwame Mamdani,254
24,028,Queens,Andrew M. Cuomo,143
24,028,Queens,Curtis A. Sliwa,32
24,028,Queens,Eric L. Adams,2
24,028,Queens,Irene Estrada,0
24,028,Queens,Jim Walden,0
24,028,Queens,Joseph Hernandez,0
24,028,Queens,Zohran Kwame Mamdani,159
24,029,Queens,Andrew M. Cuomo,152
24,029,Queens,Curtis A. Sliwa,42
24,029,Queens,Eric L. Adams,0
24,029,Queens,Irene Estrada,0
24,029,Queens,Jim Walden,0
24,029,Queens,Joseph Hernandez,0
24,029,Queens,Zohran Kwame Mamdani,274
24,030,Queens,Andrew M. Cuomo,189
24,030,Queens,Curtis A. Sliwa,30
24,030,Queens,Eric L. Adams,2
24,030,Queens,Irene Estrada,2
24,030,Queens,Jim Walden,0
24,030,Queens,Joseph Hernandez,0
24,030,Queens,Zohran Kwame Mamdani,227
24,031,Queens,Andrew M. Cuomo,249
24,031,Queens,Curtis A. Sliwa,59
24,031,Queens,Eric L. Adams,2
24,031,Queens,Irene Estrada,0
24,031,Queens,Jim Walden,1
24,031,Queens,Joseph Hernandez,0
24,031,Queens,Zohran Kwame Mamdani,300
24,032,Queens,Andrew M. Cuomo,140
24,032,Queens,Curtis A. Sliwa,27
24,032,Queens,Eric L. Adams,3
24,032,Queens,Irene Estrada,0
24,032,Queens,Jim Walden,0
24,032,Queens,Joseph Hernandez,0
24,032,Queens,Zohran Kwame Mamdani,267
24,033,Queens,Andrew M. Cuomo,28
24,033,Queens,Curtis A. Sliwa,3
24,033,Queens,Eric L. Adams,0
24,033,Queens,Irene Estrada,0
24,033,Queens,Jim Walden,0
24,033,Queens,Joseph Hernandez,0
24,033,Queens,Zohran Kwame Mamdani,7
24,034,Queens,Andrew M. Cuomo,60
24,034,Queens,Curtis A. Sliwa,8
24,034,Queens,Eric L. Adams,0
24,034,Queens,Irene Estrada,0
24,034,Queens,Jim Walden,0
24,034,Queens,Joseph Hernandez,0
24,034,Queens,Zohran Kwame Mamdani,134
24,035,Queens,Andrew M. Cuomo,72
24,035,Queens,Curtis A. Sliwa,10
24,035,Queens,Eric L. Adams,0
24,035,Queens,Irene Estrada,0
24,035,Queens,Jim Walden,0
24,035,Queens,Joseph Hernandez,0
24,035,Queens,Zohran Kwame Mamdani,174
24,036,Queens,Andrew M. Cuomo,186
24,036,Queens,Curtis A. Sliwa,26
24,036,Queens,Eric L. Adams,1
24,036,Queens,Irene Estrada,2
24,036,Queens,Jim Walden,0
24,036,Queens,Joseph Hernandez,1
24,036,Queens,Zohran Kwame Mamdani,370
24,037,Queens,Andrew M. Cuomo,56
24,037,Queens,Curtis A. Sliwa,16
24,037,Queens,Eric L. Adams,1
24,037,Queens,Irene Estrada,0
24,037,Queens,Jim Walden,1
24,037,Queens,Joseph Hernandez,0
24,037,Queens,Zohran Kwame Mamdani,215
24,038,Queens,Andrew M. Cuomo,239
24,038,Queens,Curtis A. Sliwa,39
24,038,Queens,Eric L. Adams,4
24,038,Queens,Irene Estrada,2
24,038,Queens,Jim Walden,1
24,038,Queens,Joseph Hernandez,0
24,038,Queens,Zohran Kwame Mamdani,520
24,039,Queens,Andrew M. Cuomo,238
24,039,Queens,Curtis A. Sliwa,45
24,039,Queens,Eric L. Adams,0
24,039,Queens,Irene Estrada,1
24,039,Queens,Jim Walden,0
24,039,Queens,Joseph Hernandez,0
24,039,Queens,Zohran Kwame Mamdani,269
24,040,Queens,Andrew M. Cuomo,118
24,040,Queens,Curtis A. Sliwa,22
24,040,Queens,Eric L. Adams,0
24,040,Queens,Irene Estrada,0
24,040,Queens,Jim Walden,0
24,040,Queens,Joseph Hernandez,0
24,040,Queens,Zohran Kwame Mamdani,237
24,041,Queens,Andrew M. Cuomo,100
24,041,Queens,Curtis A. Sliwa,27
24,041,Queens,Eric L. Adams,1
24,041,Queens,Irene Estrada,2
24,041,Queens,Jim Walden,0
24,041,Queens,Joseph Hernandez,0
24,041,Queens,Zohran Kwame Mamdani,270
24,042,Queens,Andrew M. Cuomo,86
24,042,Queens,Curtis A. Sliwa,10
24,042,Queens,Eric L. Adams,1
24,042,Queens,Irene Estrada,0
24,042,Queens,Jim Walden,0
24,042,Queens,Joseph Hernandez,0
24,042,Queens,Zohran Kwame Mamdani,330
24,043,Queens,Andrew M. Cuomo,161
24,043,Queens,Curtis A. Sliwa,62
24,043,Queens,Eric L. Adams,0
24,043,Queens,Irene Estrada,1
24,043,Queens,Jim Walden,0
24,043,Queens,Joseph Hernandez,0
24,043,Queens,Zohran Kwame Mamdani,464
24,044,Queens,Andrew M. Cuomo,40
24,044,Queens,Curtis A. Sliwa,8
24,044,Queens,Eric L. Adams,1
24,044,Queens,Irene Estrada,0
24,044,Queens,Jim Walden,0
24,044,Queens,Joseph Hernandez,0
24,044,Queens,Zohran Kwame Mamdani,365
24,045,Queens,Andrew M. Cuomo,47
24,045,Queens,Curtis A. Sliwa,4
24,045,Queens,Eric L. Adams,0
24,045,Queens,Irene Estrada,0
24,045,Queens,Jim Walden,0
24,045,Queens,Joseph Hernandez,0
24,045,Queens,Zohran Kwame Mamdani,76
24,046,Queens,Andrew M. Cuomo,198
24,046,Queens,Curtis A. Sliwa,43
24,046,Queens,Eric L. Adams,3
24,046,Queens,Irene Estrada,0
24,046,Queens,Jim Walden,1
24,046,Queens,Joseph Hernandez,0
24,046,Queens,Zohran Kwame Mamdani,445
24,047,Queens,Andrew M. Cuomo,237
24,047,Queens,Curtis A. Sliwa,36
24,047,Queens,Eric L. Adams,2
24,047,Queens,Irene Estrada,1
24,047,Queens,Jim Walden,2
24,047,Queens,Joseph Hernandez,1
24,047,Queens,Zohran Kwame Mamdani,351
24,048,Queens,Andrew M. Cuomo,235
24,048,Queens,Curtis A. Sliwa,31
24,048,Queens,Eric L. Adams,3
24,048,Queens,Irene Estrada,0
24,048,Queens,Jim Walden,0
24,048,Queens,Joseph Hernandez,0
24,048,Queens,Zohran Kwame Mamdani,325
24,049,Queens,Andrew M. Cuomo,1000
24,049,Queens,Curtis A. Sliwa,46
24,049,Queens,Eric L. Adams,0
24,049,Queens,Irene Estrada,0
24,049,Queens,Jim Walden,0
24,049,Queens,Joseph Hernandez,0
24,049,Queens,Zohran Kwame Mamdani,95
24,050,Queens,Andrew M. Cuomo,295
24,050,Queens,Curtis A. Sliwa,21
24,050,Queens,Eric L. Adams,0
24,050,Queens,Irene Estrada,0
24,050,Queens,Jim Walden,0
24,050,Queens,Joseph Hernandez,0
24,050,Queens,Zohran Kwame Mamdani,22
24,051,Queens,Andrew M. Cuomo,464
24,051,Queens,Curtis A. Sliwa,52
24,051,Queens,Eric L. Adams,2
24,051,Queens,Irene Estrada,0
24,051,Queens,Jim Walden,0
24,051,Queens,Joseph Hernandez,0
24,051,Queens,Zohran Kwame Mamdani,344
24,052,Queens,Andrew M. Cuomo,365
24,052,Queens,Curtis A. Sliwa,39
24,052,Queens,Eric L. Adams,3
24,052,Queens,Irene Estrada,0
24,052,Queens,Jim Walden,0
24,052,Queens,Joseph Hernandez,0
24,052,Queens,Zohran Kwame Mamdani,397
24,053,Queens,Andrew M. Cuomo,339
24,053,Queens,Curtis A. Sliwa,29
24,053,Queens,Eric L. Adams,9
24,053,Queens,Irene Estrada,1
24,053,Queens,Jim Walden,1
24,053,Queens,Joseph Hernandez,0
24,053,Queens,Zohran Kwame Mamdani,364
24,054,Queens,Andrew M. Cuomo,38
24,054,Queens,Curtis A. Sliwa,8
24,054,Queens,Eric L. Adams,1
24,054,Queens,Irene Estrada,0
24,054,Queens,Jim Walden,0
24,054,Queens,Joseph Hernandez,0
24,054,Queens,Zohran Kwame Mamdani,69
24,055,Queens,Andrew M. Cuomo,159
24,055,Queens,Curtis A. Sliwa,18
24,055,Queens,Eric L. Adams,1
24,055,Queens,Irene Estrada,0
24,055,Queens,Jim Walden,0
24,055,Queens,Joseph Hernandez,0
24,055,Queens,Zohran Kwame Mamdani,228
24,056,Queens,Andrew M. Cuomo,285
24,056,Queens,Curtis A. Sliwa,76
24,056,Queens,Eric L. Adams,0
24,056,Queens,Irene Estrada,1
24,056,Queens,Jim Walden,0
24,056,Queens,Joseph Hernandez,2
24,056,Queens,Zohran Kwame Mamdani,275
24,057,Queens,Andrew M. Cuomo,180
24,057,Queens,Curtis A. Sliwa,73
24,057,Queens,Eric L. Adams,2
24,057,Queens,Irene Estrada,0
24,057,Queens,Jim Walden,1
24,057,Queens,Joseph Hernandez,0
24,057,Queens,Zohran Kwame Mamdani,242
24,058,Queens,Andrew M. Cuomo,566
24,058,Queens,Curtis A. Sliwa,60
24,058,Queens,Eric L. Adams,0
24,058,Queens,Irene Estrada,0
24,058,Queens,Jim Walden,1
24,058,Queens,Joseph Hernandez,1
24,058,Queens,Zohran Kwame Mamdani,176
24,059,Queens,Andrew M. Cuomo,483
24,059,Queens,Curtis A. Sliwa,64
24,059,Queens,Eric L. Adams,0
24,059,Queens,Irene Estrada,0
24,059,Queens,Jim Walden,2
24,059,Queens,Joseph Hernandez,1
24,059,Queens,Zohran Kwame Mamdani,145
24,060,Queens,Andrew M. Cuomo,639
24,060,Queens,Curtis A. Sliwa,126
24,060,Queens,Eric L. Adams,2
24,060,Queens,Irene Estrada,1
24,060,Queens,Jim Walden,2
24,060,Queens,Joseph Hernandez,0
24,060,Queens,Zohran Kwame Mamdani,251
24,061,Queens,Andrew M. Cuomo,456
24,061,Queens,Curtis A. Sliwa,107
24,061,Queens,Eric L. Adams,1
24,061,Queens,Irene Estrada,1
24,061,Queens,Jim Walden,1
24,061,Queens,Joseph Hernandez,0
24,061,Queens,Zohran Kwame Mamdani,264
24,062,Queens,Andrew M. Cuomo,565
24,062,Queens,Curtis A. Sliwa,121
24,062,Queens,Eric L. Adams,1
24,062,Queens,Irene Estrada,4
24,062,Queens,Jim Walden,3
24,062,Queens,Joseph Hernandez,0
24,062,Queens,Zohran Kwame Mamdani,191
24,063,Queens,Andrew M. Cuomo,212
24,063,Queens,Curtis A. Sliwa,73
24,063,Queens,Eric L. Adams,1
24,063,Queens,Irene Estrada,1
24,063,Queens,Jim Walden,1
24,063,Queens,Joseph Hernandez,0
24,063,Queens,Zohran Kwame Mamdani,103
24,064,Queens,Andrew M. Cuomo,395
24,064,Queens,Curtis A. Sliwa,123
24,064,Queens,Eric L. Adams,1
24,064,Queens,Irene Estrada,2
24,064,Queens,Jim Walden,0
24,064,Queens,Joseph Hernandez,0
24,064,Queens,Zohran Kwame Mamdani,190
24,065,Queens,Andrew M. Cuomo,175
24,065,Queens,Curtis A. Sliwa,28
24,065,Queens,Eric L. Adams,1
24,065,Queens,Irene Estrada,1
24,065,Queens,Jim Walden,0
24,065,Queens,Joseph Hernandez,0
24,065,Queens,Zohran Kwame Mamdani,658
25,001,Queens,Andrew M. Cuomo,364
25,001,Queens,Curtis A. Sliwa,59
25,001,Queens,Eric L. Adams,2
25,001,Queens,Irene Estrada,1
25,001,Queens,Jim Walden,6
25,001,Queens,Joseph Hernandez,0
25,001,Queens,Zohran Kwame Mamdani,407
25,002,Queens,Andrew M. Cuomo,340
25,002,Queens,Curtis A. Sliwa,55
25,002,Queens,Eric L. Adams,3
25,002,Queens,Irene Estrada,0
25,002,Queens,Jim Walden,1
25,002,Queens,Joseph Hernandez,1
25,002,Queens,Zohran Kwame Mamdani,353
25,003,Queens,Andrew M. Cuomo,138
25,003,Queens,Curtis A. Sliwa,12
25,003,Queens,Eric L. Adams,1
25,003,Queens,Irene Estrada,0
25,003,Queens,Jim Walden,0
25,003,Queens,Joseph Hernandez,1
25,003,Queens,Zohran Kwame Mamdani,53
25,004,Queens,Andrew M. Cuomo,138
25,004,Queens,Curtis A. Sliwa,37
25,004,Queens,Eric L. Adams,3
25,004,Queens,Irene Estrada,2
25,004,Queens,Jim Walden,0
25,004,Queens,Joseph Hernandez,2
25,004,Queens,Zohran Kwame Mamdani,169
25,005,Queens,Andrew M. Cuomo,342
25,005,Queens,Curtis A. Sliwa,64
25,005,Queens,Eric L. Adams,0
25,005,Queens,Irene Estrada,1
25,005,Queens,Jim Walden,0
25,005,Queens,Joseph Hernandez,3
25,005,Queens,Zohran Kwame Mamdani,368
25,006,Queens,Andrew M. Cuomo,289
25,006,Queens,Curtis A. Sliwa,46
25,006,Queens,Eric L. Adams,1
25,006,Queens,Irene Estrada,0
25,006,Queens,Jim Walden,1
25,006,Queens,Joseph Hernandez,1
25,006,Queens,Zohran Kwame Mamdani,220
25,007,Queens,Andrew M. Cuomo,61
25,007,Queens,Curtis A. Sliwa,7
25,007,Queens,Eric L. Adams,1
25,007,Queens,Irene Estrada,0
25,007,Queens,Jim Walden,0
25,007,Queens,Joseph Hernandez,0
25,007,Queens,Zohran Kwame Mamdani,33
25,008,Queens,Andrew M. Cuomo,22
25,008,Queens,Curtis A. Sliwa,6
25,008,Queens,Eric L. Adams,0
25,008,Queens,Irene Estrada,0
25,008,Queens,Jim Walden,0
25,008,Queens,Joseph Hernandez,0
25,008,Queens,Zohran Kwame Mamdani,21
25,009,Queens,Andrew M. Cuomo,426
25,009,Queens,Curtis A. Sliwa,43
25,009,Queens,Eric L. Adams,1
25,009,Queens,Irene Estrada,2
25,009,Queens,Jim Walden,1
25,009,Queens,Joseph Hernandez,0
25,009,Queens,Zohran Kwame Mamdani,194
25,010,Queens,Andrew M. Cuomo,71
25,010,Queens,Curtis A. Sliwa,15
25,010,Queens,Eric L. Adams,0
25,010,Queens,Irene Estrada,0
25,010,Queens,Jim Walden,0
25,010,Queens,Joseph Hernandez,0
25,010,Queens,Zohran Kwame Mamdani,48
25,011,Queens,Andrew M. Cuomo,509
25,011,Queens,Curtis A. Sliwa,35
25,011,Queens,Eric L. Adams,0
25,011,Queens,Irene Estrada,0
25,011,Queens,Jim Walden,1
25,011,Queens,Joseph Hernandez,0
25,011,Queens,Zohran Kwame Mamdani,113
25,012,Queens,Andrew M. Cuomo,681
25,012,Queens,Curtis A. Sliwa,62
25,012,Queens,Eric L. Adams,0
25,012,Queens,Irene Estrada,1
25,012,Queens,Jim Walden,1
25,012,Queens,Joseph Hernandez,0
25,012,Queens,Zohran Kwame Mamdani,199
25,013,Queens,Andrew M. Cuomo,541
25,013,Queens,Curtis A. Sliwa,57
25,013,Queens,Eric L. Adams,2
25,013,Queens,Irene Estrada,2
25,013,Queens,Jim Walden,1
25,013,Queens,Joseph Hernandez,0
25,013,Queens,Zohran Kwame Mamdani,206
25,014,Queens,Andrew M. Cuomo,477
25,014,Queens,Curtis A. Sliwa,42
25,014,Queens,Eric L. Adams,3
25,014,Queens,Irene Estrada,3
25,014,Queens,Jim Walden,0
25,014,Queens,Joseph Hernandez,1
25,014,Queens,Zohran Kwame Mamdani,172
25,015,Queens,Andrew M. Cuomo,332
25,015,Queens,Curtis A. Sliwa,48
25,015,Queens,Eric L. Adams,1
25,015,Queens,Irene Estrada,0
25,015,Queens,Jim Walden,1
25,015,Queens,Joseph Hernandez,0
25,015,Queens,Zohran Kwame Mamdani,137
25,016,Queens,Andrew M. Cuomo,483
25,016,Queens,Curtis A. Sliwa,36
25,016,Queens,Eric L. Adams,1
25,016,Queens,Irene Estrada,0
25,016,Queens,Jim Walden,3
25,016,Queens,Joseph Hernandez,0
25,016,Queens,Zohran Kwame Mamdani,135
25,017,Queens,Andrew M. Cuomo,538
25,017,Queens,Curtis A. Sliwa,63
25,017,Queens,Eric L. Adams,2
25,017,Queens,Irene Estrada,1
25,017,Queens,Jim Walden,1
25,017,Queens,Joseph Hernandez,0
25,017,Queens,Zohran Kwame Mamdani,177
25,018,Queens,Andrew M. Cuomo,361
25,018,Queens,Curtis A. Sliwa,64
25,018,Queens,Eric L. Adams,2
25,018,Queens,Irene Estrada,1
25,018,Queens,Jim Walden,0
25,018,Queens,Joseph Hernandez,0
25,018,Queens,Zohran Kwame Mamdani,316
25,019,Queens,Andrew M. Cuomo,279
25,019,Queens,Curtis A. Sliwa,58
25,019,Queens,Eric L. Adams,0
25,019,Queens,Irene Estrada,0
25,019,Queens,Jim Walden,1
25,019,Queens,Joseph Hernandez,0
25,019,Queens,Zohran Kwame Mamdani,383
25,020,Queens,Andrew M. Cuomo,244
25,020,Queens,Curtis A. Sliwa,54
25,020,Queens,Eric L. Adams,0
25,020,Queens,Irene Estrada,0
25,020,Queens,Jim Walden,2
25,020,Queens,Joseph Hernandez,1
25,020,Queens,Zohran Kwame Mamdani,355
25,021,Queens,Andrew M. Cuomo,226
25,021,Queens,Curtis A. Sliwa,53
25,021,Queens,Eric L. Adams,4
25,021,Queens,Irene Estrada,0
25,021,Queens,Jim Walden,1
25,021,Queens,Joseph Hernandez,0
25,021,Queens,Zohran Kwame Mamdani,228
25,022,Queens,Andrew M. Cuomo,268
25,022,Queens,Curtis A. Sliwa,66
25,022,Queens,Eric L. Adams,1
25,022,Queens,Irene Estrada,2
25,022,Queens,Jim Walden,1
25,022,Queens,Joseph Hernandez,1
25,022,Queens,Zohran Kwame Mamdani,204
25,023,Queens,Andrew M. Cuomo,234
25,023,Queens,Curtis A. Sliwa,29
25,023,Queens,Eric L. Adams,2
25,023,Queens,Irene Estrada,0
25,023,Queens,Jim Walden,1
25,023,Queens,Joseph Hernandez,1
25,023,Queens,Zohran Kwame Mamdani,127
25,024,Queens,Andrew M. Cuomo,246
25,024,Queens,Curtis A. Sliwa,61
25,024,Queens,Eric L. Adams,1
25,024,Queens,Irene Estrada,1
25,024,Queens,Jim Walden,0
25,024,Queens,Joseph Hernandez,0
25,024,Queens,Zohran Kwame Mamdani,145
25,025,Queens,Andrew M. Cuomo,392
25,025,Queens,Curtis A. Sliwa,108
25,025,Queens,Eric L. Adams,0
25,025,Queens,Irene Estrada,3
25,025,Queens,Jim Walden,0
25,025,Queens,Joseph Hernandez,3
25,025,Queens,Zohran Kwame Mamdani,232
25,026,Queens,Andrew M. Cuomo,419
25,026,Queens,Curtis A. Sliwa,107
25,026,Queens,Eric L. Adams,1
25,026,Queens,Irene Estrada,1
25,026,Queens,Jim Walden,1
25,026,Queens,Joseph Hernandez,0
25,026,Queens,Zohran Kwame Mamdani,196
25,027,Queens,Andrew M. Cuomo,350
25,027,Queens,Curtis A. Sliwa,73
25,027,Queens,Eric L. Adams,2
25,027,Queens,Irene Estrada,0
25,027,Queens,Jim Walden,2
25,027,Queens,Joseph Hernandez,1
25,027,Queens,Zohran Kwame Mamdani,224
25,028,Queens,Andrew M. Cuomo,248
25,028,Queens,Curtis A. Sliwa,67
25,028,Queens,Eric L. Adams,2
25,028,Queens,Irene Estrada,1
25,028,Queens,Jim Walden,0
25,028,Queens,Joseph Hernandez,1
25,028,Queens,Zohran Kwame Mamdani,220
25,029,Queens,Andrew M. Cuomo,408
25,029,Queens,Curtis A. Sliwa,67
25,029,Queens,Eric L. Adams,0
25,029,Queens,Irene Estrada,3
25,029,Queens,Jim Walden,1
25,029,Queens,Joseph Hernandez,0
25,029,Queens,Zohran Kwame Mamdani,216
25,030,Queens,Andrew M. Cuomo,348
25,030,Queens,Curtis A. Sliwa,66
25,030,Queens,Eric L. Adams,1
25,030,Queens,Irene Estrada,0
25,030,Queens,Jim Walden,0
25,030,Queens,Joseph Hernandez,0
25,030,Queens,Zohran Kwame Mamdani,167
25,031,Queens,Andrew M. Cuomo,332
25,031,Queens,Curtis A. Sliwa,73
25,031,Queens,Eric L. Adams,1
25,031,Queens,Irene Estrada,3
25,031,Queens,Jim Walden,1
25,031,Queens,Joseph Hernandez,0
25,031,Queens,Zohran Kwame Mamdani,194
25,032,Queens,Andrew M. Cuomo,312
25,032,Queens,Curtis A. Sliwa,54
25,032,Queens,Eric L. Adams,2
25,032,Queens,Irene Estrada,2
25,032,Queens,Jim Walden,0
25,032,Queens,Joseph Hernandez,0
25,032,Queens,Zohran Kwame Mamdani,148
25,033,Queens,Andrew M. Cuomo,396
25,033,Queens,Curtis A. Sliwa,139
25,033,Queens,Eric L. Adams,1
25,033,Queens,Irene Estrada,1
25,033,Queens,Jim Walden,1
25,033,Queens,Joseph Hernandez,0
25,033,Queens,Zohran Kwame Mamdani,173
25,034,Queens,Andrew M. Cuomo,393
25,034,Queens,Curtis A. Sliwa,72
25,034,Queens,Eric L. Adams,4
25,034,Queens,Irene Estrada,1
25,034,Queens,Jim Walden,2
25,034,Queens,Joseph Hernandez,2
25,034,Queens,Zohran Kwame Mamdani,182
25,035,Queens,Andrew M. Cuomo,249
25,035,Queens,Curtis A. Sliwa,63
25,035,Queens,Eric L. Adams,3
25,035,Queens,Irene Estrada,0
25,035,Queens,Jim Walden,0
25,035,Queens,Joseph Hernandez,1
25,035,Queens,Zohran Kwame Mamdani,196
25,036,Queens,Andrew M. Cuomo,241
25,036,Queens,Curtis A. Sliwa,101
25,036,Queens,Eric L. Adams,1
25,036,Queens,Irene Estrada,1
25,036,Queens,Jim Walden,0
25,036,Queens,Joseph Hernandez,0
25,036,Queens,Zohran Kwame Mamdani,164
25,037,Queens,Andrew M. Cuomo,217
25,037,Queens,Curtis A. Sliwa,36
25,037,Queens,Eric L. Adams,0
25,037,Queens,Irene Estrada,0
25,037,Queens,Jim Walden,0
25,037,Queens,Joseph Hernandez,1
25,037,Queens,Zohran Kwame Mamdani,156
25,038,Queens,Andrew M. Cuomo,241
25,038,Queens,Curtis A. Sliwa,46
25,038,Queens,Eric L. Adams,1
25,038,Queens,Irene Estrada,0
25,038,Queens,Jim Walden,1
25,038,Queens,Joseph Hernandez,0
25,038,Queens,Zohran Kwame Mamdani,131
25,039,Queens,Andrew M. Cuomo,222
25,039,Queens,Curtis A. Sliwa,51
25,039,Queens,Eric L. Adams,1
25,039,Queens,Irene Estrada,3
25,039,Queens,Jim Walden,0
25,039,Queens,Joseph Hernandez,2
25,039,Queens,Zohran Kwame Mamdani,154
25,040,Queens,Andrew M. Cuomo,216
25,040,Queens,Curtis A. Sliwa,63
25,040,Queens,Eric L. Adams,0
25,040,Queens,Irene Estrada,2
25,040,Queens,Jim Walden,1
25,040,Queens,Joseph Hernandez,0
25,040,Queens,Zohran Kwame Mamdani,201
25,041,Queens,Andrew M. Cuomo,156
25,041,Queens,Curtis A. Sliwa,37
25,041,Queens,Eric L. Adams,2
25,041,Queens,Irene Estrada,2
25,041,Queens,Jim Walden,0
25,041,Queens,Joseph Hernandez,0
25,041,Queens,Zohran Kwame Mamdani,123
25,042,Queens,Andrew M. Cuomo,205
25,042,Queens,Curtis A. Sliwa,50
25,042,Queens,Eric L. Adams,0
25,042,Queens,Irene Estrada,1
25,042,Queens,Jim Walden,3
25,042,Queens,Joseph Hernandez,0
25,042,Queens,Zohran Kwame Mamdani,226
25,043,Queens,Andrew M. Cuomo,241
25,043,Queens,Curtis A. Sliwa,69
25,043,Queens,Eric L. Adams,5
25,043,Queens,Irene Estrada,0
25,043,Queens,Jim Walden,1
25,043,Queens,Joseph Hernandez,0
25,043,Queens,Zohran Kwame Mamdani,170
25,044,Queens,Andrew M. Cuomo,230
25,044,Queens,Curtis A. Sliwa,42
25,044,Queens,Eric L. Adams,0
25,044,Queens,Irene Estrada,3
25,044,Queens,Jim Walden,0
25,044,Queens,Joseph Hernandez,1
25,044,Queens,Zohran Kwame Mamdani,215
25,045,Queens,Andrew M. Cuomo,257
25,045,Queens,Curtis A. Sliwa,54
25,045,Queens,Eric L. Adams,3
25,045,Queens,Irene Estrada,3
25,045,Queens,Jim Walden,0
25,045,Queens,Joseph Hernandez,0
25,045,Queens,Zohran Kwame Mamdani,182
25,046,Queens,Andrew M. Cuomo,169
25,046,Queens,Curtis A. Sliwa,38
25,046,Queens,Eric L. Adams,1
25,046,Queens,Irene Estrada,0
25,046,Queens,Jim Walden,1
25,046,Queens,Joseph Hernandez,2
25,046,Queens,Zohran Kwame Mamdani,158
25,047,Queens,Andrew M. Cuomo,119
25,047,Queens,Curtis A. Sliwa,27
25,047,Queens,Eric L. Adams,1
25,047,Queens,Irene Estrada,4
25,047,Queens,Jim Walden,0
25,047,Queens,Joseph Hernandez,1
25,047,Queens,Zohran Kwame Mamdani,101
25,048,Queens,Andrew M. Cuomo,0
25,048,Queens,Curtis A. Sliwa,0
25,048,Queens,Eric L. Adams,0
25,048,Queens,Irene Estrada,0
25,048,Queens,Jim Walden,0
25,048,Queens,Joseph Hernandez,0
25,048,Queens,Zohran Kwame Mamdani,0
26,001,Queens,Andrew M. Cuomo,96
26,001,Queens,Curtis A. Sliwa,32
26,001,Queens,Eric L. Adams,0
26,001,Queens,Irene Estrada,0
26,001,Queens,Jim Walden,0
26,001,Queens,Joseph Hernandez,0
26,001,Queens,Zohran Kwame Mamdani,160
26,002,Queens,Andrew M. Cuomo,44
26,002,Queens,Curtis A. Sliwa,9
26,002,Queens,Eric L. Adams,1
26,002,Queens,Irene Estrada,0
26,002,Queens,Jim Walden,0
26,002,Queens,Joseph Hernandez,0
26,002,Queens,Zohran Kwame Mamdani,75
26,003,Queens,Andrew M. Cuomo,48
26,003,Queens,Curtis A. Sliwa,13
26,003,Queens,Eric L. Adams,0
26,003,Queens,Irene Estrada,0
26,003,Queens,Jim Walden,0
26,003,Queens,Joseph Hernandez,0
26,003,Queens,Zohran Kwame Mamdani,103
26,004,Queens,Andrew M. Cuomo,120
26,004,Queens,Curtis A. Sliwa,36
26,004,Queens,Eric L. Adams,0
26,004,Queens,Irene Estrada,0
26,004,Queens,Jim Walden,0
26,004,Queens,Joseph Hernandez,0
26,004,Queens,Zohran Kwame Mamdani,152
26,005,Queens,Andrew M. Cuomo,6
26,005,Queens,Curtis A. Sliwa,4
26,005,Queens,Eric L. Adams,1
26,005,Queens,Irene Estrada,0
26,005,Queens,Jim Walden,0
26,005,Queens,Joseph Hernandez,0
26,005,Queens,Zohran Kwame Mamdani,8
26,006,Queens,Andrew M. Cuomo,277
26,006,Queens,Curtis A. Sliwa,56
26,006,Queens,Eric L. Adams,1
26,006,Queens,Irene Estrada,1
26,006,Queens,Jim Walden,1
26,006,Queens,Joseph Hernandez,0
26,006,Queens,Zohran Kwame Mamdani,191
26,007,Queens,Andrew M. Cuomo,340
26,007,Queens,Curtis A. Sliwa,102
26,007,Queens,Eric L. Adams,1
26,007,Queens,Irene Estrada,4
26,007,Queens,Jim Walden,1
26,007,Queens,Joseph Hernandez,0
26,007,Queens,Zohran Kwame Mamdani,278
26,008,Queens,Andrew M. Cuomo,498
26,008,Queens,Curtis A. Sliwa,114
26,008,Queens,Eric L. Adams,1
26,008,Queens,Irene Estrada,1
26,008,Queens,Jim Walden,2
26,008,Queens,Joseph Hernandez,1
26,008,Queens,Zohran Kwame Mamdani,243
26,009,Queens,Andrew M. Cuomo,138
26,009,Queens,Curtis A. Sliwa,30
26,009,Queens,Eric L. Adams,1
26,009,Queens,Irene Estrada,3
26,009,Queens,Jim Walden,1
26,009,Queens,Joseph Hernandez,0
26,009,Queens,Zohran Kwame Mamdani,203
26,010,Queens,Andrew M. Cuomo,820
26,010,Queens,Curtis A. Sliwa,40
26,010,Queens,Eric L. Adams,3
26,010,Queens,Irene Estrada,1
26,010,Queens,Jim Walden,1
26,010,Queens,Joseph Hernandez,2
26,010,Queens,Zohran Kwame Mamdani,84
26,011,Queens,Andrew M. Cuomo,471
26,011,Queens,Curtis A. Sliwa,28
26,011,Queens,Eric L. Adams,0
26,011,Queens,Irene Estrada,0
26,011,Queens,Jim Walden,0
26,011,Queens,Joseph Hernandez,0
26,011,Queens,Zohran Kwame Mamdani,54
26,012,Queens,Andrew M. Cuomo,496
26,012,Queens,Curtis A. Sliwa,140
26,012,Queens,Eric L. Adams,5
26,012,Queens,Irene Estrada,2
26,012,Queens,Jim Walden,0
26,012,Queens,Joseph Hernandez,0
26,012,Queens,Zohran Kwame Mamdani,268
26,013,Queens,Andrew M. Cuomo,382
26,013,Queens,Curtis A. Sliwa,129
26,013,Queens,Eric L. Adams,4
26,013,Queens,Irene Estrada,0
26,013,Queens,Jim Walden,1
26,013,Queens,Joseph Hernandez,0
26,013,Queens,Zohran Kwame Mamdani,325
26,014,Queens,Andrew M. Cuomo,323
26,014,Queens,Curtis A. Sliwa,115
26,014,Queens,Eric L. Adams,4
26,014,Queens,Irene Estrada,1
26,014,Queens,Jim Walden,1
26,014,Queens,Joseph Hernandez,1
26,014,Queens,Zohran Kwame Mamdani,375
26,015,Queens,Andrew M. Cuomo,377
26,015,Queens,Curtis A. Sliwa,78
26,015,Queens,Eric L. Adams,1
26,015,Queens,Irene Estrada,0
26,015,Queens,Jim Walden,0
26,015,Queens,Joseph Hernandez,0
26,015,Queens,Zohran Kwame Mamdani,414
26,016,Queens,Andrew M. Cuomo,512
26,016,Queens,Curtis A. Sliwa,82
26,016,Queens,Eric L. Adams,1
26,016,Queens,Irene Estrada,0
26,016,Queens,Jim Walden,1
26,016,Queens,Joseph Hernandez,0
26,016,Queens,Zohran Kwame Mamdani,229
26,017,Queens,Andrew M. Cuomo,541
26,017,Queens,Curtis A. Sliwa,124
26,017,Queens,Eric L. Adams,0
26,017,Queens,Irene Estrada,1
26,017,Queens,Jim Walden,1
26,017,Queens,Joseph Hernandez,0
26,017,Queens,Zohran Kwame Mamdani,227
26,018,Queens,Andrew M. Cuomo,265
26,018,Queens,Curtis A. Sliwa,62
26,018,Queens,Eric L. Adams,1
26,018,Queens,Irene Estrada,3
26,018,Queens,Jim Walden,1
26,018,Queens,Joseph Hernandez,0
26,018,Queens,Zohran Kwame Mamdani,183
26,019,Queens,Andrew M. Cuomo,196
26,019,Queens,Curtis A. Sliwa,45
26,019,Queens,Eric L. Adams,1
26,019,Queens,Irene Estrada,0
26,019,Queens,Jim Walden,0
26,019,Queens,Joseph Hernandez,0
26,019,Queens,Zohran Kwame Mamdani,84
26,020,Queens,Andrew M. Cuomo,521
26,020,Queens,Curtis A. Sliwa,144
26,020,Queens,Eric L. Adams,1
26,020,Queens,Irene Estrada,2
26,020,Queens,Jim Walden,0
26,020,Queens,Joseph Hernandez,3
26,020,Queens,Zohran Kwame Mamdani,263
26,021,Queens,Andrew M. Cuomo,555
26,021,Queens,Curtis A. Sliwa,121
26,021,Queens,Eric L. Adams,1
26,021,Queens,Irene Estrada,1
26,021,Queens,Jim Walden,1
26,021,Queens,Joseph Hernandez,0
26,021,Queens,Zohran Kwame Mamdani,190
26,022,Queens,Andrew M. Cuomo,577
26,022,Queens,Curtis A. Sliwa,109
26,022,Queens,Eric L. Adams,2
26,022,Queens,Irene Estrada,2
26,022,Queens,Jim Walden,5
26,022,Queens,Joseph Hernandez,1
26,022,Queens,Zohran Kwame Mamdani,234
26,023,Queens,Andrew M. Cuomo,394
26,023,Queens,Curtis A. Sliwa,112
26,023,Queens,Eric L. Adams,3
26,023,Queens,Irene Estrada,1
26,023,Queens,Jim Walden,0
26,023,Queens,Joseph Hernandez,1
26,023,Queens,Zohran Kwame Mamdani,251
26,024,Queens,Andrew M. Cuomo,548
26,024,Queens,Curtis A. Sliwa,110
26,024,Queens,Eric L. Adams,0
26,024,Queens,Irene Estrada,0
26,024,Queens,Jim Walden,3
26,024,Queens,Joseph Hernandez,0
26,024,Queens,Zohran Kwame Mamdani,286
26,025,Queens,Andrew M. Cuomo,334
26,025,Queens,Curtis A. Sliwa,75
26,025,Queens,Eric L. Adams,0
26,025,Queens,Irene Estrada,0
26,025,Queens,Jim Walden,0
26,025,Queens,Joseph Hernandez,0
26,025,Queens,Zohran Kwame Mamdani,159
26,026,Queens,Andrew M. Cuomo,447
26,026,Queens,Curtis A. Sliwa,61
26,026,Queens,Eric L. Adams,0
26,026,Queens,Irene Estrada,1
26,026,Queens,Jim Walden,0
26,026,Queens,Joseph Hernandez,0
26,026,Queens,Zohran Kwame Mamdani,166
26,027,Queens,Andrew M. Cuomo,84
26,027,Queens,Curtis A. Sliwa,13
26,027,Queens,Eric L. Adams,0
26,027,Queens,Irene Estrada,1
26,027,Queens,Jim Walden,0
26,027,Queens,Joseph Hernandez,0
26,027,Queens,Zohran Kwame Mamdani,41
26,028,Queens,Andrew M. Cuomo,354
26,028,Queens,Curtis A. Sliwa,84
26,028,Queens,Eric L. Adams,0
26,028,Queens,Irene Estrada,0
26,028,Queens,Jim Walden,0
26,028,Queens,Joseph Hernandez,0
26,028,Queens,Zohran Kwame Mamdani,193
26,029,Queens,Andrew M. Cuomo,266
26,029,Queens,Curtis A. Sliwa,60
26,029,Queens,Eric L. Adams,1
26,029,Queens,Irene Estrada,0
26,029,Queens,Jim Walden,1
26,029,Queens,Joseph Hernandez,0
26,029,Queens,Zohran Kwame Mamdani,118
26,030,Queens,Andrew M. Cuomo,8
26,030,Queens,Curtis A. Sliwa,1
26,030,Queens,Eric L. Adams,0
26,030,Queens,Irene Estrada,0
26,030,Queens,Jim Walden,0
26,030,Queens,Joseph Hernandez,0
26,030,Queens,Zohran Kwame Mamdani,2
26,031,Queens,Andrew M. Cuomo,410
26,031,Queens,Curtis A. Sliwa,93
26,031,Queens,Eric L. Adams,3
26,031,Queens,Irene Estrada,2
26,031,Queens,Jim Walden,1
26,031,Queens,Joseph Hernandez,1
26,031,Queens,Zohran Kwame Mamdani,218
26,032,Queens,Andrew M. Cuomo,315
26,032,Queens,Curtis A. Sliwa,101
26,032,Queens,Eric L. Adams,2
26,032,Queens,Irene Estrada,2
26,032,Queens,Jim Walden,1
26,032,Queens,Joseph Hernandez,2
26,032,Queens,Zohran Kwame Mamdani,268
26,033,Queens,Andrew M. Cuomo,411
26,033,Queens,Curtis A. Sliwa,142
26,033,Queens,Eric L. Adams,1
26,033,Queens,Irene Estrada,1
26,033,Queens,Jim Walden,0
26,033,Queens,Joseph Hernandez,2
26,033,Queens,Zohran Kwame Mamdani,269
26,034,Queens,Andrew M. Cuomo,505
26,034,Queens,Curtis A. Sliwa,133
26,034,Queens,Eric L. Adams,0
26,034,Queens,Irene Estrada,0
26,034,Queens,Jim Walden,1
26,034,Queens,Joseph Hernandez,2
26,034,Queens,Zohran Kwame Mamdani,257
26,035,Queens,Andrew M. Cuomo,279
26,035,Queens,Curtis A. Sliwa,81
26,035,Queens,Eric L. Adams,4
26,035,Queens,Irene Estrada,0
26,035,Queens,Jim Walden,5
26,035,Queens,Joseph Hernandez,0
26,035,Queens,Zohran Kwame Mamdani,166
26,036,Queens,Andrew M. Cuomo,434
26,036,Queens,Curtis A. Sliwa,134
26,036,Queens,Eric L. Adams,0
26,036,Queens,Irene Estrada,1
26,036,Queens,Jim Walden,0
26,036,Queens,Joseph Hernandez,0
26,036,Queens,Zohran Kwame Mamdani,209
26,037,Queens,Andrew M. Cuomo,373
26,037,Queens,Curtis A. Sliwa,82
26,037,Queens,Eric L. Adams,0
26,037,Queens,Irene Estrada,1
26,037,Queens,Jim Walden,1
26,037,Queens,Joseph Hernandez,0
26,037,Queens,Zohran Kwame Mamdani,158
26,038,Queens,Andrew M. Cuomo,634
26,038,Queens,Curtis A. Sliwa,138
26,038,Queens,Eric L. Adams,1
26,038,Queens,Irene Estrada,0
26,038,Queens,Jim Walden,3
26,038,Queens,Joseph Hernandez,0
26,038,Queens,Zohran Kwame Mamdani,202
26,039,Queens,Andrew M. Cuomo,295
26,039,Queens,Curtis A. Sliwa,73
26,039,Queens,Eric L. Adams,2
26,039,Queens,Irene Estrada,0
26,039,Queens,Jim Walden,3
26,039,Queens,Joseph Hernandez,0
26,039,Queens,Zohran Kwame Mamdani,108
26,040,Queens,Andrew M. Cuomo,292
26,040,Queens,Curtis A. Sliwa,52
26,040,Queens,Eric L. Adams,0
26,040,Queens,Irene Estrada,0
26,040,Queens,Jim Walden,0
26,040,Queens,Joseph Hernandez,0
26,040,Queens,Zohran Kwame Mamdani,121
26,041,Queens,Andrew M. Cuomo,591
26,041,Queens,Curtis A. Sliwa,97
26,041,Queens,Eric L. Adams,1
26,041,Queens,Irene Estrada,2
26,041,Queens,Jim Walden,2
26,041,Queens,Joseph Hernandez,0
26,041,Queens,Zohran Kwame Mamdani,213
26,042,Queens,Andrew M. Cuomo,431
26,042,Queens,Curtis A. Sliwa,102
26,042,Queens,Eric L. Adams,0
26,042,Queens,Irene Estrada,2
26,042,Queens,Jim Walden,0
26,042,Queens,Joseph Hernandez,0
26,042,Queens,Zohran Kwame Mamdani,172
26,043,Queens,Andrew M. Cuomo,523
26,043,Queens,Curtis A. Sliwa,117
26,043,Queens,Eric L. Adams,3
26,043,Queens,Irene Estrada,1
26,043,Queens,Jim Walden,1
26,043,Queens,Joseph Hernandez,0
26,043,Queens,Zohran Kwame Mamdani,208
26,044,Queens,Andrew M. Cuomo,488
26,044,Queens,Curtis A. Sliwa,114
26,044,Queens,Eric L. Adams,0
26,044,Queens,Irene Estrada,0
26,044,Queens,Jim Walden,0
26,044,Queens,Joseph Hernandez,0
26,044,Queens,Zohran Kwame Mamdani,163
26,045,Queens,Andrew M. Cuomo,623
26,045,Queens,Curtis A. Sliwa,175
26,045,Queens,Eric L. Adams,2
26,045,Queens,Irene Estrada,1
26,045,Queens,Jim Walden,0
26,045,Queens,Joseph Hernandez,1
26,045,Queens,Zohran Kwame Mamdani,176
26,046,Queens,Andrew M. Cuomo,398
26,046,Queens,Curtis A. Sliwa,127
26,046,Queens,Eric L. Adams,1
26,046,Queens,Irene Estrada,0
26,046,Queens,Jim Walden,2
26,046,Queens,Joseph Hernandez,0
26,046,Queens,Zohran Kwame Mamdani,103
26,047,Queens,Andrew M. Cuomo,322
26,047,Queens,Curtis A. Sliwa,108
26,047,Queens,Eric L. Adams,1
26,047,Queens,Irene Estrada,0
26,047,Queens,Jim Walden,0
26,047,Queens,Joseph Hernandez,1
26,047,Queens,Zohran Kwame Mamdani,188
26,048,Queens,Andrew M. Cuomo,396
26,048,Queens,Curtis A. Sliwa,126
26,048,Queens,Eric L. Adams,1
26,048,Queens,Irene Estrada,2
26,048,Queens,Jim Walden,0
26,048,Queens,Joseph Hernandez,0
26,048,Queens,Zohran Kwame Mamdani,179
26,049,Queens,Andrew M. Cuomo,372
26,049,Queens,Curtis A. Sliwa,138
26,049,Queens,Eric L. Adams,1
26,049,Queens,Irene Estrada,3
26,049,Queens,Jim Walden,0
26,049,Queens,Joseph Hernandez,0
26,049,Queens,Zohran Kwame Mamdani,130
26,050,Queens,Andrew M. Cuomo,581
26,050,Queens,Curtis A. Sliwa,186
26,050,Queens,Eric L. Adams,0
26,050,Queens,Irene Estrada,1
26,050,Queens,Jim Walden,3
26,050,Queens,Joseph Hernandez,1
26,050,Queens,Zohran Kwame Mamdani,148
26,051,Queens,Andrew M. Cuomo,196
26,051,Queens,Curtis A. Sliwa,67
26,051,Queens,Eric L. Adams,0
26,051,Queens,Irene Estrada,2
26,051,Queens,Jim Walden,1
26,051,Queens,Joseph Hernandez,1
26,051,Queens,Zohran Kwame Mamdani,93
26,052,Queens,Andrew M. Cuomo,385
26,052,Queens,Curtis A. Sliwa,75
26,052,Queens,Eric L. Adams,0
26,052,Queens,Irene Estrada,2
26,052,Queens,Jim Walden,2
26,052,Queens,Joseph Hernandez,1
26,052,Queens,Zohran Kwame Mamdani,160
26,053,Queens,Andrew M. Cuomo,354
26,053,Queens,Curtis A. Sliwa,115
26,053,Queens,Eric L. Adams,3
26,053,Queens,Irene Estrada,3
26,053,Queens,Jim Walden,1
26,053,Queens,Joseph Hernandez,0
26,053,Queens,Zohran Kwame Mamdani,179
26,054,Queens,Andrew M. Cuomo,411
26,054,Queens,Curtis A. Sliwa,127
26,054,Queens,Eric L. Adams,4
26,054,Queens,Irene Estrada,1
26,054,Queens,Jim Walden,0
26,054,Queens,Joseph Hernandez,1
26,054,Queens,Zohran Kwame Mamdani,235
26,055,Queens,Andrew M. Cuomo,446
26,055,Queens,Curtis A. Sliwa,173
26,055,Queens,Eric L. Adams,2
26,055,Queens,Irene Estrada,3
26,055,Queens,Jim Walden,2
26,055,Queens,Joseph Hernandez,1
26,055,Queens,Zohran Kwame Mamdani,249
26,056,Queens,Andrew M. Cuomo,424
26,056,Queens,Curtis A. Sliwa,120
26,056,Queens,Eric L. Adams,3
26,056,Queens,Irene Estrada,0
26,056,Queens,Jim Walden,0
26,056,Queens,Joseph Hernandez,0
26,056,Queens,Zohran Kwame Mamdani,218
26,057,Queens,Andrew M. Cuomo,363
26,057,Queens,Curtis A. Sliwa,109
26,057,Queens,Eric L. Adams,3
26,057,Queens,Irene Estrada,3
26,057,Queens,Jim Walden,5
26,057,Queens,Joseph Hernandez,0
26,057,Queens,Zohran Kwame Mamdani,249
26,058,Queens,Andrew M. Cuomo,86
26,058,Queens,Curtis A. Sliwa,26
26,058,Queens,Eric L. Adams,0
26,058,Queens,Irene Estrada,1
26,058,Queens,Jim Walden,0
26,058,Queens,Joseph Hernandez,1
26,058,Queens,Zohran Kwame Mamdani,74
26,059,Queens,Andrew M. Cuomo,406
26,059,Queens,Curtis A. Sliwa,113
26,059,Queens,Eric L. Adams,2
26,059,Queens,Irene Estrada,2
26,059,Queens,Jim Walden,0
26,059,Queens,Joseph Hernandez,0
26,059,Queens,Zohran Kwame Mamdani,234
26,060,Queens,Andrew M. Cuomo,280
26,060,Queens,Curtis A. Sliwa,78
26,060,Queens,Eric L. Adams,1
26,060,Queens,Irene Estrada,1
26,060,Queens,Jim Walden,0
26,060,Queens,Joseph Hernandez,1
26,060,Queens,Zohran Kwame Mamdani,207
26,061,Queens,Andrew M. Cuomo,289
26,061,Queens,Curtis A. Sliwa,114
26,061,Queens,Eric L. Adams,3
26,061,Queens,Irene Estrada,3
26,061,Queens,Jim Walden,1
26,061,Queens,Joseph Hernandez,1
26,061,Queens,Zohran Kwame Mamdani,256
26,065,Queens,Andrew M. Cuomo,0
26,065,Queens,Curtis A. Sliwa,0
26,065,Queens,Eric L. Adams,0
26,065,Queens,Irene Estrada,0
26,065,Queens,Jim Walden,0
26,065,Queens,Joseph Hernandez,0
26,065,Queens,Zohran Kwame Mamdani,0
27,001,Queens,Andrew M. Cuomo,136
27,001,Queens,Curtis A. Sliwa,87
27,001,Queens,Eric L. Adams,0
27,001,Queens,Irene Estrada,1
27,001,Queens,Jim Walden,0
27,001,Queens,Joseph Hernandez,0
27,001,Queens,Zohran Kwame Mamdani,80
27,002,Queens,Andrew M. Cuomo,248
27,002,Queens,Curtis A. Sliwa,54
27,002,Queens,Eric L. Adams,3
27,002,Queens,Irene Estrada,1
27,002,Queens,Jim Walden,1
27,002,Queens,Joseph Hernandez,0
27,002,Queens,Zohran Kwame Mamdani,422
27,003,Queens,Andrew M. Cuomo,468
27,003,Queens,Curtis A. Sliwa,41
27,003,Queens,Eric L. Adams,6
27,003,Queens,Irene Estrada,2
27,003,Queens,Jim Walden,1
27,003,Queens,Joseph Hernandez,0
27,003,Queens,Zohran Kwame Mamdani,394
27,004,Queens,Andrew M. Cuomo,473
27,004,Queens,Curtis A. Sliwa,49
27,004,Queens,Eric L. Adams,1
27,004,Queens,Irene Estrada,0
27,004,Queens,Jim Walden,2
27,004,Queens,Joseph Hernandez,0
27,004,Queens,Zohran Kwame Mamdani,403
27,005,Queens,Andrew M. Cuomo,604
27,005,Queens,Curtis A. Sliwa,39
27,005,Queens,Eric L. Adams,0
27,005,Queens,Irene Estrada,0
27,005,Queens,Jim Walden,3
27,005,Queens,Joseph Hernandez,1
27,005,Queens,Zohran Kwame Mamdani,407
27,006,Queens,Andrew M. Cuomo,337
27,006,Queens,Curtis A. Sliwa,41
27,006,Queens,Eric L. Adams,2
27,006,Queens,Irene Estrada,0
27,006,Queens,Jim Walden,0
27,006,Queens,Joseph Hernandez,0
27,006,Queens,Zohran Kwame Mamdani,235
27,007,Queens,Andrew M. Cuomo,216
27,007,Queens,Curtis A. Sliwa,6
27,007,Queens,Eric L. Adams,0
27,007,Queens,Irene Estrada,1
27,007,Queens,Jim Walden,0
27,007,Queens,Joseph Hernandez,0
27,007,Queens,Zohran Kwame Mamdani,40
27,008,Queens,Andrew M. Cuomo,137
27,008,Queens,Curtis A. Sliwa,18
27,008,Queens,Eric L. Adams,1
27,008,Queens,Irene Estrada,0
27,008,Queens,Jim Walden,1
27,008,Queens,Joseph Hernandez,0
27,008,Queens,Zohran Kwame Mamdani,127
27,009,Queens,Andrew M. Cuomo,346
27,009,Queens,Curtis A. Sliwa,47
27,009,Queens,Eric L. Adams,2
27,009,Queens,Irene Estrada,1
27,009,Queens,Jim Walden,2
27,009,Queens,Joseph Hernandez,0
27,009,Queens,Zohran Kwame Mamdani,124
27,010,Queens,Andrew M. Cuomo,96
27,010,Queens,Curtis A. Sliwa,18
27,010,Queens,Eric L. Adams,3
27,010,Queens,Irene Estrada,1
27,010,Queens,Jim Walden,2
27,010,Queens,Joseph Hernandez,0
27,010,Queens,Zohran Kwame Mamdani,137
27,011,Queens,Andrew M. Cuomo,101
27,011,Queens,Curtis A. Sliwa,14
27,011,Queens,Eric L. Adams,1
27,011,Queens,Irene Estrada,0
27,011,Queens,Jim Walden,1
27,011,Queens,Joseph Hernandez,0
27,011,Queens,Zohran Kwame Mamdani,107
27,012,Queens,Andrew M. Cuomo,379
27,012,Queens,Curtis A. Sliwa,45
27,012,Queens,Eric L. Adams,2
27,012,Queens,Irene Estrada,1
27,012,Queens,Jim Walden,1
27,012,Queens,Joseph Hernandez,1
27,012,Queens,Zohran Kwame Mamdani,242
27,013,Queens,Andrew M. Cuomo,271
27,013,Queens,Curtis A. Sliwa,56
27,013,Queens,Eric L. Adams,4
27,013,Queens,Irene Estrada,0
27,013,Queens,Jim Walden,1
27,013,Queens,Joseph Hernandez,3
27,013,Queens,Zohran Kwame Mamdani,233
27,014,Queens,Andrew M. Cuomo,368
27,014,Queens,Curtis A. Sliwa,81
27,014,Queens,Eric L. Adams,1
27,014,Queens,Irene Estrada,1
27,014,Queens,Jim Walden,0
27,014,Queens,Joseph Hernandez,0
27,014,Queens,Zohran Kwame Mamdani,244
27,015,Queens,Andrew M. Cuomo,402
27,015,Queens,Curtis A. Sliwa,76
27,015,Queens,Eric L. Adams,9
27,015,Queens,Irene Estrada,1
27,015,Queens,Jim Walden,1
27,015,Queens,Joseph Hernandez,1
27,015,Queens,Zohran Kwame Mamdani,257
27,016,Queens,Andrew M. Cuomo,190
27,016,Queens,Curtis A. Sliwa,38
27,016,Queens,Eric L. Adams,1
27,016,Queens,Irene Estrada,0
27,016,Queens,Jim Walden,0
27,016,Queens,Joseph Hernandez,0
27,016,Queens,Zohran Kwame Mamdani,124
27,017,Queens,Andrew M. Cuomo,174
27,017,Queens,Curtis A. Sliwa,53
27,017,Queens,Eric L. Adams,2
27,017,Queens,Irene Estrada,1
27,017,Queens,Jim Walden,0
27,017,Queens,Joseph Hernandez,1
27,017,Queens,Zohran Kwame Mamdani,228
27,018,Queens,Andrew M. Cuomo,132
27,018,Queens,Curtis A. Sliwa,22
27,018,Queens,Eric L. Adams,4
27,018,Queens,Irene Estrada,2
27,018,Queens,Jim Walden,0
27,018,Queens,Joseph Hernandez,1
27,018,Queens,Zohran Kwame Mamdani,88
27,019,Queens,Andrew M. Cuomo,296
27,019,Queens,Curtis A. Sliwa,59
27,019,Queens,Eric L. Adams,0
27,019,Queens,Irene Estrada,1
27,019,Queens,Jim Walden,1
27,019,Queens,Joseph Hernandez,0
27,019,Queens,Zohran Kwame Mamdani,244
27,020,Queens,Andrew M. Cuomo,459
27,020,Queens,Curtis A. Sliwa,33
27,020,Queens,Eric L. Adams,0
27,020,Queens,Irene Estrada,0
27,020,Queens,Jim Walden,0
27,020,Queens,Joseph Hernandez,0
27,020,Queens,Zohran Kwame Mamdani,112
27,021,Queens,Andrew M. Cuomo,486
27,021,Queens,Curtis A. Sliwa,70
27,021,Queens,Eric L. Adams,1
27,021,Queens,Irene Estrada,1
27,021,Queens,Jim Walden,0
27,021,Queens,Joseph Hernandez,1
27,021,Queens,Zohran Kwame Mamdani,150
27,022,Queens,Andrew M. Cuomo,439
27,022,Queens,Curtis A. Sliwa,73
27,022,Queens,Eric L. Adams,0
27,022,Queens,Irene Estrada,1
27,022,Queens,Jim Walden,2
27,022,Queens,Joseph Hernandez,0
27,022,Queens,Zohran Kwame Mamdani,221
27,023,Queens,Andrew M. Cuomo,629
27,023,Queens,Curtis A. Sliwa,44
27,023,Queens,Eric L. Adams,1
27,023,Queens,Irene Estrada,2
27,023,Queens,Jim Walden,0
27,023,Queens,Joseph Hernandez,0
27,023,Queens,Zohran Kwame Mamdani,124
27,024,Queens,Andrew M. Cuomo,556
27,024,Queens,Curtis A. Sliwa,27
27,024,Queens,Eric L. Adams,4
27,024,Queens,Irene Estrada,0
27,024,Queens,Jim Walden,0
27,024,Queens,Joseph Hernandez,0
27,024,Queens,Zohran Kwame Mamdani,87
27,025,Queens,Andrew M. Cuomo,809
27,025,Queens,Curtis A. Sliwa,43
27,025,Queens,Eric L. Adams,2
27,025,Queens,Irene Estrada,0
27,025,Queens,Jim Walden,0
27,025,Queens,Joseph Hernandez,0
27,025,Queens,Zohran Kwame Mamdani,113
27,026,Queens,Andrew M. Cuomo,51
27,026,Queens,Curtis A. Sliwa,5
27,026,Queens,Eric L. Adams,0
27,026,Queens,Irene Estrada,2
27,026,Queens,Jim Walden,0
27,026,Queens,Joseph Hernandez,0
27,026,Queens,Zohran Kwame Mamdani,111
27,027,Queens,Andrew M. Cuomo,1085
27,027,Queens,Curtis A. Sliwa,26
27,027,Queens,Eric L. Adams,2
27,027,Queens,Irene Estrada,0
27,027,Queens,Jim Walden,1
27,027,Queens,Joseph Hernandez,0
27,027,Queens,Zohran Kwame Mamdani,31
27,028,Queens,Andrew M. Cuomo,464
27,028,Queens,Curtis A. Sliwa,59
27,028,Queens,Eric L. Adams,3
27,028,Queens,Irene Estrada,2
27,028,Queens,Jim Walden,1
27,028,Queens,Joseph Hernandez,0
27,028,Queens,Zohran Kwame Mamdani,199
27,029,Queens,Andrew M. Cuomo,832
27,029,Queens,Curtis A. Sliwa,37
27,029,Queens,Eric L. Adams,3
27,029,Queens,Irene Estrada,0
27,029,Queens,Jim Walden,1
27,029,Queens,Joseph Hernandez,0
27,029,Queens,Zohran Kwame Mamdani,51
27,030,Queens,Andrew M. Cuomo,353
27,030,Queens,Curtis A. Sliwa,34
27,030,Queens,Eric L. Adams,0
27,030,Queens,Irene Estrada,0
27,030,Queens,Jim Walden,0
27,030,Queens,Joseph Hernandez,0
27,030,Queens,Zohran Kwame Mamdani,103
27,031,Queens,Andrew M. Cuomo,73
27,031,Queens,Curtis A. Sliwa,2
27,031,Queens,Eric L. Adams,0
27,031,Queens,Irene Estrada,0
27,031,Queens,Jim Walden,0
27,031,Queens,Joseph Hernandez,0
27,031,Queens,Zohran Kwame Mamdani,5
27,032,Queens,Andrew M. Cuomo,276
27,032,Queens,Curtis A. Sliwa,97
27,032,Queens,Eric L. Adams,2
27,032,Queens,Irene Estrada,1
27,032,Queens,Jim Walden,1
27,032,Queens,Joseph Hernandez,1
27,032,Queens,Zohran Kwame Mamdani,212
27,033,Queens,Andrew M. Cuomo,237
27,033,Queens,Curtis A. Sliwa,88
27,033,Queens,Eric L. Adams,2
27,033,Queens,Irene Estrada,0
27,033,Queens,Jim Walden,1
27,033,Queens,Joseph Hernandez,0
27,033,Queens,Zohran Kwame Mamdani,220
27,034,Queens,Andrew M. Cuomo,211
27,034,Queens,Curtis A. Sliwa,94
27,034,Queens,Eric L. Adams,2
27,034,Queens,Irene Estrada,0
27,034,Queens,Jim Walden,0
27,034,Queens,Joseph Hernandez,0
27,034,Queens,Zohran Kwame Mamdani,196
27,035,Queens,Andrew M. Cuomo,220
27,035,Queens,Curtis A. Sliwa,94
27,035,Queens,Eric L. Adams,1
27,035,Queens,Irene Estrada,1
27,035,Queens,Jim Walden,1
27,035,Queens,Joseph Hernandez,0
27,035,Queens,Zohran Kwame Mamdani,226
27,036,Queens,Andrew M. Cuomo,289
27,036,Queens,Curtis A. Sliwa,136
27,036,Queens,Eric L. Adams,1
27,036,Queens,Irene Estrada,2
27,036,Queens,Jim Walden,1
27,036,Queens,Joseph Hernandez,3
27,036,Queens,Zohran Kwame Mamdani,192
27,037,Queens,Andrew M. Cuomo,280
27,037,Queens,Curtis A. Sliwa,101
27,037,Queens,Eric L. Adams,0
27,037,Queens,Irene Estrada,0
27,037,Queens,Jim Walden,0
27,037,Queens,Joseph Hernandez,0
27,037,Queens,Zohran Kwame Mamdani,181
27,038,Queens,Andrew M. Cuomo,261
27,038,Queens,Curtis A. Sliwa,117
27,038,Queens,Eric L. Adams,0
27,038,Queens,Irene Estrada,0
27,038,Queens,Jim Walden,1
27,038,Queens,Joseph Hernandez,0
27,038,Queens,Zohran Kwame Mamdani,177
27,039,Queens,Andrew M. Cuomo,384
27,039,Queens,Curtis A. Sliwa,130
27,039,Queens,Eric L. Adams,0
27,039,Queens,Irene Estrada,0
27,039,Queens,Jim Walden,0
27,039,Queens,Joseph Hernandez,0
27,039,Queens,Zohran Kwame Mamdani,137
27,040,Queens,Andrew M. Cuomo,503
27,040,Queens,Curtis A. Sliwa,41
27,040,Queens,Eric L. Adams,5
27,040,Queens,Irene Estrada,0
27,040,Queens,Jim Walden,0
27,040,Queens,Joseph Hernandez,0
27,040,Queens,Zohran Kwame Mamdani,294
27,041,Queens,Andrew M. Cuomo,190
27,041,Queens,Curtis A. Sliwa,61
27,041,Queens,Eric L. Adams,0
27,041,Queens,Irene Estrada,0
27,041,Queens,Jim Walden,1
27,041,Queens,Joseph Hernandez,0
27,041,Queens,Zohran Kwame Mamdani,52
27,042,Queens,Andrew M. Cuomo,655
27,042,Queens,Curtis A. Sliwa,277
27,042,Queens,Eric L. Adams,0
27,042,Queens,Irene Estrada,1
27,042,Queens,Jim Walden,0
27,042,Queens,Joseph Hernandez,0
27,042,Queens,Zohran Kwame Mamdani,115
27,043,Queens,Andrew M. Cuomo,417
27,043,Queens,Curtis A. Sliwa,195
27,043,Queens,Eric L. Adams,0
27,043,Queens,Irene Estrada,2
27,043,Queens,Jim Walden,0
27,043,Queens,Joseph Hernandez,1
27,043,Queens,Zohran Kwame Mamdani,160
27,044,Queens,Andrew M. Cuomo,488
27,044,Queens,Curtis A. Sliwa,159
27,044,Queens,Eric L. Adams,0
27,044,Queens,Irene Estrada,0
27,044,Queens,Jim Walden,1
27,044,Queens,Joseph Hernandez,2
27,044,Queens,Zohran Kwame Mamdani,134
27,045,Queens,Andrew M. Cuomo,539
27,045,Queens,Curtis A. Sliwa,184
27,045,Queens,Eric L. Adams,1
27,045,Queens,Irene Estrada,0
27,045,Queens,Jim Walden,1
27,045,Queens,Joseph Hernandez,0
27,045,Queens,Zohran Kwame Mamdani,99
27,046,Queens,Andrew M. Cuomo,117
27,046,Queens,Curtis A. Sliwa,38
27,046,Queens,Eric L. Adams,0
27,046,Queens,Irene Estrada,0
27,046,Queens,Jim Walden,0
27,046,Queens,Joseph Hernandez,0
27,046,Queens,Zohran Kwame Mamdani,13
27,047,Queens,Andrew M. Cuomo,139
27,047,Queens,Curtis A. Sliwa,23
27,047,Queens,Eric L. Adams,2
27,047,Queens,Irene Estrada,0
27,047,Queens,Jim Walden,1
27,047,Queens,Joseph Hernandez,3
27,047,Queens,Zohran Kwame Mamdani,128
27,048,Queens,Andrew M. Cuomo,370
27,048,Queens,Curtis A. Sliwa,140
27,048,Queens,Eric L. Adams,1
27,048,Queens,Irene Estrada,3
27,048,Queens,Jim Walden,0
27,048,Queens,Joseph Hernandez,1
27,048,Queens,Zohran Kwame Mamdani,182
27,049,Queens,Andrew M. Cuomo,387
27,049,Queens,Curtis A. Sliwa,140
27,049,Queens,Eric L. Adams,1
27,049,Queens,Irene Estrada,1
27,049,Queens,Jim Walden,1
27,049,Queens,Joseph Hernandez,1
27,049,Queens,Zohran Kwame Mamdani,161
27,050,Queens,Andrew M. Cuomo,302
27,050,Queens,Curtis A. Sliwa,137
27,050,Queens,Eric L. Adams,0
27,050,Queens,Irene Estrada,0
27,050,Queens,Jim Walden,1
27,050,Queens,Joseph Hernandez,0
27,050,Queens,Zohran Kwame Mamdani,139
27,051,Queens,Andrew M. Cuomo,369
27,051,Queens,Curtis A. Sliwa,140
27,051,Queens,Eric L. Adams,1
27,051,Queens,Irene Estrada,0
27,051,Queens,Jim Walden,1
27,051,Queens,Joseph Hernandez,0
27,051,Queens,Zohran Kwame Mamdani,132
27,052,Queens,Andrew M. Cuomo,0
27,052,Queens,Curtis A. Sliwa,0
27,052,Queens,Eric L. Adams,0
27,052,Queens,Irene Estrada,0
27,052,Queens,Jim Walden,0
27,052,Queens,Joseph Hernandez,0
27,052,Queens,Zohran Kwame Mamdani,0
27,054,Queens,Andrew M. Cuomo,0
27,054,Queens,Curtis A. Sliwa,0
27,054,Queens,Eric L. Adams,0
27,054,Queens,Irene Estrada,0
27,054,Queens,Jim Walden,0
27,054,Queens,Joseph Hernandez,0
27,054,Queens,Zohran Kwame Mamdani,0
27,056,Queens,Andrew M. Cuomo,0
27,056,Queens,Curtis A. Sliwa,0
27,056,Queens,Eric L. Adams,0
27,056,Queens,Irene Estrada,0
27,056,Queens,Jim Walden,0
27,056,Queens,Joseph Hernandez,0
27,056,Queens,Zohran Kwame Mamdani,0
27,057,Queens,Andrew M. Cuomo,0
27,057,Queens,Curtis A. Sliwa,0
27,057,Queens,Eric L. Adams,0
27,057,Queens,Irene Estrada,0
27,057,Queens,Jim Walden,0
27,057,Queens,Joseph Hernandez,0
27,057,Queens,Zohran Kwame Mamdani,0
27,058,Queens,Andrew M. Cuomo,0
27,058,Queens,Curtis A. Sliwa,0
27,058,Queens,Eric L. Adams,0
27,058,Queens,Irene Estrada,0
27,058,Queens,Jim Walden,0
27,058,Queens,Joseph Hernandez,0
27,058,Queens,Zohran Kwame Mamdani,0
27,062,Queens,Andrew M. Cuomo,0
27,062,Queens,Curtis A. Sliwa,0
27,062,Queens,Eric L. Adams,0
27,062,Queens,Irene Estrada,0
27,062,Queens,Jim Walden,0
27,062,Queens,Joseph Hernandez,0
27,062,Queens,Zohran Kwame Mamdani,0
27,065,Queens,Andrew M. Cuomo,0
27,065,Queens,Curtis A. Sliwa,0
27,065,Queens,Eric L. Adams,0
27,065,Queens,Irene Estrada,0
27,065,Queens,Jim Walden,0
27,065,Queens,Joseph Hernandez,0
27,065,Queens,Zohran Kwame Mamdani,0
27,066,Queens,Andrew M. Cuomo,0
27,066,Queens,Curtis A. Sliwa,0
27,066,Queens,Eric L. Adams,0
27,066,Queens,Irene Estrada,0
27,066,Queens,Jim Walden,0
27,066,Queens,Joseph Hernandez,0
27,066,Queens,Zohran Kwame Mamdani,0
27,067,Queens,Andrew M. Cuomo,0
27,067,Queens,Curtis A. Sliwa,0
27,067,Queens,Eric L. Adams,0
27,067,Queens,Irene Estrada,0
27,067,Queens,Jim Walden,0
27,067,Queens,Joseph Hernandez,0
27,067,Queens,Zohran Kwame Mamdani,0
27,068,Queens,Andrew M. Cuomo,0
27,068,Queens,Curtis A. Sliwa,0
27,068,Queens,Eric L. Adams,0
27,068,Queens,Irene Estrada,0
27,068,Queens,Jim Walden,0
27,068,Queens,Joseph Hernandez,0
27,068,Queens,Zohran Kwame Mamdani,0
28,001,Queens,Andrew M. Cuomo,77
28,001,Queens,Curtis A. Sliwa,16
28,001,Queens,Eric L. Adams,0
28,001,Queens,Irene Estrada,0
28,001,Queens,Jim Walden,0
28,001,Queens,Joseph Hernandez,0
28,001,Queens,Zohran Kwame Mamdani,154
28,002,Queens,Andrew M. Cuomo,386
28,002,Queens,Curtis A. Sliwa,74
28,002,Queens,Eric L. Adams,1
28,002,Queens,Irene Estrada,2
28,002,Queens,Jim Walden,3
28,002,Queens,Joseph Hernandez,1
28,002,Queens,Zohran Kwame Mamdani,458
28,003,Queens,Andrew M. Cuomo,359
28,003,Queens,Curtis A. Sliwa,61
28,003,Queens,Eric L. Adams,3
28,003,Queens,Irene Estrada,2
28,003,Queens,Jim Walden,0
28,003,Queens,Joseph Hernandez,3
28,003,Queens,Zohran Kwame Mamdani,389
28,004,Queens,Andrew M. Cuomo,350
28,004,Queens,Curtis A. Sliwa,52
28,004,Queens,Eric L. Adams,2
28,004,Queens,Irene Estrada,0
28,004,Queens,Jim Walden,1
28,004,Queens,Joseph Hernandez,1
28,004,Queens,Zohran Kwame Mamdani,429
28,005,Queens,Andrew M. Cuomo,63
28,005,Queens,Curtis A. Sliwa,17
28,005,Queens,Eric L. Adams,0
28,005,Queens,Irene Estrada,0
28,005,Queens,Jim Walden,0
28,005,Queens,Joseph Hernandez,0
28,005,Queens,Zohran Kwame Mamdani,51
28,006,Queens,Andrew M. Cuomo,177
28,006,Queens,Curtis A. Sliwa,14
28,006,Queens,Eric L. Adams,0
28,006,Queens,Irene Estrada,1
28,006,Queens,Jim Walden,0
28,006,Queens,Joseph Hernandez,0
28,006,Queens,Zohran Kwame Mamdani,82
28,007,Queens,Andrew M. Cuomo,436
28,007,Queens,Curtis A. Sliwa,58
28,007,Queens,Eric L. Adams,1
28,007,Queens,Irene Estrada,1
28,007,Queens,Jim Walden,3
28,007,Queens,Joseph Hernandez,0
28,007,Queens,Zohran Kwame Mamdani,331
28,008,Queens,Andrew M. Cuomo,341
28,008,Queens,Curtis A. Sliwa,65
28,008,Queens,Eric L. Adams,1
28,008,Queens,Irene Estrada,0
28,008,Queens,Jim Walden,0
28,008,Queens,Joseph Hernandez,0
28,008,Queens,Zohran Kwame Mamdani,390
28,009,Queens,Andrew M. Cuomo,369
28,009,Queens,Curtis A. Sliwa,75
28,009,Queens,Eric L. Adams,1
28,009,Queens,Irene Estrada,1
28,009,Queens,Jim Walden,0
28,009,Queens,Joseph Hernandez,0
28,009,Queens,Zohran Kwame Mamdani,400
28,010,Queens,Andrew M. Cuomo,231
28,010,Queens,Curtis A. Sliwa,97
28,010,Queens,Eric L. Adams,1
28,010,Queens,Irene Estrada,0
28,010,Queens,Jim Walden,0
28,010,Queens,Joseph Hernandez,0
28,010,Queens,Zohran Kwame Mamdani,72
28,011,Queens,Andrew M. Cuomo,269
28,011,Queens,Curtis A. Sliwa,96
28,011,Queens,Eric L. Adams,1
28,011,Queens,Irene Estrada,0
28,011,Queens,Jim Walden,2
28,011,Queens,Joseph Hernandez,0
28,011,Queens,Zohran Kwame Mamdani,141
28,012,Queens,Andrew M. Cuomo,426
28,012,Queens,Curtis A. Sliwa,178
28,012,Queens,Eric L. Adams,2
28,012,Queens,Irene Estrada,0
28,012,Queens,Jim Walden,1
28,012,Queens,Joseph Hernandez,0
28,012,Queens,Zohran Kwame Mamdani,144
28,013,Queens,Andrew M. Cuomo,176
28,013,Queens,Curtis A. Sliwa,115
28,013,Queens,Eric L. Adams,1
28,013,Queens,Irene Estrada,1
28,013,Queens,Jim Walden,1
28,013,Queens,Joseph Hernandez,0
28,013,Queens,Zohran Kwame Mamdani,116
28,014,Queens,Andrew M. Cuomo,293
28,014,Queens,Curtis A. Sliwa,144
28,014,Queens,Eric L. Adams,4
28,014,Queens,Irene Estrada,0
28,014,Queens,Jim Walden,0
28,014,Queens,Joseph Hernandez,1
28,014,Queens,Zohran Kwame Mamdani,182
28,015,Queens,Andrew M. Cuomo,291
28,015,Queens,Curtis A. Sliwa,178
28,015,Queens,Eric L. Adams,1
28,015,Queens,Irene Estrada,2
28,015,Queens,Jim Walden,0
28,015,Queens,Joseph Hernandez,0
28,015,Queens,Zohran Kwame Mamdani,146
28,016,Queens,Andrew M. Cuomo,5
28,016,Queens,Curtis A. Sliwa,1
28,016,Queens,Eric L. Adams,0
28,016,Queens,Irene Estrada,0
28,016,Queens,Jim Walden,0
28,016,Queens,Joseph Hernandez,0
28,016,Queens,Zohran Kwame Mamdani,2
28,017,Queens,Andrew M. Cuomo,19
28,017,Queens,Curtis A. Sliwa,4
28,017,Queens,Eric L. Adams,0
28,017,Queens,Irene Estrada,0
28,017,Queens,Jim Walden,0
28,017,Queens,Joseph Hernandez,0
28,017,Queens,Zohran Kwame Mamdani,4
28,018,Queens,Andrew M. Cuomo,78
28,018,Queens,Curtis A. Sliwa,8
28,018,Queens,Eric L. Adams,1
28,018,Queens,Irene Estrada,0
28,018,Queens,Jim Walden,0
28,018,Queens,Joseph Hernandez,0
28,018,Queens,Zohran Kwame Mamdani,52
28,019,Queens,Andrew M. Cuomo,131
28,019,Queens,Curtis A. Sliwa,64
28,019,Queens,Eric L. Adams,0
28,019,Queens,Irene Estrada,0
28,019,Queens,Jim Walden,0
28,019,Queens,Joseph Hernandez,0
28,019,Queens,Zohran Kwame Mamdani,257
28,020,Queens,Andrew M. Cuomo,211
28,020,Queens,Curtis A. Sliwa,83
28,020,Queens,Eric L. Adams,0
28,020,Queens,Irene Estrada,1
28,020,Queens,Jim Walden,0
28,020,Queens,Joseph Hernandez,0
28,020,Queens,Zohran Kwame Mamdani,448
28,021,Queens,Andrew M. Cuomo,77
28,021,Queens,Curtis A. Sliwa,58
28,021,Queens,Eric L. Adams,0
28,021,Queens,Irene Estrada,1
28,021,Queens,Jim Walden,0
28,021,Queens,Joseph Hernandez,0
28,021,Queens,Zohran Kwame Mamdani,86
28,022,Queens,Andrew M. Cuomo,428
28,022,Queens,Curtis A. Sliwa,245
28,022,Queens,Eric L. Adams,2
28,022,Queens,Irene Estrada,0
28,022,Queens,Jim Walden,0
28,022,Queens,Joseph Hernandez,0
28,022,Queens,Zohran Kwame Mamdani,149
28,023,Queens,Andrew M. Cuomo,325
28,023,Queens,Curtis A. Sliwa,189
28,023,Queens,Eric L. Adams,0
28,023,Queens,Irene Estrada,1
28,023,Queens,Jim Walden,0
28,023,Queens,Joseph Hernandez,1
28,023,Queens,Zohran Kwame Mamdani,92
28,024,Queens,Andrew M. Cuomo,521
28,024,Queens,Curtis A. Sliwa,239
28,024,Queens,Eric L. Adams,0
28,024,Queens,Irene Estrada,1
28,024,Queens,Jim Walden,0
28,024,Queens,Joseph Hernandez,0
28,024,Queens,Zohran Kwame Mamdani,179
28,025,Queens,Andrew M. Cuomo,591
28,025,Queens,Curtis A. Sliwa,284
28,025,Queens,Eric L. Adams,0
28,025,Queens,Irene Estrada,1
28,025,Queens,Jim Walden,1
28,025,Queens,Joseph Hernandez,1
28,025,Queens,Zohran Kwame Mamdani,198
28,026,Queens,Andrew M. Cuomo,390
28,026,Queens,Curtis A. Sliwa,164
28,026,Queens,Eric L. Adams,2
28,026,Queens,Irene Estrada,0
28,026,Queens,Jim Walden,1
28,026,Queens,Joseph Hernandez,0
28,026,Queens,Zohran Kwame Mamdani,174
28,027,Queens,Andrew M. Cuomo,236
28,027,Queens,Curtis A. Sliwa,96
28,027,Queens,Eric L. Adams,1
28,027,Queens,Irene Estrada,0
28,027,Queens,Jim Walden,0
28,027,Queens,Joseph Hernandez,0
28,027,Queens,Zohran Kwame Mamdani,109
28,028,Queens,Andrew M. Cuomo,217
28,028,Queens,Curtis A. Sliwa,35
28,028,Queens,Eric L. Adams,2
28,028,Queens,Irene Estrada,0
28,028,Queens,Jim Walden,0
28,028,Queens,Joseph Hernandez,0
28,028,Queens,Zohran Kwame Mamdani,146
28,029,Queens,Andrew M. Cuomo,443
28,029,Queens,Curtis A. Sliwa,62
28,029,Queens,Eric L. Adams,2
28,029,Queens,Irene Estrada,1
28,029,Queens,Jim Walden,2
28,029,Queens,Joseph Hernandez,0
28,029,Queens,Zohran Kwame Mamdani,312
28,030,Queens,Andrew M. Cuomo,634
28,030,Queens,Curtis A. Sliwa,71
28,030,Queens,Eric L. Adams,2
28,030,Queens,Irene Estrada,2
28,030,Queens,Jim Walden,1
28,030,Queens,Joseph Hernandez,0
28,030,Queens,Zohran Kwame Mamdani,420
28,031,Queens,Andrew M. Cuomo,365
28,031,Queens,Curtis A. Sliwa,45
28,031,Queens,Eric L. Adams,1
28,031,Queens,Irene Estrada,1
28,031,Queens,Jim Walden,0
28,031,Queens,Joseph Hernandez,0
28,031,Queens,Zohran Kwame Mamdani,459
28,032,Queens,Andrew M. Cuomo,363
28,032,Queens,Curtis A. Sliwa,64
28,032,Queens,Eric L. Adams,1
28,032,Queens,Irene Estrada,2
28,032,Queens,Jim Walden,2
28,032,Queens,Joseph Hernandez,0
28,032,Queens,Zohran Kwame Mamdani,500
28,033,Queens,Andrew M. Cuomo,236
28,033,Queens,Curtis A. Sliwa,41
28,033,Queens,Eric L. Adams,1
28,033,Queens,Irene Estrada,1
28,033,Queens,Jim Walden,2
28,033,Queens,Joseph Hernandez,0
28,033,Queens,Zohran Kwame Mamdani,309
28,034,Queens,Andrew M. Cuomo,316
28,034,Queens,Curtis A. Sliwa,50
28,034,Queens,Eric L. Adams,1
28,034,Queens,Irene Estrada,0
28,034,Queens,Jim Walden,1
28,034,Queens,Joseph Hernandez,1
28,034,Queens,Zohran Kwame Mamdani,310
28,035,Queens,Andrew M. Cuomo,621
28,035,Queens,Curtis A. Sliwa,70
28,035,Queens,Eric L. Adams,4
28,035,Queens,Irene Estrada,1
28,035,Queens,Jim Walden,0
28,035,Queens,Joseph Hernandez,0
28,035,Queens,Zohran Kwame Mamdani,473
28,036,Queens,Andrew M. Cuomo,146
28,036,Queens,Curtis A. Sliwa,10
28,036,Queens,Eric L. Adams,0
28,036,Queens,Irene Estrada,0
28,036,Queens,Jim Walden,0
28,036,Queens,Joseph Hernandez,0
28,036,Queens,Zohran Kwame Mamdani,109
28,037,Queens,Andrew M. Cuomo,554
28,037,Queens,Curtis A. Sliwa,38
28,037,Queens,Eric L. Adams,2
28,037,Queens,Irene Estrada,0
28,037,Queens,Jim Walden,0
28,037,Queens,Joseph Hernandez,1
28,037,Queens,Zohran Kwame Mamdani,329
28,038,Queens,Andrew M. Cuomo,405
28,038,Queens,Curtis A. Sliwa,37
28,038,Queens,Eric L. Adams,0
28,038,Queens,Irene Estrada,0
28,038,Queens,Jim Walden,0
28,038,Queens,Joseph Hernandez,1
28,038,Queens,Zohran Kwame Mamdani,319
28,039,Queens,Andrew M. Cuomo,449
28,039,Queens,Curtis A. Sliwa,51
28,039,Queens,Eric L. Adams,1
28,039,Queens,Irene Estrada,1
28,039,Queens,Jim Walden,0
28,039,Queens,Joseph Hernandez,0
28,039,Queens,Zohran Kwame Mamdani,339
28,040,Queens,Andrew M. Cuomo,590
28,040,Queens,Curtis A. Sliwa,49
28,040,Queens,Eric L. Adams,3
28,040,Queens,Irene Estrada,0
28,040,Queens,Jim Walden,1
28,040,Queens,Joseph Hernandez,1
28,040,Queens,Zohran Kwame Mamdani,299
28,041,Queens,Andrew M. Cuomo,161
28,041,Queens,Curtis A. Sliwa,30
28,041,Queens,Eric L. Adams,0
28,041,Queens,Irene Estrada,0
28,041,Queens,Jim Walden,1
28,041,Queens,Joseph Hernandez,0
28,041,Queens,Zohran Kwame Mamdani,121
28,042,Queens,Andrew M. Cuomo,119
28,042,Queens,Curtis A. Sliwa,4
28,042,Queens,Eric L. Adams,1
28,042,Queens,Irene Estrada,0
28,042,Queens,Jim Walden,1
28,042,Queens,Joseph Hernandez,0
28,042,Queens,Zohran Kwame Mamdani,29
28,043,Queens,Andrew M. Cuomo,631
28,043,Queens,Curtis A. Sliwa,54
28,043,Queens,Eric L. Adams,1
28,043,Queens,Irene Estrada,2
28,043,Queens,Jim Walden,1
28,043,Queens,Joseph Hernandez,0
28,043,Queens,Zohran Kwame Mamdani,222
28,044,Queens,Andrew M. Cuomo,522
28,044,Queens,Curtis A. Sliwa,47
28,044,Queens,Eric L. Adams,2
28,044,Queens,Irene Estrada,2
28,044,Queens,Jim Walden,0
28,044,Queens,Joseph Hernandez,0
28,044,Queens,Zohran Kwame Mamdani,162
28,045,Queens,Andrew M. Cuomo,301
28,045,Queens,Curtis A. Sliwa,67
28,045,Queens,Eric L. Adams,1
28,045,Queens,Irene Estrada,1
28,045,Queens,Jim Walden,1
28,045,Queens,Joseph Hernandez,0
28,045,Queens,Zohran Kwame Mamdani,320
28,046,Queens,Andrew M. Cuomo,303
28,046,Queens,Curtis A. Sliwa,37
28,046,Queens,Eric L. Adams,3
28,046,Queens,Irene Estrada,2
28,046,Queens,Jim Walden,1
28,046,Queens,Joseph Hernandez,0
28,046,Queens,Zohran Kwame Mamdani,266
28,047,Queens,Andrew M. Cuomo,312
28,047,Queens,Curtis A. Sliwa,44
28,047,Queens,Eric L. Adams,1
28,047,Queens,Irene Estrada,4
28,047,Queens,Jim Walden,1
28,047,Queens,Joseph Hernandez,1
28,047,Queens,Zohran Kwame Mamdani,216
28,048,Queens,Andrew M. Cuomo,314
28,048,Queens,Curtis A. Sliwa,28
28,048,Queens,Eric L. Adams,0
28,048,Queens,Irene Estrada,0
28,048,Queens,Jim Walden,1
28,048,Queens,Joseph Hernandez,0
28,048,Queens,Zohran Kwame Mamdani,206
28,049,Queens,Andrew M. Cuomo,269
28,049,Queens,Curtis A. Sliwa,32
28,049,Queens,Eric L. Adams,0
28,049,Queens,Irene Estrada,0
28,049,Queens,Jim Walden,0
28,049,Queens,Joseph Hernandez,1
28,049,Queens,Zohran Kwame Mamdani,177
28,050,Queens,Andrew M. Cuomo,390
28,050,Queens,Curtis A. Sliwa,46
28,050,Queens,Eric L. Adams,0
28,050,Queens,Irene Estrada,0
28,050,Queens,Jim Walden,2
28,050,Queens,Joseph Hernandez,1
28,050,Queens,Zohran Kwame Mamdani,349
28,051,Queens,Andrew M. Cuomo,349
28,051,Queens,Curtis A. Sliwa,41
28,051,Queens,Eric L. Adams,0
28,051,Queens,Irene Estrada,2
28,051,Queens,Jim Walden,0
28,051,Queens,Joseph Hernandez,0
28,051,Queens,Zohran Kwame Mamdani,382
28,052,Queens,Andrew M. Cuomo,359
28,052,Queens,Curtis A. Sliwa,48
28,052,Queens,Eric L. Adams,2
28,052,Queens,Irene Estrada,0
28,052,Queens,Jim Walden,2
28,052,Queens,Joseph Hernandez,1
28,052,Queens,Zohran Kwame Mamdani,214
28,053,Queens,Andrew M. Cuomo,456
28,053,Queens,Curtis A. Sliwa,66
28,053,Queens,Eric L. Adams,6
28,053,Queens,Irene Estrada,0
28,053,Queens,Jim Walden,2
28,053,Queens,Joseph Hernandez,0
28,053,Queens,Zohran Kwame Mamdani,445
28,054,Queens,Andrew M. Cuomo,505
28,054,Queens,Curtis A. Sliwa,64
28,054,Queens,Eric L. Adams,1
28,054,Queens,Irene Estrada,1
28,054,Queens,Jim Walden,1
28,054,Queens,Joseph Hernandez,0
28,054,Queens,Zohran Kwame Mamdani,301
28,055,Queens,Andrew M. Cuomo,471
28,055,Queens,Curtis A. Sliwa,66
28,055,Queens,Eric L. Adams,2
28,055,Queens,Irene Estrada,0
28,055,Queens,Jim Walden,1
28,055,Queens,Joseph Hernandez,1
28,055,Queens,Zohran Kwame Mamdani,303
28,056,Queens,Andrew M. Cuomo,282
28,056,Queens,Curtis A. Sliwa,51
28,056,Queens,Eric L. Adams,0
28,056,Queens,Irene Estrada,0
28,056,Queens,Jim Walden,0
28,056,Queens,Joseph Hernandez,1
28,056,Queens,Zohran Kwame Mamdani,261
28,057,Queens,Andrew M. Cuomo,311
28,057,Queens,Curtis A. Sliwa,65
28,057,Queens,Eric L. Adams,0
28,057,Queens,Irene Estrada,1
28,057,Queens,Jim Walden,1
28,057,Queens,Joseph Hernandez,0
28,057,Queens,Zohran Kwame Mamdani,271
28,058,Queens,Andrew M. Cuomo,435
28,058,Queens,Curtis A. Sliwa,84
28,058,Queens,Eric L. Adams,0
28,058,Queens,Irene Estrada,3
28,058,Queens,Jim Walden,0
28,058,Queens,Joseph Hernandez,1
28,058,Queens,Zohran Kwame Mamdani,298
28,059,Queens,Andrew M. Cuomo,335
28,059,Queens,Curtis A. Sliwa,62
28,059,Queens,Eric L. Adams,1
28,059,Queens,Irene Estrada,0
28,059,Queens,Jim Walden,0
28,059,Queens,Joseph Hernandez,1
28,059,Queens,Zohran Kwame Mamdani,179
28,060,Queens,Andrew M. Cuomo,427
28,060,Queens,Curtis A. Sliwa,48
28,060,Queens,Eric L. Adams,2
28,060,Queens,Irene Estrada,0
28,060,Queens,Jim Walden,0
28,060,Queens,Joseph Hernandez,1
28,060,Queens,Zohran Kwame Mamdani,195
28,061,Queens,Andrew M. Cuomo,351
28,061,Queens,Curtis A. Sliwa,185
28,061,Queens,Eric L. Adams,0
28,061,Queens,Irene Estrada,0
28,061,Queens,Jim Walden,1
28,061,Queens,Joseph Hernandez,0
28,061,Queens,Zohran Kwame Mamdani,108
28,062,Queens,Andrew M. Cuomo,506
28,062,Queens,Curtis A. Sliwa,66
28,062,Queens,Eric L. Adams,1
28,062,Queens,Irene Estrada,1
28,062,Queens,Jim Walden,4
28,062,Queens,Joseph Hernandez,0
28,062,Queens,Zohran Kwame Mamdani,326
28,064,Queens,Andrew M. Cuomo,80
28,064,Queens,Curtis A. Sliwa,7
28,064,Queens,Eric L. Adams,0
28,064,Queens,Irene Estrada,1
28,064,Queens,Jim Walden,1
28,064,Queens,Joseph Hernandez,1
28,064,Queens,Zohran Kwame Mamdani,26
28,065,Queens,Andrew M. Cuomo,144
28,065,Queens,Curtis A. Sliwa,61
28,065,Queens,Eric L. Adams,1
28,065,Queens,Irene Estrada,2
28,065,Queens,Jim Walden,0
28,065,Queens,Joseph Hernandez,0
28,065,Queens,Zohran Kwame Mamdani,111
28,066,Queens,Andrew M. Cuomo,286
28,066,Queens,Curtis A. Sliwa,127
28,066,Queens,Eric L. Adams,0
28,066,Queens,Irene Estrada,0
28,066,Queens,Jim Walden,2
28,066,Queens,Joseph Hernandez,0
28,066,Queens,Zohran Kwame Mamdani,133
28,067,Queens,Andrew M. Cuomo,69
28,067,Queens,Curtis A. Sliwa,23
28,067,Queens,Eric L. Adams,1
28,067,Queens,Irene Estrada,0
28,067,Queens,Jim Walden,0
28,067,Queens,Joseph Hernandez,0
28,067,Queens,Zohran Kwame Mamdani,36
28,068,Queens,Andrew M. Cuomo,81
28,068,Queens,Curtis A. Sliwa,45
28,068,Queens,Eric L. Adams,1
28,068,Queens,Irene Estrada,0
28,068,Queens,Jim Walden,0
28,068,Queens,Joseph Hernandez,0
28,068,Queens,Zohran Kwame Mamdani,46
28,069,Queens,Andrew M. Cuomo,104
28,069,Queens,Curtis A. Sliwa,13
28,069,Queens,Eric L. Adams,0
28,069,Queens,Irene Estrada,0
28,069,Queens,Jim Walden,0
28,069,Queens,Joseph Hernandez,0
28,069,Queens,Zohran Kwame Mamdani,72
28,071,Queens,Andrew M. Cuomo,61
28,071,Queens,Curtis A. Sliwa,3
28,071,Queens,Eric L. Adams,1
28,071,Queens,Irene Estrada,0
28,071,Queens,Jim Walden,0
28,071,Queens,Joseph Hernandez,0
28,071,Queens,Zohran Kwame Mamdani,45
28,072,Queens,Andrew M. Cuomo,257
28,072,Queens,Curtis A. Sliwa,47
28,072,Queens,Eric L. Adams,3
28,072,Queens,Irene Estrada,3
28,072,Queens,Jim Walden,1
28,072,Queens,Joseph Hernandez,0
28,072,Queens,Zohran Kwame Mamdani,250
28,073,Queens,Andrew M. Cuomo,0
28,073,Queens,Curtis A. Sliwa,0
28,073,Queens,Eric L. Adams,0
28,073,Queens,Irene Estrada,0
28,073,Queens,Jim Walden,0
28,073,Queens,Joseph Hernandez,0
28,073,Queens,Zohran Kwame Mamdani,0
28,075,Queens,Andrew M. Cuomo,0
28,075,Queens,Curtis A. Sliwa,0
28,075,Queens,Eric L. Adams,0
28,075,Queens,Irene Estrada,0
28,075,Queens,Jim Walden,0
28,075,Queens,Joseph Hernandez,0
28,075,Queens,Zohran Kwame Mamdani,0
29,001,Queens,Andrew M. Cuomo,247
29,001,Queens,Curtis A. Sliwa,14
29,001,Queens,Eric L. Adams,1
29,001,Queens,Irene Estrada,3
29,001,Queens,Jim Walden,1
29,001,Queens,Joseph Hernandez,1
29,001,Queens,Zohran Kwame Mamdani,362
29,002,Queens,Andrew M. Cuomo,204
29,002,Queens,Curtis A. Sliwa,10
29,002,Queens,Eric L. Adams,3
29,002,Queens,Irene Estrada,0
29,002,Queens,Jim Walden,0
29,002,Queens,Joseph Hernandez,0
29,002,Queens,Zohran Kwame Mamdani,334
29,003,Queens,Andrew M. Cuomo,210
29,003,Queens,Curtis A. Sliwa,12
29,003,Queens,Eric L. Adams,4
29,003,Queens,Irene Estrada,1
29,003,Queens,Jim Walden,0
29,003,Queens,Joseph Hernandez,0
29,003,Queens,Zohran Kwame Mamdani,268
29,004,Queens,Andrew M. Cuomo,216
29,004,Queens,Curtis A. Sliwa,17
29,004,Queens,Eric L. Adams,2
29,004,Queens,Irene Estrada,1
29,004,Queens,Jim Walden,1
29,004,Queens,Joseph Hernandez,1
29,004,Queens,Zohran Kwame Mamdani,298
29,005,Queens,Andrew M. Cuomo,198
29,005,Queens,Curtis A. Sliwa,29
29,005,Queens,Eric L. Adams,1
29,005,Queens,Irene Estrada,0
29,005,Queens,Jim Walden,0
29,005,Queens,Joseph Hernandez,0
29,005,Queens,Zohran Kwame Mamdani,333
29,006,Queens,Andrew M. Cuomo,193
29,006,Queens,Curtis A. Sliwa,29
29,006,Queens,Eric L. Adams,0
29,006,Queens,Irene Estrada,1
29,006,Queens,Jim Walden,0
29,006,Queens,Joseph Hernandez,0
29,006,Queens,Zohran Kwame Mamdani,300
29,007,Queens,Andrew M. Cuomo,154
29,007,Queens,Curtis A. Sliwa,20
29,007,Queens,Eric L. Adams,4
29,007,Queens,Irene Estrada,2
29,007,Queens,Jim Walden,0
29,007,Queens,Joseph Hernandez,1
29,007,Queens,Zohran Kwame Mamdani,219
29,008,Queens,Andrew M. Cuomo,151
29,008,Queens,Curtis A. Sliwa,15
29,008,Queens,Eric L. Adams,3
29,008,Queens,Irene Estrada,0
29,008,Queens,Jim Walden,0
29,008,Queens,Joseph Hernandez,0
29,008,Queens,Zohran Kwame Mamdani,226
29,009,Queens,Andrew M. Cuomo,137
29,009,Queens,Curtis A. Sliwa,4
29,009,Queens,Eric L. Adams,1
29,009,Queens,Irene Estrada,0
29,009,Queens,Jim Walden,0
29,009,Queens,Joseph Hernandez,0
29,009,Queens,Zohran Kwame Mamdani,210
29,010,Queens,Andrew M. Cuomo,281
29,010,Queens,Curtis A. Sliwa,18
29,010,Queens,Eric L. Adams,5
29,010,Queens,Irene Estrada,0
29,010,Queens,Jim Walden,1
29,010,Queens,Joseph Hernandez,0
29,010,Queens,Zohran Kwame Mamdani,434
29,011,Queens,Andrew M. Cuomo,290
29,011,Queens,Curtis A. Sliwa,16
29,011,Queens,Eric L. Adams,5
29,011,Queens,Irene Estrada,1
29,011,Queens,Jim Walden,0
29,011,Queens,Joseph Hernandez,0
29,011,Queens,Zohran Kwame Mamdani,350
29,012,Queens,Andrew M. Cuomo,258
29,012,Queens,Curtis A. Sliwa,9
29,012,Queens,Eric L. Adams,4
29,012,Queens,Irene Estrada,3
29,012,Queens,Jim Walden,0
29,012,Queens,Joseph Hernandez,1
29,012,Queens,Zohran Kwame Mamdani,336
29,013,Queens,Andrew M. Cuomo,285
29,013,Queens,Curtis A. Sliwa,11
29,013,Queens,Eric L. Adams,3
29,013,Queens,Irene Estrada,2
29,013,Queens,Jim Walden,0
29,013,Queens,Joseph Hernandez,0
29,013,Queens,Zohran Kwame Mamdani,338
29,014,Queens,Andrew M. Cuomo,215
29,014,Queens,Curtis A. Sliwa,17
29,014,Queens,Eric L. Adams,6
29,014,Queens,Irene Estrada,0
29,014,Queens,Jim Walden,1
29,014,Queens,Joseph Hernandez,1
29,014,Queens,Zohran Kwame Mamdani,332
29,015,Queens,Andrew M. Cuomo,29
29,015,Queens,Curtis A. Sliwa,1
29,015,Queens,Eric L. Adams,2
29,015,Queens,Irene Estrada,0
29,015,Queens,Jim Walden,0
29,015,Queens,Joseph Hernandez,0
29,015,Queens,Zohran Kwame Mamdani,37
29,016,Queens,Andrew M. Cuomo,47
29,016,Queens,Curtis A. Sliwa,4
29,016,Queens,Eric L. Adams,1
29,016,Queens,Irene Estrada,0
29,016,Queens,Jim Walden,0
29,016,Queens,Joseph Hernandez,0
29,016,Queens,Zohran Kwame Mamdani,68
29,017,Queens,Andrew M. Cuomo,169
29,017,Queens,Curtis A. Sliwa,12
29,017,Queens,Eric L. Adams,2
29,017,Queens,Irene Estrada,0
29,017,Queens,Jim Walden,0
29,017,Queens,Joseph Hernandez,0
29,017,Queens,Zohran Kwame Mamdani,164
29,018,Queens,Andrew M. Cuomo,251
29,018,Queens,Curtis A. Sliwa,10
29,018,Queens,Eric L. Adams,6
29,018,Queens,Irene Estrada,0
29,018,Queens,Jim Walden,0
29,018,Queens,Joseph Hernandez,0
29,018,Queens,Zohran Kwame Mamdani,326
29,019,Queens,Andrew M. Cuomo,220
29,019,Queens,Curtis A. Sliwa,16
29,019,Queens,Eric L. Adams,4
29,019,Queens,Irene Estrada,3
29,019,Queens,Jim Walden,2
29,019,Queens,Joseph Hernandez,0
29,019,Queens,Zohran Kwame Mamdani,390
29,020,Queens,Andrew M. Cuomo,188
29,020,Queens,Curtis A. Sliwa,7
29,020,Queens,Eric L. Adams,1
29,020,Queens,Irene Estrada,0
29,020,Queens,Jim Walden,1
29,020,Queens,Joseph Hernandez,0
29,020,Queens,Zohran Kwame Mamdani,222
29,021,Queens,Andrew M. Cuomo,232
29,021,Queens,Curtis A. Sliwa,15
29,021,Queens,Eric L. Adams,4
29,021,Queens,Irene Estrada,0
29,021,Queens,Jim Walden,1
29,021,Queens,Joseph Hernandez,0
29,021,Queens,Zohran Kwame Mamdani,340
29,022,Queens,Andrew M. Cuomo,189
29,022,Queens,Curtis A. Sliwa,17
29,022,Queens,Eric L. Adams,4
29,022,Queens,Irene Estrada,1
29,022,Queens,Jim Walden,2
29,022,Queens,Joseph Hernandez,2
29,022,Queens,Zohran Kwame Mamdani,313
29,023,Queens,Andrew M. Cuomo,264
29,023,Queens,Curtis A. Sliwa,16
29,023,Queens,Eric L. Adams,7
29,023,Queens,Irene Estrada,1
29,023,Queens,Jim Walden,0
29,023,Queens,Joseph Hernandez,0
29,023,Queens,Zohran Kwame Mamdani,380
29,024,Queens,Andrew M. Cuomo,24
29,024,Queens,Curtis A. Sliwa,2
29,024,Queens,Eric L. Adams,0
29,024,Queens,Irene Estrada,0
29,024,Queens,Jim Walden,0
29,024,Queens,Joseph Hernandez,2
29,024,Queens,Zohran Kwame Mamdani,33
29,025,Queens,Andrew M. Cuomo,213
29,025,Queens,Curtis A. Sliwa,13
29,025,Queens,Eric L. Adams,5
29,025,Queens,Irene Estrada,1
29,025,Queens,Jim Walden,1
29,025,Queens,Joseph Hernandez,0
29,025,Queens,Zohran Kwame Mamdani,261
29,026,Queens,Andrew M. Cuomo,51
29,026,Queens,Curtis A. Sliwa,3
29,026,Queens,Eric L. Adams,0
29,026,Queens,Irene Estrada,0
29,026,Queens,Jim Walden,0
29,026,Queens,Joseph Hernandez,0
29,026,Queens,Zohran Kwame Mamdani,68
29,027,Queens,Andrew M. Cuomo,214
29,027,Queens,Curtis A. Sliwa,12
29,027,Queens,Eric L. Adams,4
29,027,Queens,Irene Estrada,0
29,027,Queens,Jim Walden,1
29,027,Queens,Joseph Hernandez,0
29,027,Queens,Zohran Kwame Mamdani,337
29,028,Queens,Andrew M. Cuomo,250
29,028,Queens,Curtis A. Sliwa,6
29,028,Queens,Eric L. Adams,4
29,028,Queens,Irene Estrada,2
29,028,Queens,Jim Walden,0
29,028,Queens,Joseph Hernandez,0
29,028,Queens,Zohran Kwame Mamdani,312
29,029,Queens,Andrew M. Cuomo,156
29,029,Queens,Curtis A. Sliwa,12
29,029,Queens,Eric L. Adams,3
29,029,Queens,Irene Estrada,0
29,029,Queens,Jim Walden,0
29,029,Queens,Joseph Hernandez,1
29,029,Queens,Zohran Kwame Mamdani,214
29,030,Queens,Andrew M. Cuomo,169
29,030,Queens,Curtis A. Sliwa,15
29,030,Queens,Eric L. Adams,2
29,030,Queens,Irene Estrada,4
29,030,Queens,Jim Walden,0
29,030,Queens,Joseph Hernandez,0
29,030,Queens,Zohran Kwame Mamdani,186
29,031,Queens,Andrew M. Cuomo,144
29,031,Queens,Curtis A. Sliwa,10
29,031,Queens,Eric L. Adams,4
29,031,Queens,Irene Estrada,1
29,031,Queens,Jim Walden,0
29,031,Queens,Joseph Hernandez,0
29,031,Queens,Zohran Kwame Mamdani,205
29,032,Queens,Andrew M. Cuomo,122
29,032,Queens,Curtis A. Sliwa,8
29,032,Queens,Eric L. Adams,4
29,032,Queens,Irene Estrada,0
29,032,Queens,Jim Walden,0
29,032,Queens,Joseph Hernandez,0
29,032,Queens,Zohran Kwame Mamdani,154
29,033,Queens,Andrew M. Cuomo,124
29,033,Queens,Curtis A. Sliwa,9
29,033,Queens,Eric L. Adams,1
29,033,Queens,Irene Estrada,1
29,033,Queens,Jim Walden,0
29,033,Queens,Joseph Hernandez,1
29,033,Queens,Zohran Kwame Mamdani,162
29,034,Queens,Andrew M. Cuomo,217
29,034,Queens,Curtis A. Sliwa,16
29,034,Queens,Eric L. Adams,1
29,034,Queens,Irene Estrada,0
29,034,Queens,Jim Walden,0
29,034,Queens,Joseph Hernandez,1
29,034,Queens,Zohran Kwame Mamdani,345
29,035,Queens,Andrew M. Cuomo,176
29,035,Queens,Curtis A. Sliwa,8
29,035,Queens,Eric L. Adams,5
29,035,Queens,Irene Estrada,1
29,035,Queens,Jim Walden,0
29,035,Queens,Joseph Hernandez,0
29,035,Queens,Zohran Kwame Mamdani,249
29,036,Queens,Andrew M. Cuomo,198
29,036,Queens,Curtis A. Sliwa,15
29,036,Queens,Eric L. Adams,6
29,036,Queens,Irene Estrada,1
29,036,Queens,Jim Walden,0
29,036,Queens,Joseph Hernandez,1
29,036,Queens,Zohran Kwame Mamdani,303
29,037,Queens,Andrew M. Cuomo,188
29,037,Queens,Curtis A. Sliwa,7
29,037,Queens,Eric L. Adams,0
29,037,Queens,Irene Estrada,0
29,037,Queens,Jim Walden,0
29,037,Queens,Joseph Hernandez,1
29,037,Queens,Zohran Kwame Mamdani,264
29,038,Queens,Andrew M. Cuomo,196
29,038,Queens,Curtis A. Sliwa,7
29,038,Queens,Eric L. Adams,1
29,038,Queens,Irene Estrada,3
29,038,Queens,Jim Walden,0
29,038,Queens,Joseph Hernandez,0
29,038,Queens,Zohran Kwame Mamdani,245
29,039,Queens,Andrew M. Cuomo,154
29,039,Queens,Curtis A. Sliwa,13
29,039,Queens,Eric L. Adams,9
29,039,Queens,Irene Estrada,0
29,039,Queens,Jim Walden,1
29,039,Queens,Joseph Hernandez,0
29,039,Queens,Zohran Kwame Mamdani,373
29,040,Queens,Andrew M. Cuomo,188
29,040,Queens,Curtis A. Sliwa,8
29,040,Queens,Eric L. Adams,6
29,040,Queens,Irene Estrada,2
29,040,Queens,Jim Walden,0
29,040,Queens,Joseph Hernandez,1
29,040,Queens,Zohran Kwame Mamdani,283
29,041,Queens,Andrew M. Cuomo,138
29,041,Queens,Curtis A. Sliwa,17
29,041,Queens,Eric L. Adams,0
29,041,Queens,Irene Estrada,1
29,041,Queens,Jim Walden,1
29,041,Queens,Joseph Hernandez,1
29,041,Queens,Zohran Kwame Mamdani,349
29,042,Queens,Andrew M. Cuomo,24
29,042,Queens,Curtis A. Sliwa,2
29,042,Queens,Eric L. Adams,0
29,042,Queens,Irene Estrada,0
29,042,Queens,Jim Walden,0
29,042,Queens,Joseph Hernandez,0
29,042,Queens,Zohran Kwame Mamdani,58
29,043,Queens,Andrew M. Cuomo,128
29,043,Queens,Curtis A. Sliwa,30
29,043,Queens,Eric L. Adams,1
29,043,Queens,Irene Estrada,2
29,043,Queens,Jim Walden,2
29,043,Queens,Joseph Hernandez,0
29,043,Queens,Zohran Kwame Mamdani,433
29,044,Queens,Andrew M. Cuomo,108
29,044,Queens,Curtis A. Sliwa,17
29,044,Queens,Eric L. Adams,1
29,044,Queens,Irene Estrada,0
29,044,Queens,Jim Walden,1
29,044,Queens,Joseph Hernandez,0
29,044,Queens,Zohran Kwame Mamdani,440
29,045,Queens,Andrew M. Cuomo,162
29,045,Queens,Curtis A. Sliwa,25
29,045,Queens,Eric L. Adams,1
29,045,Queens,Irene Estrada,1
29,045,Queens,Jim Walden,1
29,045,Queens,Joseph Hernandez,1
29,045,Queens,Zohran Kwame Mamdani,472
29,046,Queens,Andrew M. Cuomo,64
29,046,Queens,Curtis A. Sliwa,13
29,046,Queens,Eric L. Adams,1
29,046,Queens,Irene Estrada,1
29,046,Queens,Jim Walden,0
29,046,Queens,Joseph Hernandez,0
29,046,Queens,Zohran Kwame Mamdani,213
29,047,Queens,Andrew M. Cuomo,68
29,047,Queens,Curtis A. Sliwa,14
29,047,Queens,Eric L. Adams,1
29,047,Queens,Irene Estrada,0
29,047,Queens,Jim Walden,0
29,047,Queens,Joseph Hernandez,0
29,047,Queens,Zohran Kwame Mamdani,180
29,048,Queens,Andrew M. Cuomo,154
29,048,Queens,Curtis A. Sliwa,22
29,048,Queens,Eric L. Adams,0
29,048,Queens,Irene Estrada,0
29,048,Queens,Jim Walden,0
29,048,Queens,Joseph Hernandez,0
29,048,Queens,Zohran Kwame Mamdani,423
29,049,Queens,Andrew M. Cuomo,37
29,049,Queens,Curtis A. Sliwa,7
29,049,Queens,Eric L. Adams,0
29,049,Queens,Irene Estrada,0
29,049,Queens,Jim Walden,0
29,049,Queens,Joseph Hernandez,0
29,049,Queens,Zohran Kwame Mamdani,145
29,050,Queens,Andrew M. Cuomo,275
29,050,Queens,Curtis A. Sliwa,40
29,050,Queens,Eric L. Adams,4
29,050,Queens,Irene Estrada,1
29,050,Queens,Jim Walden,0
29,050,Queens,Joseph Hernandez,2
29,050,Queens,Zohran Kwame Mamdani,487
29,051,Queens,Andrew M. Cuomo,177
29,051,Queens,Curtis A. Sliwa,36
29,051,Queens,Eric L. Adams,4
29,051,Queens,Irene Estrada,2
29,051,Queens,Jim Walden,3
29,051,Queens,Joseph Hernandez,0
29,051,Queens,Zohran Kwame Mamdani,645
29,052,Queens,Andrew M. Cuomo,63
29,052,Queens,Curtis A. Sliwa,5
29,052,Queens,Eric L. Adams,0
29,052,Queens,Irene Estrada,0
29,052,Queens,Jim Walden,0
29,052,Queens,Joseph Hernandez,0
29,052,Queens,Zohran Kwame Mamdani,254
29,053,Queens,Andrew M. Cuomo,76
29,053,Queens,Curtis A. Sliwa,8
29,053,Queens,Eric L. Adams,0
29,053,Queens,Irene Estrada,1
29,053,Queens,Jim Walden,0
29,053,Queens,Joseph Hernandez,1
29,053,Queens,Zohran Kwame Mamdani,400
29,054,Queens,Andrew M. Cuomo,158
29,054,Queens,Curtis A. Sliwa,14
29,054,Queens,Eric L. Adams,2
29,054,Queens,Irene Estrada,1
29,054,Queens,Jim Walden,1
29,054,Queens,Joseph Hernandez,1
29,054,Queens,Zohran Kwame Mamdani,281
29,055,Queens,Andrew M. Cuomo,116
29,055,Queens,Curtis A. Sliwa,13
29,055,Queens,Eric L. Adams,0
29,055,Queens,Irene Estrada,0
29,055,Queens,Jim Walden,0
29,055,Queens,Joseph Hernandez,0
29,055,Queens,Zohran Kwame Mamdani,291
29,056,Queens,Andrew M. Cuomo,181
29,056,Queens,Curtis A. Sliwa,16
29,056,Queens,Eric L. Adams,5
29,056,Queens,Irene Estrada,1
29,056,Queens,Jim Walden,0
29,056,Queens,Joseph Hernandez,0
29,056,Queens,Zohran Kwame Mamdani,233
29,057,Queens,Andrew M. Cuomo,81
29,057,Queens,Curtis A. Sliwa,7
29,057,Queens,Eric L. Adams,1
29,057,Queens,Irene Estrada,0
29,057,Queens,Jim Walden,0
29,057,Queens,Joseph Hernandez,0
29,057,Queens,Zohran Kwame Mamdani,175
29,058,Queens,Andrew M. Cuomo,190
29,058,Queens,Curtis A. Sliwa,23
29,058,Queens,Eric L. Adams,1
29,058,Queens,Irene Estrada,0
29,058,Queens,Jim Walden,1
29,058,Queens,Joseph Hernandez,0
29,058,Queens,Zohran Kwame Mamdani,451
29,059,Queens,Andrew M. Cuomo,78
29,059,Queens,Curtis A. Sliwa,15
29,059,Queens,Eric L. Adams,1
29,059,Queens,Irene Estrada,0
29,059,Queens,Jim Walden,0
29,059,Queens,Joseph Hernandez,0
29,059,Queens,Zohran Kwame Mamdani,201
29,060,Queens,Andrew M. Cuomo,200
29,060,Queens,Curtis A. Sliwa,31
29,060,Queens,Eric L. Adams,3
29,060,Queens,Irene Estrada,1
29,060,Queens,Jim Walden,0
29,060,Queens,Joseph Hernandez,0
29,060,Queens,Zohran Kwame Mamdani,353
29,061,Queens,Andrew M. Cuomo,10
29,061,Queens,Curtis A. Sliwa,3
29,061,Queens,Eric L. Adams,0
29,061,Queens,Irene Estrada,0
29,061,Queens,Jim Walden,0
29,061,Queens,Joseph Hernandez,0
29,061,Queens,Zohran Kwame Mamdani,17
29,063,Queens,Andrew M. Cuomo,69
29,063,Queens,Curtis A. Sliwa,22
29,063,Queens,Eric L. Adams,0
29,063,Queens,Irene Estrada,0
29,063,Queens,Jim Walden,0
29,063,Queens,Joseph Hernandez,0
29,063,Queens,Zohran Kwame Mamdani,312
29,064,Queens,Andrew M. Cuomo,22
29,064,Queens,Curtis A. Sliwa,0
29,064,Queens,Eric L. Adams,0
29,064,Queens,Irene Estrada,0
29,064,Queens,Jim Walden,0
29,064,Queens,Joseph Hernandez,0
29,064,Queens,Zohran Kwame Mamdani,29
29,065,Queens,Andrew M. Cuomo,98
29,065,Queens,Curtis A. Sliwa,19
29,065,Queens,Eric L. Adams,1
29,065,Queens,Irene Estrada,2
29,065,Queens,Jim Walden,1
29,065,Queens,Joseph Hernandez,0
29,065,Queens,Zohran Kwame Mamdani,267
29,066,Queens,Andrew M. Cuomo,177
29,066,Queens,Curtis A. Sliwa,13
29,066,Queens,Eric L. Adams,6
29,066,Queens,Irene Estrada,1
29,066,Queens,Jim Walden,0
29,066,Queens,Joseph Hernandez,1
29,066,Queens,Zohran Kwame Mamdani,213
30,001,Queens,Andrew M. Cuomo,296
30,001,Queens,Curtis A. Sliwa,126
30,001,Queens,Eric L. Adams,0
30,001,Queens,Irene Estrada,0
30,001,Queens,Jim Walden,0
30,001,Queens,Joseph Hernandez,1
30,001,Queens,Zohran Kwame Mamdani,164
30,002,Queens,Andrew M. Cuomo,45
30,002,Queens,Curtis A. Sliwa,13
30,002,Queens,Eric L. Adams,0
30,002,Queens,Irene Estrada,0
30,002,Queens,Jim Walden,0
30,002,Queens,Joseph Hernandez,1
30,002,Queens,Zohran Kwame Mamdani,49
30,003,Queens,Andrew M. Cuomo,42
30,003,Queens,Curtis A. Sliwa,7
30,003,Queens,Eric L. Adams,0
30,003,Queens,Irene Estrada,0
30,003,Queens,Jim Walden,1
30,003,Queens,Joseph Hernandez,0
30,003,Queens,Zohran Kwame Mamdani,112
30,004,Queens,Andrew M. Cuomo,143
30,004,Queens,Curtis A. Sliwa,43
30,004,Queens,Eric L. Adams,2
30,004,Queens,Irene Estrada,0
30,004,Queens,Jim Walden,0
30,004,Queens,Joseph Hernandez,0
30,004,Queens,Zohran Kwame Mamdani,323
30,005,Queens,Andrew M. Cuomo,277
30,005,Queens,Curtis A. Sliwa,149
30,005,Queens,Eric L. Adams,0
30,005,Queens,Irene Estrada,1
30,005,Queens,Jim Walden,2
30,005,Queens,Joseph Hernandez,0
30,005,Queens,Zohran Kwame Mamdani,176
30,006,Queens,Andrew M. Cuomo,215
30,006,Queens,Curtis A. Sliwa,93
30,006,Queens,Eric L. Adams,0
30,006,Queens,Irene Estrada,1
30,006,Queens,Jim Walden,0
30,006,Queens,Joseph Hernandez,2
30,006,Queens,Zohran Kwame Mamdani,192
30,007,Queens,Andrew M. Cuomo,140
30,007,Queens,Curtis A. Sliwa,74
30,007,Queens,Eric L. Adams,1
30,007,Queens,Irene Estrada,1
30,007,Queens,Jim Walden,0
30,007,Queens,Joseph Hernandez,0
30,007,Queens,Zohran Kwame Mamdani,120
30,008,Queens,Andrew M. Cuomo,343
30,008,Queens,Curtis A. Sliwa,114
30,008,Queens,Eric L. Adams,0
30,008,Queens,Irene Estrada,1
30,008,Queens,Jim Walden,1
30,008,Queens,Joseph Hernandez,0
30,008,Queens,Zohran Kwame Mamdani,239
30,009,Queens,Andrew M. Cuomo,194
30,009,Queens,Curtis A. Sliwa,69
30,009,Queens,Eric L. Adams,2
30,009,Queens,Irene Estrada,2
30,009,Queens,Jim Walden,0
30,009,Queens,Joseph Hernandez,0
30,009,Queens,Zohran Kwame Mamdani,155
30,010,Queens,Andrew M. Cuomo,380
30,010,Queens,Curtis A. Sliwa,143
30,010,Queens,Eric L. Adams,1
30,010,Queens,Irene Estrada,0
30,010,Queens,Jim Walden,0
30,010,Queens,Joseph Hernandez,0
30,010,Queens,Zohran Kwame Mamdani,203
30,011,Queens,Andrew M. Cuomo,202
30,011,Queens,Curtis A. Sliwa,58
30,011,Queens,Eric L. Adams,0
30,011,Queens,Irene Estrada,1
30,011,Queens,Jim Walden,1
30,011,Queens,Joseph Hernandez,0
30,011,Queens,Zohran Kwame Mamdani,233
30,012,Queens,Andrew M. Cuomo,106
30,012,Queens,Curtis A. Sliwa,23
30,012,Queens,Eric L. Adams,0
30,012,Queens,Irene Estrada,1
30,012,Queens,Jim Walden,0
30,012,Queens,Joseph Hernandez,0
30,012,Queens,Zohran Kwame Mamdani,129
30,013,Queens,Andrew M. Cuomo,383
30,013,Queens,Curtis A. Sliwa,93
30,013,Queens,Eric L. Adams,2
30,013,Queens,Irene Estrada,0
30,013,Queens,Jim Walden,4
30,013,Queens,Joseph Hernandez,1
30,013,Queens,Zohran Kwame Mamdani,445
30,014,Queens,Andrew M. Cuomo,30
30,014,Queens,Curtis A. Sliwa,4
30,014,Queens,Eric L. Adams,0
30,014,Queens,Irene Estrada,0
30,014,Queens,Jim Walden,1
30,014,Queens,Joseph Hernandez,0
30,014,Queens,Zohran Kwame Mamdani,48
30,015,Queens,Andrew M. Cuomo,91
30,015,Queens,Curtis A. Sliwa,42
30,015,Queens,Eric L. Adams,3
30,015,Queens,Irene Estrada,1
30,015,Queens,Jim Walden,1
30,015,Queens,Joseph Hernandez,0
30,015,Queens,Zohran Kwame Mamdani,273
30,016,Queens,Andrew M. Cuomo,247
30,016,Queens,Curtis A. Sliwa,79
30,016,Queens,Eric L. Adams,0
30,016,Queens,Irene Estrada,1
30,016,Queens,Jim Walden,0
30,016,Queens,Joseph Hernandez,0
30,016,Queens,Zohran Kwame Mamdani,327
30,017,Queens,Andrew M. Cuomo,106
30,017,Queens,Curtis A. Sliwa,27
30,017,Queens,Eric L. Adams,0
30,017,Queens,Irene Estrada,0
30,017,Queens,Jim Walden,0
30,017,Queens,Joseph Hernandez,0
30,017,Queens,Zohran Kwame Mamdani,69
30,018,Queens,Andrew M. Cuomo,25
30,018,Queens,Curtis A. Sliwa,8
30,018,Queens,Eric L. Adams,0
30,018,Queens,Irene Estrada,0
30,018,Queens,Jim Walden,0
30,018,Queens,Joseph Hernandez,0
30,018,Queens,Zohran Kwame Mamdani,135
30,019,Queens,Andrew M. Cuomo,107
30,019,Queens,Curtis A. Sliwa,24
30,019,Queens,Eric L. Adams,0
30,019,Queens,Irene Estrada,1
30,019,Queens,Jim Walden,1
30,019,Queens,Joseph Hernandez,0
30,019,Queens,Zohran Kwame Mamdani,322
30,020,Queens,Andrew M. Cuomo,135
30,020,Queens,Curtis A. Sliwa,28
30,020,Queens,Eric L. Adams,0
30,020,Queens,Irene Estrada,2
30,020,Queens,Jim Walden,0
30,020,Queens,Joseph Hernandez,0
30,020,Queens,Zohran Kwame Mamdani,231
30,021,Queens,Andrew M. Cuomo,259
30,021,Queens,Curtis A. Sliwa,68
30,021,Queens,Eric L. Adams,1
30,021,Queens,Irene Estrada,1
30,021,Queens,Jim Walden,2
30,021,Queens,Joseph Hernandez,2
30,021,Queens,Zohran Kwame Mamdani,443
30,022,Queens,Andrew M. Cuomo,219
30,022,Queens,Curtis A. Sliwa,66
30,022,Queens,Eric L. Adams,0
30,022,Queens,Irene Estrada,1
30,022,Queens,Jim Walden,1
30,022,Queens,Joseph Hernandez,1
30,022,Queens,Zohran Kwame Mamdani,512
30,023,Queens,Andrew M. Cuomo,164
30,023,Queens,Curtis A. Sliwa,48
30,023,Queens,Eric L. Adams,1
30,023,Queens,Irene Estrada,1
30,023,Queens,Jim Walden,1
30,023,Queens,Joseph Hernandez,1
30,023,Queens,Zohran Kwame Mamdani,329
30,024,Queens,Andrew M. Cuomo,177
30,024,Queens,Curtis A. Sliwa,56
30,024,Queens,Eric L. Adams,2
30,024,Queens,Irene Estrada,0
30,024,Queens,Jim Walden,0
30,024,Queens,Joseph Hernandez,0
30,024,Queens,Zohran Kwame Mamdani,331
30,025,Queens,Andrew M. Cuomo,192
30,025,Queens,Curtis A. Sliwa,33
30,025,Queens,Eric L. Adams,0
30,025,Queens,Irene Estrada,0
30,025,Queens,Jim Walden,0
30,025,Queens,Joseph Hernandez,0
30,025,Queens,Zohran Kwame Mamdani,464
30,026,Queens,Andrew M. Cuomo,8
30,026,Queens,Curtis A. Sliwa,1
30,026,Queens,Eric L. Adams,0
30,026,Queens,Irene Estrada,0
30,026,Queens,Jim Walden,0
30,026,Queens,Joseph Hernandez,0
30,026,Queens,Zohran Kwame Mamdani,6
30,027,Queens,Andrew M. Cuomo,273
30,027,Queens,Curtis A. Sliwa,71
30,027,Queens,Eric L. Adams,0
30,027,Queens,Irene Estrada,2
30,027,Queens,Jim Walden,0
30,027,Queens,Joseph Hernandez,1
30,027,Queens,Zohran Kwame Mamdani,216
30,028,Queens,Andrew M. Cuomo,81
30,028,Queens,Curtis A. Sliwa,33
30,028,Queens,Eric L. Adams,0
30,028,Queens,Irene Estrada,0
30,028,Queens,Jim Walden,0
30,028,Queens,Joseph Hernandez,0
30,028,Queens,Zohran Kwame Mamdani,96
30,029,Queens,Andrew M. Cuomo,6
30,029,Queens,Curtis A. Sliwa,0
30,029,Queens,Eric L. Adams,0
30,029,Queens,Irene Estrada,0
30,029,Queens,Jim Walden,0
30,029,Queens,Joseph Hernandez,0
30,029,Queens,Zohran Kwame Mamdani,11
30,030,Queens,Andrew M. Cuomo,336
30,030,Queens,Curtis A. Sliwa,77
30,030,Queens,Eric L. Adams,1
30,030,Queens,Irene Estrada,0
30,030,Queens,Jim Walden,1
30,030,Queens,Joseph Hernandez,1
30,030,Queens,Zohran Kwame Mamdani,312
30,031,Queens,Andrew M. Cuomo,255
30,031,Queens,Curtis A. Sliwa,87
30,031,Queens,Eric L. Adams,1
30,031,Queens,Irene Estrada,0
30,031,Queens,Jim Walden,0
30,031,Queens,Joseph Hernandez,0
30,031,Queens,Zohran Kwame Mamdani,276
30,032,Queens,Andrew M. Cuomo,39
30,032,Queens,Curtis A. Sliwa,9
30,032,Queens,Eric L. Adams,0
30,032,Queens,Irene Estrada,1
30,032,Queens,Jim Walden,0
30,032,Queens,Joseph Hernandez,0
30,032,Queens,Zohran Kwame Mamdani,22
30,033,Queens,Andrew M. Cuomo,159
30,033,Queens,Curtis A. Sliwa,56
30,033,Queens,Eric L. Adams,0
30,033,Queens,Irene Estrada,2
30,033,Queens,Jim Walden,1
30,033,Queens,Joseph Hernandez,0
30,033,Queens,Zohran Kwame Mamdani,243
30,034,Queens,Andrew M. Cuomo,138
30,034,Queens,Curtis A. Sliwa,42
30,034,Queens,Eric L. Adams,1
30,034,Queens,Irene Estrada,1
30,034,Queens,Jim Walden,0
30,034,Queens,Joseph Hernandez,0
30,034,Queens,Zohran Kwame Mamdani,103
30,035,Queens,Andrew M. Cuomo,283
30,035,Queens,Curtis A. Sliwa,48
30,035,Queens,Eric L. Adams,0
30,035,Queens,Irene Estrada,0
30,035,Queens,Jim Walden,0
30,035,Queens,Joseph Hernandez,0
30,035,Queens,Zohran Kwame Mamdani,325
30,036,Queens,Andrew M. Cuomo,312
30,036,Queens,Curtis A. Sliwa,73
30,036,Queens,Eric L. Adams,1
30,036,Queens,Irene Estrada,2
30,036,Queens,Jim Walden,1
30,036,Queens,Joseph Hernandez,1
30,036,Queens,Zohran Kwame Mamdani,318
30,037,Queens,Andrew M. Cuomo,149
30,037,Queens,Curtis A. Sliwa,39
30,037,Queens,Eric L. Adams,0
30,037,Queens,Irene Estrada,1
30,037,Queens,Jim Walden,0
30,037,Queens,Joseph Hernandez,0
30,037,Queens,Zohran Kwame Mamdani,266
30,038,Queens,Andrew M. Cuomo,173
30,038,Queens,Curtis A. Sliwa,43
30,038,Queens,Eric L. Adams,1
30,038,Queens,Irene Estrada,1
30,038,Queens,Jim Walden,1
30,038,Queens,Joseph Hernandez,0
30,038,Queens,Zohran Kwame Mamdani,296
30,039,Queens,Andrew M. Cuomo,181
30,039,Queens,Curtis A. Sliwa,54
30,039,Queens,Eric L. Adams,0
30,039,Queens,Irene Estrada,2
30,039,Queens,Jim Walden,0
30,039,Queens,Joseph Hernandez,0
30,039,Queens,Zohran Kwame Mamdani,269
30,040,Queens,Andrew M. Cuomo,121
30,040,Queens,Curtis A. Sliwa,26
30,040,Queens,Eric L. Adams,3
30,040,Queens,Irene Estrada,1
30,040,Queens,Jim Walden,0
30,040,Queens,Joseph Hernandez,0
30,040,Queens,Zohran Kwame Mamdani,267
30,041,Queens,Andrew M. Cuomo,193
30,041,Queens,Curtis A. Sliwa,51
30,041,Queens,Eric L. Adams,2
30,041,Queens,Irene Estrada,0
30,041,Queens,Jim Walden,0
30,041,Queens,Joseph Hernandez,0
30,041,Queens,Zohran Kwame Mamdani,368
30,042,Queens,Andrew M. Cuomo,81
30,042,Queens,Curtis A. Sliwa,11
30,042,Queens,Eric L. Adams,0
30,042,Queens,Irene Estrada,1
30,042,Queens,Jim Walden,0
30,042,Queens,Joseph Hernandez,0
30,042,Queens,Zohran Kwame Mamdani,414
30,043,Queens,Andrew M. Cuomo,91
30,043,Queens,Curtis A. Sliwa,24
30,043,Queens,Eric L. Adams,2
30,043,Queens,Irene Estrada,0
30,043,Queens,Jim Walden,0
30,043,Queens,Joseph Hernandez,1
30,043,Queens,Zohran Kwame Mamdani,218
30,044,Queens,Andrew M. Cuomo,32
30,044,Queens,Curtis A. Sliwa,11
30,044,Queens,Eric L. Adams,0
30,044,Queens,Irene Estrada,0
30,044,Queens,Jim Walden,0
30,044,Queens,Joseph Hernandez,0
30,044,Queens,Zohran Kwame Mamdani,74
30,045,Queens,Andrew M. Cuomo,165
30,045,Queens,Curtis A. Sliwa,34
30,045,Queens,Eric L. Adams,2
30,045,Queens,Irene Estrada,2
30,045,Queens,Jim Walden,0
30,045,Queens,Joseph Hernandez,0
30,045,Queens,Zohran Kwame Mamdani,485
30,046,Queens,Andrew M. Cuomo,176
30,046,Queens,Curtis A. Sliwa,37
30,046,Queens,Eric L. Adams,1
30,046,Queens,Irene Estrada,0
30,046,Queens,Jim Walden,1
30,046,Queens,Joseph Hernandez,0
30,046,Queens,Zohran Kwame Mamdani,518
30,047,Queens,Andrew M. Cuomo,148
30,047,Queens,Curtis A. Sliwa,22
30,047,Queens,Eric L. Adams,0
30,047,Queens,Irene Estrada,1
30,047,Queens,Jim Walden,2
30,047,Queens,Joseph Hernandez,0
30,047,Queens,Zohran Kwame Mamdani,312
30,048,Queens,Andrew M. Cuomo,109
30,048,Queens,Curtis A. Sliwa,27
30,048,Queens,Eric L. Adams,2
30,048,Queens,Irene Estrada,1
30,048,Queens,Jim Walden,0
30,048,Queens,Joseph Hernandez,2
30,048,Queens,Zohran Kwame Mamdani,203
30,049,Queens,Andrew M. Cuomo,177
30,049,Queens,Curtis A. Sliwa,55
30,049,Queens,Eric L. Adams,2
30,049,Queens,Irene Estrada,1
30,049,Queens,Jim Walden,2
30,049,Queens,Joseph Hernandez,1
30,049,Queens,Zohran Kwame Mamdani,447
30,050,Queens,Andrew M. Cuomo,174
30,050,Queens,Curtis A. Sliwa,34
30,050,Queens,Eric L. Adams,3
30,050,Queens,Irene Estrada,2
30,050,Queens,Jim Walden,0
30,050,Queens,Joseph Hernandez,0
30,050,Queens,Zohran Kwame Mamdani,326
30,051,Queens,Andrew M. Cuomo,163
30,051,Queens,Curtis A. Sliwa,38
30,051,Queens,Eric L. Adams,1
30,051,Queens,Irene Estrada,0
30,051,Queens,Jim Walden,0
30,051,Queens,Joseph Hernandez,1
30,051,Queens,Zohran Kwame Mamdani,369
30,052,Queens,Andrew M. Cuomo,100
30,052,Queens,Curtis A. Sliwa,32
30,052,Queens,Eric L. Adams,0
30,052,Queens,Irene Estrada,0
30,052,Queens,Jim Walden,2
30,052,Queens,Joseph Hernandez,1
30,052,Queens,Zohran Kwame Mamdani,227
30,053,Queens,Andrew M. Cuomo,137
30,053,Queens,Curtis A. Sliwa,39
30,053,Queens,Eric L. Adams,0
30,053,Queens,Irene Estrada,0
30,053,Queens,Jim Walden,2
30,053,Queens,Joseph Hernandez,0
30,053,Queens,Zohran Kwame Mamdani,243
30,054,Queens,Andrew M. Cuomo,98
30,054,Queens,Curtis A. Sliwa,24
30,054,Queens,Eric L. Adams,2
30,054,Queens,Irene Estrada,0
30,054,Queens,Jim Walden,0
30,054,Queens,Joseph Hernandez,0
30,054,Queens,Zohran Kwame Mamdani,186
30,055,Queens,Andrew M. Cuomo,147
30,055,Queens,Curtis A. Sliwa,40
30,055,Queens,Eric L. Adams,0
30,055,Queens,Irene Estrada,0
30,055,Queens,Jim Walden,0
30,055,Queens,Joseph Hernandez,1
30,055,Queens,Zohran Kwame Mamdani,294
30,056,Queens,Andrew M. Cuomo,178
30,056,Queens,Curtis A. Sliwa,60
30,056,Queens,Eric L. Adams,2
30,056,Queens,Irene Estrada,0
30,056,Queens,Jim Walden,1
30,056,Queens,Joseph Hernandez,0
30,056,Queens,Zohran Kwame Mamdani,300
30,057,Queens,Andrew M. Cuomo,0
30,057,Queens,Curtis A. Sliwa,0
30,057,Queens,Eric L. Adams,0
30,057,Queens,Irene Estrada,0
30,057,Queens,Jim Walden,0
30,057,Queens,Joseph Hernandez,0
30,057,Queens,Zohran Kwame Mamdani,0
30,059,Queens,Andrew M. Cuomo,0
30,059,Queens,Curtis A. Sliwa,0
30,059,Queens,Eric L. Adams,0
30,059,Queens,Irene Estrada,0
30,059,Queens,Jim Walden,0
30,059,Queens,Joseph Hernandez,0
30,059,Queens,Zohran Kwame Mamdani,0
31,001,Queens,Andrew M. Cuomo,161
31,001,Queens,Curtis A. Sliwa,23
31,001,Queens,Eric L. Adams,4
31,001,Queens,Irene Estrada,0
31,001,Queens,Jim Walden,3
31,001,Queens,Joseph Hernandez,0
31,001,Queens,Zohran Kwame Mamdani,297
31,002,Queens,Andrew M. Cuomo,135
31,002,Queens,Curtis A. Sliwa,21
31,002,Queens,Eric L. Adams,5
31,002,Queens,Irene Estrada,0
31,002,Queens,Jim Walden,0
31,002,Queens,Joseph Hernandez,0
31,002,Queens,Zohran Kwame Mamdani,202
31,003,Queens,Andrew M. Cuomo,112
31,003,Queens,Curtis A. Sliwa,14
31,003,Queens,Eric L. Adams,2
31,003,Queens,Irene Estrada,3
31,003,Queens,Jim Walden,0
31,003,Queens,Joseph Hernandez,0
31,003,Queens,Zohran Kwame Mamdani,189
31,004,Queens,Andrew M. Cuomo,168
31,004,Queens,Curtis A. Sliwa,17
31,004,Queens,Eric L. Adams,3
31,004,Queens,Irene Estrada,0
31,004,Queens,Jim Walden,0
31,004,Queens,Joseph Hernandez,0
31,004,Queens,Zohran Kwame Mamdani,188
31,005,Queens,Andrew M. Cuomo,119
31,005,Queens,Curtis A. Sliwa,14
31,005,Queens,Eric L. Adams,0
31,005,Queens,Irene Estrada,0
31,005,Queens,Jim Walden,0
31,005,Queens,Joseph Hernandez,0
31,005,Queens,Zohran Kwame Mamdani,212
31,006,Queens,Andrew M. Cuomo,120
31,006,Queens,Curtis A. Sliwa,14
31,006,Queens,Eric L. Adams,2
31,006,Queens,Irene Estrada,0
31,006,Queens,Jim Walden,0
31,006,Queens,Joseph Hernandez,0
31,006,Queens,Zohran Kwame Mamdani,140
31,007,Queens,Andrew M. Cuomo,76
31,007,Queens,Curtis A. Sliwa,16
31,007,Queens,Eric L. Adams,2
31,007,Queens,Irene Estrada,1
31,007,Queens,Jim Walden,0
31,007,Queens,Joseph Hernandez,0
31,007,Queens,Zohran Kwame Mamdani,154
31,008,Queens,Andrew M. Cuomo,173
31,008,Queens,Curtis A. Sliwa,22
31,008,Queens,Eric L. Adams,2
31,008,Queens,Irene Estrada,0
31,008,Queens,Jim Walden,0
31,008,Queens,Joseph Hernandez,0
31,008,Queens,Zohran Kwame Mamdani,250
31,009,Queens,Andrew M. Cuomo,88
31,009,Queens,Curtis A. Sliwa,12
31,009,Queens,Eric L. Adams,0
31,009,Queens,Irene Estrada,1
31,009,Queens,Jim Walden,0
31,009,Queens,Joseph Hernandez,0
31,009,Queens,Zohran Kwame Mamdani,140
31,010,Queens,Andrew M. Cuomo,112
31,010,Queens,Curtis A. Sliwa,7
31,010,Queens,Eric L. Adams,0
31,010,Queens,Irene Estrada,2
31,010,Queens,Jim Walden,0
31,010,Queens,Joseph Hernandez,0
31,010,Queens,Zohran Kwame Mamdani,156
31,011,Queens,Andrew M. Cuomo,114
31,011,Queens,Curtis A. Sliwa,14
31,011,Queens,Eric L. Adams,1
31,011,Queens,Irene Estrada,1
31,011,Queens,Jim Walden,0
31,011,Queens,Joseph Hernandez,0
31,011,Queens,Zohran Kwame Mamdani,183
31,012,Queens,Andrew M. Cuomo,180
31,012,Queens,Curtis A. Sliwa,12
31,012,Queens,Eric L. Adams,1
31,012,Queens,Irene Estrada,1
31,012,Queens,Jim Walden,0
31,012,Queens,Joseph Hernandez,0
31,012,Queens,Zohran Kwame Mamdani,240
31,013,Queens,Andrew M. Cuomo,66
31,013,Queens,Curtis A. Sliwa,15
31,013,Queens,Eric L. Adams,2
31,013,Queens,Irene Estrada,0
31,013,Queens,Jim Walden,0
31,013,Queens,Joseph Hernandez,0
31,013,Queens,Zohran Kwame Mamdani,130
31,014,Queens,Andrew M. Cuomo,131
31,014,Queens,Curtis A. Sliwa,22
31,014,Queens,Eric L. Adams,6
31,014,Queens,Irene Estrada,0
31,014,Queens,Jim Walden,0
31,014,Queens,Joseph Hernandez,1
31,014,Queens,Zohran Kwame Mamdani,210
31,015,Queens,Andrew M. Cuomo,194
31,015,Queens,Curtis A. Sliwa,28
31,015,Queens,Eric L. Adams,2
31,015,Queens,Irene Estrada,3
31,015,Queens,Jim Walden,0
31,015,Queens,Joseph Hernandez,0
31,015,Queens,Zohran Kwame Mamdani,352
31,016,Queens,Andrew M. Cuomo,181
31,016,Queens,Curtis A. Sliwa,67
31,016,Queens,Eric L. Adams,2
31,016,Queens,Irene Estrada,1
31,016,Queens,Jim Walden,0
31,016,Queens,Joseph Hernandez,0
31,016,Queens,Zohran Kwame Mamdani,280
31,017,Queens,Andrew M. Cuomo,3
31,017,Queens,Curtis A. Sliwa,1
31,017,Queens,Eric L. Adams,0
31,017,Queens,Irene Estrada,0
31,017,Queens,Jim Walden,0
31,017,Queens,Joseph Hernandez,0
31,017,Queens,Zohran Kwame Mamdani,6
31,018,Queens,Andrew M. Cuomo,82
31,018,Queens,Curtis A. Sliwa,11
31,018,Queens,Eric L. Adams,1
31,018,Queens,Irene Estrada,1
31,018,Queens,Jim Walden,0
31,018,Queens,Joseph Hernandez,0
31,018,Queens,Zohran Kwame Mamdani,115
31,019,Queens,Andrew M. Cuomo,2
31,019,Queens,Curtis A. Sliwa,5
31,019,Queens,Eric L. Adams,0
31,019,Queens,Irene Estrada,0
31,019,Queens,Jim Walden,0
31,019,Queens,Joseph Hernandez,0
31,019,Queens,Zohran Kwame Mamdani,13
31,020,Queens,Andrew M. Cuomo,197
31,020,Queens,Curtis A. Sliwa,38
31,020,Queens,Eric L. Adams,3
31,020,Queens,Irene Estrada,1
31,020,Queens,Jim Walden,0
31,020,Queens,Joseph Hernandez,0
31,020,Queens,Zohran Kwame Mamdani,336
31,021,Queens,Andrew M. Cuomo,213
31,021,Queens,Curtis A. Sliwa,44
31,021,Queens,Eric L. Adams,1
31,021,Queens,Irene Estrada,0
31,021,Queens,Jim Walden,0
31,021,Queens,Joseph Hernandez,0
31,021,Queens,Zohran Kwame Mamdani,275
31,022,Queens,Andrew M. Cuomo,145
31,022,Queens,Curtis A. Sliwa,10
31,022,Queens,Eric L. Adams,0
31,022,Queens,Irene Estrada,1
31,022,Queens,Jim Walden,0
31,022,Queens,Joseph Hernandez,0
31,022,Queens,Zohran Kwame Mamdani,229
31,023,Queens,Andrew M. Cuomo,176
31,023,Queens,Curtis A. Sliwa,13
31,023,Queens,Eric L. Adams,2
31,023,Queens,Irene Estrada,0
31,023,Queens,Jim Walden,0
31,023,Queens,Joseph Hernandez,0
31,023,Queens,Zohran Kwame Mamdani,305
31,024,Queens,Andrew M. Cuomo,50
31,024,Queens,Curtis A. Sliwa,14
31,024,Queens,Eric L. Adams,2
31,024,Queens,Irene Estrada,0
31,024,Queens,Jim Walden,0
31,024,Queens,Joseph Hernandez,0
31,024,Queens,Zohran Kwame Mamdani,99
31,025,Queens,Andrew M. Cuomo,169
31,025,Queens,Curtis A. Sliwa,13
31,025,Queens,Eric L. Adams,4
31,025,Queens,Irene Estrada,0
31,025,Queens,Jim Walden,0
31,025,Queens,Joseph Hernandez,0
31,025,Queens,Zohran Kwame Mamdani,282
31,026,Queens,Andrew M. Cuomo,160
31,026,Queens,Curtis A. Sliwa,12
31,026,Queens,Eric L. Adams,3
31,026,Queens,Irene Estrada,1
31,026,Queens,Jim Walden,0
31,026,Queens,Joseph Hernandez,4
31,026,Queens,Zohran Kwame Mamdani,270
31,027,Queens,Andrew M. Cuomo,179
31,027,Queens,Curtis A. Sliwa,14
31,027,Queens,Eric L. Adams,3
31,027,Queens,Irene Estrada,0
31,027,Queens,Jim Walden,1
31,027,Queens,Joseph Hernandez,0
31,027,Queens,Zohran Kwame Mamdani,320
31,028,Queens,Andrew M. Cuomo,175
31,028,Queens,Curtis A. Sliwa,8
31,028,Queens,Eric L. Adams,2
31,028,Queens,Irene Estrada,0
31,028,Queens,Jim Walden,1
31,028,Queens,Joseph Hernandez,0
31,028,Queens,Zohran Kwame Mamdani,233
31,029,Queens,Andrew M. Cuomo,134
31,029,Queens,Curtis A. Sliwa,13
31,029,Queens,Eric L. Adams,1
31,029,Queens,Irene Estrada,0
31,029,Queens,Jim Walden,0
31,029,Queens,Joseph Hernandez,2
31,029,Queens,Zohran Kwame Mamdani,240
31,030,Queens,Andrew M. Cuomo,101
31,030,Queens,Curtis A. Sliwa,2
31,030,Queens,Eric L. Adams,2
31,030,Queens,Irene Estrada,0
31,030,Queens,Jim Walden,0
31,030,Queens,Joseph Hernandez,0
31,030,Queens,Zohran Kwame Mamdani,138
31,031,Queens,Andrew M. Cuomo,123
31,031,Queens,Curtis A. Sliwa,9
31,031,Queens,Eric L. Adams,4
31,031,Queens,Irene Estrada,1
31,031,Queens,Jim Walden,2
31,031,Queens,Joseph Hernandez,0
31,031,Queens,Zohran Kwame Mamdani,150
31,032,Queens,Andrew M. Cuomo,206
31,032,Queens,Curtis A. Sliwa,12
31,032,Queens,Eric L. Adams,2
31,032,Queens,Irene Estrada,2
31,032,Queens,Jim Walden,1
31,032,Queens,Joseph Hernandez,0
31,032,Queens,Zohran Kwame Mamdani,267
31,033,Queens,Andrew M. Cuomo,50
31,033,Queens,Curtis A. Sliwa,10
31,033,Queens,Eric L. Adams,1
31,033,Queens,Irene Estrada,0
31,033,Queens,Jim Walden,0
31,033,Queens,Joseph Hernandez,0
31,033,Queens,Zohran Kwame Mamdani,114
31,034,Queens,Andrew M. Cuomo,183
31,034,Queens,Curtis A. Sliwa,14
31,034,Queens,Eric L. Adams,1
31,034,Queens,Irene Estrada,0
31,034,Queens,Jim Walden,2
31,034,Queens,Joseph Hernandez,0
31,034,Queens,Zohran Kwame Mamdani,236
31,035,Queens,Andrew M. Cuomo,114
31,035,Queens,Curtis A. Sliwa,7
31,035,Queens,Eric L. Adams,0
31,035,Queens,Irene Estrada,1
31,035,Queens,Jim Walden,1
31,035,Queens,Joseph Hernandez,0
31,035,Queens,Zohran Kwame Mamdani,210
31,036,Queens,Andrew M. Cuomo,43
31,036,Queens,Curtis A. Sliwa,4
31,036,Queens,Eric L. Adams,1
31,036,Queens,Irene Estrada,0
31,036,Queens,Jim Walden,1
31,036,Queens,Joseph Hernandez,0
31,036,Queens,Zohran Kwame Mamdani,52
31,037,Queens,Andrew M. Cuomo,186
31,037,Queens,Curtis A. Sliwa,17
31,037,Queens,Eric L. Adams,0
31,037,Queens,Irene Estrada,2
31,037,Queens,Jim Walden,0
31,037,Queens,Joseph Hernandez,1
31,037,Queens,Zohran Kwame Mamdani,235
31,038,Queens,Andrew M. Cuomo,93
31,038,Queens,Curtis A. Sliwa,14
31,038,Queens,Eric L. Adams,2
31,038,Queens,Irene Estrada,0
31,038,Queens,Jim Walden,0
31,038,Queens,Joseph Hernandez,0
31,038,Queens,Zohran Kwame Mamdani,174
31,039,Queens,Andrew M. Cuomo,104
31,039,Queens,Curtis A. Sliwa,15
31,039,Queens,Eric L. Adams,2
31,039,Queens,Irene Estrada,0
31,039,Queens,Jim Walden,1
31,039,Queens,Joseph Hernandez,0
31,039,Queens,Zohran Kwame Mamdani,120
31,040,Queens,Andrew M. Cuomo,220
31,040,Queens,Curtis A. Sliwa,70
31,040,Queens,Eric L. Adams,0
31,040,Queens,Irene Estrada,1
31,040,Queens,Jim Walden,1
31,040,Queens,Joseph Hernandez,0
31,040,Queens,Zohran Kwame Mamdani,283
31,041,Queens,Andrew M. Cuomo,130
31,041,Queens,Curtis A. Sliwa,19
31,041,Queens,Eric L. Adams,3
31,041,Queens,Irene Estrada,1
31,041,Queens,Jim Walden,0
31,041,Queens,Joseph Hernandez,1
31,041,Queens,Zohran Kwame Mamdani,246
31,042,Queens,Andrew M. Cuomo,66
31,042,Queens,Curtis A. Sliwa,17
31,042,Queens,Eric L. Adams,0
31,042,Queens,Irene Estrada,0
31,042,Queens,Jim Walden,0
31,042,Queens,Joseph Hernandez,0
31,042,Queens,Zohran Kwame Mamdani,87
31,043,Queens,Andrew M. Cuomo,153
31,043,Queens,Curtis A. Sliwa,31
31,043,Queens,Eric L. Adams,0
31,043,Queens,Irene Estrada,1
31,043,Queens,Jim Walden,0
31,043,Queens,Joseph Hernandez,0
31,043,Queens,Zohran Kwame Mamdani,214
31,044,Queens,Andrew M. Cuomo,134
31,044,Queens,Curtis A. Sliwa,38
31,044,Queens,Eric L. Adams,1
31,044,Queens,Irene Estrada,0
31,044,Queens,Jim Walden,0
31,044,Queens,Joseph Hernandez,0
31,044,Queens,Zohran Kwame Mamdani,172
31,045,Queens,Andrew M. Cuomo,152
31,045,Queens,Curtis A. Sliwa,28
31,045,Queens,Eric L. Adams,0
31,045,Queens,Irene Estrada,1
31,045,Queens,Jim Walden,0
31,045,Queens,Joseph Hernandez,2
31,045,Queens,Zohran Kwame Mamdani,245
31,046,Queens,Andrew M. Cuomo,124
31,046,Queens,Curtis A. Sliwa,15
31,046,Queens,Eric L. Adams,3
31,046,Queens,Irene Estrada,0
31,046,Queens,Jim Walden,0
31,046,Queens,Joseph Hernandez,0
31,046,Queens,Zohran Kwame Mamdani,225
31,047,Queens,Andrew M. Cuomo,52
31,047,Queens,Curtis A. Sliwa,22
31,047,Queens,Eric L. Adams,1
31,047,Queens,Irene Estrada,1
31,047,Queens,Jim Walden,0
31,047,Queens,Joseph Hernandez,0
31,047,Queens,Zohran Kwame Mamdani,89
31,048,Queens,Andrew M. Cuomo,66
31,048,Queens,Curtis A. Sliwa,21
31,048,Queens,Eric L. Adams,1
31,048,Queens,Irene Estrada,0
31,048,Queens,Jim Walden,0
31,048,Queens,Joseph Hernandez,0
31,048,Queens,Zohran Kwame Mamdani,115
31,049,Queens,Andrew M. Cuomo,21
31,049,Queens,Curtis A. Sliwa,5
31,049,Queens,Eric L. Adams,0
31,049,Queens,Irene Estrada,1
31,049,Queens,Jim Walden,0
31,049,Queens,Joseph Hernandez,0
31,049,Queens,Zohran Kwame Mamdani,33
31,050,Queens,Andrew M. Cuomo,158
31,050,Queens,Curtis A. Sliwa,22
31,050,Queens,Eric L. Adams,0
31,050,Queens,Irene Estrada,0
31,050,Queens,Jim Walden,0
31,050,Queens,Joseph Hernandez,0
31,050,Queens,Zohran Kwame Mamdani,189
31,051,Queens,Andrew M. Cuomo,125
31,051,Queens,Curtis A. Sliwa,38
31,051,Queens,Eric L. Adams,0
31,051,Queens,Irene Estrada,0
31,051,Queens,Jim Walden,0
31,051,Queens,Joseph Hernandez,0
31,051,Queens,Zohran Kwame Mamdani,219
31,052,Queens,Andrew M. Cuomo,110
31,052,Queens,Curtis A. Sliwa,30
31,052,Queens,Eric L. Adams,1
31,052,Queens,Irene Estrada,0
31,052,Queens,Jim Walden,0
31,052,Queens,Joseph Hernandez,0
31,052,Queens,Zohran Kwame Mamdani,198
31,053,Queens,Andrew M. Cuomo,119
31,053,Queens,Curtis A. Sliwa,19
31,053,Queens,Eric L. Adams,0
31,053,Queens,Irene Estrada,0
31,053,Queens,Jim Walden,1
31,053,Queens,Joseph Hernandez,0
31,053,Queens,Zohran Kwame Mamdani,166
31,054,Queens,Andrew M. Cuomo,163
31,054,Queens,Curtis A. Sliwa,12
31,054,Queens,Eric L. Adams,4
31,054,Queens,Irene Estrada,0
31,054,Queens,Jim Walden,0
31,054,Queens,Joseph Hernandez,0
31,054,Queens,Zohran Kwame Mamdani,241
31,055,Queens,Andrew M. Cuomo,192
31,055,Queens,Curtis A. Sliwa,20
31,055,Queens,Eric L. Adams,2
31,055,Queens,Irene Estrada,1
31,055,Queens,Jim Walden,0
31,055,Queens,Joseph Hernandez,0
31,055,Queens,Zohran Kwame Mamdani,187
31,056,Queens,Andrew M. Cuomo,142
31,056,Queens,Curtis A. Sliwa,22
31,056,Queens,Eric L. Adams,1
31,056,Queens,Irene Estrada,1
31,056,Queens,Jim Walden,0
31,056,Queens,Joseph Hernandez,0
31,056,Queens,Zohran Kwame Mamdani,233
31,057,Queens,Andrew M. Cuomo,201
31,057,Queens,Curtis A. Sliwa,81
31,057,Queens,Eric L. Adams,2
31,057,Queens,Irene Estrada,1
31,057,Queens,Jim Walden,0
31,057,Queens,Joseph Hernandez,0
31,057,Queens,Zohran Kwame Mamdani,246
31,058,Queens,Andrew M. Cuomo,0
31,058,Queens,Curtis A. Sliwa,0
31,058,Queens,Eric L. Adams,0
31,058,Queens,Irene Estrada,0
31,058,Queens,Jim Walden,0
31,058,Queens,Joseph Hernandez,0
31,058,Queens,Zohran Kwame Mamdani,0
31,060,Queens,Andrew M. Cuomo,0
31,060,Queens,Curtis A. Sliwa,0
31,060,Queens,Eric L. Adams,0
31,060,Queens,Irene Estrada,0
31,060,Queens,Jim Walden,0
31,060,Queens,Joseph Hernandez,0
31,060,Queens,Zohran Kwame Mamdani,0
31,062,Queens,Andrew M. Cuomo,0
31,062,Queens,Curtis A. Sliwa,0
31,062,Queens,Eric L. Adams,0
31,062,Queens,Irene Estrada,0
31,062,Queens,Jim Walden,0
31,062,Queens,Joseph Hernandez,0
31,062,Queens,Zohran Kwame Mamdani,0
31,063,Queens,Andrew M. Cuomo,0
31,063,Queens,Curtis A. Sliwa,0
31,063,Queens,Eric L. Adams,0
31,063,Queens,Irene Estrada,0
31,063,Queens,Jim Walden,0
31,063,Queens,Joseph Hernandez,0
31,063,Queens,Zohran Kwame Mamdani,0
32,001,Queens,Andrew M. Cuomo,20
32,001,Queens,Curtis A. Sliwa,3
32,001,Queens,Eric L. Adams,0
32,001,Queens,Irene Estrada,0
32,001,Queens,Jim Walden,0
32,001,Queens,Joseph Hernandez,0
32,001,Queens,Zohran Kwame Mamdani,30
32,002,Queens,Andrew M. Cuomo,25
32,002,Queens,Curtis A. Sliwa,2
32,002,Queens,Eric L. Adams,1
32,002,Queens,Irene Estrada,0
32,002,Queens,Jim Walden,0
32,002,Queens,Joseph Hernandez,0
32,002,Queens,Zohran Kwame Mamdani,53
32,003,Queens,Andrew M. Cuomo,157
32,003,Queens,Curtis A. Sliwa,11
32,003,Queens,Eric L. Adams,2
32,003,Queens,Irene Estrada,0
32,003,Queens,Jim Walden,1
32,003,Queens,Joseph Hernandez,0
32,003,Queens,Zohran Kwame Mamdani,417
32,004,Queens,Andrew M. Cuomo,55
32,004,Queens,Curtis A. Sliwa,15
32,004,Queens,Eric L. Adams,0
32,004,Queens,Irene Estrada,0
32,004,Queens,Jim Walden,0
32,004,Queens,Joseph Hernandez,0
32,004,Queens,Zohran Kwame Mamdani,300
32,005,Queens,Andrew M. Cuomo,143
32,005,Queens,Curtis A. Sliwa,14
32,005,Queens,Eric L. Adams,1
32,005,Queens,Irene Estrada,2
32,005,Queens,Jim Walden,0
32,005,Queens,Joseph Hernandez,0
32,005,Queens,Zohran Kwame Mamdani,435
32,006,Queens,Andrew M. Cuomo,2
32,006,Queens,Curtis A. Sliwa,1
32,006,Queens,Eric L. Adams,0
32,006,Queens,Irene Estrada,1
32,006,Queens,Jim Walden,0
32,006,Queens,Joseph Hernandez,0
32,006,Queens,Zohran Kwame Mamdani,26
32,007,Queens,Andrew M. Cuomo,204
32,007,Queens,Curtis A. Sliwa,19
32,007,Queens,Eric L. Adams,4
32,007,Queens,Irene Estrada,0
32,007,Queens,Jim Walden,0
32,007,Queens,Joseph Hernandez,0
32,007,Queens,Zohran Kwame Mamdani,344
32,008,Queens,Andrew M. Cuomo,169
32,008,Queens,Curtis A. Sliwa,28
32,008,Queens,Eric L. Adams,3
32,008,Queens,Irene Estrada,0
32,008,Queens,Jim Walden,1
32,008,Queens,Joseph Hernandez,0
32,008,Queens,Zohran Kwame Mamdani,331
32,009,Queens,Andrew M. Cuomo,113
32,009,Queens,Curtis A. Sliwa,25
32,009,Queens,Eric L. Adams,1
32,009,Queens,Irene Estrada,1
32,009,Queens,Jim Walden,0
32,009,Queens,Joseph Hernandez,0
32,009,Queens,Zohran Kwame Mamdani,318
32,010,Queens,Andrew M. Cuomo,69
32,010,Queens,Curtis A. Sliwa,4
32,010,Queens,Eric L. Adams,2
32,010,Queens,Irene Estrada,1
32,010,Queens,Jim Walden,0
32,010,Queens,Joseph Hernandez,0
32,010,Queens,Zohran Kwame Mamdani,234
32,011,Queens,Andrew M. Cuomo,15
32,011,Queens,Curtis A. Sliwa,0
32,011,Queens,Eric L. Adams,1
32,011,Queens,Irene Estrada,0
32,011,Queens,Jim Walden,0
32,011,Queens,Joseph Hernandez,0
32,011,Queens,Zohran Kwame Mamdani,20
32,012,Queens,Andrew M. Cuomo,108
32,012,Queens,Curtis A. Sliwa,15
32,012,Queens,Eric L. Adams,2
32,012,Queens,Irene Estrada,0
32,012,Queens,Jim Walden,0
32,012,Queens,Joseph Hernandez,0
32,012,Queens,Zohran Kwame Mamdani,237
32,014,Queens,Andrew M. Cuomo,8
32,014,Queens,Curtis A. Sliwa,1
32,014,Queens,Eric L. Adams,0
32,014,Queens,Irene Estrada,0
32,014,Queens,Jim Walden,0
32,014,Queens,Joseph Hernandez,0
32,014,Queens,Zohran Kwame Mamdani,49
32,015,Queens,Andrew M. Cuomo,167
32,015,Queens,Curtis A. Sliwa,27
32,015,Queens,Eric L. Adams,1
32,015,Queens,Irene Estrada,0
32,015,Queens,Jim Walden,0
32,015,Queens,Joseph Hernandez,1
32,015,Queens,Zohran Kwame Mamdani,221
32,016,Queens,Andrew M. Cuomo,33
32,016,Queens,Curtis A. Sliwa,1
32,016,Queens,Eric L. Adams,1
32,016,Queens,Irene Estrada,0
32,016,Queens,Jim Walden,0
32,016,Queens,Joseph Hernandez,0
32,016,Queens,Zohran Kwame Mamdani,61
32,017,Queens,Andrew M. Cuomo,119
32,017,Queens,Curtis A. Sliwa,21
32,017,Queens,Eric L. Adams,3
32,017,Queens,Irene Estrada,0
32,017,Queens,Jim Walden,0
32,017,Queens,Joseph Hernandez,0
32,017,Queens,Zohran Kwame Mamdani,258
32,018,Queens,Andrew M. Cuomo,53
32,018,Queens,Curtis A. Sliwa,8
32,018,Queens,Eric L. Adams,1
32,018,Queens,Irene Estrada,0
32,018,Queens,Jim Walden,0
32,018,Queens,Joseph Hernandez,0
32,018,Queens,Zohran Kwame Mamdani,64
32,019,Queens,Andrew M. Cuomo,128
32,019,Queens,Curtis A. Sliwa,12
32,019,Queens,Eric L. Adams,1
32,019,Queens,Irene Estrada,0
32,019,Queens,Jim Walden,1
32,019,Queens,Joseph Hernandez,0
32,019,Queens,Zohran Kwame Mamdani,253
32,020,Queens,Andrew M. Cuomo,128
32,020,Queens,Curtis A. Sliwa,11
32,020,Queens,Eric L. Adams,5
32,020,Queens,Irene Estrada,0
32,020,Queens,Jim Walden,0
32,020,Queens,Joseph Hernandez,1
32,020,Queens,Zohran Kwame Mamdani,186
32,021,Queens,Andrew M. Cuomo,158
32,021,Queens,Curtis A. Sliwa,12
32,021,Queens,Eric L. Adams,1
32,021,Queens,Irene Estrada,1
32,021,Queens,Jim Walden,0
32,021,Queens,Joseph Hernandez,1
32,021,Queens,Zohran Kwame Mamdani,294
32,022,Queens,Andrew M. Cuomo,224
32,022,Queens,Curtis A. Sliwa,19
32,022,Queens,Eric L. Adams,7
32,022,Queens,Irene Estrada,1
32,022,Queens,Jim Walden,1
32,022,Queens,Joseph Hernandez,0
32,022,Queens,Zohran Kwame Mamdani,286
32,023,Queens,Andrew M. Cuomo,153
32,023,Queens,Curtis A. Sliwa,13
32,023,Queens,Eric L. Adams,3
32,023,Queens,Irene Estrada,1
32,023,Queens,Jim Walden,0
32,023,Queens,Joseph Hernandez,0
32,023,Queens,Zohran Kwame Mamdani,218
32,024,Queens,Andrew M. Cuomo,152
32,024,Queens,Curtis A. Sliwa,10
32,024,Queens,Eric L. Adams,0
32,024,Queens,Irene Estrada,0
32,024,Queens,Jim Walden,0
32,024,Queens,Joseph Hernandez,0
32,024,Queens,Zohran Kwame Mamdani,198
32,025,Queens,Andrew M. Cuomo,136
32,025,Queens,Curtis A. Sliwa,8
32,025,Queens,Eric L. Adams,2
32,025,Queens,Irene Estrada,0
32,025,Queens,Jim Walden,0
32,025,Queens,Joseph Hernandez,0
32,025,Queens,Zohran Kwame Mamdani,219
32,026,Queens,Andrew M. Cuomo,200
32,026,Queens,Curtis A. Sliwa,15
32,026,Queens,Eric L. Adams,3
32,026,Queens,Irene Estrada,1
32,026,Queens,Jim Walden,1
32,026,Queens,Joseph Hernandez,0
32,026,Queens,Zohran Kwame Mamdani,247
32,027,Queens,Andrew M. Cuomo,171
32,027,Queens,Curtis A. Sliwa,25
32,027,Queens,Eric L. Adams,2
32,027,Queens,Irene Estrada,1
32,027,Queens,Jim Walden,0
32,027,Queens,Joseph Hernandez,1
32,027,Queens,Zohran Kwame Mamdani,264
32,028,Queens,Andrew M. Cuomo,145
32,028,Queens,Curtis A. Sliwa,11
32,028,Queens,Eric L. Adams,3
32,028,Queens,Irene Estrada,1
32,028,Queens,Jim Walden,1
32,028,Queens,Joseph Hernandez,1
32,028,Queens,Zohran Kwame Mamdani,205
32,029,Queens,Andrew M. Cuomo,87
32,029,Queens,Curtis A. Sliwa,13
32,029,Queens,Eric L. Adams,1
32,029,Queens,Irene Estrada,1
32,029,Queens,Jim Walden,0
32,029,Queens,Joseph Hernandez,1
32,029,Queens,Zohran Kwame Mamdani,146
32,030,Queens,Andrew M. Cuomo,131
32,030,Queens,Curtis A. Sliwa,3
32,030,Queens,Eric L. Adams,3
32,030,Queens,Irene Estrada,2
32,030,Queens,Jim Walden,0
32,030,Queens,Joseph Hernandez,0
32,030,Queens,Zohran Kwame Mamdani,192
32,031,Queens,Andrew M. Cuomo,134
32,031,Queens,Curtis A. Sliwa,10
32,031,Queens,Eric L. Adams,1
32,031,Queens,Irene Estrada,0
32,031,Queens,Jim Walden,0
32,031,Queens,Joseph Hernandez,0
32,031,Queens,Zohran Kwame Mamdani,181
32,032,Queens,Andrew M. Cuomo,197
32,032,Queens,Curtis A. Sliwa,15
32,032,Queens,Eric L. Adams,2
32,032,Queens,Irene Estrada,0
32,032,Queens,Jim Walden,2
32,032,Queens,Joseph Hernandez,1
32,032,Queens,Zohran Kwame Mamdani,219
32,033,Queens,Andrew M. Cuomo,51
32,033,Queens,Curtis A. Sliwa,0
32,033,Queens,Eric L. Adams,5
32,033,Queens,Irene Estrada,2
32,033,Queens,Jim Walden,0
32,033,Queens,Joseph Hernandez,0
32,033,Queens,Zohran Kwame Mamdani,68
32,034,Queens,Andrew M. Cuomo,206
32,034,Queens,Curtis A. Sliwa,11
32,034,Queens,Eric L. Adams,3
32,034,Queens,Irene Estrada,1
32,034,Queens,Jim Walden,0
32,034,Queens,Joseph Hernandez,0
32,034,Queens,Zohran Kwame Mamdani,287
32,035,Queens,Andrew M. Cuomo,64
32,035,Queens,Curtis A. Sliwa,4
32,035,Queens,Eric L. Adams,2
32,035,Queens,Irene Estrada,0
32,035,Queens,Jim Walden,1
32,035,Queens,Joseph Hernandez,0
32,035,Queens,Zohran Kwame Mamdani,133
32,036,Queens,Andrew M. Cuomo,114
32,036,Queens,Curtis A. Sliwa,9
32,036,Queens,Eric L. Adams,4
32,036,Queens,Irene Estrada,0
32,036,Queens,Jim Walden,0
32,036,Queens,Joseph Hernandez,0
32,036,Queens,Zohran Kwame Mamdani,163
32,037,Queens,Andrew M. Cuomo,209
32,037,Queens,Curtis A. Sliwa,14
32,037,Queens,Eric L. Adams,5
32,037,Queens,Irene Estrada,2
32,037,Queens,Jim Walden,2
32,037,Queens,Joseph Hernandez,2
32,037,Queens,Zohran Kwame Mamdani,334
32,038,Queens,Andrew M. Cuomo,164
32,038,Queens,Curtis A. Sliwa,14
32,038,Queens,Eric L. Adams,3
32,038,Queens,Irene Estrada,1
32,038,Queens,Jim Walden,1
32,038,Queens,Joseph Hernandez,0
32,038,Queens,Zohran Kwame Mamdani,318
32,039,Queens,Andrew M. Cuomo,148
32,039,Queens,Curtis A. Sliwa,10
32,039,Queens,Eric L. Adams,4
32,039,Queens,Irene Estrada,0
32,039,Queens,Jim Walden,0
32,039,Queens,Joseph Hernandez,0
32,039,Queens,Zohran Kwame Mamdani,225
32,040,Queens,Andrew M. Cuomo,135
32,040,Queens,Curtis A. Sliwa,9
32,040,Queens,Eric L. Adams,4
32,040,Queens,Irene Estrada,0
32,040,Queens,Jim Walden,0
32,040,Queens,Joseph Hernandez,0
32,040,Queens,Zohran Kwame Mamdani,213
32,041,Queens,Andrew M. Cuomo,110
32,041,Queens,Curtis A. Sliwa,7
32,041,Queens,Eric L. Adams,5
32,041,Queens,Irene Estrada,4
32,041,Queens,Jim Walden,0
32,041,Queens,Joseph Hernandez,0
32,041,Queens,Zohran Kwame Mamdani,113
32,042,Queens,Andrew M. Cuomo,130
32,042,Queens,Curtis A. Sliwa,9
32,042,Queens,Eric L. Adams,2
32,042,Queens,Irene Estrada,1
32,042,Queens,Jim Walden,0
32,042,Queens,Joseph Hernandez,0
32,042,Queens,Zohran Kwame Mamdani,293
32,043,Queens,Andrew M. Cuomo,165
32,043,Queens,Curtis A. Sliwa,22
32,043,Queens,Eric L. Adams,2
32,043,Queens,Irene Estrada,3
32,043,Queens,Jim Walden,0
32,043,Queens,Joseph Hernandez,1
32,043,Queens,Zohran Kwame Mamdani,400
32,044,Queens,Andrew M. Cuomo,91
32,044,Queens,Curtis A. Sliwa,6
32,044,Queens,Eric L. Adams,2
32,044,Queens,Irene Estrada,1
32,044,Queens,Jim Walden,0
32,044,Queens,Joseph Hernandez,1
32,044,Queens,Zohran Kwame Mamdani,154
32,045,Queens,Andrew M. Cuomo,92
32,045,Queens,Curtis A. Sliwa,4
32,045,Queens,Eric L. Adams,2
32,045,Queens,Irene Estrada,2
32,045,Queens,Jim Walden,0
32,045,Queens,Joseph Hernandez,0
32,045,Queens,Zohran Kwame Mamdani,247
32,046,Queens,Andrew M. Cuomo,154
32,046,Queens,Curtis A. Sliwa,11
32,046,Queens,Eric L. Adams,2
32,046,Queens,Irene Estrada,0
32,046,Queens,Jim Walden,0
32,046,Queens,Joseph Hernandez,0
32,046,Queens,Zohran Kwame Mamdani,191
32,047,Queens,Andrew M. Cuomo,159
32,047,Queens,Curtis A. Sliwa,7
32,047,Queens,Eric L. Adams,0
32,047,Queens,Irene Estrada,0
32,047,Queens,Jim Walden,0
32,047,Queens,Joseph Hernandez,0
32,047,Queens,Zohran Kwame Mamdani,184
32,048,Queens,Andrew M. Cuomo,198
32,048,Queens,Curtis A. Sliwa,11
32,048,Queens,Eric L. Adams,1
32,048,Queens,Irene Estrada,0
32,048,Queens,Jim Walden,0
32,048,Queens,Joseph Hernandez,0
32,048,Queens,Zohran Kwame Mamdani,270
32,049,Queens,Andrew M. Cuomo,137
32,049,Queens,Curtis A. Sliwa,5
32,049,Queens,Eric L. Adams,2
32,049,Queens,Irene Estrada,1
32,049,Queens,Jim Walden,0
32,049,Queens,Joseph Hernandez,0
32,049,Queens,Zohran Kwame Mamdani,153
32,050,Queens,Andrew M. Cuomo,227
32,050,Queens,Curtis A. Sliwa,6
32,050,Queens,Eric L. Adams,1
32,050,Queens,Irene Estrada,1
32,050,Queens,Jim Walden,1
32,050,Queens,Joseph Hernandez,0
32,050,Queens,Zohran Kwame Mamdani,301
32,051,Queens,Andrew M. Cuomo,221
32,051,Queens,Curtis A. Sliwa,7
32,051,Queens,Eric L. Adams,6
32,051,Queens,Irene Estrada,0
32,051,Queens,Jim Walden,0
32,051,Queens,Joseph Hernandez,2
32,051,Queens,Zohran Kwame Mamdani,259
32,052,Queens,Andrew M. Cuomo,126
32,052,Queens,Curtis A. Sliwa,11
32,052,Queens,Eric L. Adams,1
32,052,Queens,Irene Estrada,0
32,052,Queens,Jim Walden,0
32,052,Queens,Joseph Hernandez,0
32,052,Queens,Zohran Kwame Mamdani,194
32,053,Queens,Andrew M. Cuomo,290
32,053,Queens,Curtis A. Sliwa,10
32,053,Queens,Eric L. Adams,12
32,053,Queens,Irene Estrada,3
32,053,Queens,Jim Walden,0
32,053,Queens,Joseph Hernandez,0
32,053,Queens,Zohran Kwame Mamdani,333
32,054,Queens,Andrew M. Cuomo,302
32,054,Queens,Curtis A. Sliwa,17
32,054,Queens,Eric L. Adams,7
32,054,Queens,Irene Estrada,1
32,054,Queens,Jim Walden,1
32,054,Queens,Joseph Hernandez,0
32,054,Queens,Zohran Kwame Mamdani,281
32,055,Queens,Andrew M. Cuomo,196
32,055,Queens,Curtis A. Sliwa,8
32,055,Queens,Eric L. Adams,3
32,055,Queens,Irene Estrada,1
32,055,Queens,Jim Walden,1
32,055,Queens,Joseph Hernandez,0
32,055,Queens,Zohran Kwame Mamdani,202
32,056,Queens,Andrew M. Cuomo,209
32,056,Queens,Curtis A. Sliwa,10
32,056,Queens,Eric L. Adams,4
32,056,Queens,Irene Estrada,1
32,056,Queens,Jim Walden,0
32,056,Queens,Joseph Hernandez,1
32,056,Queens,Zohran Kwame Mamdani,182
32,057,Queens,Andrew M. Cuomo,223
32,057,Queens,Curtis A. Sliwa,13
32,057,Queens,Eric L. Adams,3
32,057,Queens,Irene Estrada,0
32,057,Queens,Jim Walden,1
32,057,Queens,Joseph Hernandez,0
32,057,Queens,Zohran Kwame Mamdani,186
32,058,Queens,Andrew M. Cuomo,189
32,058,Queens,Curtis A. Sliwa,9
32,058,Queens,Eric L. Adams,2
32,058,Queens,Irene Estrada,1
32,058,Queens,Jim Walden,0
32,058,Queens,Joseph Hernandez,1
32,058,Queens,Zohran Kwame Mamdani,181
32,059,Queens,Andrew M. Cuomo,179
32,059,Queens,Curtis A. Sliwa,6
32,059,Queens,Eric L. Adams,2
32,059,Queens,Irene Estrada,0
32,059,Queens,Jim Walden,0
32,059,Queens,Joseph Hernandez,0
32,059,Queens,Zohran Kwame Mamdani,190
32,060,Queens,Andrew M. Cuomo,190
32,060,Queens,Curtis A. Sliwa,10
32,060,Queens,Eric L. Adams,2
32,060,Queens,Irene Estrada,1
32,060,Queens,Jim Walden,0
32,060,Queens,Joseph Hernandez,0
32,060,Queens,Zohran Kwame Mamdani,226
32,061,Queens,Andrew M. Cuomo,206
32,061,Queens,Curtis A. Sliwa,14
32,061,Queens,Eric L. Adams,4
32,061,Queens,Irene Estrada,1
32,061,Queens,Jim Walden,1
32,061,Queens,Joseph Hernandez,0
32,061,Queens,Zohran Kwame Mamdani,189
32,062,Queens,Andrew M. Cuomo,133
32,062,Queens,Curtis A. Sliwa,8
32,062,Queens,Eric L. Adams,3
32,062,Queens,Irene Estrada,1
32,062,Queens,Jim Walden,0
32,062,Queens,Joseph Hernandez,0
32,062,Queens,Zohran Kwame Mamdani,203
32,063,Queens,Andrew M. Cuomo,130
32,063,Queens,Curtis A. Sliwa,2
32,063,Queens,Eric L. Adams,2
32,063,Queens,Irene Estrada,0
32,063,Queens,Jim Walden,1
32,063,Queens,Joseph Hernandez,0
32,063,Queens,Zohran Kwame Mamdani,164
32,064,Queens,Andrew M. Cuomo,140
32,064,Queens,Curtis A. Sliwa,7
32,064,Queens,Eric L. Adams,2
32,064,Queens,Irene Estrada,1
32,064,Queens,Jim Walden,0
32,064,Queens,Joseph Hernandez,0
32,064,Queens,Zohran Kwame Mamdani,180
32,065,Queens,Andrew M. Cuomo,149
32,065,Queens,Curtis A. Sliwa,11
32,065,Queens,Eric L. Adams,3
32,065,Queens,Irene Estrada,0
32,065,Queens,Jim Walden,1
32,065,Queens,Joseph Hernandez,0
32,065,Queens,Zohran Kwame Mamdani,226
32,066,Queens,Andrew M. Cuomo,40
32,066,Queens,Curtis A. Sliwa,1
32,066,Queens,Eric L. Adams,0
32,066,Queens,Irene Estrada,0
32,066,Queens,Jim Walden,0
32,066,Queens,Joseph Hernandez,0
32,066,Queens,Zohran Kwame Mamdani,71
32,067,Queens,Andrew M. Cuomo,133
32,067,Queens,Curtis A. Sliwa,10
32,067,Queens,Eric L. Adams,3
32,067,Queens,Irene Estrada,0
32,067,Queens,Jim Walden,0
32,067,Queens,Joseph Hernandez,0
32,067,Queens,Zohran Kwame Mamdani,219
32,068,Queens,Andrew M. Cuomo,0
32,068,Queens,Curtis A. Sliwa,0
32,068,Queens,Eric L. Adams,0
32,068,Queens,Irene Estrada,0
32,068,Queens,Jim Walden,0
32,068,Queens,Joseph Hernandez,0
32,068,Queens,Zohran Kwame Mamdani,0
33,001,Queens,Andrew M. Cuomo,329
33,001,Queens,Curtis A. Sliwa,107
33,001,Queens,Eric L. Adams,3
33,001,Queens,Irene Estrada,2
33,001,Queens,Jim Walden,0
33,001,Queens,Joseph Hernandez,0
33,001,Queens,Zohran Kwame Mamdani,353
33,002,Queens,Andrew M. Cuomo,339
33,002,Queens,Curtis A. Sliwa,122
33,002,Queens,Eric L. Adams,2
33,002,Queens,Irene Estrada,1
33,002,Queens,Jim Walden,0
33,002,Queens,Joseph Hernandez,0
33,002,Queens,Zohran Kwame Mamdani,381
33,003,Queens,Andrew M. Cuomo,252
33,003,Queens,Curtis A. Sliwa,109
33,003,Queens,Eric L. Adams,3
33,003,Queens,Irene Estrada,2
33,003,Queens,Jim Walden,2
33,003,Queens,Joseph Hernandez,2
33,003,Queens,Zohran Kwame Mamdani,444
33,004,Queens,Andrew M. Cuomo,320
33,004,Queens,Curtis A. Sliwa,97
33,004,Queens,Eric L. Adams,0
33,004,Queens,Irene Estrada,1
33,004,Queens,Jim Walden,3
33,004,Queens,Joseph Hernandez,1
33,004,Queens,Zohran Kwame Mamdani,269
33,005,Queens,Andrew M. Cuomo,258
33,005,Queens,Curtis A. Sliwa,66
33,005,Queens,Eric L. Adams,1
33,005,Queens,Irene Estrada,3
33,005,Queens,Jim Walden,0
33,005,Queens,Joseph Hernandez,0
33,005,Queens,Zohran Kwame Mamdani,332
33,006,Queens,Andrew M. Cuomo,365
33,006,Queens,Curtis A. Sliwa,125
33,006,Queens,Eric L. Adams,7
33,006,Queens,Irene Estrada,6
33,006,Queens,Jim Walden,1
33,006,Queens,Joseph Hernandez,0
33,006,Queens,Zohran Kwame Mamdani,373
33,007,Queens,Andrew M. Cuomo,234
33,007,Queens,Curtis A. Sliwa,103
33,007,Queens,Eric L. Adams,4
33,007,Queens,Irene Estrada,1
33,007,Queens,Jim Walden,1
33,007,Queens,Joseph Hernandez,1
33,007,Queens,Zohran Kwame Mamdani,272
33,008,Queens,Andrew M. Cuomo,279
33,008,Queens,Curtis A. Sliwa,103
33,008,Queens,Eric L. Adams,3
33,008,Queens,Irene Estrada,1
33,008,Queens,Jim Walden,0
33,008,Queens,Joseph Hernandez,0
33,008,Queens,Zohran Kwame Mamdani,390
33,009,Queens,Andrew M. Cuomo,205
33,009,Queens,Curtis A. Sliwa,78
33,009,Queens,Eric L. Adams,1
33,009,Queens,Irene Estrada,3
33,009,Queens,Jim Walden,0
33,009,Queens,Joseph Hernandez,2
33,009,Queens,Zohran Kwame Mamdani,396
33,010,Queens,Andrew M. Cuomo,252
33,010,Queens,Curtis A. Sliwa,91
33,010,Queens,Eric L. Adams,1
33,010,Queens,Irene Estrada,0
33,010,Queens,Jim Walden,0
33,010,Queens,Joseph Hernandez,2
33,010,Queens,Zohran Kwame Mamdani,392
33,011,Queens,Andrew M. Cuomo,137
33,011,Queens,Curtis A. Sliwa,39
33,011,Queens,Eric L. Adams,1
33,011,Queens,Irene Estrada,0
33,011,Queens,Jim Walden,0
33,011,Queens,Joseph Hernandez,0
33,011,Queens,Zohran Kwame Mamdani,232
33,012,Queens,Andrew M. Cuomo,183
33,012,Queens,Curtis A. Sliwa,51
33,012,Queens,Eric L. Adams,2
33,012,Queens,Irene Estrada,4
33,012,Queens,Jim Walden,1
33,012,Queens,Joseph Hernandez,0
33,012,Queens,Zohran Kwame Mamdani,253
33,013,Queens,Andrew M. Cuomo,19
33,013,Queens,Curtis A. Sliwa,9
33,013,Queens,Eric L. Adams,0
33,013,Queens,Irene Estrada,0
33,013,Queens,Jim Walden,0
33,013,Queens,Joseph Hernandez,0
33,013,Queens,Zohran Kwame Mamdani,51
33,014,Queens,Andrew M. Cuomo,207
33,014,Queens,Curtis A. Sliwa,48
33,014,Queens,Eric L. Adams,2
33,014,Queens,Irene Estrada,1
33,014,Queens,Jim Walden,1
33,014,Queens,Joseph Hernandez,0
33,014,Queens,Zohran Kwame Mamdani,302
33,015,Queens,Andrew M. Cuomo,178
33,015,Queens,Curtis A. Sliwa,38
33,015,Queens,Eric L. Adams,0
33,015,Queens,Irene Estrada,1
33,015,Queens,Jim Walden,0
33,015,Queens,Joseph Hernandez,0
33,015,Queens,Zohran Kwame Mamdani,327
33,016,Queens,Andrew M. Cuomo,188
33,016,Queens,Curtis A. Sliwa,42
33,016,Queens,Eric L. Adams,1
33,016,Queens,Irene Estrada,1
33,016,Queens,Jim Walden,2
33,016,Queens,Joseph Hernandez,0
33,016,Queens,Zohran Kwame Mamdani,387
33,017,Queens,Andrew M. Cuomo,259
33,017,Queens,Curtis A. Sliwa,52
33,017,Queens,Eric L. Adams,3
33,017,Queens,Irene Estrada,1
33,017,Queens,Jim Walden,0
33,017,Queens,Joseph Hernandez,0
33,017,Queens,Zohran Kwame Mamdani,434
33,018,Queens,Andrew M. Cuomo,159
33,018,Queens,Curtis A. Sliwa,26
33,018,Queens,Eric L. Adams,1
33,018,Queens,Irene Estrada,1
33,018,Queens,Jim Walden,0
33,018,Queens,Joseph Hernandez,0
33,018,Queens,Zohran Kwame Mamdani,283
33,019,Queens,Andrew M. Cuomo,135
33,019,Queens,Curtis A. Sliwa,24
33,019,Queens,Eric L. Adams,0
33,019,Queens,Irene Estrada,0
33,019,Queens,Jim Walden,0
33,019,Queens,Joseph Hernandez,0
33,019,Queens,Zohran Kwame Mamdani,294
33,020,Queens,Andrew M. Cuomo,176
33,020,Queens,Curtis A. Sliwa,43
33,020,Queens,Eric L. Adams,2
33,020,Queens,Irene Estrada,0
33,020,Queens,Jim Walden,1
33,020,Queens,Joseph Hernandez,0
33,020,Queens,Zohran Kwame Mamdani,389
33,021,Queens,Andrew M. Cuomo,208
33,021,Queens,Curtis A. Sliwa,48
33,021,Queens,Eric L. Adams,0
33,021,Queens,Irene Estrada,2
33,021,Queens,Jim Walden,1
33,021,Queens,Joseph Hernandez,1
33,021,Queens,Zohran Kwame Mamdani,450
33,022,Queens,Andrew M. Cuomo,93
33,022,Queens,Curtis A. Sliwa,8
33,022,Queens,Eric L. Adams,1
33,022,Queens,Irene Estrada,1
33,022,Queens,Jim Walden,0
33,022,Queens,Joseph Hernandez,0
33,022,Queens,Zohran Kwame Mamdani,167
33,023,Queens,Andrew M. Cuomo,239
33,023,Queens,Curtis A. Sliwa,29
33,023,Queens,Eric L. Adams,1
33,023,Queens,Irene Estrada,0
33,023,Queens,Jim Walden,0
33,023,Queens,Joseph Hernandez,0
33,023,Queens,Zohran Kwame Mamdani,413
33,024,Queens,Andrew M. Cuomo,52
33,024,Queens,Curtis A. Sliwa,11
33,024,Queens,Eric L. Adams,0
33,024,Queens,Irene Estrada,0
33,024,Queens,Jim Walden,0
33,024,Queens,Joseph Hernandez,0
33,024,Queens,Zohran Kwame Mamdani,51
33,025,Queens,Andrew M. Cuomo,95
33,025,Queens,Curtis A. Sliwa,14
33,025,Queens,Eric L. Adams,0
33,025,Queens,Irene Estrada,0
33,025,Queens,Jim Walden,0
33,025,Queens,Joseph Hernandez,0
33,025,Queens,Zohran Kwame Mamdani,209
33,026,Queens,Andrew M. Cuomo,30
33,026,Queens,Curtis A. Sliwa,11
33,026,Queens,Eric L. Adams,1
33,026,Queens,Irene Estrada,1
33,026,Queens,Jim Walden,0
33,026,Queens,Joseph Hernandez,1
33,026,Queens,Zohran Kwame Mamdani,39
33,027,Queens,Andrew M. Cuomo,202
33,027,Queens,Curtis A. Sliwa,23
33,027,Queens,Eric L. Adams,0
33,027,Queens,Irene Estrada,0
33,027,Queens,Jim Walden,0
33,027,Queens,Joseph Hernandez,0
33,027,Queens,Zohran Kwame Mamdani,273
33,028,Queens,Andrew M. Cuomo,62
33,028,Queens,Curtis A. Sliwa,12
33,028,Queens,Eric L. Adams,3
33,028,Queens,Irene Estrada,1
33,028,Queens,Jim Walden,0
33,028,Queens,Joseph Hernandez,0
33,028,Queens,Zohran Kwame Mamdani,134
33,029,Queens,Andrew M. Cuomo,210
33,029,Queens,Curtis A. Sliwa,24
33,029,Queens,Eric L. Adams,5
33,029,Queens,Irene Estrada,0
33,029,Queens,Jim Walden,1
33,029,Queens,Joseph Hernandez,1
33,029,Queens,Zohran Kwame Mamdani,324
33,030,Queens,Andrew M. Cuomo,198
33,030,Queens,Curtis A. Sliwa,23
33,030,Queens,Eric L. Adams,4
33,030,Queens,Irene Estrada,1
33,030,Queens,Jim Walden,0
33,030,Queens,Joseph Hernandez,0
33,030,Queens,Zohran Kwame Mamdani,318
33,031,Queens,Andrew M. Cuomo,193
33,031,Queens,Curtis A. Sliwa,22
33,031,Queens,Eric L. Adams,10
33,031,Queens,Irene Estrada,2
33,031,Queens,Jim Walden,1
33,031,Queens,Joseph Hernandez,0
33,031,Queens,Zohran Kwame Mamdani,283
33,032,Queens,Andrew M. Cuomo,284
33,032,Queens,Curtis A. Sliwa,28
33,032,Queens,Eric L. Adams,4
33,032,Queens,Irene Estrada,2
33,032,Queens,Jim Walden,0
33,032,Queens,Joseph Hernandez,0
33,032,Queens,Zohran Kwame Mamdani,347
33,033,Queens,Andrew M. Cuomo,147
33,033,Queens,Curtis A. Sliwa,9
33,033,Queens,Eric L. Adams,2
33,033,Queens,Irene Estrada,0
33,033,Queens,Jim Walden,1
33,033,Queens,Joseph Hernandez,0
33,033,Queens,Zohran Kwame Mamdani,208
33,034,Queens,Andrew M. Cuomo,206
33,034,Queens,Curtis A. Sliwa,16
33,034,Queens,Eric L. Adams,4
33,034,Queens,Irene Estrada,2
33,034,Queens,Jim Walden,2
33,034,Queens,Joseph Hernandez,0
33,034,Queens,Zohran Kwame Mamdani,313
33,035,Queens,Andrew M. Cuomo,281
33,035,Queens,Curtis A. Sliwa,11
33,035,Queens,Eric L. Adams,10
33,035,Queens,Irene Estrada,2
33,035,Queens,Jim Walden,2
33,035,Queens,Joseph Hernandez,0
33,035,Queens,Zohran Kwame Mamdani,376
33,036,Queens,Andrew M. Cuomo,269
33,036,Queens,Curtis A. Sliwa,13
33,036,Queens,Eric L. Adams,5
33,036,Queens,Irene Estrada,1
33,036,Queens,Jim Walden,0
33,036,Queens,Joseph Hernandez,3
33,036,Queens,Zohran Kwame Mamdani,385
33,037,Queens,Andrew M. Cuomo,263
33,037,Queens,Curtis A. Sliwa,13
33,037,Queens,Eric L. Adams,5
33,037,Queens,Irene Estrada,0
33,037,Queens,Jim Walden,1
33,037,Queens,Joseph Hernandez,0
33,037,Queens,Zohran Kwame Mamdani,313
33,038,Queens,Andrew M. Cuomo,214
33,038,Queens,Curtis A. Sliwa,10
33,038,Queens,Eric L. Adams,2
33,038,Queens,Irene Estrada,0
33,038,Queens,Jim Walden,0
33,038,Queens,Joseph Hernandez,0
33,038,Queens,Zohran Kwame Mamdani,300
33,039,Queens,Andrew M. Cuomo,198
33,039,Queens,Curtis A. Sliwa,14
33,039,Queens,Eric L. Adams,0
33,039,Queens,Irene Estrada,2
33,039,Queens,Jim Walden,0
33,039,Queens,Joseph Hernandez,0
33,039,Queens,Zohran Kwame Mamdani,228
33,040,Queens,Andrew M. Cuomo,161
33,040,Queens,Curtis A. Sliwa,10
33,040,Queens,Eric L. Adams,5
33,040,Queens,Irene Estrada,1
33,040,Queens,Jim Walden,0
33,040,Queens,Joseph Hernandez,1
33,040,Queens,Zohran Kwame Mamdani,195
33,041,Queens,Andrew M. Cuomo,143
33,041,Queens,Curtis A. Sliwa,8
33,041,Queens,Eric L. Adams,1
33,041,Queens,Irene Estrada,0
33,041,Queens,Jim Walden,0
33,041,Queens,Joseph Hernandez,1
33,041,Queens,Zohran Kwame Mamdani,177
33,042,Queens,Andrew M. Cuomo,212
33,042,Queens,Curtis A. Sliwa,10
33,042,Queens,Eric L. Adams,3
33,042,Queens,Irene Estrada,1
33,042,Queens,Jim Walden,0
33,042,Queens,Joseph Hernandez,0
33,042,Queens,Zohran Kwame Mamdani,260
33,043,Queens,Andrew M. Cuomo,127
33,043,Queens,Curtis A. Sliwa,4
33,043,Queens,Eric L. Adams,1
33,043,Queens,Irene Estrada,0
33,043,Queens,Jim Walden,0
33,043,Queens,Joseph Hernandez,1
33,043,Queens,Zohran Kwame Mamdani,143
33,044,Queens,Andrew M. Cuomo,271
33,044,Queens,Curtis A. Sliwa,16
33,044,Queens,Eric L. Adams,2
33,044,Queens,Irene Estrada,0
33,044,Queens,Jim Walden,1
33,044,Queens,Joseph Hernandez,2
33,044,Queens,Zohran Kwame Mamdani,330
33,045,Queens,Andrew M. Cuomo,203
33,045,Queens,Curtis A. Sliwa,10
33,045,Queens,Eric L. Adams,4
33,045,Queens,Irene Estrada,1
33,045,Queens,Jim Walden,1
33,045,Queens,Joseph Hernandez,0
33,045,Queens,Zohran Kwame Mamdani,304
33,046,Queens,Andrew M. Cuomo,225
33,046,Queens,Curtis A. Sliwa,13
33,046,Queens,Eric L. Adams,3
33,046,Queens,Irene Estrada,2
33,046,Queens,Jim Walden,1
33,046,Queens,Joseph Hernandez,1
33,046,Queens,Zohran Kwame Mamdani,306
33,047,Queens,Andrew M. Cuomo,174
33,047,Queens,Curtis A. Sliwa,9
33,047,Queens,Eric L. Adams,5
33,047,Queens,Irene Estrada,1
33,047,Queens,Jim Walden,1
33,047,Queens,Joseph Hernandez,0
33,047,Queens,Zohran Kwame Mamdani,276
33,048,Queens,Andrew M. Cuomo,196
33,048,Queens,Curtis A. Sliwa,12
33,048,Queens,Eric L. Adams,3
33,048,Queens,Irene Estrada,1
33,048,Queens,Jim Walden,3
33,048,Queens,Joseph Hernandez,2
33,048,Queens,Zohran Kwame Mamdani,292
33,049,Queens,Andrew M. Cuomo,104
33,049,Queens,Curtis A. Sliwa,8
33,049,Queens,Eric L. Adams,2
33,049,Queens,Irene Estrada,0
33,049,Queens,Jim Walden,1
33,049,Queens,Joseph Hernandez,0
33,049,Queens,Zohran Kwame Mamdani,135
33,050,Queens,Andrew M. Cuomo,205
33,050,Queens,Curtis A. Sliwa,15
33,050,Queens,Eric L. Adams,3
33,050,Queens,Irene Estrada,1
33,050,Queens,Jim Walden,1
33,050,Queens,Joseph Hernandez,0
33,050,Queens,Zohran Kwame Mamdani,342
33,051,Queens,Andrew M. Cuomo,240
33,051,Queens,Curtis A. Sliwa,15
33,051,Queens,Eric L. Adams,7
33,051,Queens,Irene Estrada,0
33,051,Queens,Jim Walden,1
33,051,Queens,Joseph Hernandez,0
33,051,Queens,Zohran Kwame Mamdani,403
33,052,Queens,Andrew M. Cuomo,218
33,052,Queens,Curtis A. Sliwa,14
33,052,Queens,Eric L. Adams,5
33,052,Queens,Irene Estrada,0
33,052,Queens,Jim Walden,1
33,052,Queens,Joseph Hernandez,0
33,052,Queens,Zohran Kwame Mamdani,389
33,053,Queens,Andrew M. Cuomo,150
33,053,Queens,Curtis A. Sliwa,15
33,053,Queens,Eric L. Adams,5
33,053,Queens,Irene Estrada,1
33,053,Queens,Jim Walden,0
33,053,Queens,Joseph Hernandez,0
33,053,Queens,Zohran Kwame Mamdani,325
33,054,Queens,Andrew M. Cuomo,192
33,054,Queens,Curtis A. Sliwa,9
33,054,Queens,Eric L. Adams,3
33,054,Queens,Irene Estrada,2
33,054,Queens,Jim Walden,0
33,054,Queens,Joseph Hernandez,0
33,054,Queens,Zohran Kwame Mamdani,320
33,055,Queens,Andrew M. Cuomo,168
33,055,Queens,Curtis A. Sliwa,11
33,055,Queens,Eric L. Adams,3
33,055,Queens,Irene Estrada,0
33,055,Queens,Jim Walden,0
33,055,Queens,Joseph Hernandez,0
33,055,Queens,Zohran Kwame Mamdani,248
33,056,Queens,Andrew M. Cuomo,217
33,056,Queens,Curtis A. Sliwa,10
33,056,Queens,Eric L. Adams,5
33,056,Queens,Irene Estrada,0
33,056,Queens,Jim Walden,0
33,056,Queens,Joseph Hernandez,1
33,056,Queens,Zohran Kwame Mamdani,369
33,057,Queens,Andrew M. Cuomo,166
33,057,Queens,Curtis A. Sliwa,11
33,057,Queens,Eric L. Adams,3
33,057,Queens,Irene Estrada,0
33,057,Queens,Jim Walden,0
33,057,Queens,Joseph Hernandez,1
33,057,Queens,Zohran Kwame Mamdani,252
33,058,Queens,Andrew M. Cuomo,191
33,058,Queens,Curtis A. Sliwa,13
33,058,Queens,Eric L. Adams,3
33,058,Queens,Irene Estrada,0
33,058,Queens,Jim Walden,0
33,058,Queens,Joseph Hernandez,1
33,058,Queens,Zohran Kwame Mamdani,267
33,059,Queens,Andrew M. Cuomo,128
33,059,Queens,Curtis A. Sliwa,11
33,059,Queens,Eric L. Adams,1
33,059,Queens,Irene Estrada,0
33,059,Queens,Jim Walden,2
33,059,Queens,Joseph Hernandez,0
33,059,Queens,Zohran Kwame Mamdani,178
33,060,Queens,Andrew M. Cuomo,182
33,060,Queens,Curtis A. Sliwa,11
33,060,Queens,Eric L. Adams,5
33,060,Queens,Irene Estrada,1
33,060,Queens,Jim Walden,0
33,060,Queens,Joseph Hernandez,2
33,060,Queens,Zohran Kwame Mamdani,233
33,061,Queens,Andrew M. Cuomo,193
33,061,Queens,Curtis A. Sliwa,14
33,061,Queens,Eric L. Adams,4
33,061,Queens,Irene Estrada,0
33,061,Queens,Jim Walden,0
33,061,Queens,Joseph Hernandez,0
33,061,Queens,Zohran Kwame Mamdani,294
33,062,Queens,Andrew M. Cuomo,84
33,062,Queens,Curtis A. Sliwa,4
33,062,Queens,Eric L. Adams,0
33,062,Queens,Irene Estrada,0
33,062,Queens,Jim Walden,0
33,062,Queens,Joseph Hernandez,1
33,062,Queens,Zohran Kwame Mamdani,185
33,063,Queens,Andrew M. Cuomo,101
33,063,Queens,Curtis A. Sliwa,9
33,063,Queens,Eric L. Adams,0
33,063,Queens,Irene Estrada,1
33,063,Queens,Jim Walden,0
33,063,Queens,Joseph Hernandez,0
33,063,Queens,Zohran Kwame Mamdani,224
33,064,Queens,Andrew M. Cuomo,218
33,064,Queens,Curtis A. Sliwa,20
33,064,Queens,Eric L. Adams,1
33,064,Queens,Irene Estrada,0
33,064,Queens,Jim Walden,1
33,064,Queens,Joseph Hernandez,1
33,064,Queens,Zohran Kwame Mamdani,277
34,001,Queens,Andrew M. Cuomo,323
34,001,Queens,Curtis A. Sliwa,110
34,001,Queens,Eric L. Adams,0
34,001,Queens,Irene Estrada,1
34,001,Queens,Jim Walden,0
34,001,Queens,Joseph Hernandez,1
34,001,Queens,Zohran Kwame Mamdani,505
34,002,Queens,Andrew M. Cuomo,57
34,002,Queens,Curtis A. Sliwa,10
34,002,Queens,Eric L. Adams,0
34,002,Queens,Irene Estrada,2
34,002,Queens,Jim Walden,0
34,002,Queens,Joseph Hernandez,0
34,002,Queens,Zohran Kwame Mamdani,59
34,003,Queens,Andrew M. Cuomo,188
34,003,Queens,Curtis A. Sliwa,43
34,003,Queens,Eric L. Adams,0
34,003,Queens,Irene Estrada,0
34,003,Queens,Jim Walden,1
34,003,Queens,Joseph Hernandez,0
34,003,Queens,Zohran Kwame Mamdani,335
34,004,Queens,Andrew M. Cuomo,160
34,004,Queens,Curtis A. Sliwa,49
34,004,Queens,Eric L. Adams,0
34,004,Queens,Irene Estrada,1
34,004,Queens,Jim Walden,1
34,004,Queens,Joseph Hernandez,1
34,004,Queens,Zohran Kwame Mamdani,508
34,005,Queens,Andrew M. Cuomo,231
34,005,Queens,Curtis A. Sliwa,63
34,005,Queens,Eric L. Adams,2
34,005,Queens,Irene Estrada,1
34,005,Queens,Jim Walden,2
34,005,Queens,Joseph Hernandez,0
34,005,Queens,Zohran Kwame Mamdani,582
34,006,Queens,Andrew M. Cuomo,33
34,006,Queens,Curtis A. Sliwa,9
34,006,Queens,Eric L. Adams,0
34,006,Queens,Irene Estrada,0
34,006,Queens,Jim Walden,0
34,006,Queens,Joseph Hernandez,0
34,006,Queens,Zohran Kwame Mamdani,29
34,007,Queens,Andrew M. Cuomo,200
34,007,Queens,Curtis A. Sliwa,45
34,007,Queens,Eric L. Adams,1
34,007,Queens,Irene Estrada,4
34,007,Queens,Jim Walden,0
34,007,Queens,Joseph Hernandez,1
34,007,Queens,Zohran Kwame Mamdani,529
34,008,Queens,Andrew M. Cuomo,251
34,008,Queens,Curtis A. Sliwa,59
34,008,Queens,Eric L. Adams,2
34,008,Queens,Irene Estrada,0
34,008,Queens,Jim Walden,2
34,008,Queens,Joseph Hernandez,0
34,008,Queens,Zohran Kwame Mamdani,587
34,009,Queens,Andrew M. Cuomo,234
34,009,Queens,Curtis A. Sliwa,81
34,009,Queens,Eric L. Adams,0
34,009,Queens,Irene Estrada,0
34,009,Queens,Jim Walden,1
34,009,Queens,Joseph Hernandez,0
34,009,Queens,Zohran Kwame Mamdani,398
34,010,Queens,Andrew M. Cuomo,175
34,010,Queens,Curtis A. Sliwa,39
34,010,Queens,Eric L. Adams,1
34,010,Queens,Irene Estrada,1
34,010,Queens,Jim Walden,1
34,010,Queens,Joseph Hernandez,1
34,010,Queens,Zohran Kwame Mamdani,231
34,011,Queens,Andrew M. Cuomo,119
34,011,Queens,Curtis A. Sliwa,20
34,011,Queens,Eric L. Adams,2
34,011,Queens,Irene Estrada,0
34,011,Queens,Jim Walden,0
34,011,Queens,Joseph Hernandez,0
34,011,Queens,Zohran Kwame Mamdani,147
34,012,Queens,Andrew M. Cuomo,260
34,012,Queens,Curtis A. Sliwa,52
34,012,Queens,Eric L. Adams,2
34,012,Queens,Irene Estrada,0
34,012,Queens,Jim Walden,0
34,012,Queens,Joseph Hernandez,0
34,012,Queens,Zohran Kwame Mamdani,696
34,013,Queens,Andrew M. Cuomo,231
34,013,Queens,Curtis A. Sliwa,67
34,013,Queens,Eric L. Adams,1
34,013,Queens,Irene Estrada,0
34,013,Queens,Jim Walden,2
34,013,Queens,Joseph Hernandez,0
34,013,Queens,Zohran Kwame Mamdani,598
34,014,Queens,Andrew M. Cuomo,357
34,014,Queens,Curtis A. Sliwa,98
34,014,Queens,Eric L. Adams,0
34,014,Queens,Irene Estrada,1
34,014,Queens,Jim Walden,1
34,014,Queens,Joseph Hernandez,1
34,014,Queens,Zohran Kwame Mamdani,583
34,015,Queens,Andrew M. Cuomo,165
34,015,Queens,Curtis A. Sliwa,52
34,015,Queens,Eric L. Adams,0
34,015,Queens,Irene Estrada,1
34,015,Queens,Jim Walden,0
34,015,Queens,Joseph Hernandez,0
34,015,Queens,Zohran Kwame Mamdani,143
34,016,Queens,Andrew M. Cuomo,150
34,016,Queens,Curtis A. Sliwa,45
34,016,Queens,Eric L. Adams,0
34,016,Queens,Irene Estrada,1
34,016,Queens,Jim Walden,0
34,016,Queens,Joseph Hernandez,0
34,016,Queens,Zohran Kwame Mamdani,95
34,017,Queens,Andrew M. Cuomo,238
34,017,Queens,Curtis A. Sliwa,67
34,017,Queens,Eric L. Adams,2
34,017,Queens,Irene Estrada,0
34,017,Queens,Jim Walden,1
34,017,Queens,Joseph Hernandez,0
34,017,Queens,Zohran Kwame Mamdani,492
34,018,Queens,Andrew M. Cuomo,259
34,018,Queens,Curtis A. Sliwa,53
34,018,Queens,Eric L. Adams,2
34,018,Queens,Irene Estrada,0
34,018,Queens,Jim Walden,1
34,018,Queens,Joseph Hernandez,0
34,018,Queens,Zohran Kwame Mamdani,608
34,019,Queens,Andrew M. Cuomo,207
34,019,Queens,Curtis A. Sliwa,60
34,019,Queens,Eric L. Adams,3
34,019,Queens,Irene Estrada,0
34,019,Queens,Jim Walden,0
34,019,Queens,Joseph Hernandez,2
34,019,Queens,Zohran Kwame Mamdani,591
34,020,Queens,Andrew M. Cuomo,258
34,020,Queens,Curtis A. Sliwa,88
34,020,Queens,Eric L. Adams,1
34,020,Queens,Irene Estrada,1
34,020,Queens,Jim Walden,1
34,020,Queens,Joseph Hernandez,0
34,020,Queens,Zohran Kwame Mamdani,636
34,021,Queens,Andrew M. Cuomo,197
34,021,Queens,Curtis A. Sliwa,18
34,021,Queens,Eric L. Adams,2
34,021,Queens,Irene Estrada,3
34,021,Queens,Jim Walden,0
34,021,Queens,Joseph Hernandez,0
34,021,Queens,Zohran Kwame Mamdani,216
34,022,Queens,Andrew M. Cuomo,101
34,022,Queens,Curtis A. Sliwa,23
34,022,Queens,Eric L. Adams,1
34,022,Queens,Irene Estrada,1
34,022,Queens,Jim Walden,0
34,022,Queens,Joseph Hernandez,1
34,022,Queens,Zohran Kwame Mamdani,124
34,023,Queens,Andrew M. Cuomo,87
34,023,Queens,Curtis A. Sliwa,29
34,023,Queens,Eric L. Adams,2
34,023,Queens,Irene Estrada,0
34,023,Queens,Jim Walden,0
34,023,Queens,Joseph Hernandez,2
34,023,Queens,Zohran Kwame Mamdani,199
34,024,Queens,Andrew M. Cuomo,216
34,024,Queens,Curtis A. Sliwa,75
34,024,Queens,Eric L. Adams,1
34,024,Queens,Irene Estrada,0
34,024,Queens,Jim Walden,2
34,024,Queens,Joseph Hernandez,0
34,024,Queens,Zohran Kwame Mamdani,517
34,025,Queens,Andrew M. Cuomo,314
34,025,Queens,Curtis A. Sliwa,77
34,025,Queens,Eric L. Adams,2
34,025,Queens,Irene Estrada,1
34,025,Queens,Jim Walden,1
34,025,Queens,Joseph Hernandez,2
34,025,Queens,Zohran Kwame Mamdani,443
34,026,Queens,Andrew M. Cuomo,37
34,026,Queens,Curtis A. Sliwa,8
34,026,Queens,Eric L. Adams,0
34,026,Queens,Irene Estrada,0
34,026,Queens,Jim Walden,0
34,026,Queens,Joseph Hernandez,0
34,026,Queens,Zohran Kwame Mamdani,50
34,027,Queens,Andrew M. Cuomo,262
34,027,Queens,Curtis A. Sliwa,69
34,027,Queens,Eric L. Adams,1
34,027,Queens,Irene Estrada,1
34,027,Queens,Jim Walden,0
34,027,Queens,Joseph Hernandez,0
34,027,Queens,Zohran Kwame Mamdani,239
34,028,Queens,Andrew M. Cuomo,106
34,028,Queens,Curtis A. Sliwa,24
34,028,Queens,Eric L. Adams,2
34,028,Queens,Irene Estrada,2
34,028,Queens,Jim Walden,0
34,028,Queens,Joseph Hernandez,0
34,028,Queens,Zohran Kwame Mamdani,165
34,029,Queens,Andrew M. Cuomo,182
34,029,Queens,Curtis A. Sliwa,29
34,029,Queens,Eric L. Adams,1
34,029,Queens,Irene Estrada,1
34,029,Queens,Jim Walden,0
34,029,Queens,Joseph Hernandez,0
34,029,Queens,Zohran Kwame Mamdani,226
34,030,Queens,Andrew M. Cuomo,180
34,030,Queens,Curtis A. Sliwa,37
34,030,Queens,Eric L. Adams,1
34,030,Queens,Irene Estrada,0
34,030,Queens,Jim Walden,0
34,030,Queens,Joseph Hernandez,1
34,030,Queens,Zohran Kwame Mamdani,236
34,031,Queens,Andrew M. Cuomo,206
34,031,Queens,Curtis A. Sliwa,43
34,031,Queens,Eric L. Adams,2
34,031,Queens,Irene Estrada,2
34,031,Queens,Jim Walden,0
34,031,Queens,Joseph Hernandez,0
34,031,Queens,Zohran Kwame Mamdani,420
34,032,Queens,Andrew M. Cuomo,148
34,032,Queens,Curtis A. Sliwa,37
34,032,Queens,Eric L. Adams,0
34,032,Queens,Irene Estrada,1
34,032,Queens,Jim Walden,0
34,032,Queens,Joseph Hernandez,0
34,032,Queens,Zohran Kwame Mamdani,209
34,033,Queens,Andrew M. Cuomo,111
34,033,Queens,Curtis A. Sliwa,20
34,033,Queens,Eric L. Adams,1
34,033,Queens,Irene Estrada,1
34,033,Queens,Jim Walden,1
34,033,Queens,Joseph Hernandez,1
34,033,Queens,Zohran Kwame Mamdani,129
34,034,Queens,Andrew M. Cuomo,158
34,034,Queens,Curtis A. Sliwa,40
34,034,Queens,Eric L. Adams,2
34,034,Queens,Irene Estrada,3
34,034,Queens,Jim Walden,1
34,034,Queens,Joseph Hernandez,0
34,034,Queens,Zohran Kwame Mamdani,258
34,035,Queens,Andrew M. Cuomo,112
34,035,Queens,Curtis A. Sliwa,25
34,035,Queens,Eric L. Adams,0
34,035,Queens,Irene Estrada,1
34,035,Queens,Jim Walden,0
34,035,Queens,Joseph Hernandez,0
34,035,Queens,Zohran Kwame Mamdani,180
34,036,Queens,Andrew M. Cuomo,194
34,036,Queens,Curtis A. Sliwa,58
34,036,Queens,Eric L. Adams,2
34,036,Queens,Irene Estrada,1
34,036,Queens,Jim Walden,1
34,036,Queens,Joseph Hernandez,0
34,036,Queens,Zohran Kwame Mamdani,412
34,037,Queens,Andrew M. Cuomo,117
34,037,Queens,Curtis A. Sliwa,25
34,037,Queens,Eric L. Adams,0
34,037,Queens,Irene Estrada,4
34,037,Queens,Jim Walden,0
34,037,Queens,Joseph Hernandez,0
34,037,Queens,Zohran Kwame Mamdani,174
34,038,Queens,Andrew M. Cuomo,83
34,038,Queens,Curtis A. Sliwa,22
34,038,Queens,Eric L. Adams,1
34,038,Queens,Irene Estrada,2
34,038,Queens,Jim Walden,0
34,038,Queens,Joseph Hernandez,0
34,038,Queens,Zohran Kwame Mamdani,196
34,039,Queens,Andrew M. Cuomo,196
34,039,Queens,Curtis A. Sliwa,39
34,039,Queens,Eric L. Adams,2
34,039,Queens,Irene Estrada,1
34,039,Queens,Jim Walden,2
34,039,Queens,Joseph Hernandez,0
34,039,Queens,Zohran Kwame Mamdani,430
34,040,Queens,Andrew M. Cuomo,142
34,040,Queens,Curtis A. Sliwa,40
34,040,Queens,Eric L. Adams,1
34,040,Queens,Irene Estrada,2
34,040,Queens,Jim Walden,1
34,040,Queens,Joseph Hernandez,0
34,040,Queens,Zohran Kwame Mamdani,188
34,041,Queens,Andrew M. Cuomo,261
34,041,Queens,Curtis A. Sliwa,57
34,041,Queens,Eric L. Adams,2
34,041,Queens,Irene Estrada,2
34,041,Queens,Jim Walden,2
34,041,Queens,Joseph Hernandez,1
34,041,Queens,Zohran Kwame Mamdani,404
34,042,Queens,Andrew M. Cuomo,197
34,042,Queens,Curtis A. Sliwa,38
34,042,Queens,Eric L. Adams,1
34,042,Queens,Irene Estrada,1
34,042,Queens,Jim Walden,1
34,042,Queens,Joseph Hernandez,0
34,042,Queens,Zohran Kwame Mamdani,278
34,043,Queens,Andrew M. Cuomo,182
34,043,Queens,Curtis A. Sliwa,38
34,043,Queens,Eric L. Adams,0
34,043,Queens,Irene Estrada,2
34,043,Queens,Jim Walden,0
34,043,Queens,Joseph Hernandez,1
34,043,Queens,Zohran Kwame Mamdani,292
34,044,Queens,Andrew M. Cuomo,248
34,044,Queens,Curtis A. Sliwa,37
34,044,Queens,Eric L. Adams,1
34,044,Queens,Irene Estrada,5
34,044,Queens,Jim Walden,0
34,044,Queens,Joseph Hernandez,0
34,044,Queens,Zohran Kwame Mamdani,337
34,045,Queens,Andrew M. Cuomo,78
34,045,Queens,Curtis A. Sliwa,32
34,045,Queens,Eric L. Adams,0
34,045,Queens,Irene Estrada,1
34,045,Queens,Jim Walden,0
34,045,Queens,Joseph Hernandez,1
34,045,Queens,Zohran Kwame Mamdani,165
34,046,Queens,Andrew M. Cuomo,348
34,046,Queens,Curtis A. Sliwa,65
34,046,Queens,Eric L. Adams,2
34,046,Queens,Irene Estrada,3
34,046,Queens,Jim Walden,1
34,046,Queens,Joseph Hernandez,0
34,046,Queens,Zohran Kwame Mamdani,390
34,047,Queens,Andrew M. Cuomo,300
34,047,Queens,Curtis A. Sliwa,64
34,047,Queens,Eric L. Adams,2
34,047,Queens,Irene Estrada,1
34,047,Queens,Jim Walden,1
34,047,Queens,Joseph Hernandez,1
34,047,Queens,Zohran Kwame Mamdani,279
34,048,Queens,Andrew M. Cuomo,152
34,048,Queens,Curtis A. Sliwa,33
34,048,Queens,Eric L. Adams,2
34,048,Queens,Irene Estrada,1
34,048,Queens,Jim Walden,0
34,048,Queens,Joseph Hernandez,0
34,048,Queens,Zohran Kwame Mamdani,258
34,049,Queens,Andrew M. Cuomo,249
34,049,Queens,Curtis A. Sliwa,42
34,049,Queens,Eric L. Adams,1
34,049,Queens,Irene Estrada,2
34,049,Queens,Jim Walden,3
34,049,Queens,Joseph Hernandez,0
34,049,Queens,Zohran Kwame Mamdani,399
34,050,Queens,Andrew M. Cuomo,32
34,050,Queens,Curtis A. Sliwa,16
34,050,Queens,Eric L. Adams,1
34,050,Queens,Irene Estrada,2
34,050,Queens,Jim Walden,1
34,050,Queens,Joseph Hernandez,2
34,050,Queens,Zohran Kwame Mamdani,65
34,051,Queens,Andrew M. Cuomo,242
34,051,Queens,Curtis A. Sliwa,56
34,051,Queens,Eric L. Adams,2
34,051,Queens,Irene Estrada,1
34,051,Queens,Jim Walden,1
34,051,Queens,Joseph Hernandez,0
34,051,Queens,Zohran Kwame Mamdani,276
34,052,Queens,Andrew M. Cuomo,224
34,052,Queens,Curtis A. Sliwa,56
34,052,Queens,Eric L. Adams,0
34,052,Queens,Irene Estrada,1
34,052,Queens,Jim Walden,1
34,052,Queens,Joseph Hernandez,0
34,052,Queens,Zohran Kwame Mamdani,405
34,054,Queens,Andrew M. Cuomo,170
34,054,Queens,Curtis A. Sliwa,36
34,054,Queens,Eric L. Adams,1
34,054,Queens,Irene Estrada,1
34,054,Queens,Jim Walden,2
34,054,Queens,Joseph Hernandez,1
34,054,Queens,Zohran Kwame Mamdani,208
34,055,Queens,Andrew M. Cuomo,44
34,055,Queens,Curtis A. Sliwa,11
34,055,Queens,Eric L. Adams,0
34,055,Queens,Irene Estrada,0
34,055,Queens,Jim Walden,0
34,055,Queens,Joseph Hernandez,0
34,055,Queens,Zohran Kwame Mamdani,88
34,056,Queens,Andrew M. Cuomo,189
34,056,Queens,Curtis A. Sliwa,42
34,056,Queens,Eric L. Adams,3
34,056,Queens,Irene Estrada,0
34,056,Queens,Jim Walden,1
34,056,Queens,Joseph Hernandez,0
34,056,Queens,Zohran Kwame Mamdani,196
34,057,Queens,Andrew M. Cuomo,11
34,057,Queens,Curtis A. Sliwa,6
34,057,Queens,Eric L. Adams,0
34,057,Queens,Irene Estrada,0
34,057,Queens,Jim Walden,0
34,057,Queens,Joseph Hernandez,0
34,057,Queens,Zohran Kwame Mamdani,17
34,060,Queens,Andrew M. Cuomo,0
34,060,Queens,Curtis A. Sliwa,0
34,060,Queens,Eric L. Adams,0
34,060,Queens,Irene Estrada,0
34,060,Queens,Jim Walden,0
34,060,Queens,Joseph Hernandez,0
34,060,Queens,Zohran Kwame Mamdani,0
35,001,Queens,Andrew M. Cuomo,272
35,001,Queens,Curtis A. Sliwa,98
35,001,Queens,Eric L. Adams,0
35,001,Queens,Irene Estrada,2
35,001,Queens,Jim Walden,0
35,001,Queens,Joseph Hernandez,0
35,001,Queens,Zohran Kwame Mamdani,217
35,002,Queens,Andrew M. Cuomo,145
35,002,Queens,Curtis A. Sliwa,26
35,002,Queens,Eric L. Adams,2
35,002,Queens,Irene Estrada,0
35,002,Queens,Jim Walden,2
35,002,Queens,Joseph Hernandez,1
35,002,Queens,Zohran Kwame Mamdani,168
35,003,Queens,Andrew M. Cuomo,120
35,003,Queens,Curtis A. Sliwa,20
35,003,Queens,Eric L. Adams,1
35,003,Queens,Irene Estrada,0
35,003,Queens,Jim Walden,0
35,003,Queens,Joseph Hernandez,0
35,003,Queens,Zohran Kwame Mamdani,168
35,004,Queens,Andrew M. Cuomo,141
35,004,Queens,Curtis A. Sliwa,33
35,004,Queens,Eric L. Adams,0
35,004,Queens,Irene Estrada,0
35,004,Queens,Jim Walden,1
35,004,Queens,Joseph Hernandez,1
35,004,Queens,Zohran Kwame Mamdani,193
35,005,Queens,Andrew M. Cuomo,167
35,005,Queens,Curtis A. Sliwa,28
35,005,Queens,Eric L. Adams,5
35,005,Queens,Irene Estrada,1
35,005,Queens,Jim Walden,1
35,005,Queens,Joseph Hernandez,0
35,005,Queens,Zohran Kwame Mamdani,208
35,006,Queens,Andrew M. Cuomo,173
35,006,Queens,Curtis A. Sliwa,35
35,006,Queens,Eric L. Adams,1
35,006,Queens,Irene Estrada,1
35,006,Queens,Jim Walden,0
35,006,Queens,Joseph Hernandez,0
35,006,Queens,Zohran Kwame Mamdani,256
35,007,Queens,Andrew M. Cuomo,224
35,007,Queens,Curtis A. Sliwa,49
35,007,Queens,Eric L. Adams,5
35,007,Queens,Irene Estrada,2
35,007,Queens,Jim Walden,0
35,007,Queens,Joseph Hernandez,0
35,007,Queens,Zohran Kwame Mamdani,346
35,008,Queens,Andrew M. Cuomo,236
35,008,Queens,Curtis A. Sliwa,35
35,008,Queens,Eric L. Adams,2
35,008,Queens,Irene Estrada,5
35,008,Queens,Jim Walden,0
35,008,Queens,Joseph Hernandez,1
35,008,Queens,Zohran Kwame Mamdani,315
35,009,Queens,Andrew M. Cuomo,426
35,009,Queens,Curtis A. Sliwa,51
35,009,Queens,Eric L. Adams,1
35,009,Queens,Irene Estrada,0
35,009,Queens,Jim Walden,0
35,009,Queens,Joseph Hernandez,2
35,009,Queens,Zohran Kwame Mamdani,204
35,010,Queens,Andrew M. Cuomo,106
35,010,Queens,Curtis A. Sliwa,20
35,010,Queens,Eric L. Adams,0
35,010,Queens,Irene Estrada,0
35,010,Queens,Jim Walden,0
35,010,Queens,Joseph Hernandez,0
35,010,Queens,Zohran Kwame Mamdani,121
35,011,Queens,Andrew M. Cuomo,118
35,011,Queens,Curtis A. Sliwa,13
35,011,Queens,Eric L. Adams,2
35,011,Queens,Irene Estrada,0
35,011,Queens,Jim Walden,0
35,011,Queens,Joseph Hernandez,0
35,011,Queens,Zohran Kwame Mamdani,180
35,012,Queens,Andrew M. Cuomo,144
35,012,Queens,Curtis A. Sliwa,34
35,012,Queens,Eric L. Adams,2
35,012,Queens,Irene Estrada,3
35,012,Queens,Jim Walden,0
35,012,Queens,Joseph Hernandez,0
35,012,Queens,Zohran Kwame Mamdani,259
35,013,Queens,Andrew M. Cuomo,165
35,013,Queens,Curtis A. Sliwa,28
35,013,Queens,Eric L. Adams,3
35,013,Queens,Irene Estrada,1
35,013,Queens,Jim Walden,0
35,013,Queens,Joseph Hernandez,0
35,013,Queens,Zohran Kwame Mamdani,240
35,014,Queens,Andrew M. Cuomo,178
35,014,Queens,Curtis A. Sliwa,20
35,014,Queens,Eric L. Adams,1
35,014,Queens,Irene Estrada,3
35,014,Queens,Jim Walden,1
35,014,Queens,Joseph Hernandez,1
35,014,Queens,Zohran Kwame Mamdani,278
35,015,Queens,Andrew M. Cuomo,166
35,015,Queens,Curtis A. Sliwa,22
35,015,Queens,Eric L. Adams,3
35,015,Queens,Irene Estrada,0
35,015,Queens,Jim Walden,0
35,015,Queens,Joseph Hernandez,1
35,015,Queens,Zohran Kwame Mamdani,188
35,016,Queens,Andrew M. Cuomo,227
35,016,Queens,Curtis A. Sliwa,26
35,016,Queens,Eric L. Adams,2
35,016,Queens,Irene Estrada,3
35,016,Queens,Jim Walden,0
35,016,Queens,Joseph Hernandez,0
35,016,Queens,Zohran Kwame Mamdani,277
35,017,Queens,Andrew M. Cuomo,148
35,017,Queens,Curtis A. Sliwa,29
35,017,Queens,Eric L. Adams,1
35,017,Queens,Irene Estrada,1
35,017,Queens,Jim Walden,0
35,017,Queens,Joseph Hernandez,1
35,017,Queens,Zohran Kwame Mamdani,206
35,018,Queens,Andrew M. Cuomo,98
35,018,Queens,Curtis A. Sliwa,23
35,018,Queens,Eric L. Adams,1
35,018,Queens,Irene Estrada,1
35,018,Queens,Jim Walden,0
35,018,Queens,Joseph Hernandez,0
35,018,Queens,Zohran Kwame Mamdani,91
35,019,Queens,Andrew M. Cuomo,90
35,019,Queens,Curtis A. Sliwa,22
35,019,Queens,Eric L. Adams,2
35,019,Queens,Irene Estrada,0
35,019,Queens,Jim Walden,0
35,019,Queens,Joseph Hernandez,0
35,019,Queens,Zohran Kwame Mamdani,131
35,020,Queens,Andrew M. Cuomo,61
35,020,Queens,Curtis A. Sliwa,17
35,020,Queens,Eric L. Adams,0
35,020,Queens,Irene Estrada,0
35,020,Queens,Jim Walden,0
35,020,Queens,Joseph Hernandez,0
35,020,Queens,Zohran Kwame Mamdani,79
35,021,Queens,Andrew M. Cuomo,65
35,021,Queens,Curtis A. Sliwa,26
35,021,Queens,Eric L. Adams,5
35,021,Queens,Irene Estrada,3
35,021,Queens,Jim Walden,0
35,021,Queens,Joseph Hernandez,1
35,021,Queens,Zohran Kwame Mamdani,62
35,022,Queens,Andrew M. Cuomo,136
35,022,Queens,Curtis A. Sliwa,37
35,022,Queens,Eric L. Adams,5
35,022,Queens,Irene Estrada,2
35,022,Queens,Jim Walden,0
35,022,Queens,Joseph Hernandez,0
35,022,Queens,Zohran Kwame Mamdani,223
35,023,Queens,Andrew M. Cuomo,147
35,023,Queens,Curtis A. Sliwa,24
35,023,Queens,Eric L. Adams,1
35,023,Queens,Irene Estrada,1
35,023,Queens,Jim Walden,0
35,023,Queens,Joseph Hernandez,0
35,023,Queens,Zohran Kwame Mamdani,145
35,024,Queens,Andrew M. Cuomo,130
35,024,Queens,Curtis A. Sliwa,22
35,024,Queens,Eric L. Adams,1
35,024,Queens,Irene Estrada,1
35,024,Queens,Jim Walden,2
35,024,Queens,Joseph Hernandez,0
35,024,Queens,Zohran Kwame Mamdani,169
35,025,Queens,Andrew M. Cuomo,203
35,025,Queens,Curtis A. Sliwa,33
35,025,Queens,Eric L. Adams,0
35,025,Queens,Irene Estrada,1
35,025,Queens,Jim Walden,0
35,025,Queens,Joseph Hernandez,0
35,025,Queens,Zohran Kwame Mamdani,233
35,026,Queens,Andrew M. Cuomo,196
35,026,Queens,Curtis A. Sliwa,33
35,026,Queens,Eric L. Adams,1
35,026,Queens,Irene Estrada,3
35,026,Queens,Jim Walden,0
35,026,Queens,Joseph Hernandez,0
35,026,Queens,Zohran Kwame Mamdani,251
35,027,Queens,Andrew M. Cuomo,51
35,027,Queens,Curtis A. Sliwa,13
35,027,Queens,Eric L. Adams,0
35,027,Queens,Irene Estrada,0
35,027,Queens,Jim Walden,0
35,027,Queens,Joseph Hernandez,0
35,027,Queens,Zohran Kwame Mamdani,71
35,028,Queens,Andrew M. Cuomo,44
35,028,Queens,Curtis A. Sliwa,8
35,028,Queens,Eric L. Adams,0
35,028,Queens,Irene Estrada,0
35,028,Queens,Jim Walden,0
35,028,Queens,Joseph Hernandez,0
35,028,Queens,Zohran Kwame Mamdani,41
35,029,Queens,Andrew M. Cuomo,110
35,029,Queens,Curtis A. Sliwa,15
35,029,Queens,Eric L. Adams,0
35,029,Queens,Irene Estrada,0
35,029,Queens,Jim Walden,1
35,029,Queens,Joseph Hernandez,0
35,029,Queens,Zohran Kwame Mamdani,175
35,030,Queens,Andrew M. Cuomo,249
35,030,Queens,Curtis A. Sliwa,46
35,030,Queens,Eric L. Adams,1
35,030,Queens,Irene Estrada,1
35,030,Queens,Jim Walden,1
35,030,Queens,Joseph Hernandez,2
35,030,Queens,Zohran Kwame Mamdani,280
35,031,Queens,Andrew M. Cuomo,314
35,031,Queens,Curtis A. Sliwa,25
35,031,Queens,Eric L. Adams,1
35,031,Queens,Irene Estrada,1
35,031,Queens,Jim Walden,1
35,031,Queens,Joseph Hernandez,0
35,031,Queens,Zohran Kwame Mamdani,142
35,032,Queens,Andrew M. Cuomo,190
35,032,Queens,Curtis A. Sliwa,20
35,032,Queens,Eric L. Adams,2
35,032,Queens,Irene Estrada,0
35,032,Queens,Jim Walden,1
35,032,Queens,Joseph Hernandez,0
35,032,Queens,Zohran Kwame Mamdani,249
35,033,Queens,Andrew M. Cuomo,193
35,033,Queens,Curtis A. Sliwa,23
35,033,Queens,Eric L. Adams,2
35,033,Queens,Irene Estrada,1
35,033,Queens,Jim Walden,0
35,033,Queens,Joseph Hernandez,0
35,033,Queens,Zohran Kwame Mamdani,237
35,034,Queens,Andrew M. Cuomo,197
35,034,Queens,Curtis A. Sliwa,29
35,034,Queens,Eric L. Adams,2
35,034,Queens,Irene Estrada,0
35,034,Queens,Jim Walden,0
35,034,Queens,Joseph Hernandez,1
35,034,Queens,Zohran Kwame Mamdani,189
35,035,Queens,Andrew M. Cuomo,177
35,035,Queens,Curtis A. Sliwa,25
35,035,Queens,Eric L. Adams,3
35,035,Queens,Irene Estrada,1
35,035,Queens,Jim Walden,0
35,035,Queens,Joseph Hernandez,0
35,035,Queens,Zohran Kwame Mamdani,222
35,036,Queens,Andrew M. Cuomo,186
35,036,Queens,Curtis A. Sliwa,26
35,036,Queens,Eric L. Adams,6
35,036,Queens,Irene Estrada,2
35,036,Queens,Jim Walden,1
35,036,Queens,Joseph Hernandez,0
35,036,Queens,Zohran Kwame Mamdani,220
35,037,Queens,Andrew M. Cuomo,192
35,037,Queens,Curtis A. Sliwa,41
35,037,Queens,Eric L. Adams,0
35,037,Queens,Irene Estrada,0
35,037,Queens,Jim Walden,0
35,037,Queens,Joseph Hernandez,0
35,037,Queens,Zohran Kwame Mamdani,119
35,038,Queens,Andrew M. Cuomo,312
35,038,Queens,Curtis A. Sliwa,58
35,038,Queens,Eric L. Adams,3
35,038,Queens,Irene Estrada,1
35,038,Queens,Jim Walden,1
35,038,Queens,Joseph Hernandez,0
35,038,Queens,Zohran Kwame Mamdani,188
35,039,Queens,Andrew M. Cuomo,395
35,039,Queens,Curtis A. Sliwa,64
35,039,Queens,Eric L. Adams,6
35,039,Queens,Irene Estrada,1
35,039,Queens,Jim Walden,0
35,039,Queens,Joseph Hernandez,1
35,039,Queens,Zohran Kwame Mamdani,227
35,040,Queens,Andrew M. Cuomo,327
35,040,Queens,Curtis A. Sliwa,42
35,040,Queens,Eric L. Adams,2
35,040,Queens,Irene Estrada,1
35,040,Queens,Jim Walden,1
35,040,Queens,Joseph Hernandez,0
35,040,Queens,Zohran Kwame Mamdani,167
35,041,Queens,Andrew M. Cuomo,465
35,041,Queens,Curtis A. Sliwa,34
35,041,Queens,Eric L. Adams,2
35,041,Queens,Irene Estrada,0
35,041,Queens,Jim Walden,0
35,041,Queens,Joseph Hernandez,0
35,041,Queens,Zohran Kwame Mamdani,179
35,042,Queens,Andrew M. Cuomo,597
35,042,Queens,Curtis A. Sliwa,45
35,042,Queens,Eric L. Adams,1
35,042,Queens,Irene Estrada,1
35,042,Queens,Jim Walden,0
35,042,Queens,Joseph Hernandez,0
35,042,Queens,Zohran Kwame Mamdani,204
35,043,Queens,Andrew M. Cuomo,190
35,043,Queens,Curtis A. Sliwa,26
35,043,Queens,Eric L. Adams,1
35,043,Queens,Irene Estrada,0
35,043,Queens,Jim Walden,0
35,043,Queens,Joseph Hernandez,0
35,043,Queens,Zohran Kwame Mamdani,83
35,044,Queens,Andrew M. Cuomo,140
35,044,Queens,Curtis A. Sliwa,17
35,044,Queens,Eric L. Adams,1
35,044,Queens,Irene Estrada,1
35,044,Queens,Jim Walden,0
35,044,Queens,Joseph Hernandez,0
35,044,Queens,Zohran Kwame Mamdani,130
35,045,Queens,Andrew M. Cuomo,314
35,045,Queens,Curtis A. Sliwa,37
35,045,Queens,Eric L. Adams,0
35,045,Queens,Irene Estrada,0
35,045,Queens,Jim Walden,1
35,045,Queens,Joseph Hernandez,0
35,045,Queens,Zohran Kwame Mamdani,102
35,046,Queens,Andrew M. Cuomo,222
35,046,Queens,Curtis A. Sliwa,21
35,046,Queens,Eric L. Adams,0
35,046,Queens,Irene Estrada,1
35,046,Queens,Jim Walden,0
35,046,Queens,Joseph Hernandez,1
35,046,Queens,Zohran Kwame Mamdani,140
35,048,Queens,Andrew M. Cuomo,32
35,048,Queens,Curtis A. Sliwa,8
35,048,Queens,Eric L. Adams,0
35,048,Queens,Irene Estrada,1
35,048,Queens,Jim Walden,0
35,048,Queens,Joseph Hernandez,0
35,048,Queens,Zohran Kwame Mamdani,60
35,049,Queens,Andrew M. Cuomo,268
35,049,Queens,Curtis A. Sliwa,85
35,049,Queens,Eric L. Adams,1
35,049,Queens,Irene Estrada,0
35,049,Queens,Jim Walden,1
35,049,Queens,Joseph Hernandez,0
35,049,Queens,Zohran Kwame Mamdani,225
35,050,Queens,Andrew M. Cuomo,0
35,050,Queens,Curtis A. Sliwa,0
35,050,Queens,Eric L. Adams,0
35,050,Queens,Irene Estrada,0
35,050,Queens,Jim Walden,0
35,050,Queens,Joseph Hernandez,0
35,050,Queens,Zohran Kwame Mamdani,0
35,055,Queens,Andrew M. Cuomo,0
35,055,Queens,Curtis A. Sliwa,0
35,055,Queens,Eric L. Adams,0
35,055,Queens,Irene Estrada,0
35,055,Queens,Jim Walden,0
35,055,Queens,Joseph Hernandez,0
35,055,Queens,Zohran Kwame Mamdani,0
35,056,Queens,Andrew M. Cuomo,0
35,056,Queens,Curtis A. Sliwa,0
35,056,Queens,Eric L. Adams,0
35,056,Queens,Irene Estrada,0
35,056,Queens,Jim Walden,0
35,056,Queens,Joseph Hernandez,0
35,056,Queens,Zohran Kwame Mamdani,0
35,057,Queens,Andrew M. Cuomo,0
35,057,Queens,Curtis A. Sliwa,0
35,057,Queens,Eric L. Adams,0
35,057,Queens,Irene Estrada,0
35,057,Queens,Jim Walden,0
35,057,Queens,Joseph Hernandez,0
35,057,Queens,Zohran Kwame Mamdani,0
35,060,Queens,Andrew M. Cuomo,0
35,060,Queens,Curtis A. Sliwa,0
35,060,Queens,Eric L. Adams,0
35,060,Queens,Irene Estrada,0
35,060,Queens,Jim Walden,0
35,060,Queens,Joseph Hernandez,0
35,060,Queens,Zohran Kwame Mamdani,0
35,061,Queens,Andrew M. Cuomo,0
35,061,Queens,Curtis A. Sliwa,0
35,061,Queens,Eric L. Adams,0
35,061,Queens,Irene Estrada,0
35,061,Queens,Jim Walden,0
35,061,Queens,Joseph Hernandez,0
35,061,Queens,Zohran Kwame Mamdani,0
35,062,Queens,Andrew M. Cuomo,0
35,062,Queens,Curtis A. Sliwa,0
35,062,Queens,Eric L. Adams,0
35,062,Queens,Irene Estrada,0
35,062,Queens,Jim Walden,0
35,062,Queens,Joseph Hernandez,0
35,062,Queens,Zohran Kwame Mamdani,0
36,001,Queens,Andrew M. Cuomo,250
36,001,Queens,Curtis A. Sliwa,77
36,001,Queens,Eric L. Adams,1
36,001,Queens,Irene Estrada,0
36,001,Queens,Jim Walden,0
36,001,Queens,Joseph Hernandez,2
36,001,Queens,Zohran Kwame Mamdani,403
36,002,Queens,Andrew M. Cuomo,88
36,002,Queens,Curtis A. Sliwa,22
36,002,Queens,Eric L. Adams,0
36,002,Queens,Irene Estrada,0
36,002,Queens,Jim Walden,0
36,002,Queens,Joseph Hernandez,1
36,002,Queens,Zohran Kwame Mamdani,259
36,003,Queens,Andrew M. Cuomo,317
36,003,Queens,Curtis A. Sliwa,53
36,003,Queens,Eric L. Adams,0
36,003,Queens,Irene Estrada,0
36,003,Queens,Jim Walden,2
36,003,Queens,Joseph Hernandez,0
36,003,Queens,Zohran Kwame Mamdani,579
36,004,Queens,Andrew M. Cuomo,213
36,004,Queens,Curtis A. Sliwa,63
36,004,Queens,Eric L. Adams,0
36,004,Queens,Irene Estrada,0
36,004,Queens,Jim Walden,0
36,004,Queens,Joseph Hernandez,0
36,004,Queens,Zohran Kwame Mamdani,446
36,005,Queens,Andrew M. Cuomo,341
36,005,Queens,Curtis A. Sliwa,79
36,005,Queens,Eric L. Adams,3
36,005,Queens,Irene Estrada,0
36,005,Queens,Jim Walden,3
36,005,Queens,Joseph Hernandez,0
36,005,Queens,Zohran Kwame Mamdani,656
36,006,Queens,Andrew M. Cuomo,140
36,006,Queens,Curtis A. Sliwa,12
36,006,Queens,Eric L. Adams,2
36,006,Queens,Irene Estrada,1
36,006,Queens,Jim Walden,1
36,006,Queens,Joseph Hernandez,1
36,006,Queens,Zohran Kwame Mamdani,216
36,007,Queens,Andrew M. Cuomo,149
36,007,Queens,Curtis A. Sliwa,42
36,007,Queens,Eric L. Adams,2
36,007,Queens,Irene Estrada,0
36,007,Queens,Jim Walden,0
36,007,Queens,Joseph Hernandez,0
36,007,Queens,Zohran Kwame Mamdani,524
36,008,Queens,Andrew M. Cuomo,226
36,008,Queens,Curtis A. Sliwa,56
36,008,Queens,Eric L. Adams,1
36,008,Queens,Irene Estrada,0
36,008,Queens,Jim Walden,0
36,008,Queens,Joseph Hernandez,0
36,008,Queens,Zohran Kwame Mamdani,436
36,009,Queens,Andrew M. Cuomo,110
36,009,Queens,Curtis A. Sliwa,38
36,009,Queens,Eric L. Adams,0
36,009,Queens,Irene Estrada,1
36,009,Queens,Jim Walden,0
36,009,Queens,Joseph Hernandez,0
36,009,Queens,Zohran Kwame Mamdani,443
36,010,Queens,Andrew M. Cuomo,204
36,010,Queens,Curtis A. Sliwa,70
36,010,Queens,Eric L. Adams,1
36,010,Queens,Irene Estrada,0
36,010,Queens,Jim Walden,2
36,010,Queens,Joseph Hernandez,1
36,010,Queens,Zohran Kwame Mamdani,761
36,011,Queens,Andrew M. Cuomo,111
36,011,Queens,Curtis A. Sliwa,23
36,011,Queens,Eric L. Adams,0
36,011,Queens,Irene Estrada,0
36,011,Queens,Jim Walden,1
36,011,Queens,Joseph Hernandez,0
36,011,Queens,Zohran Kwame Mamdani,307
36,012,Queens,Andrew M. Cuomo,120
36,012,Queens,Curtis A. Sliwa,40
36,012,Queens,Eric L. Adams,0
36,012,Queens,Irene Estrada,0
36,012,Queens,Jim Walden,0
36,012,Queens,Joseph Hernandez,0
36,012,Queens,Zohran Kwame Mamdani,557
36,013,Queens,Andrew M. Cuomo,171
36,013,Queens,Curtis A. Sliwa,57
36,013,Queens,Eric L. Adams,0
36,013,Queens,Irene Estrada,0
36,013,Queens,Jim Walden,1
36,013,Queens,Joseph Hernandez,0
36,013,Queens,Zohran Kwame Mamdani,495
36,014,Queens,Andrew M. Cuomo,183
36,014,Queens,Curtis A. Sliwa,46
36,014,Queens,Eric L. Adams,2
36,014,Queens,Irene Estrada,1
36,014,Queens,Jim Walden,0
36,014,Queens,Joseph Hernandez,0
36,014,Queens,Zohran Kwame Mamdani,715
36,015,Queens,Andrew M. Cuomo,53
36,015,Queens,Curtis A. Sliwa,16
36,015,Queens,Eric L. Adams,2
36,015,Queens,Irene Estrada,0
36,015,Queens,Jim Walden,1
36,015,Queens,Joseph Hernandez,0
36,015,Queens,Zohran Kwame Mamdani,247
36,016,Queens,Andrew M. Cuomo,149
36,016,Queens,Curtis A. Sliwa,29
36,016,Queens,Eric L. Adams,0
36,016,Queens,Irene Estrada,0
36,016,Queens,Jim Walden,3
36,016,Queens,Joseph Hernandez,0
36,016,Queens,Zohran Kwame Mamdani,514
36,017,Queens,Andrew M. Cuomo,191
36,017,Queens,Curtis A. Sliwa,54
36,017,Queens,Eric L. Adams,1
36,017,Queens,Irene Estrada,0
36,017,Queens,Jim Walden,2
36,017,Queens,Joseph Hernandez,0
36,017,Queens,Zohran Kwame Mamdani,690
36,018,Queens,Andrew M. Cuomo,82
36,018,Queens,Curtis A. Sliwa,28
36,018,Queens,Eric L. Adams,1
36,018,Queens,Irene Estrada,0
36,018,Queens,Jim Walden,1
36,018,Queens,Joseph Hernandez,1
36,018,Queens,Zohran Kwame Mamdani,379
36,019,Queens,Andrew M. Cuomo,210
36,019,Queens,Curtis A. Sliwa,41
36,019,Queens,Eric L. Adams,0
36,019,Queens,Irene Estrada,2
36,019,Queens,Jim Walden,1
36,019,Queens,Joseph Hernandez,0
36,019,Queens,Zohran Kwame Mamdani,713
36,020,Queens,Andrew M. Cuomo,174
36,020,Queens,Curtis A. Sliwa,54
36,020,Queens,Eric L. Adams,2
36,020,Queens,Irene Estrada,0
36,020,Queens,Jim Walden,0
36,020,Queens,Joseph Hernandez,0
36,020,Queens,Zohran Kwame Mamdani,767
36,021,Queens,Andrew M. Cuomo,155
36,021,Queens,Curtis A. Sliwa,40
36,021,Queens,Eric L. Adams,1
36,021,Queens,Irene Estrada,0
36,021,Queens,Jim Walden,0
36,021,Queens,Joseph Hernandez,0
36,021,Queens,Zohran Kwame Mamdani,688
36,022,Queens,Andrew M. Cuomo,199
36,022,Queens,Curtis A. Sliwa,44
36,022,Queens,Eric L. Adams,1
36,022,Queens,Irene Estrada,0
36,022,Queens,Jim Walden,1
36,022,Queens,Joseph Hernandez,1
36,022,Queens,Zohran Kwame Mamdani,756
36,023,Queens,Andrew M. Cuomo,198
36,023,Queens,Curtis A. Sliwa,59
36,023,Queens,Eric L. Adams,0
36,023,Queens,Irene Estrada,0
36,023,Queens,Jim Walden,1
36,023,Queens,Joseph Hernandez,0
36,023,Queens,Zohran Kwame Mamdani,680
36,024,Queens,Andrew M. Cuomo,118
36,024,Queens,Curtis A. Sliwa,38
36,024,Queens,Eric L. Adams,0
36,024,Queens,Irene Estrada,1
36,024,Queens,Jim Walden,1
36,024,Queens,Joseph Hernandez,2
36,024,Queens,Zohran Kwame Mamdani,525
36,025,Queens,Andrew M. Cuomo,181
36,025,Queens,Curtis A. Sliwa,58
36,025,Queens,Eric L. Adams,0
36,025,Queens,Irene Estrada,0
36,025,Queens,Jim Walden,1
36,025,Queens,Joseph Hernandez,0
36,025,Queens,Zohran Kwame Mamdani,799
36,026,Queens,Andrew M. Cuomo,80
36,026,Queens,Curtis A. Sliwa,29
36,026,Queens,Eric L. Adams,1
36,026,Queens,Irene Estrada,0
36,026,Queens,Jim Walden,0
36,026,Queens,Joseph Hernandez,0
36,026,Queens,Zohran Kwame Mamdani,448
36,027,Queens,Andrew M. Cuomo,60
36,027,Queens,Curtis A. Sliwa,12
36,027,Queens,Eric L. Adams,1
36,027,Queens,Irene Estrada,0
36,027,Queens,Jim Walden,0
36,027,Queens,Joseph Hernandez,1
36,027,Queens,Zohran Kwame Mamdani,200
36,028,Queens,Andrew M. Cuomo,223
36,028,Queens,Curtis A. Sliwa,80
36,028,Queens,Eric L. Adams,0
36,028,Queens,Irene Estrada,1
36,028,Queens,Jim Walden,1
36,028,Queens,Joseph Hernandez,0
36,028,Queens,Zohran Kwame Mamdani,702
36,029,Queens,Andrew M. Cuomo,20
36,029,Queens,Curtis A. Sliwa,9
36,029,Queens,Eric L. Adams,0
36,029,Queens,Irene Estrada,1
36,029,Queens,Jim Walden,0
36,029,Queens,Joseph Hernandez,0
36,029,Queens,Zohran Kwame Mamdani,106
36,030,Queens,Andrew M. Cuomo,86
36,030,Queens,Curtis A. Sliwa,24
36,030,Queens,Eric L. Adams,1
36,030,Queens,Irene Estrada,4
36,030,Queens,Jim Walden,0
36,030,Queens,Joseph Hernandez,0
36,030,Queens,Zohran Kwame Mamdani,319
36,031,Queens,Andrew M. Cuomo,95
36,031,Queens,Curtis A. Sliwa,26
36,031,Queens,Eric L. Adams,1
36,031,Queens,Irene Estrada,0
36,031,Queens,Jim Walden,0
36,031,Queens,Joseph Hernandez,0
36,031,Queens,Zohran Kwame Mamdani,423
36,032,Queens,Andrew M. Cuomo,113
36,032,Queens,Curtis A. Sliwa,18
36,032,Queens,Eric L. Adams,2
36,032,Queens,Irene Estrada,0
36,032,Queens,Jim Walden,0
36,032,Queens,Joseph Hernandez,1
36,032,Queens,Zohran Kwame Mamdani,563
36,033,Queens,Andrew M. Cuomo,20
36,033,Queens,Curtis A. Sliwa,8
36,033,Queens,Eric L. Adams,0
36,033,Queens,Irene Estrada,0
36,033,Queens,Jim Walden,0
36,033,Queens,Joseph Hernandez,0
36,033,Queens,Zohran Kwame Mamdani,69
36,034,Queens,Andrew M. Cuomo,29
36,034,Queens,Curtis A. Sliwa,8
36,034,Queens,Eric L. Adams,0
36,034,Queens,Irene Estrada,0
36,034,Queens,Jim Walden,0
36,034,Queens,Joseph Hernandez,0
36,034,Queens,Zohran Kwame Mamdani,56
36,035,Queens,Andrew M. Cuomo,184
36,035,Queens,Curtis A. Sliwa,24
36,035,Queens,Eric L. Adams,0
36,035,Queens,Irene Estrada,0
36,035,Queens,Jim Walden,0
36,035,Queens,Joseph Hernandez,0
36,035,Queens,Zohran Kwame Mamdani,688
36,036,Queens,Andrew M. Cuomo,193
36,036,Queens,Curtis A. Sliwa,34
36,036,Queens,Eric L. Adams,1
36,036,Queens,Irene Estrada,0
36,036,Queens,Jim Walden,2
36,036,Queens,Joseph Hernandez,0
36,036,Queens,Zohran Kwame Mamdani,458
36,037,Queens,Andrew M. Cuomo,97
36,037,Queens,Curtis A. Sliwa,15
36,037,Queens,Eric L. Adams,2
36,037,Queens,Irene Estrada,0
36,037,Queens,Jim Walden,3
36,037,Queens,Joseph Hernandez,0
36,037,Queens,Zohran Kwame Mamdani,485
36,038,Queens,Andrew M. Cuomo,182
36,038,Queens,Curtis A. Sliwa,30
36,038,Queens,Eric L. Adams,5
36,038,Queens,Irene Estrada,1
36,038,Queens,Jim Walden,0
36,038,Queens,Joseph Hernandez,0
36,038,Queens,Zohran Kwame Mamdani,193
36,039,Queens,Andrew M. Cuomo,208
36,039,Queens,Curtis A. Sliwa,30
36,039,Queens,Eric L. Adams,6
36,039,Queens,Irene Estrada,1
36,039,Queens,Jim Walden,0
36,039,Queens,Joseph Hernandez,1
36,039,Queens,Zohran Kwame Mamdani,206
36,040,Queens,Andrew M. Cuomo,179
36,040,Queens,Curtis A. Sliwa,27
36,040,Queens,Eric L. Adams,9
36,040,Queens,Irene Estrada,3
36,040,Queens,Jim Walden,2
36,040,Queens,Joseph Hernandez,0
36,040,Queens,Zohran Kwame Mamdani,238
36,041,Queens,Andrew M. Cuomo,164
36,041,Queens,Curtis A. Sliwa,32
36,041,Queens,Eric L. Adams,0
36,041,Queens,Irene Estrada,0
36,041,Queens,Jim Walden,2
36,041,Queens,Joseph Hernandez,1
36,041,Queens,Zohran Kwame Mamdani,719
36,042,Queens,Andrew M. Cuomo,160
36,042,Queens,Curtis A. Sliwa,20
36,042,Queens,Eric L. Adams,0
36,042,Queens,Irene Estrada,0
36,042,Queens,Jim Walden,1
36,042,Queens,Joseph Hernandez,2
36,042,Queens,Zohran Kwame Mamdani,730
36,043,Queens,Andrew M. Cuomo,83
36,043,Queens,Curtis A. Sliwa,26
36,043,Queens,Eric L. Adams,0
36,043,Queens,Irene Estrada,0
36,043,Queens,Jim Walden,1
36,043,Queens,Joseph Hernandez,0
36,043,Queens,Zohran Kwame Mamdani,459
36,044,Queens,Andrew M. Cuomo,181
36,044,Queens,Curtis A. Sliwa,61
36,044,Queens,Eric L. Adams,2
36,044,Queens,Irene Estrada,1
36,044,Queens,Jim Walden,1
36,044,Queens,Joseph Hernandez,0
36,044,Queens,Zohran Kwame Mamdani,646
36,045,Queens,Andrew M. Cuomo,109
36,045,Queens,Curtis A. Sliwa,25
36,045,Queens,Eric L. Adams,0
36,045,Queens,Irene Estrada,0
36,045,Queens,Jim Walden,0
36,045,Queens,Joseph Hernandez,0
36,045,Queens,Zohran Kwame Mamdani,340
36,046,Queens,Andrew M. Cuomo,207
36,046,Queens,Curtis A. Sliwa,27
36,046,Queens,Eric L. Adams,3
36,046,Queens,Irene Estrada,0
36,046,Queens,Jim Walden,0
36,046,Queens,Joseph Hernandez,0
36,046,Queens,Zohran Kwame Mamdani,249
36,047,Queens,Andrew M. Cuomo,189
36,047,Queens,Curtis A. Sliwa,26
36,047,Queens,Eric L. Adams,4
36,047,Queens,Irene Estrada,0
36,047,Queens,Jim Walden,0
36,047,Queens,Joseph Hernandez,0
36,047,Queens,Zohran Kwame Mamdani,223
36,048,Queens,Andrew M. Cuomo,77
36,048,Queens,Curtis A. Sliwa,20
36,048,Queens,Eric L. Adams,0
36,048,Queens,Irene Estrada,0
36,048,Queens,Jim Walden,0
36,048,Queens,Joseph Hernandez,0
36,048,Queens,Zohran Kwame Mamdani,336
36,049,Queens,Andrew M. Cuomo,153
36,049,Queens,Curtis A. Sliwa,24
36,049,Queens,Eric L. Adams,0
36,049,Queens,Irene Estrada,1
36,049,Queens,Jim Walden,4
36,049,Queens,Joseph Hernandez,0
36,049,Queens,Zohran Kwame Mamdani,437
36,050,Queens,Andrew M. Cuomo,27
36,050,Queens,Curtis A. Sliwa,4
36,050,Queens,Eric L. Adams,1
36,050,Queens,Irene Estrada,0
36,050,Queens,Jim Walden,0
36,050,Queens,Joseph Hernandez,0
36,050,Queens,Zohran Kwame Mamdani,48
36,051,Queens,Andrew M. Cuomo,81
36,051,Queens,Curtis A. Sliwa,15
36,051,Queens,Eric L. Adams,0
36,051,Queens,Irene Estrada,1
36,051,Queens,Jim Walden,1
36,051,Queens,Joseph Hernandez,0
36,051,Queens,Zohran Kwame Mamdani,239
36,052,Queens,Andrew M. Cuomo,51
36,052,Queens,Curtis A. Sliwa,20
36,052,Queens,Eric L. Adams,1
36,052,Queens,Irene Estrada,1
36,052,Queens,Jim Walden,0
36,052,Queens,Joseph Hernandez,0
36,052,Queens,Zohran Kwame Mamdani,116
36,053,Queens,Andrew M. Cuomo,62
36,053,Queens,Curtis A. Sliwa,10
36,053,Queens,Eric L. Adams,0
36,053,Queens,Irene Estrada,0
36,053,Queens,Jim Walden,0
36,053,Queens,Joseph Hernandez,0
36,053,Queens,Zohran Kwame Mamdani,208
36,054,Queens,Andrew M. Cuomo,158
36,054,Queens,Curtis A. Sliwa,31
36,054,Queens,Eric L. Adams,0
36,054,Queens,Irene Estrada,2
36,054,Queens,Jim Walden,0
36,054,Queens,Joseph Hernandez,2
36,054,Queens,Zohran Kwame Mamdani,603
36,055,Queens,Andrew M. Cuomo,220
36,055,Queens,Curtis A. Sliwa,47
36,055,Queens,Eric L. Adams,0
36,055,Queens,Irene Estrada,0
36,055,Queens,Jim Walden,1
36,055,Queens,Joseph Hernandez,1
36,055,Queens,Zohran Kwame Mamdani,535
36,056,Queens,Andrew M. Cuomo,402
36,056,Queens,Curtis A. Sliwa,80
36,056,Queens,Eric L. Adams,0
36,056,Queens,Irene Estrada,4
36,056,Queens,Jim Walden,1
36,056,Queens,Joseph Hernandez,2
36,056,Queens,Zohran Kwame Mamdani,561
36,057,Queens,Andrew M. Cuomo,166
36,057,Queens,Curtis A. Sliwa,36
36,057,Queens,Eric L. Adams,2
36,057,Queens,Irene Estrada,0
36,057,Queens,Jim Walden,0
36,057,Queens,Joseph Hernandez,0
36,057,Queens,Zohran Kwame Mamdani,643
36,058,Queens,Andrew M. Cuomo,98
36,058,Queens,Curtis A. Sliwa,26
36,058,Queens,Eric L. Adams,3
36,058,Queens,Irene Estrada,0
36,058,Queens,Jim Walden,0
36,058,Queens,Joseph Hernandez,1
36,058,Queens,Zohran Kwame Mamdani,425
36,059,Queens,Andrew M. Cuomo,143
36,059,Queens,Curtis A. Sliwa,31
36,059,Queens,Eric L. Adams,0
36,059,Queens,Irene Estrada,0
36,059,Queens,Jim Walden,3
36,059,Queens,Joseph Hernandez,1
36,059,Queens,Zohran Kwame Mamdani,474
36,060,Queens,Andrew M. Cuomo,117
36,060,Queens,Curtis A. Sliwa,32
36,060,Queens,Eric L. Adams,0
36,060,Queens,Irene Estrada,1
36,060,Queens,Jim Walden,1
36,060,Queens,Joseph Hernandez,1
36,060,Queens,Zohran Kwame Mamdani,419
36,061,Queens,Andrew M. Cuomo,125
36,061,Queens,Curtis A. Sliwa,39
36,061,Queens,Eric L. Adams,0
36,061,Queens,Irene Estrada,0
36,061,Queens,Jim Walden,1
36,061,Queens,Joseph Hernandez,0
36,061,Queens,Zohran Kwame Mamdani,449
36,062,Queens,Andrew M. Cuomo,153
36,062,Queens,Curtis A. Sliwa,34
36,062,Queens,Eric L. Adams,0
36,062,Queens,Irene Estrada,1
36,062,Queens,Jim Walden,1
36,062,Queens,Joseph Hernandez,0
36,062,Queens,Zohran Kwame Mamdani,606
36,063,Queens,Andrew M. Cuomo,170
36,063,Queens,Curtis A. Sliwa,69
36,063,Queens,Eric L. Adams,1
36,063,Queens,Irene Estrada,0
36,063,Queens,Jim Walden,3
36,063,Queens,Joseph Hernandez,0
36,063,Queens,Zohran Kwame Mamdani,792
36,064,Queens,Andrew M. Cuomo,142
36,064,Queens,Curtis A. Sliwa,39
36,064,Queens,Eric L. Adams,0
36,064,Queens,Irene Estrada,0
36,064,Queens,Jim Walden,0
36,064,Queens,Joseph Hernandez,0
36,064,Queens,Zohran Kwame Mamdani,288
36,065,Queens,Andrew M. Cuomo,163
36,065,Queens,Curtis A. Sliwa,63
36,065,Queens,Eric L. Adams,1
36,065,Queens,Irene Estrada,0
36,065,Queens,Jim Walden,1
36,065,Queens,Joseph Hernandez,0
36,065,Queens,Zohran Kwame Mamdani,609
36,066,Queens,Andrew M. Cuomo,22
36,066,Queens,Curtis A. Sliwa,1
36,066,Queens,Eric L. Adams,0
36,066,Queens,Irene Estrada,0
36,066,Queens,Jim Walden,0
36,066,Queens,Joseph Hernandez,1
36,066,Queens,Zohran Kwame Mamdani,102
36,067,Queens,Andrew M. Cuomo,12
36,067,Queens,Curtis A. Sliwa,3
36,067,Queens,Eric L. Adams,0
36,067,Queens,Irene Estrada,0
36,067,Queens,Jim Walden,0
36,067,Queens,Joseph Hernandez,0
36,067,Queens,Zohran Kwame Mamdani,56
36,068,Queens,Andrew M. Cuomo,0
36,068,Queens,Curtis A. Sliwa,0
36,068,Queens,Eric L. Adams,0
36,068,Queens,Irene Estrada,0
36,068,Queens,Jim Walden,0
36,068,Queens,Joseph Hernandez,0
36,068,Queens,Zohran Kwame Mamdani,0
36,069,Queens,Andrew M. Cuomo,0
36,069,Queens,Curtis A. Sliwa,0
36,069,Queens,Eric L. Adams,0
36,069,Queens,Irene Estrada,0
36,069,Queens,Jim Walden,0
36,069,Queens,Joseph Hernandez,0
36,069,Queens,Zohran Kwame Mamdani,0
36,070,Queens,Andrew M. Cuomo,0
36,070,Queens,Curtis A. Sliwa,0
36,070,Queens,Eric L. Adams,0
36,070,Queens,Irene Estrada,0
36,070,Queens,Jim Walden,0
36,070,Queens,Joseph Hernandez,0
36,070,Queens,Zohran Kwame Mamdani,0
37,001,Queens,Andrew M. Cuomo,236
37,001,Queens,Curtis A. Sliwa,29
37,001,Queens,Eric L. Adams,0
37,001,Queens,Irene Estrada,0
37,001,Queens,Jim Walden,1
37,001,Queens,Joseph Hernandez,1
37,001,Queens,Zohran Kwame Mamdani,812
37,002,Queens,Andrew M. Cuomo,318
37,002,Queens,Curtis A. Sliwa,28
37,002,Queens,Eric L. Adams,2
37,002,Queens,Irene Estrada,1
37,002,Queens,Jim Walden,3
37,002,Queens,Joseph Hernandez,0
37,002,Queens,Zohran Kwame Mamdani,746
37,003,Queens,Andrew M. Cuomo,348
37,003,Queens,Curtis A. Sliwa,48
37,003,Queens,Eric L. Adams,3
37,003,Queens,Irene Estrada,1
37,003,Queens,Jim Walden,4
37,003,Queens,Joseph Hernandez,0
37,003,Queens,Zohran Kwame Mamdani,705
37,004,Queens,Andrew M. Cuomo,252
37,004,Queens,Curtis A. Sliwa,32
37,004,Queens,Eric L. Adams,4
37,004,Queens,Irene Estrada,2
37,004,Queens,Jim Walden,2
37,004,Queens,Joseph Hernandez,0
37,004,Queens,Zohran Kwame Mamdani,387
37,005,Queens,Andrew M. Cuomo,195
37,005,Queens,Curtis A. Sliwa,14
37,005,Queens,Eric L. Adams,2
37,005,Queens,Irene Estrada,1
37,005,Queens,Jim Walden,0
37,005,Queens,Joseph Hernandez,0
37,005,Queens,Zohran Kwame Mamdani,415
37,006,Queens,Andrew M. Cuomo,380
37,006,Queens,Curtis A. Sliwa,27
37,006,Queens,Eric L. Adams,2
37,006,Queens,Irene Estrada,2
37,006,Queens,Jim Walden,2
37,006,Queens,Joseph Hernandez,0
37,006,Queens,Zohran Kwame Mamdani,625
37,007,Queens,Andrew M. Cuomo,241
37,007,Queens,Curtis A. Sliwa,29
37,007,Queens,Eric L. Adams,0
37,007,Queens,Irene Estrada,2
37,007,Queens,Jim Walden,2
37,007,Queens,Joseph Hernandez,0
37,007,Queens,Zohran Kwame Mamdani,589
37,008,Queens,Andrew M. Cuomo,152
37,008,Queens,Curtis A. Sliwa,17
37,008,Queens,Eric L. Adams,0
37,008,Queens,Irene Estrada,0
37,008,Queens,Jim Walden,2
37,008,Queens,Joseph Hernandez,0
37,008,Queens,Zohran Kwame Mamdani,610
37,009,Queens,Andrew M. Cuomo,119
37,009,Queens,Curtis A. Sliwa,5
37,009,Queens,Eric L. Adams,1
37,009,Queens,Irene Estrada,1
37,009,Queens,Jim Walden,4
37,009,Queens,Joseph Hernandez,0
37,009,Queens,Zohran Kwame Mamdani,322
37,010,Queens,Andrew M. Cuomo,2
37,010,Queens,Curtis A. Sliwa,0
37,010,Queens,Eric L. Adams,0
37,010,Queens,Irene Estrada,0
37,010,Queens,Jim Walden,0
37,010,Queens,Joseph Hernandez,0
37,010,Queens,Zohran Kwame Mamdani,2
37,011,Queens,Andrew M. Cuomo,109
37,011,Queens,Curtis A. Sliwa,48
37,011,Queens,Eric L. Adams,0
37,011,Queens,Irene Estrada,0
37,011,Queens,Jim Walden,1
37,011,Queens,Joseph Hernandez,0
37,011,Queens,Zohran Kwame Mamdani,75
37,012,Queens,Andrew M. Cuomo,130
37,012,Queens,Curtis A. Sliwa,46
37,012,Queens,Eric L. Adams,4
37,012,Queens,Irene Estrada,1
37,012,Queens,Jim Walden,0
37,012,Queens,Joseph Hernandez,0
37,012,Queens,Zohran Kwame Mamdani,539
37,013,Queens,Andrew M. Cuomo,22
37,013,Queens,Curtis A. Sliwa,8
37,013,Queens,Eric L. Adams,0
37,013,Queens,Irene Estrada,0
37,013,Queens,Jim Walden,0
37,013,Queens,Joseph Hernandez,0
37,013,Queens,Zohran Kwame Mamdani,59
37,014,Queens,Andrew M. Cuomo,237
37,014,Queens,Curtis A. Sliwa,57
37,014,Queens,Eric L. Adams,1
37,014,Queens,Irene Estrada,1
37,014,Queens,Jim Walden,0
37,014,Queens,Joseph Hernandez,0
37,014,Queens,Zohran Kwame Mamdani,448
37,015,Queens,Andrew M. Cuomo,61
37,015,Queens,Curtis A. Sliwa,11
37,015,Queens,Eric L. Adams,0
37,015,Queens,Irene Estrada,1
37,015,Queens,Jim Walden,0
37,015,Queens,Joseph Hernandez,0
37,015,Queens,Zohran Kwame Mamdani,107
37,016,Queens,Andrew M. Cuomo,102
37,016,Queens,Curtis A. Sliwa,32
37,016,Queens,Eric L. Adams,2
37,016,Queens,Irene Estrada,0
37,016,Queens,Jim Walden,1
37,016,Queens,Joseph Hernandez,0
37,016,Queens,Zohran Kwame Mamdani,256
37,017,Queens,Andrew M. Cuomo,150
37,017,Queens,Curtis A. Sliwa,38
37,017,Queens,Eric L. Adams,1
37,017,Queens,Irene Estrada,0
37,017,Queens,Jim Walden,1
37,017,Queens,Joseph Hernandez,1
37,017,Queens,Zohran Kwame Mamdani,286
37,018,Queens,Andrew M. Cuomo,200
37,018,Queens,Curtis A. Sliwa,30
37,018,Queens,Eric L. Adams,0
37,018,Queens,Irene Estrada,0
37,018,Queens,Jim Walden,1
37,018,Queens,Joseph Hernandez,2
37,018,Queens,Zohran Kwame Mamdani,324
37,019,Queens,Andrew M. Cuomo,173
37,019,Queens,Curtis A. Sliwa,43
37,019,Queens,Eric L. Adams,6
37,019,Queens,Irene Estrada,1
37,019,Queens,Jim Walden,1
37,019,Queens,Joseph Hernandez,0
37,019,Queens,Zohran Kwame Mamdani,489
37,020,Queens,Andrew M. Cuomo,177
37,020,Queens,Curtis A. Sliwa,44
37,020,Queens,Eric L. Adams,1
37,020,Queens,Irene Estrada,2
37,020,Queens,Jim Walden,0
37,020,Queens,Joseph Hernandez,0
37,020,Queens,Zohran Kwame Mamdani,504
37,021,Queens,Andrew M. Cuomo,234
37,021,Queens,Curtis A. Sliwa,49
37,021,Queens,Eric L. Adams,1
37,021,Queens,Irene Estrada,0
37,021,Queens,Jim Walden,1
37,021,Queens,Joseph Hernandez,1
37,021,Queens,Zohran Kwame Mamdani,499
37,022,Queens,Andrew M. Cuomo,237
37,022,Queens,Curtis A. Sliwa,59
37,022,Queens,Eric L. Adams,1
37,022,Queens,Irene Estrada,2
37,022,Queens,Jim Walden,1
37,022,Queens,Joseph Hernandez,2
37,022,Queens,Zohran Kwame Mamdani,578
37,023,Queens,Andrew M. Cuomo,140
37,023,Queens,Curtis A. Sliwa,34
37,023,Queens,Eric L. Adams,0
37,023,Queens,Irene Estrada,0
37,023,Queens,Jim Walden,1
37,023,Queens,Joseph Hernandez,0
37,023,Queens,Zohran Kwame Mamdani,436
37,024,Queens,Andrew M. Cuomo,226
37,024,Queens,Curtis A. Sliwa,44
37,024,Queens,Eric L. Adams,1
37,024,Queens,Irene Estrada,1
37,024,Queens,Jim Walden,2
37,024,Queens,Joseph Hernandez,0
37,024,Queens,Zohran Kwame Mamdani,564
37,025,Queens,Andrew M. Cuomo,151
37,025,Queens,Curtis A. Sliwa,34
37,025,Queens,Eric L. Adams,0
37,025,Queens,Irene Estrada,1
37,025,Queens,Jim Walden,4
37,025,Queens,Joseph Hernandez,2
37,025,Queens,Zohran Kwame Mamdani,468
37,026,Queens,Andrew M. Cuomo,153
37,026,Queens,Curtis A. Sliwa,33
37,026,Queens,Eric L. Adams,1
37,026,Queens,Irene Estrada,1
37,026,Queens,Jim Walden,1
37,026,Queens,Joseph Hernandez,1
37,026,Queens,Zohran Kwame Mamdani,456
37,027,Queens,Andrew M. Cuomo,252
37,027,Queens,Curtis A. Sliwa,66
37,027,Queens,Eric L. Adams,2
37,027,Queens,Irene Estrada,1
37,027,Queens,Jim Walden,1
37,027,Queens,Joseph Hernandez,1
37,027,Queens,Zohran Kwame Mamdani,646
37,028,Queens,Andrew M. Cuomo,218
37,028,Queens,Curtis A. Sliwa,63
37,028,Queens,Eric L. Adams,3
37,028,Queens,Irene Estrada,1
37,028,Queens,Jim Walden,1
37,028,Queens,Joseph Hernandez,0
37,028,Queens,Zohran Kwame Mamdani,616
37,029,Queens,Andrew M. Cuomo,155
37,029,Queens,Curtis A. Sliwa,41
37,029,Queens,Eric L. Adams,2
37,029,Queens,Irene Estrada,0
37,029,Queens,Jim Walden,0
37,029,Queens,Joseph Hernandez,1
37,029,Queens,Zohran Kwame Mamdani,468
37,030,Queens,Andrew M. Cuomo,237
37,030,Queens,Curtis A. Sliwa,58
37,030,Queens,Eric L. Adams,0
37,030,Queens,Irene Estrada,1
37,030,Queens,Jim Walden,0
37,030,Queens,Joseph Hernandez,1
37,030,Queens,Zohran Kwame Mamdani,545
37,031,Queens,Andrew M. Cuomo,252
37,031,Queens,Curtis A. Sliwa,73
37,031,Queens,Eric L. Adams,0
37,031,Queens,Irene Estrada,1
37,031,Queens,Jim Walden,3
37,031,Queens,Joseph Hernandez,0
37,031,Queens,Zohran Kwame Mamdani,541
37,032,Queens,Andrew M. Cuomo,77
37,032,Queens,Curtis A. Sliwa,20
37,032,Queens,Eric L. Adams,0
37,032,Queens,Irene Estrada,1
37,032,Queens,Jim Walden,0
37,032,Queens,Joseph Hernandez,0
37,032,Queens,Zohran Kwame Mamdani,212
37,033,Queens,Andrew M. Cuomo,141
37,033,Queens,Curtis A. Sliwa,49
37,033,Queens,Eric L. Adams,0
37,033,Queens,Irene Estrada,0
37,033,Queens,Jim Walden,1
37,033,Queens,Joseph Hernandez,0
37,033,Queens,Zohran Kwame Mamdani,347
37,035,Queens,Andrew M. Cuomo,278
37,035,Queens,Curtis A. Sliwa,42
37,035,Queens,Eric L. Adams,2
37,035,Queens,Irene Estrada,0
37,035,Queens,Jim Walden,1
37,035,Queens,Joseph Hernandez,0
37,035,Queens,Zohran Kwame Mamdani,616
37,036,Queens,Andrew M. Cuomo,362
37,036,Queens,Curtis A. Sliwa,101
37,036,Queens,Eric L. Adams,3
37,036,Queens,Irene Estrada,2
37,036,Queens,Jim Walden,1
37,036,Queens,Joseph Hernandez,1
37,036,Queens,Zohran Kwame Mamdani,508
37,037,Queens,Andrew M. Cuomo,99
37,037,Queens,Curtis A. Sliwa,38
37,037,Queens,Eric L. Adams,0
37,037,Queens,Irene Estrada,0
37,037,Queens,Jim Walden,1
37,037,Queens,Joseph Hernandez,0
37,037,Queens,Zohran Kwame Mamdani,233
37,038,Queens,Andrew M. Cuomo,0
37,038,Queens,Curtis A. Sliwa,0
37,038,Queens,Eric L. Adams,0
37,038,Queens,Irene Estrada,0
37,038,Queens,Jim Walden,0
37,038,Queens,Joseph Hernandez,0
37,038,Queens,Zohran Kwame Mamdani,3
37,039,Queens,Andrew M. Cuomo,360
37,039,Queens,Curtis A. Sliwa,180
37,039,Queens,Eric L. Adams,1
37,039,Queens,Irene Estrada,0
37,039,Queens,Jim Walden,0
37,039,Queens,Joseph Hernandez,0
37,039,Queens,Zohran Kwame Mamdani,108
37,040,Queens,Andrew M. Cuomo,380
37,040,Queens,Curtis A. Sliwa,191
37,040,Queens,Eric L. Adams,4
37,040,Queens,Irene Estrada,1
37,040,Queens,Jim Walden,0
37,040,Queens,Joseph Hernandez,0
37,040,Queens,Zohran Kwame Mamdani,171
37,041,Queens,Andrew M. Cuomo,11
37,041,Queens,Curtis A. Sliwa,7
37,041,Queens,Eric L. Adams,0
37,041,Queens,Irene Estrada,0
37,041,Queens,Jim Walden,0
37,041,Queens,Joseph Hernandez,0
37,041,Queens,Zohran Kwame Mamdani,20
37,042,Queens,Andrew M. Cuomo,161
37,042,Queens,Curtis A. Sliwa,21
37,042,Queens,Eric L. Adams,0
37,042,Queens,Irene Estrada,0
37,042,Queens,Jim Walden,3
37,042,Queens,Joseph Hernandez,1
37,042,Queens,Zohran Kwame Mamdani,371
37,043,Queens,Andrew M. Cuomo,171
37,043,Queens,Curtis A. Sliwa,43
37,043,Queens,Eric L. Adams,1
37,043,Queens,Irene Estrada,1
37,043,Queens,Jim Walden,0
37,043,Queens,Joseph Hernandez,1
37,043,Queens,Zohran Kwame Mamdani,218
37,044,Queens,Andrew M. Cuomo,138
37,044,Queens,Curtis A. Sliwa,60
37,044,Queens,Eric L. Adams,1
37,044,Queens,Irene Estrada,0
37,044,Queens,Jim Walden,0
37,044,Queens,Joseph Hernandez,0
37,044,Queens,Zohran Kwame Mamdani,374
37,045,Queens,Andrew M. Cuomo,88
37,045,Queens,Curtis A. Sliwa,48
37,045,Queens,Eric L. Adams,0
37,045,Queens,Irene Estrada,2
37,045,Queens,Jim Walden,0
37,045,Queens,Joseph Hernandez,0
37,045,Queens,Zohran Kwame Mamdani,157
37,046,Queens,Andrew M. Cuomo,52
37,046,Queens,Curtis A. Sliwa,26
37,046,Queens,Eric L. Adams,0
37,046,Queens,Irene Estrada,0
37,046,Queens,Jim Walden,0
37,046,Queens,Joseph Hernandez,0
37,046,Queens,Zohran Kwame Mamdani,31
37,047,Queens,Andrew M. Cuomo,309
37,047,Queens,Curtis A. Sliwa,222
37,047,Queens,Eric L. Adams,0
37,047,Queens,Irene Estrada,5
37,047,Queens,Jim Walden,0
37,047,Queens,Joseph Hernandez,0
37,047,Queens,Zohran Kwame Mamdani,235
37,048,Queens,Andrew M. Cuomo,243
37,048,Queens,Curtis A. Sliwa,159
37,048,Queens,Eric L. Adams,2
37,048,Queens,Irene Estrada,0
37,048,Queens,Jim Walden,0
37,048,Queens,Joseph Hernandez,0
37,048,Queens,Zohran Kwame Mamdani,209
37,049,Queens,Andrew M. Cuomo,231
37,049,Queens,Curtis A. Sliwa,140
37,049,Queens,Eric L. Adams,2
37,049,Queens,Irene Estrada,1
37,049,Queens,Jim Walden,1
37,049,Queens,Joseph Hernandez,0
37,049,Queens,Zohran Kwame Mamdani,160
37,050,Queens,Andrew M. Cuomo,290
37,050,Queens,Curtis A. Sliwa,178
37,050,Queens,Eric L. Adams,0
37,050,Queens,Irene Estrada,1
37,050,Queens,Jim Walden,0
37,050,Queens,Joseph Hernandez,0
37,050,Queens,Zohran Kwame Mamdani,204
37,051,Queens,Andrew M. Cuomo,263
37,051,Queens,Curtis A. Sliwa,190
37,051,Queens,Eric L. Adams,3
37,051,Queens,Irene Estrada,1
37,051,Queens,Jim Walden,0
37,051,Queens,Joseph Hernandez,0
37,051,Queens,Zohran Kwame Mamdani,207
37,052,Queens,Andrew M. Cuomo,238
37,052,Queens,Curtis A. Sliwa,113
37,052,Queens,Eric L. Adams,2
37,052,Queens,Irene Estrada,2
37,052,Queens,Jim Walden,0
37,052,Queens,Joseph Hernandez,0
37,052,Queens,Zohran Kwame Mamdani,406
37,053,Queens,Andrew M. Cuomo,222
37,053,Queens,Curtis A. Sliwa,104
37,053,Queens,Eric L. Adams,0
37,053,Queens,Irene Estrada,0
37,053,Queens,Jim Walden,0
37,053,Queens,Joseph Hernandez,1
37,053,Queens,Zohran Kwame Mamdani,444
37,054,Queens,Andrew M. Cuomo,128
37,054,Queens,Curtis A. Sliwa,63
37,054,Queens,Eric L. Adams,0
37,054,Queens,Irene Estrada,0
37,054,Queens,Jim Walden,0
37,054,Queens,Joseph Hernandez,0
37,054,Queens,Zohran Kwame Mamdani,463
37,055,Queens,Andrew M. Cuomo,152
37,055,Queens,Curtis A. Sliwa,47
37,055,Queens,Eric L. Adams,1
37,055,Queens,Irene Estrada,1
37,055,Queens,Jim Walden,3
37,055,Queens,Joseph Hernandez,0
37,055,Queens,Zohran Kwame Mamdani,390
37,056,Queens,Andrew M. Cuomo,130
37,056,Queens,Curtis A. Sliwa,45
37,056,Queens,Eric L. Adams,0
37,056,Queens,Irene Estrada,0
37,056,Queens,Jim Walden,0
37,056,Queens,Joseph Hernandez,1
37,056,Queens,Zohran Kwame Mamdani,351
37,057,Queens,Andrew M. Cuomo,148
37,057,Queens,Curtis A. Sliwa,82
37,057,Queens,Eric L. Adams,1
37,057,Queens,Irene Estrada,0
37,057,Queens,Jim Walden,0
37,057,Queens,Joseph Hernandez,0
37,057,Queens,Zohran Kwame Mamdani,550
37,058,Queens,Andrew M. Cuomo,97
37,058,Queens,Curtis A. Sliwa,40
37,058,Queens,Eric L. Adams,1
37,058,Queens,Irene Estrada,1
37,058,Queens,Jim Walden,0
37,058,Queens,Joseph Hernandez,1
37,058,Queens,Zohran Kwame Mamdani,230
37,059,Queens,Andrew M. Cuomo,59
37,059,Queens,Curtis A. Sliwa,34
37,059,Queens,Eric L. Adams,0
37,059,Queens,Irene Estrada,0
37,059,Queens,Jim Walden,0
37,059,Queens,Joseph Hernandez,0
37,059,Queens,Zohran Kwame Mamdani,363
37,060,Queens,Andrew M. Cuomo,57
37,060,Queens,Curtis A. Sliwa,16
37,060,Queens,Eric L. Adams,0
37,060,Queens,Irene Estrada,0
37,060,Queens,Jim Walden,0
37,060,Queens,Joseph Hernandez,0
37,060,Queens,Zohran Kwame Mamdani,254
37,061,Queens,Andrew M. Cuomo,86
37,061,Queens,Curtis A. Sliwa,31
37,061,Queens,Eric L. Adams,0
37,061,Queens,Irene Estrada,0
37,061,Queens,Jim Walden,0
37,061,Queens,Joseph Hernandez,1
37,061,Queens,Zohran Kwame Mamdani,413
37,062,Queens,Andrew M. Cuomo,79
37,062,Queens,Curtis A. Sliwa,56
37,062,Queens,Eric L. Adams,1
37,062,Queens,Irene Estrada,0
37,062,Queens,Jim Walden,0
37,062,Queens,Joseph Hernandez,0
37,062,Queens,Zohran Kwame Mamdani,208
37,063,Queens,Andrew M. Cuomo,119
37,063,Queens,Curtis A. Sliwa,67
37,063,Queens,Eric L. Adams,0
37,063,Queens,Irene Estrada,0
37,063,Queens,Jim Walden,0
37,063,Queens,Joseph Hernandez,0
37,063,Queens,Zohran Kwame Mamdani,537
37,064,Queens,Andrew M. Cuomo,156
37,064,Queens,Curtis A. Sliwa,69
37,064,Queens,Eric L. Adams,0
37,064,Queens,Irene Estrada,0
37,064,Queens,Jim Walden,0
37,064,Queens,Joseph Hernandez,0
37,064,Queens,Zohran Kwame Mamdani,627
37,065,Queens,Andrew M. Cuomo,86
37,065,Queens,Curtis A. Sliwa,42
37,065,Queens,Eric L. Adams,0
37,065,Queens,Irene Estrada,2
37,065,Queens,Jim Walden,0
37,065,Queens,Joseph Hernandez,0
37,065,Queens,Zohran Kwame Mamdani,493
37,066,Queens,Andrew M. Cuomo,0
37,066,Queens,Curtis A. Sliwa,0
37,066,Queens,Eric L. Adams,0
37,066,Queens,Irene Estrada,0
37,066,Queens,Jim Walden,0
37,066,Queens,Joseph Hernandez,0
37,066,Queens,Zohran Kwame Mamdani,0
37,067,Queens,Andrew M. Cuomo,0
37,067,Queens,Curtis A. Sliwa,0
37,067,Queens,Eric L. Adams,0
37,067,Queens,Irene Estrada,0
37,067,Queens,Jim Walden,0
37,067,Queens,Joseph Hernandez,0
37,067,Queens,Zohran Kwame Mamdani,0
37,068,Queens,Andrew M. Cuomo,0
37,068,Queens,Curtis A. Sliwa,0
37,068,Queens,Eric L. Adams,0
37,068,Queens,Irene Estrada,0
37,068,Queens,Jim Walden,0
37,068,Queens,Joseph Hernandez,0
37,068,Queens,Zohran Kwame Mamdani,0
37,069,Queens,Andrew M. Cuomo,0
37,069,Queens,Curtis A. Sliwa,0
37,069,Queens,Eric L. Adams,0
37,069,Queens,Irene Estrada,0
37,069,Queens,Jim Walden,0
37,069,Queens,Joseph Hernandez,0
37,069,Queens,Zohran Kwame Mamdani,0
37,070,Queens,Andrew M. Cuomo,0
37,070,Queens,Curtis A. Sliwa,0
37,070,Queens,Eric L. Adams,0
37,070,Queens,Irene Estrada,0
37,070,Queens,Jim Walden,0
37,070,Queens,Joseph Hernandez,0
37,070,Queens,Zohran Kwame Mamdani,0
38,001,Queens,Andrew M. Cuomo,113
38,001,Queens,Curtis A. Sliwa,31
38,001,Queens,Eric L. Adams,1
38,001,Queens,Irene Estrada,2
38,001,Queens,Jim Walden,0
38,001,Queens,Joseph Hernandez,1
38,001,Queens,Zohran Kwame Mamdani,547
38,002,Queens,Andrew M. Cuomo,137
38,002,Queens,Curtis A. Sliwa,30
38,002,Queens,Eric L. Adams,1
38,002,Queens,Irene Estrada,2
38,002,Queens,Jim Walden,1
38,002,Queens,Joseph Hernandez,2
38,002,Queens,Zohran Kwame Mamdani,716
38,003,Queens,Andrew M. Cuomo,95
38,003,Queens,Curtis A. Sliwa,26
38,003,Queens,Eric L. Adams,0
38,003,Queens,Irene Estrada,0
38,003,Queens,Jim Walden,0
38,003,Queens,Joseph Hernandez,0
38,003,Queens,Zohran Kwame Mamdani,632
38,004,Queens,Andrew M. Cuomo,121
38,004,Queens,Curtis A. Sliwa,31
38,004,Queens,Eric L. Adams,0
38,004,Queens,Irene Estrada,1
38,004,Queens,Jim Walden,0
38,004,Queens,Joseph Hernandez,2
38,004,Queens,Zohran Kwame Mamdani,685
38,005,Queens,Andrew M. Cuomo,49
38,005,Queens,Curtis A. Sliwa,15
38,005,Queens,Eric L. Adams,0
38,005,Queens,Irene Estrada,1
38,005,Queens,Jim Walden,0
38,005,Queens,Joseph Hernandez,0
38,005,Queens,Zohran Kwame Mamdani,203
38,006,Queens,Andrew M. Cuomo,169
38,006,Queens,Curtis A. Sliwa,59
38,006,Queens,Eric L. Adams,2
38,006,Queens,Irene Estrada,0
38,006,Queens,Jim Walden,0
38,006,Queens,Joseph Hernandez,1
38,006,Queens,Zohran Kwame Mamdani,539
38,007,Queens,Andrew M. Cuomo,99
38,007,Queens,Curtis A. Sliwa,23
38,007,Queens,Eric L. Adams,0
38,007,Queens,Irene Estrada,1
38,007,Queens,Jim Walden,0
38,007,Queens,Joseph Hernandez,0
38,007,Queens,Zohran Kwame Mamdani,367
38,008,Queens,Andrew M. Cuomo,2
38,008,Queens,Curtis A. Sliwa,1
38,008,Queens,Eric L. Adams,0
38,008,Queens,Irene Estrada,0
38,008,Queens,Jim Walden,0
38,008,Queens,Joseph Hernandez,0
38,008,Queens,Zohran Kwame Mamdani,2
38,009,Queens,Andrew M. Cuomo,307
38,009,Queens,Curtis A. Sliwa,134
38,009,Queens,Eric L. Adams,0
38,009,Queens,Irene Estrada,0
38,009,Queens,Jim Walden,0
38,009,Queens,Joseph Hernandez,0
38,009,Queens,Zohran Kwame Mamdani,252
38,010,Queens,Andrew M. Cuomo,253
38,010,Queens,Curtis A. Sliwa,107
38,010,Queens,Eric L. Adams,0
38,010,Queens,Irene Estrada,0
38,010,Queens,Jim Walden,1
38,010,Queens,Joseph Hernandez,0
38,010,Queens,Zohran Kwame Mamdani,262
38,011,Queens,Andrew M. Cuomo,240
38,011,Queens,Curtis A. Sliwa,124
38,011,Queens,Eric L. Adams,1
38,011,Queens,Irene Estrada,1
38,011,Queens,Jim Walden,0
38,011,Queens,Joseph Hernandez,1
38,011,Queens,Zohran Kwame Mamdani,191
38,012,Queens,Andrew M. Cuomo,224
38,012,Queens,Curtis A. Sliwa,117
38,012,Queens,Eric L. Adams,1
38,012,Queens,Irene Estrada,1
38,012,Queens,Jim Walden,0
38,012,Queens,Joseph Hernandez,0
38,012,Queens,Zohran Kwame Mamdani,285
38,013,Queens,Andrew M. Cuomo,101
38,013,Queens,Curtis A. Sliwa,36
38,013,Queens,Eric L. Adams,1
38,013,Queens,Irene Estrada,0
38,013,Queens,Jim Walden,0
38,013,Queens,Joseph Hernandez,1
38,013,Queens,Zohran Kwame Mamdani,67
38,014,Queens,Andrew M. Cuomo,398
38,014,Queens,Curtis A. Sliwa,196
38,014,Queens,Eric L. Adams,2
38,014,Queens,Irene Estrada,1
38,014,Queens,Jim Walden,1
38,014,Queens,Joseph Hernandez,0
38,014,Queens,Zohran Kwame Mamdani,230
38,015,Queens,Andrew M. Cuomo,370
38,015,Queens,Curtis A. Sliwa,200
38,015,Queens,Eric L. Adams,2
38,015,Queens,Irene Estrada,1
38,015,Queens,Jim Walden,0
38,015,Queens,Joseph Hernandez,0
38,015,Queens,Zohran Kwame Mamdani,242
38,016,Queens,Andrew M. Cuomo,18
38,016,Queens,Curtis A. Sliwa,20
38,016,Queens,Eric L. Adams,0
38,016,Queens,Irene Estrada,0
38,016,Queens,Jim Walden,0
38,016,Queens,Joseph Hernandez,0
38,016,Queens,Zohran Kwame Mamdani,33
38,017,Queens,Andrew M. Cuomo,379
38,017,Queens,Curtis A. Sliwa,153
38,017,Queens,Eric L. Adams,4
38,017,Queens,Irene Estrada,1
38,017,Queens,Jim Walden,0
38,017,Queens,Joseph Hernandez,0
38,017,Queens,Zohran Kwame Mamdani,214
38,018,Queens,Andrew M. Cuomo,129
38,018,Queens,Curtis A. Sliwa,47
38,018,Queens,Eric L. Adams,0
38,018,Queens,Irene Estrada,0
38,018,Queens,Jim Walden,0
38,018,Queens,Joseph Hernandez,1
38,018,Queens,Zohran Kwame Mamdani,172
38,019,Queens,Andrew M. Cuomo,186
38,019,Queens,Curtis A. Sliwa,48
38,019,Queens,Eric L. Adams,4
38,019,Queens,Irene Estrada,5
38,019,Queens,Jim Walden,1
38,019,Queens,Joseph Hernandez,0
38,019,Queens,Zohran Kwame Mamdani,254
38,020,Queens,Andrew M. Cuomo,247
38,020,Queens,Curtis A. Sliwa,90
38,020,Queens,Eric L. Adams,2
38,020,Queens,Irene Estrada,0
38,020,Queens,Jim Walden,1
38,020,Queens,Joseph Hernandez,1
38,020,Queens,Zohran Kwame Mamdani,330
38,021,Queens,Andrew M. Cuomo,180
38,021,Queens,Curtis A. Sliwa,61
38,021,Queens,Eric L. Adams,0
38,021,Queens,Irene Estrada,0
38,021,Queens,Jim Walden,2
38,021,Queens,Joseph Hernandez,0
38,021,Queens,Zohran Kwame Mamdani,216
38,022,Queens,Andrew M. Cuomo,99
38,022,Queens,Curtis A. Sliwa,38
38,022,Queens,Eric L. Adams,1
38,022,Queens,Irene Estrada,1
38,022,Queens,Jim Walden,0
38,022,Queens,Joseph Hernandez,0
38,022,Queens,Zohran Kwame Mamdani,134
38,023,Queens,Andrew M. Cuomo,236
38,023,Queens,Curtis A. Sliwa,37
38,023,Queens,Eric L. Adams,2
38,023,Queens,Irene Estrada,2
38,023,Queens,Jim Walden,0
38,023,Queens,Joseph Hernandez,0
38,023,Queens,Zohran Kwame Mamdani,286
38,024,Queens,Andrew M. Cuomo,206
38,024,Queens,Curtis A. Sliwa,64
38,024,Queens,Eric L. Adams,2
38,024,Queens,Irene Estrada,1
38,024,Queens,Jim Walden,0
38,024,Queens,Joseph Hernandez,1
38,024,Queens,Zohran Kwame Mamdani,215
38,025,Queens,Andrew M. Cuomo,89
38,025,Queens,Curtis A. Sliwa,12
38,025,Queens,Eric L. Adams,1
38,025,Queens,Irene Estrada,0
38,025,Queens,Jim Walden,0
38,025,Queens,Joseph Hernandez,0
38,025,Queens,Zohran Kwame Mamdani,123
38,026,Queens,Andrew M. Cuomo,213
38,026,Queens,Curtis A. Sliwa,45
38,026,Queens,Eric L. Adams,1
38,026,Queens,Irene Estrada,3
38,026,Queens,Jim Walden,0
38,026,Queens,Joseph Hernandez,0
38,026,Queens,Zohran Kwame Mamdani,271
38,027,Queens,Andrew M. Cuomo,90
38,027,Queens,Curtis A. Sliwa,36
38,027,Queens,Eric L. Adams,2
38,027,Queens,Irene Estrada,0
38,027,Queens,Jim Walden,1
38,027,Queens,Joseph Hernandez,0
38,027,Queens,Zohran Kwame Mamdani,89
38,028,Queens,Andrew M. Cuomo,213
38,028,Queens,Curtis A. Sliwa,38
38,028,Queens,Eric L. Adams,1
38,028,Queens,Irene Estrada,3
38,028,Queens,Jim Walden,0
38,028,Queens,Joseph Hernandez,0
38,028,Queens,Zohran Kwame Mamdani,292
38,029,Queens,Andrew M. Cuomo,141
38,029,Queens,Curtis A. Sliwa,29
38,029,Queens,Eric L. Adams,3
38,029,Queens,Irene Estrada,5
38,029,Queens,Jim Walden,1
38,029,Queens,Joseph Hernandez,1
38,029,Queens,Zohran Kwame Mamdani,229
38,030,Queens,Andrew M. Cuomo,155
38,030,Queens,Curtis A. Sliwa,44
38,030,Queens,Eric L. Adams,1
38,030,Queens,Irene Estrada,0
38,030,Queens,Jim Walden,1
38,030,Queens,Joseph Hernandez,1
38,030,Queens,Zohran Kwame Mamdani,165
38,031,Queens,Andrew M. Cuomo,143
38,031,Queens,Curtis A. Sliwa,43
38,031,Queens,Eric L. Adams,1
38,031,Queens,Irene Estrada,1
38,031,Queens,Jim Walden,1
38,031,Queens,Joseph Hernandez,0
38,031,Queens,Zohran Kwame Mamdani,179
38,032,Queens,Andrew M. Cuomo,252
38,032,Queens,Curtis A. Sliwa,84
38,032,Queens,Eric L. Adams,1
38,032,Queens,Irene Estrada,1
38,032,Queens,Jim Walden,0
38,032,Queens,Joseph Hernandez,3
38,032,Queens,Zohran Kwame Mamdani,300
38,033,Queens,Andrew M. Cuomo,206
38,033,Queens,Curtis A. Sliwa,83
38,033,Queens,Eric L. Adams,0
38,033,Queens,Irene Estrada,1
38,033,Queens,Jim Walden,0
38,033,Queens,Joseph Hernandez,2
38,033,Queens,Zohran Kwame Mamdani,345
38,034,Queens,Andrew M. Cuomo,183
38,034,Queens,Curtis A. Sliwa,55
38,034,Queens,Eric L. Adams,2
38,034,Queens,Irene Estrada,1
38,034,Queens,Jim Walden,0
38,034,Queens,Joseph Hernandez,0
38,034,Queens,Zohran Kwame Mamdani,271
38,035,Queens,Andrew M. Cuomo,205
38,035,Queens,Curtis A. Sliwa,60
38,035,Queens,Eric L. Adams,1
38,035,Queens,Irene Estrada,0
38,035,Queens,Jim Walden,1
38,035,Queens,Joseph Hernandez,2
38,035,Queens,Zohran Kwame Mamdani,239
38,036,Queens,Andrew M. Cuomo,108
38,036,Queens,Curtis A. Sliwa,27
38,036,Queens,Eric L. Adams,2
38,036,Queens,Irene Estrada,1
38,036,Queens,Jim Walden,0
38,036,Queens,Joseph Hernandez,0
38,036,Queens,Zohran Kwame Mamdani,406
38,037,Queens,Andrew M. Cuomo,129
38,037,Queens,Curtis A. Sliwa,31
38,037,Queens,Eric L. Adams,1
38,037,Queens,Irene Estrada,0
38,037,Queens,Jim Walden,0
38,037,Queens,Joseph Hernandez,0
38,037,Queens,Zohran Kwame Mamdani,470
38,038,Queens,Andrew M. Cuomo,107
38,038,Queens,Curtis A. Sliwa,22
38,038,Queens,Eric L. Adams,0
38,038,Queens,Irene Estrada,1
38,038,Queens,Jim Walden,0
38,038,Queens,Joseph Hernandez,0
38,038,Queens,Zohran Kwame Mamdani,192
38,039,Queens,Andrew M. Cuomo,108
38,039,Queens,Curtis A. Sliwa,25
38,039,Queens,Eric L. Adams,0
38,039,Queens,Irene Estrada,1
38,039,Queens,Jim Walden,0
38,039,Queens,Joseph Hernandez,0
38,039,Queens,Zohran Kwame Mamdani,210
38,040,Queens,Andrew M. Cuomo,73
38,040,Queens,Curtis A. Sliwa,23
38,040,Queens,Eric L. Adams,1
38,040,Queens,Irene Estrada,0
38,040,Queens,Jim Walden,0
38,040,Queens,Joseph Hernandez,1
38,040,Queens,Zohran Kwame Mamdani,168
38,041,Queens,Andrew M. Cuomo,118
38,041,Queens,Curtis A. Sliwa,28
38,041,Queens,Eric L. Adams,1
38,041,Queens,Irene Estrada,0
38,041,Queens,Jim Walden,0
38,041,Queens,Joseph Hernandez,0
38,041,Queens,Zohran Kwame Mamdani,144
38,042,Queens,Andrew M. Cuomo,40
38,042,Queens,Curtis A. Sliwa,17
38,042,Queens,Eric L. Adams,1
38,042,Queens,Irene Estrada,0
38,042,Queens,Jim Walden,0
38,042,Queens,Joseph Hernandez,0
38,042,Queens,Zohran Kwame Mamdani,173
38,043,Queens,Andrew M. Cuomo,2
38,043,Queens,Curtis A. Sliwa,0
38,043,Queens,Eric L. Adams,0
38,043,Queens,Irene Estrada,0
38,043,Queens,Jim Walden,0
38,043,Queens,Joseph Hernandez,0
38,043,Queens,Zohran Kwame Mamdani,8
38,044,Queens,Andrew M. Cuomo,71
38,044,Queens,Curtis A. Sliwa,41
38,044,Queens,Eric L. Adams,1
38,044,Queens,Irene Estrada,1
38,044,Queens,Jim Walden,0
38,044,Queens,Joseph Hernandez,0
38,044,Queens,Zohran Kwame Mamdani,252
38,045,Queens,Andrew M. Cuomo,99
38,045,Queens,Curtis A. Sliwa,25
38,045,Queens,Eric L. Adams,2
38,045,Queens,Irene Estrada,0
38,045,Queens,Jim Walden,0
38,045,Queens,Joseph Hernandez,1
38,045,Queens,Zohran Kwame Mamdani,97
38,046,Queens,Andrew M. Cuomo,251
38,046,Queens,Curtis A. Sliwa,83
38,046,Queens,Eric L. Adams,1
38,046,Queens,Irene Estrada,0
38,046,Queens,Jim Walden,0
38,046,Queens,Joseph Hernandez,0
38,046,Queens,Zohran Kwame Mamdani,360
38,047,Queens,Andrew M. Cuomo,338
38,047,Queens,Curtis A. Sliwa,81
38,047,Queens,Eric L. Adams,0
38,047,Queens,Irene Estrada,3
38,047,Queens,Jim Walden,3
38,047,Queens,Joseph Hernandez,1
38,047,Queens,Zohran Kwame Mamdani,320
38,048,Queens,Andrew M. Cuomo,151
38,048,Queens,Curtis A. Sliwa,45
38,048,Queens,Eric L. Adams,2
38,048,Queens,Irene Estrada,0
38,048,Queens,Jim Walden,1
38,048,Queens,Joseph Hernandez,1
38,048,Queens,Zohran Kwame Mamdani,271
38,049,Queens,Andrew M. Cuomo,70
38,049,Queens,Curtis A. Sliwa,24
38,049,Queens,Eric L. Adams,0
38,049,Queens,Irene Estrada,0
38,049,Queens,Jim Walden,0
38,049,Queens,Joseph Hernandez,0
38,049,Queens,Zohran Kwame Mamdani,85
38,050,Queens,Andrew M. Cuomo,177
38,050,Queens,Curtis A. Sliwa,35
38,050,Queens,Eric L. Adams,0
38,050,Queens,Irene Estrada,0
38,050,Queens,Jim Walden,0
38,050,Queens,Joseph Hernandez,2
38,050,Queens,Zohran Kwame Mamdani,312
38,051,Queens,Andrew M. Cuomo,183
38,051,Queens,Curtis A. Sliwa,50
38,051,Queens,Eric L. Adams,1
38,051,Queens,Irene Estrada,0
38,051,Queens,Jim Walden,0
38,051,Queens,Joseph Hernandez,0
38,051,Queens,Zohran Kwame Mamdani,316
38,052,Queens,Andrew M. Cuomo,49
38,052,Queens,Curtis A. Sliwa,21
38,052,Queens,Eric L. Adams,0
38,052,Queens,Irene Estrada,1
38,052,Queens,Jim Walden,0
38,052,Queens,Joseph Hernandez,0
38,052,Queens,Zohran Kwame Mamdani,69
38,053,Queens,Andrew M. Cuomo,223
38,053,Queens,Curtis A. Sliwa,126
38,053,Queens,Eric L. Adams,2
38,053,Queens,Irene Estrada,1
38,053,Queens,Jim Walden,0
38,053,Queens,Joseph Hernandez,0
38,053,Queens,Zohran Kwame Mamdani,194
38,054,Queens,Andrew M. Cuomo,80
38,054,Queens,Curtis A. Sliwa,22
38,054,Queens,Eric L. Adams,1
38,054,Queens,Irene Estrada,0
38,054,Queens,Jim Walden,0
38,054,Queens,Joseph Hernandez,0
38,054,Queens,Zohran Kwame Mamdani,291
38,055,Queens,Andrew M. Cuomo,0
38,055,Queens,Curtis A. Sliwa,0
38,055,Queens,Eric L. Adams,0
38,055,Queens,Irene Estrada,0
38,055,Queens,Jim Walden,0
38,055,Queens,Joseph Hernandez,0
38,055,Queens,Zohran Kwame Mamdani,0
39,001,Queens,Andrew M. Cuomo,278
39,001,Queens,Curtis A. Sliwa,44
39,001,Queens,Eric L. Adams,4
39,001,Queens,Irene Estrada,2
39,001,Queens,Jim Walden,2
39,001,Queens,Joseph Hernandez,0
39,001,Queens,Zohran Kwame Mamdani,554
39,002,Queens,Andrew M. Cuomo,253
39,002,Queens,Curtis A. Sliwa,45
39,002,Queens,Eric L. Adams,2
39,002,Queens,Irene Estrada,0
39,002,Queens,Jim Walden,1
39,002,Queens,Joseph Hernandez,0
39,002,Queens,Zohran Kwame Mamdani,617
39,003,Queens,Andrew M. Cuomo,243
39,003,Queens,Curtis A. Sliwa,53
39,003,Queens,Eric L. Adams,1
39,003,Queens,Irene Estrada,0
39,003,Queens,Jim Walden,0
39,003,Queens,Joseph Hernandez,1
39,003,Queens,Zohran Kwame Mamdani,536
39,004,Queens,Andrew M. Cuomo,221
39,004,Queens,Curtis A. Sliwa,45
39,004,Queens,Eric L. Adams,2
39,004,Queens,Irene Estrada,0
39,004,Queens,Jim Walden,0
39,004,Queens,Joseph Hernandez,3
39,004,Queens,Zohran Kwame Mamdani,567
39,005,Queens,Andrew M. Cuomo,211
39,005,Queens,Curtis A. Sliwa,49
39,005,Queens,Eric L. Adams,0
39,005,Queens,Irene Estrada,1
39,005,Queens,Jim Walden,1
39,005,Queens,Joseph Hernandez,0
39,005,Queens,Zohran Kwame Mamdani,446
39,006,Queens,Andrew M. Cuomo,259
39,006,Queens,Curtis A. Sliwa,46
39,006,Queens,Eric L. Adams,0
39,006,Queens,Irene Estrada,1
39,006,Queens,Jim Walden,3
39,006,Queens,Joseph Hernandez,0
39,006,Queens,Zohran Kwame Mamdani,686
39,007,Queens,Andrew M. Cuomo,262
39,007,Queens,Curtis A. Sliwa,55
39,007,Queens,Eric L. Adams,4
39,007,Queens,Irene Estrada,2
39,007,Queens,Jim Walden,2
39,007,Queens,Joseph Hernandez,1
39,007,Queens,Zohran Kwame Mamdani,551
39,008,Queens,Andrew M. Cuomo,237
39,008,Queens,Curtis A. Sliwa,63
39,008,Queens,Eric L. Adams,1
39,008,Queens,Irene Estrada,2
39,008,Queens,Jim Walden,3
39,008,Queens,Joseph Hernandez,2
39,008,Queens,Zohran Kwame Mamdani,449
39,009,Queens,Andrew M. Cuomo,151
39,009,Queens,Curtis A. Sliwa,37
39,009,Queens,Eric L. Adams,0
39,009,Queens,Irene Estrada,1
39,009,Queens,Jim Walden,0
39,009,Queens,Joseph Hernandez,2
39,009,Queens,Zohran Kwame Mamdani,472
39,010,Queens,Andrew M. Cuomo,75
39,010,Queens,Curtis A. Sliwa,26
39,010,Queens,Eric L. Adams,1
39,010,Queens,Irene Estrada,0
39,010,Queens,Jim Walden,0
39,010,Queens,Joseph Hernandez,0
39,010,Queens,Zohran Kwame Mamdani,184
39,011,Queens,Andrew M. Cuomo,19
39,011,Queens,Curtis A. Sliwa,7
39,011,Queens,Eric L. Adams,0
39,011,Queens,Irene Estrada,0
39,011,Queens,Jim Walden,0
39,011,Queens,Joseph Hernandez,0
39,011,Queens,Zohran Kwame Mamdani,34
39,012,Queens,Andrew M. Cuomo,153
39,012,Queens,Curtis A. Sliwa,25
39,012,Queens,Eric L. Adams,2
39,012,Queens,Irene Estrada,2
39,012,Queens,Jim Walden,0
39,012,Queens,Joseph Hernandez,1
39,012,Queens,Zohran Kwame Mamdani,162
39,013,Queens,Andrew M. Cuomo,77
39,013,Queens,Curtis A. Sliwa,13
39,013,Queens,Eric L. Adams,0
39,013,Queens,Irene Estrada,0
39,013,Queens,Jim Walden,1
39,013,Queens,Joseph Hernandez,0
39,013,Queens,Zohran Kwame Mamdani,136
39,014,Queens,Andrew M. Cuomo,137
39,014,Queens,Curtis A. Sliwa,20
39,014,Queens,Eric L. Adams,0
39,014,Queens,Irene Estrada,1
39,014,Queens,Jim Walden,0
39,014,Queens,Joseph Hernandez,0
39,014,Queens,Zohran Kwame Mamdani,238
39,015,Queens,Andrew M. Cuomo,212
39,015,Queens,Curtis A. Sliwa,50
39,015,Queens,Eric L. Adams,0
39,015,Queens,Irene Estrada,2
39,015,Queens,Jim Walden,2
39,015,Queens,Joseph Hernandez,0
39,015,Queens,Zohran Kwame Mamdani,376
39,016,Queens,Andrew M. Cuomo,11
39,016,Queens,Curtis A. Sliwa,1
39,016,Queens,Eric L. Adams,0
39,016,Queens,Irene Estrada,0
39,016,Queens,Jim Walden,0
39,016,Queens,Joseph Hernandez,0
39,016,Queens,Zohran Kwame Mamdani,38
39,017,Queens,Andrew M. Cuomo,80
39,017,Queens,Curtis A. Sliwa,22
39,017,Queens,Eric L. Adams,1
39,017,Queens,Irene Estrada,0
39,017,Queens,Jim Walden,0
39,017,Queens,Joseph Hernandez,0
39,017,Queens,Zohran Kwame Mamdani,165
39,018,Queens,Andrew M. Cuomo,209
39,018,Queens,Curtis A. Sliwa,35
39,018,Queens,Eric L. Adams,1
39,018,Queens,Irene Estrada,0
39,018,Queens,Jim Walden,0
39,018,Queens,Joseph Hernandez,1
39,018,Queens,Zohran Kwame Mamdani,323
39,019,Queens,Andrew M. Cuomo,231
39,019,Queens,Curtis A. Sliwa,52
39,019,Queens,Eric L. Adams,2
39,019,Queens,Irene Estrada,1
39,019,Queens,Jim Walden,0
39,019,Queens,Joseph Hernandez,0
39,019,Queens,Zohran Kwame Mamdani,387
39,020,Queens,Andrew M. Cuomo,47
39,020,Queens,Curtis A. Sliwa,15
39,020,Queens,Eric L. Adams,0
39,020,Queens,Irene Estrada,0
39,020,Queens,Jim Walden,0
39,020,Queens,Joseph Hernandez,0
39,020,Queens,Zohran Kwame Mamdani,74
39,021,Queens,Andrew M. Cuomo,109
39,021,Queens,Curtis A. Sliwa,18
39,021,Queens,Eric L. Adams,0
39,021,Queens,Irene Estrada,0
39,021,Queens,Jim Walden,0
39,021,Queens,Joseph Hernandez,0
39,021,Queens,Zohran Kwame Mamdani,187
39,022,Queens,Andrew M. Cuomo,130
39,022,Queens,Curtis A. Sliwa,36
39,022,Queens,Eric L. Adams,1
39,022,Queens,Irene Estrada,1
39,022,Queens,Jim Walden,1
39,022,Queens,Joseph Hernandez,0
39,022,Queens,Zohran Kwame Mamdani,240
39,023,Queens,Andrew M. Cuomo,150
39,023,Queens,Curtis A. Sliwa,40
39,023,Queens,Eric L. Adams,2
39,023,Queens,Irene Estrada,1
39,023,Queens,Jim Walden,0
39,023,Queens,Joseph Hernandez,0
39,023,Queens,Zohran Kwame Mamdani,211
39,024,Queens,Andrew M. Cuomo,128
39,024,Queens,Curtis A. Sliwa,25
39,024,Queens,Eric L. Adams,1
39,024,Queens,Irene Estrada,0
39,024,Queens,Jim Walden,0
39,024,Queens,Joseph Hernandez,0
39,024,Queens,Zohran Kwame Mamdani,157
39,025,Queens,Andrew M. Cuomo,107
39,025,Queens,Curtis A. Sliwa,13
39,025,Queens,Eric L. Adams,2
39,025,Queens,Irene Estrada,0
39,025,Queens,Jim Walden,0
39,025,Queens,Joseph Hernandez,0
39,025,Queens,Zohran Kwame Mamdani,142
39,026,Queens,Andrew M. Cuomo,176
39,026,Queens,Curtis A. Sliwa,47
39,026,Queens,Eric L. Adams,1
39,026,Queens,Irene Estrada,2
39,026,Queens,Jim Walden,0
39,026,Queens,Joseph Hernandez,1
39,026,Queens,Zohran Kwame Mamdani,217
39,027,Queens,Andrew M. Cuomo,50
39,027,Queens,Curtis A. Sliwa,5
39,027,Queens,Eric L. Adams,1
39,027,Queens,Irene Estrada,1
39,027,Queens,Jim Walden,0
39,027,Queens,Joseph Hernandez,0
39,027,Queens,Zohran Kwame Mamdani,75
39,028,Queens,Andrew M. Cuomo,430
39,028,Queens,Curtis A. Sliwa,215
39,028,Queens,Eric L. Adams,0
39,028,Queens,Irene Estrada,2
39,028,Queens,Jim Walden,1
39,028,Queens,Joseph Hernandez,1
39,028,Queens,Zohran Kwame Mamdani,192
39,029,Queens,Andrew M. Cuomo,86
39,029,Queens,Curtis A. Sliwa,20
39,029,Queens,Eric L. Adams,0
39,029,Queens,Irene Estrada,0
39,029,Queens,Jim Walden,0
39,029,Queens,Joseph Hernandez,0
39,029,Queens,Zohran Kwame Mamdani,136
39,030,Queens,Andrew M. Cuomo,148
39,030,Queens,Curtis A. Sliwa,54
39,030,Queens,Eric L. Adams,2
39,030,Queens,Irene Estrada,4
39,030,Queens,Jim Walden,0
39,030,Queens,Joseph Hernandez,0
39,030,Queens,Zohran Kwame Mamdani,222
39,031,Queens,Andrew M. Cuomo,121
39,031,Queens,Curtis A. Sliwa,26
39,031,Queens,Eric L. Adams,1
39,031,Queens,Irene Estrada,1
39,031,Queens,Jim Walden,0
39,031,Queens,Joseph Hernandez,1
39,031,Queens,Zohran Kwame Mamdani,180
39,032,Queens,Andrew M. Cuomo,196
39,032,Queens,Curtis A. Sliwa,49
39,032,Queens,Eric L. Adams,0
39,032,Queens,Irene Estrada,4
39,032,Queens,Jim Walden,0
39,032,Queens,Joseph Hernandez,1
39,032,Queens,Zohran Kwame Mamdani,235
39,033,Queens,Andrew M. Cuomo,160
39,033,Queens,Curtis A. Sliwa,28
39,033,Queens,Eric L. Adams,1
39,033,Queens,Irene Estrada,0
39,033,Queens,Jim Walden,0
39,033,Queens,Joseph Hernandez,0
39,033,Queens,Zohran Kwame Mamdani,152
39,034,Queens,Andrew M. Cuomo,135
39,034,Queens,Curtis A. Sliwa,32
39,034,Queens,Eric L. Adams,0
39,034,Queens,Irene Estrada,0
39,034,Queens,Jim Walden,1
39,034,Queens,Joseph Hernandez,0
39,034,Queens,Zohran Kwame Mamdani,215
39,035,Queens,Andrew M. Cuomo,172
39,035,Queens,Curtis A. Sliwa,44
39,035,Queens,Eric L. Adams,1
39,035,Queens,Irene Estrada,2
39,035,Queens,Jim Walden,0
39,035,Queens,Joseph Hernandez,1
39,035,Queens,Zohran Kwame Mamdani,217
39,036,Queens,Andrew M. Cuomo,90
39,036,Queens,Curtis A. Sliwa,16
39,036,Queens,Eric L. Adams,3
39,036,Queens,Irene Estrada,1
39,036,Queens,Jim Walden,2
39,036,Queens,Joseph Hernandez,0
39,036,Queens,Zohran Kwame Mamdani,166
39,037,Queens,Andrew M. Cuomo,111
39,037,Queens,Curtis A. Sliwa,26
39,037,Queens,Eric L. Adams,2
39,037,Queens,Irene Estrada,0
39,037,Queens,Jim Walden,0
39,037,Queens,Joseph Hernandez,0
39,037,Queens,Zohran Kwame Mamdani,95
39,038,Queens,Andrew M. Cuomo,106
39,038,Queens,Curtis A. Sliwa,27
39,038,Queens,Eric L. Adams,0
39,038,Queens,Irene Estrada,1
39,038,Queens,Jim Walden,0
39,038,Queens,Joseph Hernandez,0
39,038,Queens,Zohran Kwame Mamdani,115
39,039,Queens,Andrew M. Cuomo,174
39,039,Queens,Curtis A. Sliwa,44
39,039,Queens,Eric L. Adams,1
39,039,Queens,Irene Estrada,0
39,039,Queens,Jim Walden,2
39,039,Queens,Joseph Hernandez,0
39,039,Queens,Zohran Kwame Mamdani,204
39,040,Queens,Andrew M. Cuomo,58
39,040,Queens,Curtis A. Sliwa,15
39,040,Queens,Eric L. Adams,0
39,040,Queens,Irene Estrada,1
39,040,Queens,Jim Walden,0
39,040,Queens,Joseph Hernandez,0
39,040,Queens,Zohran Kwame Mamdani,57
39,041,Queens,Andrew M. Cuomo,302
39,041,Queens,Curtis A. Sliwa,70
39,041,Queens,Eric L. Adams,2
39,041,Queens,Irene Estrada,0
39,041,Queens,Jim Walden,0
39,041,Queens,Joseph Hernandez,1
39,041,Queens,Zohran Kwame Mamdani,269
39,042,Queens,Andrew M. Cuomo,134
39,042,Queens,Curtis A. Sliwa,36
39,042,Queens,Eric L. Adams,1
39,042,Queens,Irene Estrada,1
39,042,Queens,Jim Walden,1
39,042,Queens,Joseph Hernandez,0
39,042,Queens,Zohran Kwame Mamdani,178
39,043,Queens,Andrew M. Cuomo,185
39,043,Queens,Curtis A. Sliwa,35
39,043,Queens,Eric L. Adams,0
39,043,Queens,Irene Estrada,0
39,043,Queens,Jim Walden,1
39,043,Queens,Joseph Hernandez,1
39,043,Queens,Zohran Kwame Mamdani,95
39,044,Queens,Andrew M. Cuomo,203
39,044,Queens,Curtis A. Sliwa,61
39,044,Queens,Eric L. Adams,3
39,044,Queens,Irene Estrada,1
39,044,Queens,Jim Walden,0
39,044,Queens,Joseph Hernandez,0
39,044,Queens,Zohran Kwame Mamdani,147
39,045,Queens,Andrew M. Cuomo,244
39,045,Queens,Curtis A. Sliwa,90
39,045,Queens,Eric L. Adams,1
39,045,Queens,Irene Estrada,1
39,045,Queens,Jim Walden,0
39,045,Queens,Joseph Hernandez,1
39,045,Queens,Zohran Kwame Mamdani,172
39,046,Queens,Andrew M. Cuomo,390
39,046,Queens,Curtis A. Sliwa,193
39,046,Queens,Eric L. Adams,0
39,046,Queens,Irene Estrada,0
39,046,Queens,Jim Walden,3
39,046,Queens,Joseph Hernandez,1
39,046,Queens,Zohran Kwame Mamdani,223
39,047,Queens,Andrew M. Cuomo,250
39,047,Queens,Curtis A. Sliwa,110
39,047,Queens,Eric L. Adams,0
39,047,Queens,Irene Estrada,0
39,047,Queens,Jim Walden,0
39,047,Queens,Joseph Hernandez,0
39,047,Queens,Zohran Kwame Mamdani,79
39,048,Queens,Andrew M. Cuomo,82
39,048,Queens,Curtis A. Sliwa,17
39,048,Queens,Eric L. Adams,2
39,048,Queens,Irene Estrada,0
39,048,Queens,Jim Walden,1
39,048,Queens,Joseph Hernandez,1
39,048,Queens,Zohran Kwame Mamdani,173
39,049,Queens,Andrew M. Cuomo,138
39,049,Queens,Curtis A. Sliwa,18
39,049,Queens,Eric L. Adams,1
39,049,Queens,Irene Estrada,0
39,049,Queens,Jim Walden,1
39,049,Queens,Joseph Hernandez,0
39,049,Queens,Zohran Kwame Mamdani,182
39,050,Queens,Andrew M. Cuomo,51
39,050,Queens,Curtis A. Sliwa,6
39,050,Queens,Eric L. Adams,0
39,050,Queens,Irene Estrada,1
39,050,Queens,Jim Walden,0
39,050,Queens,Joseph Hernandez,0
39,050,Queens,Zohran Kwame Mamdani,64
39,051,Queens,Andrew M. Cuomo,330
39,051,Queens,Curtis A. Sliwa,151
39,051,Queens,Eric L. Adams,0
39,051,Queens,Irene Estrada,0
39,051,Queens,Jim Walden,1
39,051,Queens,Joseph Hernandez,0
39,051,Queens,Zohran Kwame Mamdani,119
39,052,Queens,Andrew M. Cuomo,45
39,052,Queens,Curtis A. Sliwa,8
39,052,Queens,Eric L. Adams,2
39,052,Queens,Irene Estrada,0
39,052,Queens,Jim Walden,0
39,052,Queens,Joseph Hernandez,0
39,052,Queens,Zohran Kwame Mamdani,108
40,001,Queens,Andrew M. Cuomo,233
40,001,Queens,Curtis A. Sliwa,68
40,001,Queens,Eric L. Adams,1
40,001,Queens,Irene Estrada,1
40,001,Queens,Jim Walden,1
40,001,Queens,Joseph Hernandez,2
40,001,Queens,Zohran Kwame Mamdani,204
40,002,Queens,Andrew M. Cuomo,110
40,002,Queens,Curtis A. Sliwa,39
40,002,Queens,Eric L. Adams,1
40,002,Queens,Irene Estrada,2
40,002,Queens,Jim Walden,0
40,002,Queens,Joseph Hernandez,0
40,002,Queens,Zohran Kwame Mamdani,102
40,003,Queens,Andrew M. Cuomo,113
40,003,Queens,Curtis A. Sliwa,36
40,003,Queens,Eric L. Adams,1
40,003,Queens,Irene Estrada,0
40,003,Queens,Jim Walden,0
40,003,Queens,Joseph Hernandez,0
40,003,Queens,Zohran Kwame Mamdani,105
40,004,Queens,Andrew M. Cuomo,204
40,004,Queens,Curtis A. Sliwa,32
40,004,Queens,Eric L. Adams,2
40,004,Queens,Irene Estrada,1
40,004,Queens,Jim Walden,0
40,004,Queens,Joseph Hernandez,0
40,004,Queens,Zohran Kwame Mamdani,171
40,005,Queens,Andrew M. Cuomo,151
40,005,Queens,Curtis A. Sliwa,50
40,005,Queens,Eric L. Adams,4
40,005,Queens,Irene Estrada,0
40,005,Queens,Jim Walden,0
40,005,Queens,Joseph Hernandez,0
40,005,Queens,Zohran Kwame Mamdani,146
40,006,Queens,Andrew M. Cuomo,99
40,006,Queens,Curtis A. Sliwa,28
40,006,Queens,Eric L. Adams,0
40,006,Queens,Irene Estrada,0
40,006,Queens,Jim Walden,1
40,006,Queens,Joseph Hernandez,0
40,006,Queens,Zohran Kwame Mamdani,88
40,007,Queens,Andrew M. Cuomo,188
40,007,Queens,Curtis A. Sliwa,43
40,007,Queens,Eric L. Adams,2
40,007,Queens,Irene Estrada,1
40,007,Queens,Jim Walden,0
40,007,Queens,Joseph Hernandez,1
40,007,Queens,Zohran Kwame Mamdani,242
40,008,Queens,Andrew M. Cuomo,296
40,008,Queens,Curtis A. Sliwa,82
40,008,Queens,Eric L. Adams,4
40,008,Queens,Irene Estrada,2
40,008,Queens,Jim Walden,1
40,008,Queens,Joseph Hernandez,0
40,008,Queens,Zohran Kwame Mamdani,210
40,009,Queens,Andrew M. Cuomo,243
40,009,Queens,Curtis A. Sliwa,52
40,009,Queens,Eric L. Adams,2
40,009,Queens,Irene Estrada,1
40,009,Queens,Jim Walden,1
40,009,Queens,Joseph Hernandez,0
40,009,Queens,Zohran Kwame Mamdani,280
40,010,Queens,Andrew M. Cuomo,143
40,010,Queens,Curtis A. Sliwa,35
40,010,Queens,Eric L. Adams,0
40,010,Queens,Irene Estrada,2
40,010,Queens,Jim Walden,2
40,010,Queens,Joseph Hernandez,0
40,010,Queens,Zohran Kwame Mamdani,134
40,011,Queens,Andrew M. Cuomo,141
40,011,Queens,Curtis A. Sliwa,35
40,011,Queens,Eric L. Adams,2
40,011,Queens,Irene Estrada,0
40,011,Queens,Jim Walden,1
40,011,Queens,Joseph Hernandez,1
40,011,Queens,Zohran Kwame Mamdani,241
40,012,Queens,Andrew M. Cuomo,277
40,012,Queens,Curtis A. Sliwa,60
40,012,Queens,Eric L. Adams,1
40,012,Queens,Irene Estrada,2
40,012,Queens,Jim Walden,1
40,012,Queens,Joseph Hernandez,1
40,012,Queens,Zohran Kwame Mamdani,154
40,013,Queens,Andrew M. Cuomo,88
40,013,Queens,Curtis A. Sliwa,11
40,013,Queens,Eric L. Adams,0
40,013,Queens,Irene Estrada,0
40,013,Queens,Jim Walden,0
40,013,Queens,Joseph Hernandez,0
40,013,Queens,Zohran Kwame Mamdani,162
40,014,Queens,Andrew M. Cuomo,109
40,014,Queens,Curtis A. Sliwa,11
40,014,Queens,Eric L. Adams,0
40,014,Queens,Irene Estrada,3
40,014,Queens,Jim Walden,0
40,014,Queens,Joseph Hernandez,1
40,014,Queens,Zohran Kwame Mamdani,70
40,015,Queens,Andrew M. Cuomo,177
40,015,Queens,Curtis A. Sliwa,37
40,015,Queens,Eric L. Adams,2
40,015,Queens,Irene Estrada,0
40,015,Queens,Jim Walden,0
40,015,Queens,Joseph Hernandez,0
40,015,Queens,Zohran Kwame Mamdani,164
40,016,Queens,Andrew M. Cuomo,155
40,016,Queens,Curtis A. Sliwa,37
40,016,Queens,Eric L. Adams,1
40,016,Queens,Irene Estrada,3
40,016,Queens,Jim Walden,0
40,016,Queens,Joseph Hernandez,1
40,016,Queens,Zohran Kwame Mamdani,191
40,017,Queens,Andrew M. Cuomo,96
40,017,Queens,Curtis A. Sliwa,24
40,017,Queens,Eric L. Adams,2
40,017,Queens,Irene Estrada,2
40,017,Queens,Jim Walden,0
40,017,Queens,Joseph Hernandez,0
40,017,Queens,Zohran Kwame Mamdani,91
40,018,Queens,Andrew M. Cuomo,180
40,018,Queens,Curtis A. Sliwa,41
40,018,Queens,Eric L. Adams,3
40,018,Queens,Irene Estrada,2
40,018,Queens,Jim Walden,0
40,018,Queens,Joseph Hernandez,0
40,018,Queens,Zohran Kwame Mamdani,138
40,019,Queens,Andrew M. Cuomo,203
40,019,Queens,Curtis A. Sliwa,50
40,019,Queens,Eric L. Adams,1
40,019,Queens,Irene Estrada,4
40,019,Queens,Jim Walden,0
40,019,Queens,Joseph Hernandez,0
40,019,Queens,Zohran Kwame Mamdani,184
40,020,Queens,Andrew M. Cuomo,256
40,020,Queens,Curtis A. Sliwa,45
40,020,Queens,Eric L. Adams,2
40,020,Queens,Irene Estrada,2
40,020,Queens,Jim Walden,0
40,020,Queens,Joseph Hernandez,1
40,020,Queens,Zohran Kwame Mamdani,210
40,021,Queens,Andrew M. Cuomo,208
40,021,Queens,Curtis A. Sliwa,56
40,021,Queens,Eric L. Adams,2
40,021,Queens,Irene Estrada,3
40,021,Queens,Jim Walden,1
40,021,Queens,Joseph Hernandez,0
40,021,Queens,Zohran Kwame Mamdani,190
40,022,Queens,Andrew M. Cuomo,93
40,022,Queens,Curtis A. Sliwa,26
40,022,Queens,Eric L. Adams,0
40,022,Queens,Irene Estrada,0
40,022,Queens,Jim Walden,0
40,022,Queens,Joseph Hernandez,0
40,022,Queens,Zohran Kwame Mamdani,74
40,023,Queens,Andrew M. Cuomo,281
40,023,Queens,Curtis A. Sliwa,57
40,023,Queens,Eric L. Adams,6
40,023,Queens,Irene Estrada,2
40,023,Queens,Jim Walden,2
40,023,Queens,Joseph Hernandez,0
40,023,Queens,Zohran Kwame Mamdani,217
40,024,Queens,Andrew M. Cuomo,141
40,024,Queens,Curtis A. Sliwa,23
40,024,Queens,Eric L. Adams,2
40,024,Queens,Irene Estrada,2
40,024,Queens,Jim Walden,0
40,024,Queens,Joseph Hernandez,0
40,024,Queens,Zohran Kwame Mamdani,179
40,025,Queens,Andrew M. Cuomo,68
40,025,Queens,Curtis A. Sliwa,18
40,025,Queens,Eric L. Adams,1
40,025,Queens,Irene Estrada,2
40,025,Queens,Jim Walden,0
40,025,Queens,Joseph Hernandez,0
40,025,Queens,Zohran Kwame Mamdani,23
40,026,Queens,Andrew M. Cuomo,184
40,026,Queens,Curtis A. Sliwa,50
40,026,Queens,Eric L. Adams,1
40,026,Queens,Irene Estrada,1
40,026,Queens,Jim Walden,0
40,026,Queens,Joseph Hernandez,1
40,026,Queens,Zohran Kwame Mamdani,242
40,027,Queens,Andrew M. Cuomo,392
40,027,Queens,Curtis A. Sliwa,71
40,027,Queens,Eric L. Adams,3
40,027,Queens,Irene Estrada,1
40,027,Queens,Jim Walden,3
40,027,Queens,Joseph Hernandez,1
40,027,Queens,Zohran Kwame Mamdani,192
40,028,Queens,Andrew M. Cuomo,482
40,028,Queens,Curtis A. Sliwa,100
40,028,Queens,Eric L. Adams,2
40,028,Queens,Irene Estrada,2
40,028,Queens,Jim Walden,3
40,028,Queens,Joseph Hernandez,0
40,028,Queens,Zohran Kwame Mamdani,226
40,029,Queens,Andrew M. Cuomo,245
40,029,Queens,Curtis A. Sliwa,54
40,029,Queens,Eric L. Adams,6
40,029,Queens,Irene Estrada,0
40,029,Queens,Jim Walden,0
40,029,Queens,Joseph Hernandez,2
40,029,Queens,Zohran Kwame Mamdani,267
40,030,Queens,Andrew M. Cuomo,186
40,030,Queens,Curtis A. Sliwa,43
40,030,Queens,Eric L. Adams,1
40,030,Queens,Irene Estrada,1
40,030,Queens,Jim Walden,0
40,030,Queens,Joseph Hernandez,0
40,030,Queens,Zohran Kwame Mamdani,226
40,031,Queens,Andrew M. Cuomo,201
40,031,Queens,Curtis A. Sliwa,46
40,031,Queens,Eric L. Adams,2
40,031,Queens,Irene Estrada,1
40,031,Queens,Jim Walden,0
40,031,Queens,Joseph Hernandez,0
40,031,Queens,Zohran Kwame Mamdani,120
40,032,Queens,Andrew M. Cuomo,138
40,032,Queens,Curtis A. Sliwa,42
40,032,Queens,Eric L. Adams,2
40,032,Queens,Irene Estrada,0
40,032,Queens,Jim Walden,0
40,032,Queens,Joseph Hernandez,0
40,032,Queens,Zohran Kwame Mamdani,109
40,033,Queens,Andrew M. Cuomo,146
40,033,Queens,Curtis A. Sliwa,45
40,033,Queens,Eric L. Adams,3
40,033,Queens,Irene Estrada,0
40,033,Queens,Jim Walden,0
40,033,Queens,Joseph Hernandez,1
40,033,Queens,Zohran Kwame Mamdani,191
40,034,Queens,Andrew M. Cuomo,140
40,034,Queens,Curtis A. Sliwa,39
40,034,Queens,Eric L. Adams,1
40,034,Queens,Irene Estrada,0
40,034,Queens,Jim Walden,0
40,034,Queens,Joseph Hernandez,1
40,034,Queens,Zohran Kwame Mamdani,110
40,035,Queens,Andrew M. Cuomo,108
40,035,Queens,Curtis A. Sliwa,25
40,035,Queens,Eric L. Adams,0
40,035,Queens,Irene Estrada,0
40,035,Queens,Jim Walden,0
40,035,Queens,Joseph Hernandez,0
40,035,Queens,Zohran Kwame Mamdani,51
40,036,Queens,Andrew M. Cuomo,16
40,036,Queens,Curtis A. Sliwa,9
40,036,Queens,Eric L. Adams,0
40,036,Queens,Irene Estrada,0
40,036,Queens,Jim Walden,0
40,036,Queens,Joseph Hernandez,0
40,036,Queens,Zohran Kwame Mamdani,14
40,037,Queens,Andrew M. Cuomo,376
40,037,Queens,Curtis A. Sliwa,138
40,037,Queens,Eric L. Adams,1
40,037,Queens,Irene Estrada,3
40,037,Queens,Jim Walden,0
40,037,Queens,Joseph Hernandez,2
40,037,Queens,Zohran Kwame Mamdani,159
40,038,Queens,Andrew M. Cuomo,278
40,038,Queens,Curtis A. Sliwa,107
40,038,Queens,Eric L. Adams,0
40,038,Queens,Irene Estrada,2
40,038,Queens,Jim Walden,1
40,038,Queens,Joseph Hernandez,0
40,038,Queens,Zohran Kwame Mamdani,96
40,039,Queens,Andrew M. Cuomo,162
40,039,Queens,Curtis A. Sliwa,55
40,039,Queens,Eric L. Adams,0
40,039,Queens,Irene Estrada,0
40,039,Queens,Jim Walden,0
40,039,Queens,Joseph Hernandez,1
40,039,Queens,Zohran Kwame Mamdani,66
40,040,Queens,Andrew M. Cuomo,313
40,040,Queens,Curtis A. Sliwa,128
40,040,Queens,Eric L. Adams,1
40,040,Queens,Irene Estrada,1
40,040,Queens,Jim Walden,0
40,040,Queens,Joseph Hernandez,0
40,040,Queens,Zohran Kwame Mamdani,106
40,041,Queens,Andrew M. Cuomo,408
40,041,Queens,Curtis A. Sliwa,157
40,041,Queens,Eric L. Adams,1
40,041,Queens,Irene Estrada,0
40,041,Queens,Jim Walden,0
40,041,Queens,Joseph Hernandez,0
40,041,Queens,Zohran Kwame Mamdani,153
40,042,Queens,Andrew M. Cuomo,7
40,042,Queens,Curtis A. Sliwa,2
40,042,Queens,Eric L. Adams,1
40,042,Queens,Irene Estrada,0
40,042,Queens,Jim Walden,0
40,042,Queens,Joseph Hernandez,0
40,042,Queens,Zohran Kwame Mamdani,8
40,043,Queens,Andrew M. Cuomo,279
40,043,Queens,Curtis A. Sliwa,81
40,043,Queens,Eric L. Adams,1
40,043,Queens,Irene Estrada,0
40,043,Queens,Jim Walden,0
40,043,Queens,Joseph Hernandez,0
40,043,Queens,Zohran Kwame Mamdani,161
40,044,Queens,Andrew M. Cuomo,115
40,044,Queens,Curtis A. Sliwa,34
40,044,Queens,Eric L. Adams,2
40,044,Queens,Irene Estrada,0
40,044,Queens,Jim Walden,0
40,044,Queens,Joseph Hernandez,0
40,044,Queens,Zohran Kwame Mamdani,69
40,045,Queens,Andrew M. Cuomo,242
40,045,Queens,Curtis A. Sliwa,62
40,045,Queens,Eric L. Adams,1
40,045,Queens,Irene Estrada,0
40,045,Queens,Jim Walden,0
40,045,Queens,Joseph Hernandez,0
40,045,Queens,Zohran Kwame Mamdani,119
40,046,Queens,Andrew M. Cuomo,151
40,046,Queens,Curtis A. Sliwa,46
40,046,Queens,Eric L. Adams,0
40,046,Queens,Irene Estrada,1
40,046,Queens,Jim Walden,0
40,046,Queens,Joseph Hernandez,0
40,046,Queens,Zohran Kwame Mamdani,74
40,047,Queens,Andrew M. Cuomo,509
40,047,Queens,Curtis A. Sliwa,179
40,047,Queens,Eric L. Adams,0
40,047,Queens,Irene Estrada,1
40,047,Queens,Jim Walden,0
40,047,Queens,Joseph Hernandez,0
40,047,Queens,Zohran Kwame Mamdani,143
40,048,Queens,Andrew M. Cuomo,0
40,048,Queens,Curtis A. Sliwa,0
40,048,Queens,Eric L. Adams,0
40,048,Queens,Irene Estrada,0
40,048,Queens,Jim Walden,0
40,048,Queens,Joseph Hernandez,0
40,048,Queens,Zohran Kwame Mamdani,0
41,001,Kings,Andrew M. Cuomo,199
41,001,Kings,Curtis A. Sliwa,12
41,001,Kings,Eric L. Adams,3
41,001,Kings,Irene Estrada,3
41,001,Kings,Jim Walden,1
41,001,Kings,Joseph Hernandez,0
41,001,Kings,Zohran Kwame Mamdani,342
41,002,Kings,Andrew M. Cuomo,174
41,002,Kings,Curtis A. Sliwa,10
41,002,Kings,Eric L. Adams,4
41,002,Kings,Irene Estrada,0
41,002,Kings,Jim Walden,0
41,002,Kings,Joseph Hernandez,0
41,002,Kings,Zohran Kwame Mamdani,297
41,003,Kings,Andrew M. Cuomo,110
41,003,Kings,Curtis A. Sliwa,12
41,003,Kings,Eric L. Adams,1
41,003,Kings,Irene Estrada,0
41,003,Kings,Jim Walden,0
41,003,Kings,Joseph Hernandez,0
41,003,Kings,Zohran Kwame Mamdani,222
41,004,Kings,Andrew M. Cuomo,230
41,004,Kings,Curtis A. Sliwa,12
41,004,Kings,Eric L. Adams,4
41,004,Kings,Irene Estrada,1
41,004,Kings,Jim Walden,3
41,004,Kings,Joseph Hernandez,0
41,004,Kings,Zohran Kwame Mamdani,409
41,005,Kings,Andrew M. Cuomo,113
41,005,Kings,Curtis A. Sliwa,8
41,005,Kings,Eric L. Adams,2
41,005,Kings,Irene Estrada,1
41,005,Kings,Jim Walden,0
41,005,Kings,Joseph Hernandez,1
41,005,Kings,Zohran Kwame Mamdani,289
41,006,Kings,Andrew M. Cuomo,119
41,006,Kings,Curtis A. Sliwa,15
41,006,Kings,Eric L. Adams,1
41,006,Kings,Irene Estrada,0
41,006,Kings,Jim Walden,0
41,006,Kings,Joseph Hernandez,0
41,006,Kings,Zohran Kwame Mamdani,351
41,007,Kings,Andrew M. Cuomo,171
41,007,Kings,Curtis A. Sliwa,11
41,007,Kings,Eric L. Adams,2
41,007,Kings,Irene Estrada,0
41,007,Kings,Jim Walden,0
41,007,Kings,Joseph Hernandez,1
41,007,Kings,Zohran Kwame Mamdani,332
41,008,Kings,Andrew M. Cuomo,125
41,008,Kings,Curtis A. Sliwa,12
41,008,Kings,Eric L. Adams,1
41,008,Kings,Irene Estrada,0
41,008,Kings,Jim Walden,0
41,008,Kings,Joseph Hernandez,0
41,008,Kings,Zohran Kwame Mamdani,294
41,009,Kings,Andrew M. Cuomo,193
41,009,Kings,Curtis A. Sliwa,16
41,009,Kings,Eric L. Adams,7
41,009,Kings,Irene Estrada,0
41,009,Kings,Jim Walden,2
41,009,Kings,Joseph Hernandez,1
41,009,Kings,Zohran Kwame Mamdani,331
41,010,Kings,Andrew M. Cuomo,136
41,010,Kings,Curtis A. Sliwa,8
41,010,Kings,Eric L. Adams,3
41,010,Kings,Irene Estrada,1
41,010,Kings,Jim Walden,1
41,010,Kings,Joseph Hernandez,0
41,010,Kings,Zohran Kwame Mamdani,225
41,011,Kings,Andrew M. Cuomo,204
41,011,Kings,Curtis A. Sliwa,19
41,011,Kings,Eric L. Adams,3
41,011,Kings,Irene Estrada,1
41,011,Kings,Jim Walden,0
41,011,Kings,Joseph Hernandez,1
41,011,Kings,Zohran Kwame Mamdani,302
41,012,Kings,Andrew M. Cuomo,292
41,012,Kings,Curtis A. Sliwa,12
41,012,Kings,Eric L. Adams,1
41,012,Kings,Irene Estrada,0
41,012,Kings,Jim Walden,0
41,012,Kings,Joseph Hernandez,0
41,012,Kings,Zohran Kwame Mamdani,165
41,013,Kings,Andrew M. Cuomo,119
41,013,Kings,Curtis A. Sliwa,8
41,013,Kings,Eric L. Adams,3
41,013,Kings,Irene Estrada,1
41,013,Kings,Jim Walden,0
41,013,Kings,Joseph Hernandez,0
41,013,Kings,Zohran Kwame Mamdani,200
41,014,Kings,Andrew M. Cuomo,728
41,014,Kings,Curtis A. Sliwa,21
41,014,Kings,Eric L. Adams,1
41,014,Kings,Irene Estrada,2
41,014,Kings,Jim Walden,0
41,014,Kings,Joseph Hernandez,0
41,014,Kings,Zohran Kwame Mamdani,50
41,015,Kings,Andrew M. Cuomo,170
41,015,Kings,Curtis A. Sliwa,7
41,015,Kings,Eric L. Adams,1
41,015,Kings,Irene Estrada,0
41,015,Kings,Jim Walden,0
41,015,Kings,Joseph Hernandez,0
41,015,Kings,Zohran Kwame Mamdani,74
41,016,Kings,Andrew M. Cuomo,196
41,016,Kings,Curtis A. Sliwa,25
41,016,Kings,Eric L. Adams,1
41,016,Kings,Irene Estrada,1
41,016,Kings,Jim Walden,0
41,016,Kings,Joseph Hernandez,0
41,016,Kings,Zohran Kwame Mamdani,175
41,017,Kings,Andrew M. Cuomo,96
41,017,Kings,Curtis A. Sliwa,6
41,017,Kings,Eric L. Adams,2
41,017,Kings,Irene Estrada,0
41,017,Kings,Jim Walden,0
41,017,Kings,Joseph Hernandez,0
41,017,Kings,Zohran Kwame Mamdani,338
41,018,Kings,Andrew M. Cuomo,124
41,018,Kings,Curtis A. Sliwa,20
41,018,Kings,Eric L. Adams,2
41,018,Kings,Irene Estrada,0
41,018,Kings,Jim Walden,1
41,018,Kings,Joseph Hernandez,0
41,018,Kings,Zohran Kwame Mamdani,230
41,019,Kings,Andrew M. Cuomo,161
41,019,Kings,Curtis A. Sliwa,41
41,019,Kings,Eric L. Adams,1
41,019,Kings,Irene Estrada,2
41,019,Kings,Jim Walden,0
41,019,Kings,Joseph Hernandez,0
41,019,Kings,Zohran Kwame Mamdani,284
41,020,Kings,Andrew M. Cuomo,576
41,020,Kings,Curtis A. Sliwa,15
41,020,Kings,Eric L. Adams,1
41,020,Kings,Irene Estrada,0
41,020,Kings,Jim Walden,0
41,020,Kings,Joseph Hernandez,0
41,020,Kings,Zohran Kwame Mamdani,55
41,021,Kings,Andrew M. Cuomo,311
41,021,Kings,Curtis A. Sliwa,38
41,021,Kings,Eric L. Adams,4
41,021,Kings,Irene Estrada,1
41,021,Kings,Jim Walden,0
41,021,Kings,Joseph Hernandez,0
41,021,Kings,Zohran Kwame Mamdani,107
41,022,Kings,Andrew M. Cuomo,237
41,022,Kings,Curtis A. Sliwa,20
41,022,Kings,Eric L. Adams,2
41,022,Kings,Irene Estrada,0
41,022,Kings,Jim Walden,1
41,022,Kings,Joseph Hernandez,0
41,022,Kings,Zohran Kwame Mamdani,115
41,023,Kings,Andrew M. Cuomo,654
41,023,Kings,Curtis A. Sliwa,29
41,023,Kings,Eric L. Adams,3
41,023,Kings,Irene Estrada,0
41,023,Kings,Jim Walden,0
41,023,Kings,Joseph Hernandez,0
41,023,Kings,Zohran Kwame Mamdani,75
41,024,Kings,Andrew M. Cuomo,515
41,024,Kings,Curtis A. Sliwa,42
41,024,Kings,Eric L. Adams,4
41,024,Kings,Irene Estrada,1
41,024,Kings,Jim Walden,0
41,024,Kings,Joseph Hernandez,0
41,024,Kings,Zohran Kwame Mamdani,142
41,025,Kings,Andrew M. Cuomo,481
41,025,Kings,Curtis A. Sliwa,44
41,025,Kings,Eric L. Adams,1
41,025,Kings,Irene Estrada,1
41,025,Kings,Jim Walden,1
41,025,Kings,Joseph Hernandez,0
41,025,Kings,Zohran Kwame Mamdani,192
41,026,Kings,Andrew M. Cuomo,591
41,026,Kings,Curtis A. Sliwa,50
41,026,Kings,Eric L. Adams,1
41,026,Kings,Irene Estrada,0
41,026,Kings,Jim Walden,1
41,026,Kings,Joseph Hernandez,0
41,026,Kings,Zohran Kwame Mamdani,191
41,027,Kings,Andrew M. Cuomo,525
41,027,Kings,Curtis A. Sliwa,55
41,027,Kings,Eric L. Adams,0
41,027,Kings,Irene Estrada,2
41,027,Kings,Jim Walden,1
41,027,Kings,Joseph Hernandez,2
41,027,Kings,Zohran Kwame Mamdani,182
41,028,Kings,Andrew M. Cuomo,490
41,028,Kings,Curtis A. Sliwa,53
41,028,Kings,Eric L. Adams,0
41,028,Kings,Irene Estrada,0
41,028,Kings,Jim Walden,0
41,028,Kings,Joseph Hernandez,1
41,028,Kings,Zohran Kwame Mamdani,72
41,029,Kings,Andrew M. Cuomo,589
41,029,Kings,Curtis A. Sliwa,30
41,029,Kings,Eric L. Adams,3
41,029,Kings,Irene Estrada,0
41,029,Kings,Jim Walden,0
41,029,Kings,Joseph Hernandez,0
41,029,Kings,Zohran Kwame Mamdani,52
41,030,Kings,Andrew M. Cuomo,690
41,030,Kings,Curtis A. Sliwa,26
41,030,Kings,Eric L. Adams,0
41,030,Kings,Irene Estrada,0
41,030,Kings,Jim Walden,0
41,030,Kings,Joseph Hernandez,0
41,030,Kings,Zohran Kwame Mamdani,40
41,031,Kings,Andrew M. Cuomo,334
41,031,Kings,Curtis A. Sliwa,25
41,031,Kings,Eric L. Adams,1
41,031,Kings,Irene Estrada,0
41,031,Kings,Jim Walden,0
41,031,Kings,Joseph Hernandez,0
41,031,Kings,Zohran Kwame Mamdani,53
41,032,Kings,Andrew M. Cuomo,309
41,032,Kings,Curtis A. Sliwa,52
41,032,Kings,Eric L. Adams,1
41,032,Kings,Irene Estrada,0
41,032,Kings,Jim Walden,1
41,032,Kings,Joseph Hernandez,0
41,032,Kings,Zohran Kwame Mamdani,242
41,033,Kings,Andrew M. Cuomo,630
41,033,Kings,Curtis A. Sliwa,79
41,033,Kings,Eric L. Adams,2
41,033,Kings,Irene Estrada,0
41,033,Kings,Jim Walden,0
41,033,Kings,Joseph Hernandez,0
41,033,Kings,Zohran Kwame Mamdani,158
41,034,Kings,Andrew M. Cuomo,610
41,034,Kings,Curtis A. Sliwa,177
41,034,Kings,Eric L. Adams,4
41,034,Kings,Irene Estrada,0
41,034,Kings,Jim Walden,1
41,034,Kings,Joseph Hernandez,1
41,034,Kings,Zohran Kwame Mamdani,189
41,035,Kings,Andrew M. Cuomo,631
41,035,Kings,Curtis A. Sliwa,43
41,035,Kings,Eric L. Adams,3
41,035,Kings,Irene Estrada,0
41,035,Kings,Jim Walden,0
41,035,Kings,Joseph Hernandez,0
41,035,Kings,Zohran Kwame Mamdani,91
41,036,Kings,Andrew M. Cuomo,295
41,036,Kings,Curtis A. Sliwa,54
41,036,Kings,Eric L. Adams,1
41,036,Kings,Irene Estrada,1
41,036,Kings,Jim Walden,0
41,036,Kings,Joseph Hernandez,0
41,036,Kings,Zohran Kwame Mamdani,49
41,037,Kings,Andrew M. Cuomo,261
41,037,Kings,Curtis A. Sliwa,90
41,037,Kings,Eric L. Adams,0
41,037,Kings,Irene Estrada,1
41,037,Kings,Jim Walden,0
41,037,Kings,Joseph Hernandez,0
41,037,Kings,Zohran Kwame Mamdani,70
41,038,Kings,Andrew M. Cuomo,86
41,038,Kings,Curtis A. Sliwa,17
41,038,Kings,Eric L. Adams,0
41,038,Kings,Irene Estrada,0
41,038,Kings,Jim Walden,0
41,038,Kings,Joseph Hernandez,0
41,038,Kings,Zohran Kwame Mamdani,65
41,039,Kings,Andrew M. Cuomo,280
41,039,Kings,Curtis A. Sliwa,45
41,039,Kings,Eric L. Adams,1
41,039,Kings,Irene Estrada,0
41,039,Kings,Jim Walden,0
41,039,Kings,Joseph Hernandez,0
41,039,Kings,Zohran Kwame Mamdani,41
41,040,Kings,Andrew M. Cuomo,426
41,040,Kings,Curtis A. Sliwa,57
41,040,Kings,Eric L. Adams,1
41,040,Kings,Irene Estrada,0
41,040,Kings,Jim Walden,0
41,040,Kings,Joseph Hernandez,0
41,040,Kings,Zohran Kwame Mamdani,123
41,041,Kings,Andrew M. Cuomo,890
41,041,Kings,Curtis A. Sliwa,52
41,041,Kings,Eric L. Adams,3
41,041,Kings,Irene Estrada,1
41,041,Kings,Jim Walden,0
41,041,Kings,Joseph Hernandez,0
41,041,Kings,Zohran Kwame Mamdani,69
41,042,Kings,Andrew M. Cuomo,376
41,042,Kings,Curtis A. Sliwa,82
41,042,Kings,Eric L. Adams,1
41,042,Kings,Irene Estrada,3
41,042,Kings,Jim Walden,0
41,042,Kings,Joseph Hernandez,0
41,042,Kings,Zohran Kwame Mamdani,169
41,043,Kings,Andrew M. Cuomo,345
41,043,Kings,Curtis A. Sliwa,96
41,043,Kings,Eric L. Adams,1
41,043,Kings,Irene Estrada,3
41,043,Kings,Jim Walden,3
41,043,Kings,Joseph Hernandez,0
41,043,Kings,Zohran Kwame Mamdani,150
41,044,Kings,Andrew M. Cuomo,292
41,044,Kings,Curtis A. Sliwa,101
41,044,Kings,Eric L. Adams,1
41,044,Kings,Irene Estrada,0
41,044,Kings,Jim Walden,0
41,044,Kings,Joseph Hernandez,0
41,044,Kings,Zohran Kwame Mamdani,119
41,045,Kings,Andrew M. Cuomo,343
41,045,Kings,Curtis A. Sliwa,155
41,045,Kings,Eric L. Adams,1
41,045,Kings,Irene Estrada,0
41,045,Kings,Jim Walden,2
41,045,Kings,Joseph Hernandez,2
41,045,Kings,Zohran Kwame Mamdani,150
41,046,Kings,Andrew M. Cuomo,253
41,046,Kings,Curtis A. Sliwa,120
41,046,Kings,Eric L. Adams,0
41,046,Kings,Irene Estrada,0
41,046,Kings,Jim Walden,1
41,046,Kings,Joseph Hernandez,0
41,046,Kings,Zohran Kwame Mamdani,71
41,047,Kings,Andrew M. Cuomo,206
41,047,Kings,Curtis A. Sliwa,172
41,047,Kings,Eric L. Adams,0
41,047,Kings,Irene Estrada,2
41,047,Kings,Jim Walden,0
41,047,Kings,Joseph Hernandez,0
41,047,Kings,Zohran Kwame Mamdani,136
41,048,Kings,Andrew M. Cuomo,282
41,048,Kings,Curtis A. Sliwa,117
41,048,Kings,Eric L. Adams,0
41,048,Kings,Irene Estrada,1
41,048,Kings,Jim Walden,1
41,048,Kings,Joseph Hernandez,0
41,048,Kings,Zohran Kwame Mamdani,129
41,049,Kings,Andrew M. Cuomo,141
41,049,Kings,Curtis A. Sliwa,45
41,049,Kings,Eric L. Adams,0
41,049,Kings,Irene Estrada,1
41,049,Kings,Jim Walden,0
41,049,Kings,Joseph Hernandez,0
41,049,Kings,Zohran Kwame Mamdani,145
41,050,Kings,Andrew M. Cuomo,141
41,050,Kings,Curtis A. Sliwa,23
41,050,Kings,Eric L. Adams,1
41,050,Kings,Irene Estrada,0
41,050,Kings,Jim Walden,0
41,050,Kings,Joseph Hernandez,0
41,050,Kings,Zohran Kwame Mamdani,139
41,051,Kings,Andrew M. Cuomo,75
41,051,Kings,Curtis A. Sliwa,26
41,051,Kings,Eric L. Adams,3
41,051,Kings,Irene Estrada,0
41,051,Kings,Jim Walden,1
41,051,Kings,Joseph Hernandez,0
41,051,Kings,Zohran Kwame Mamdani,87
41,052,Kings,Andrew M. Cuomo,448
41,052,Kings,Curtis A. Sliwa,245
41,052,Kings,Eric L. Adams,4
41,052,Kings,Irene Estrada,2
41,052,Kings,Jim Walden,0
41,052,Kings,Joseph Hernandez,0
41,052,Kings,Zohran Kwame Mamdani,173
41,053,Kings,Andrew M. Cuomo,80
41,053,Kings,Curtis A. Sliwa,29
41,053,Kings,Eric L. Adams,1
41,053,Kings,Irene Estrada,0
41,053,Kings,Jim Walden,0
41,053,Kings,Joseph Hernandez,0
41,053,Kings,Zohran Kwame Mamdani,129
41,054,Kings,Andrew M. Cuomo,574
41,054,Kings,Curtis A. Sliwa,14
41,054,Kings,Eric L. Adams,1
41,054,Kings,Irene Estrada,0
41,054,Kings,Jim Walden,0
41,054,Kings,Joseph Hernandez,0
41,054,Kings,Zohran Kwame Mamdani,45
41,055,Kings,Andrew M. Cuomo,342
41,055,Kings,Curtis A. Sliwa,81
41,055,Kings,Eric L. Adams,1
41,055,Kings,Irene Estrada,3
41,055,Kings,Jim Walden,0
41,055,Kings,Joseph Hernandez,0
41,055,Kings,Zohran Kwame Mamdani,126
41,056,Kings,Andrew M. Cuomo,420
41,056,Kings,Curtis A. Sliwa,93
41,056,Kings,Eric L. Adams,5
41,056,Kings,Irene Estrada,0
41,056,Kings,Jim Walden,0
41,056,Kings,Joseph Hernandez,1
41,056,Kings,Zohran Kwame Mamdani,161
41,057,Kings,Andrew M. Cuomo,295
41,057,Kings,Curtis A. Sliwa,60
41,057,Kings,Eric L. Adams,0
41,057,Kings,Irene Estrada,0
41,057,Kings,Jim Walden,1
41,057,Kings,Joseph Hernandez,1
41,057,Kings,Zohran Kwame Mamdani,100
41,058,Kings,Andrew M. Cuomo,504
41,058,Kings,Curtis A. Sliwa,107
41,058,Kings,Eric L. Adams,2
41,058,Kings,Irene Estrada,3
41,058,Kings,Jim Walden,0
41,058,Kings,Joseph Hernandez,1
41,058,Kings,Zohran Kwame Mamdani,104
41,059,Kings,Andrew M. Cuomo,212
41,059,Kings,Curtis A. Sliwa,19
41,059,Kings,Eric L. Adams,2
41,059,Kings,Irene Estrada,0
41,059,Kings,Jim Walden,0
41,059,Kings,Joseph Hernandez,0
41,059,Kings,Zohran Kwame Mamdani,36
41,060,Kings,Andrew M. Cuomo,287
41,060,Kings,Curtis A. Sliwa,66
41,060,Kings,Eric L. Adams,1
41,060,Kings,Irene Estrada,0
41,060,Kings,Jim Walden,0
41,060,Kings,Joseph Hernandez,0
41,060,Kings,Zohran Kwame Mamdani,37
41,061,Kings,Andrew M. Cuomo,404
41,061,Kings,Curtis A. Sliwa,72
41,061,Kings,Eric L. Adams,2
41,061,Kings,Irene Estrada,3
41,061,Kings,Jim Walden,0
41,061,Kings,Joseph Hernandez,0
41,061,Kings,Zohran Kwame Mamdani,122
41,062,Kings,Andrew M. Cuomo,247
41,062,Kings,Curtis A. Sliwa,20
41,062,Kings,Eric L. Adams,2
41,062,Kings,Irene Estrada,0
41,062,Kings,Jim Walden,0
41,062,Kings,Joseph Hernandez,1
41,062,Kings,Zohran Kwame Mamdani,36
41,063,Kings,Andrew M. Cuomo,430
41,063,Kings,Curtis A. Sliwa,90
41,063,Kings,Eric L. Adams,0
41,063,Kings,Irene Estrada,2
41,063,Kings,Jim Walden,0
41,063,Kings,Joseph Hernandez,1
41,063,Kings,Zohran Kwame Mamdani,111
41,064,Kings,Andrew M. Cuomo,470
41,064,Kings,Curtis A. Sliwa,74
41,064,Kings,Eric L. Adams,2
41,064,Kings,Irene Estrada,2
41,064,Kings,Jim Walden,0
41,064,Kings,Joseph Hernandez,1
41,064,Kings,Zohran Kwame Mamdani,118
41,065,Kings,Andrew M. Cuomo,334
41,065,Kings,Curtis A. Sliwa,63
41,065,Kings,Eric L. Adams,1
41,065,Kings,Irene Estrada,2
41,065,Kings,Jim Walden,0
41,065,Kings,Joseph Hernandez,1
41,065,Kings,Zohran Kwame Mamdani,117
41,066,Kings,Andrew M. Cuomo,299
41,066,Kings,Curtis A. Sliwa,53
41,066,Kings,Eric L. Adams,0
41,066,Kings,Irene Estrada,1
41,066,Kings,Jim Walden,0
41,066,Kings,Joseph Hernandez,0
41,066,Kings,Zohran Kwame Mamdani,73
41,067,Kings,Andrew M. Cuomo,258
41,067,Kings,Curtis A. Sliwa,80
41,067,Kings,Eric L. Adams,0
41,067,Kings,Irene Estrada,2
41,067,Kings,Jim Walden,1
41,067,Kings,Joseph Hernandez,0
41,067,Kings,Zohran Kwame Mamdani,77
41,068,Kings,Andrew M. Cuomo,75
41,068,Kings,Curtis A. Sliwa,22
41,068,Kings,Eric L. Adams,3
41,068,Kings,Irene Estrada,0
41,068,Kings,Jim Walden,0
41,068,Kings,Joseph Hernandez,0
41,068,Kings,Zohran Kwame Mamdani,59
41,069,Kings,Andrew M. Cuomo,140
41,069,Kings,Curtis A. Sliwa,23
41,069,Kings,Eric L. Adams,0
41,069,Kings,Irene Estrada,0
41,069,Kings,Jim Walden,0
41,069,Kings,Joseph Hernandez,0
41,069,Kings,Zohran Kwame Mamdani,19
41,071,Kings,Andrew M. Cuomo,0
41,071,Kings,Curtis A. Sliwa,0
41,071,Kings,Eric L. Adams,0
41,071,Kings,Irene Estrada,0
41,071,Kings,Jim Walden,0
41,071,Kings,Joseph Hernandez,0
41,071,Kings,Zohran Kwame Mamdani,0
42,001,Kings,Andrew M. Cuomo,5
42,001,Kings,Curtis A. Sliwa,1
42,001,Kings,Eric L. Adams,0
42,001,Kings,Irene Estrada,0
42,001,Kings,Jim Walden,0
42,001,Kings,Joseph Hernandez,0
42,001,Kings,Zohran Kwame Mamdani,38
42,002,Kings,Andrew M. Cuomo,124
42,002,Kings,Curtis A. Sliwa,14
42,002,Kings,Eric L. Adams,2
42,002,Kings,Irene Estrada,0
42,002,Kings,Jim Walden,0
42,002,Kings,Joseph Hernandez,0
42,002,Kings,Zohran Kwame Mamdani,436
42,003,Kings,Andrew M. Cuomo,108
42,003,Kings,Curtis A. Sliwa,11
42,003,Kings,Eric L. Adams,0
42,003,Kings,Irene Estrada,0
42,003,Kings,Jim Walden,0
42,003,Kings,Joseph Hernandez,0
42,003,Kings,Zohran Kwame Mamdani,649
42,004,Kings,Andrew M. Cuomo,104
42,004,Kings,Curtis A. Sliwa,11
42,004,Kings,Eric L. Adams,0
42,004,Kings,Irene Estrada,0
42,004,Kings,Jim Walden,1
42,004,Kings,Joseph Hernandez,0
42,004,Kings,Zohran Kwame Mamdani,564
42,005,Kings,Andrew M. Cuomo,117
42,005,Kings,Curtis A. Sliwa,6
42,005,Kings,Eric L. Adams,1
42,005,Kings,Irene Estrada,1
42,005,Kings,Jim Walden,0
42,005,Kings,Joseph Hernandez,2
42,005,Kings,Zohran Kwame Mamdani,513
42,006,Kings,Andrew M. Cuomo,138
42,006,Kings,Curtis A. Sliwa,13
42,006,Kings,Eric L. Adams,1
42,006,Kings,Irene Estrada,1
42,006,Kings,Jim Walden,2
42,006,Kings,Joseph Hernandez,0
42,006,Kings,Zohran Kwame Mamdani,618
42,007,Kings,Andrew M. Cuomo,155
42,007,Kings,Curtis A. Sliwa,13
42,007,Kings,Eric L. Adams,3
42,007,Kings,Irene Estrada,0
42,007,Kings,Jim Walden,2
42,007,Kings,Joseph Hernandez,0
42,007,Kings,Zohran Kwame Mamdani,573
42,008,Kings,Andrew M. Cuomo,61
42,008,Kings,Curtis A. Sliwa,4
42,008,Kings,Eric L. Adams,1
42,008,Kings,Irene Estrada,1
42,008,Kings,Jim Walden,0
42,008,Kings,Joseph Hernandez,1
42,008,Kings,Zohran Kwame Mamdani,284
42,009,Kings,Andrew M. Cuomo,119
42,009,Kings,Curtis A. Sliwa,14
42,009,Kings,Eric L. Adams,5
42,009,Kings,Irene Estrada,0
42,009,Kings,Jim Walden,0
42,009,Kings,Joseph Hernandez,0
42,009,Kings,Zohran Kwame Mamdani,498
42,010,Kings,Andrew M. Cuomo,169
42,010,Kings,Curtis A. Sliwa,15
42,010,Kings,Eric L. Adams,0
42,010,Kings,Irene Estrada,0
42,010,Kings,Jim Walden,0
42,010,Kings,Joseph Hernandez,0
42,010,Kings,Zohran Kwame Mamdani,453
42,011,Kings,Andrew M. Cuomo,118
42,011,Kings,Curtis A. Sliwa,16
42,011,Kings,Eric L. Adams,4
42,011,Kings,Irene Estrada,0
42,011,Kings,Jim Walden,0
42,011,Kings,Joseph Hernandez,1
42,011,Kings,Zohran Kwame Mamdani,552
42,012,Kings,Andrew M. Cuomo,126
42,012,Kings,Curtis A. Sliwa,12
42,012,Kings,Eric L. Adams,2
42,012,Kings,Irene Estrada,1
42,012,Kings,Jim Walden,1
42,012,Kings,Joseph Hernandez,1
42,012,Kings,Zohran Kwame Mamdani,474
42,013,Kings,Andrew M. Cuomo,137
42,013,Kings,Curtis A. Sliwa,13
42,013,Kings,Eric L. Adams,4
42,013,Kings,Irene Estrada,0
42,013,Kings,Jim Walden,4
42,013,Kings,Joseph Hernandez,0
42,013,Kings,Zohran Kwame Mamdani,544
42,014,Kings,Andrew M. Cuomo,124
42,014,Kings,Curtis A. Sliwa,21
42,014,Kings,Eric L. Adams,4
42,014,Kings,Irene Estrada,0
42,014,Kings,Jim Walden,1
42,014,Kings,Joseph Hernandez,0
42,014,Kings,Zohran Kwame Mamdani,442
42,015,Kings,Andrew M. Cuomo,134
42,015,Kings,Curtis A. Sliwa,13
42,015,Kings,Eric L. Adams,1
42,015,Kings,Irene Estrada,0
42,015,Kings,Jim Walden,0
42,015,Kings,Joseph Hernandez,1
42,015,Kings,Zohran Kwame Mamdani,530
42,016,Kings,Andrew M. Cuomo,120
42,016,Kings,Curtis A. Sliwa,13
42,016,Kings,Eric L. Adams,0
42,016,Kings,Irene Estrada,0
42,016,Kings,Jim Walden,1
42,016,Kings,Joseph Hernandez,0
42,016,Kings,Zohran Kwame Mamdani,408
42,017,Kings,Andrew M. Cuomo,145
42,017,Kings,Curtis A. Sliwa,8
42,017,Kings,Eric L. Adams,4
42,017,Kings,Irene Estrada,1
42,017,Kings,Jim Walden,0
42,017,Kings,Joseph Hernandez,0
42,017,Kings,Zohran Kwame Mamdani,388
42,018,Kings,Andrew M. Cuomo,110
42,018,Kings,Curtis A. Sliwa,6
42,018,Kings,Eric L. Adams,2
42,018,Kings,Irene Estrada,0
42,018,Kings,Jim Walden,1
42,018,Kings,Joseph Hernandez,0
42,018,Kings,Zohran Kwame Mamdani,338
42,019,Kings,Andrew M. Cuomo,112
42,019,Kings,Curtis A. Sliwa,15
42,019,Kings,Eric L. Adams,3
42,019,Kings,Irene Estrada,0
42,019,Kings,Jim Walden,1
42,019,Kings,Joseph Hernandez,2
42,019,Kings,Zohran Kwame Mamdani,561
42,020,Kings,Andrew M. Cuomo,100
42,020,Kings,Curtis A. Sliwa,9
42,020,Kings,Eric L. Adams,4
42,020,Kings,Irene Estrada,0
42,020,Kings,Jim Walden,1
42,020,Kings,Joseph Hernandez,0
42,020,Kings,Zohran Kwame Mamdani,449
42,021,Kings,Andrew M. Cuomo,96
42,021,Kings,Curtis A. Sliwa,17
42,021,Kings,Eric L. Adams,3
42,021,Kings,Irene Estrada,2
42,021,Kings,Jim Walden,0
42,021,Kings,Joseph Hernandez,0
42,021,Kings,Zohran Kwame Mamdani,482
42,022,Kings,Andrew M. Cuomo,120
42,022,Kings,Curtis A. Sliwa,10
42,022,Kings,Eric L. Adams,2
42,022,Kings,Irene Estrada,0
42,022,Kings,Jim Walden,1
42,022,Kings,Joseph Hernandez,1
42,022,Kings,Zohran Kwame Mamdani,577
42,023,Kings,Andrew M. Cuomo,183
42,023,Kings,Curtis A. Sliwa,24
42,023,Kings,Eric L. Adams,2
42,023,Kings,Irene Estrada,0
42,023,Kings,Jim Walden,2
42,023,Kings,Joseph Hernandez,1
42,023,Kings,Zohran Kwame Mamdani,454
42,024,Kings,Andrew M. Cuomo,125
42,024,Kings,Curtis A. Sliwa,9
42,024,Kings,Eric L. Adams,1
42,024,Kings,Irene Estrada,0
42,024,Kings,Jim Walden,3
42,024,Kings,Joseph Hernandez,0
42,024,Kings,Zohran Kwame Mamdani,455
42,025,Kings,Andrew M. Cuomo,124
42,025,Kings,Curtis A. Sliwa,6
42,025,Kings,Eric L. Adams,1
42,025,Kings,Irene Estrada,1
42,025,Kings,Jim Walden,1
42,025,Kings,Joseph Hernandez,0
42,025,Kings,Zohran Kwame Mamdani,406
42,026,Kings,Andrew M. Cuomo,135
42,026,Kings,Curtis A. Sliwa,10
42,026,Kings,Eric L. Adams,3
42,026,Kings,Irene Estrada,0
42,026,Kings,Jim Walden,0
42,026,Kings,Joseph Hernandez,0
42,026,Kings,Zohran Kwame Mamdani,498
42,027,Kings,Andrew M. Cuomo,48
42,027,Kings,Curtis A. Sliwa,9
42,027,Kings,Eric L. Adams,0
42,027,Kings,Irene Estrada,2
42,027,Kings,Jim Walden,0
42,027,Kings,Joseph Hernandez,0
42,027,Kings,Zohran Kwame Mamdani,162
42,028,Kings,Andrew M. Cuomo,134
42,028,Kings,Curtis A. Sliwa,8
42,028,Kings,Eric L. Adams,2
42,028,Kings,Irene Estrada,0
42,028,Kings,Jim Walden,2
42,028,Kings,Joseph Hernandez,0
42,028,Kings,Zohran Kwame Mamdani,596
42,029,Kings,Andrew M. Cuomo,105
42,029,Kings,Curtis A. Sliwa,12
42,029,Kings,Eric L. Adams,1
42,029,Kings,Irene Estrada,2
42,029,Kings,Jim Walden,0
42,029,Kings,Joseph Hernandez,1
42,029,Kings,Zohran Kwame Mamdani,429
42,030,Kings,Andrew M. Cuomo,66
42,030,Kings,Curtis A. Sliwa,6
42,030,Kings,Eric L. Adams,1
42,030,Kings,Irene Estrada,0
42,030,Kings,Jim Walden,1
42,030,Kings,Joseph Hernandez,0
42,030,Kings,Zohran Kwame Mamdani,275
42,031,Kings,Andrew M. Cuomo,106
42,031,Kings,Curtis A. Sliwa,2
42,031,Kings,Eric L. Adams,3
42,031,Kings,Irene Estrada,3
42,031,Kings,Jim Walden,1
42,031,Kings,Joseph Hernandez,0
42,031,Kings,Zohran Kwame Mamdani,313
42,032,Kings,Andrew M. Cuomo,127
42,032,Kings,Curtis A. Sliwa,8
42,032,Kings,Eric L. Adams,0
42,032,Kings,Irene Estrada,0
42,032,Kings,Jim Walden,0
42,032,Kings,Joseph Hernandez,0
42,032,Kings,Zohran Kwame Mamdani,323
42,033,Kings,Andrew M. Cuomo,125
42,033,Kings,Curtis A. Sliwa,7
42,033,Kings,Eric L. Adams,1
42,033,Kings,Irene Estrada,0
42,033,Kings,Jim Walden,1
42,033,Kings,Joseph Hernandez,1
42,033,Kings,Zohran Kwame Mamdani,305
42,034,Kings,Andrew M. Cuomo,73
42,034,Kings,Curtis A. Sliwa,6
42,034,Kings,Eric L. Adams,1
42,034,Kings,Irene Estrada,0
42,034,Kings,Jim Walden,0
42,034,Kings,Joseph Hernandez,0
42,034,Kings,Zohran Kwame Mamdani,221
42,035,Kings,Andrew M. Cuomo,122
42,035,Kings,Curtis A. Sliwa,8
42,035,Kings,Eric L. Adams,3
42,035,Kings,Irene Estrada,0
42,035,Kings,Jim Walden,1
42,035,Kings,Joseph Hernandez,0
42,035,Kings,Zohran Kwame Mamdani,316
42,036,Kings,Andrew M. Cuomo,112
42,036,Kings,Curtis A. Sliwa,9
42,036,Kings,Eric L. Adams,1
42,036,Kings,Irene Estrada,0
42,036,Kings,Jim Walden,1
42,036,Kings,Joseph Hernandez,2
42,036,Kings,Zohran Kwame Mamdani,387
42,037,Kings,Andrew M. Cuomo,123
42,037,Kings,Curtis A. Sliwa,7
42,037,Kings,Eric L. Adams,2
42,037,Kings,Irene Estrada,0
42,037,Kings,Jim Walden,0
42,037,Kings,Joseph Hernandez,0
42,037,Kings,Zohran Kwame Mamdani,422
42,038,Kings,Andrew M. Cuomo,150
42,038,Kings,Curtis A. Sliwa,11
42,038,Kings,Eric L. Adams,2
42,038,Kings,Irene Estrada,0
42,038,Kings,Jim Walden,0
42,038,Kings,Joseph Hernandez,0
42,038,Kings,Zohran Kwame Mamdani,408
42,039,Kings,Andrew M. Cuomo,143
42,039,Kings,Curtis A. Sliwa,12
42,039,Kings,Eric L. Adams,2
42,039,Kings,Irene Estrada,0
42,039,Kings,Jim Walden,0
42,039,Kings,Joseph Hernandez,0
42,039,Kings,Zohran Kwame Mamdani,334
42,040,Kings,Andrew M. Cuomo,109
42,040,Kings,Curtis A. Sliwa,16
42,040,Kings,Eric L. Adams,3
42,040,Kings,Irene Estrada,1
42,040,Kings,Jim Walden,0
42,040,Kings,Joseph Hernandez,0
42,040,Kings,Zohran Kwame Mamdani,306
42,041,Kings,Andrew M. Cuomo,255
42,041,Kings,Curtis A. Sliwa,27
42,041,Kings,Eric L. Adams,3
42,041,Kings,Irene Estrada,0
42,041,Kings,Jim Walden,4
42,041,Kings,Joseph Hernandez,1
42,041,Kings,Zohran Kwame Mamdani,490
42,042,Kings,Andrew M. Cuomo,92
42,042,Kings,Curtis A. Sliwa,10
42,042,Kings,Eric L. Adams,1
42,042,Kings,Irene Estrada,0
42,042,Kings,Jim Walden,1
42,042,Kings,Joseph Hernandez,0
42,042,Kings,Zohran Kwame Mamdani,414
42,043,Kings,Andrew M. Cuomo,126
42,043,Kings,Curtis A. Sliwa,9
42,043,Kings,Eric L. Adams,8
42,043,Kings,Irene Estrada,1
42,043,Kings,Jim Walden,0
42,043,Kings,Joseph Hernandez,0
42,043,Kings,Zohran Kwame Mamdani,406
42,044,Kings,Andrew M. Cuomo,93
42,044,Kings,Curtis A. Sliwa,8
42,044,Kings,Eric L. Adams,1
42,044,Kings,Irene Estrada,1
42,044,Kings,Jim Walden,0
42,044,Kings,Joseph Hernandez,0
42,044,Kings,Zohran Kwame Mamdani,262
42,045,Kings,Andrew M. Cuomo,78
42,045,Kings,Curtis A. Sliwa,14
42,045,Kings,Eric L. Adams,3
42,045,Kings,Irene Estrada,1
42,045,Kings,Jim Walden,0
42,045,Kings,Joseph Hernandez,0
42,045,Kings,Zohran Kwame Mamdani,324
42,046,Kings,Andrew M. Cuomo,91
42,046,Kings,Curtis A. Sliwa,9
42,046,Kings,Eric L. Adams,2
42,046,Kings,Irene Estrada,1
42,046,Kings,Jim Walden,0
42,046,Kings,Joseph Hernandez,0
42,046,Kings,Zohran Kwame Mamdani,298
42,047,Kings,Andrew M. Cuomo,168
42,047,Kings,Curtis A. Sliwa,7
42,047,Kings,Eric L. Adams,2
42,047,Kings,Irene Estrada,1
42,047,Kings,Jim Walden,0
42,047,Kings,Joseph Hernandez,1
42,047,Kings,Zohran Kwame Mamdani,424
42,048,Kings,Andrew M. Cuomo,67
42,048,Kings,Curtis A. Sliwa,15
42,048,Kings,Eric L. Adams,0
42,048,Kings,Irene Estrada,0
42,048,Kings,Jim Walden,0
42,048,Kings,Joseph Hernandez,0
42,048,Kings,Zohran Kwame Mamdani,465
42,049,Kings,Andrew M. Cuomo,303
42,049,Kings,Curtis A. Sliwa,29
42,049,Kings,Eric L. Adams,1
42,049,Kings,Irene Estrada,0
42,049,Kings,Jim Walden,0
42,049,Kings,Joseph Hernandez,0
42,049,Kings,Zohran Kwame Mamdani,463
42,050,Kings,Andrew M. Cuomo,132
42,050,Kings,Curtis A. Sliwa,8
42,050,Kings,Eric L. Adams,6
42,050,Kings,Irene Estrada,4
42,050,Kings,Jim Walden,0
42,050,Kings,Joseph Hernandez,0
42,050,Kings,Zohran Kwame Mamdani,423
42,051,Kings,Andrew M. Cuomo,93
42,051,Kings,Curtis A. Sliwa,16
42,051,Kings,Eric L. Adams,0
42,051,Kings,Irene Estrada,1
42,051,Kings,Jim Walden,0
42,051,Kings,Joseph Hernandez,0
42,051,Kings,Zohran Kwame Mamdani,272
42,052,Kings,Andrew M. Cuomo,631
42,052,Kings,Curtis A. Sliwa,15
42,052,Kings,Eric L. Adams,2
42,052,Kings,Irene Estrada,0
42,052,Kings,Jim Walden,1
42,052,Kings,Joseph Hernandez,0
42,052,Kings,Zohran Kwame Mamdani,109
42,053,Kings,Andrew M. Cuomo,452
42,053,Kings,Curtis A. Sliwa,27
42,053,Kings,Eric L. Adams,2
42,053,Kings,Irene Estrada,0
42,053,Kings,Jim Walden,0
42,053,Kings,Joseph Hernandez,1
42,053,Kings,Zohran Kwame Mamdani,303
42,054,Kings,Andrew M. Cuomo,931
42,054,Kings,Curtis A. Sliwa,7
42,054,Kings,Eric L. Adams,5
42,054,Kings,Irene Estrada,0
42,054,Kings,Jim Walden,0
42,054,Kings,Joseph Hernandez,0
42,054,Kings,Zohran Kwame Mamdani,12
42,055,Kings,Andrew M. Cuomo,374
42,055,Kings,Curtis A. Sliwa,22
42,055,Kings,Eric L. Adams,1
42,055,Kings,Irene Estrada,0
42,055,Kings,Jim Walden,0
42,055,Kings,Joseph Hernandez,0
42,055,Kings,Zohran Kwame Mamdani,197
42,056,Kings,Andrew M. Cuomo,382
42,056,Kings,Curtis A. Sliwa,15
42,056,Kings,Eric L. Adams,4
42,056,Kings,Irene Estrada,3
42,056,Kings,Jim Walden,1
42,056,Kings,Joseph Hernandez,0
42,056,Kings,Zohran Kwame Mamdani,154
42,057,Kings,Andrew M. Cuomo,929
42,057,Kings,Curtis A. Sliwa,18
42,057,Kings,Eric L. Adams,2
42,057,Kings,Irene Estrada,0
42,057,Kings,Jim Walden,0
42,057,Kings,Joseph Hernandez,1
42,057,Kings,Zohran Kwame Mamdani,23
42,058,Kings,Andrew M. Cuomo,780
42,058,Kings,Curtis A. Sliwa,24
42,058,Kings,Eric L. Adams,4
42,058,Kings,Irene Estrada,0
42,058,Kings,Jim Walden,1
42,058,Kings,Joseph Hernandez,0
42,058,Kings,Zohran Kwame Mamdani,94
43,001,Kings,Andrew M. Cuomo,62
43,001,Kings,Curtis A. Sliwa,1
43,001,Kings,Eric L. Adams,0
43,001,Kings,Irene Estrada,0
43,001,Kings,Jim Walden,0
43,001,Kings,Joseph Hernandez,0
43,001,Kings,Zohran Kwame Mamdani,683
43,002,Kings,Andrew M. Cuomo,114
43,002,Kings,Curtis A. Sliwa,4
43,002,Kings,Eric L. Adams,5
43,002,Kings,Irene Estrada,0
43,002,Kings,Jim Walden,0
43,002,Kings,Joseph Hernandez,1
43,002,Kings,Zohran Kwame Mamdani,609
43,003,Kings,Andrew M. Cuomo,77
43,003,Kings,Curtis A. Sliwa,7
43,003,Kings,Eric L. Adams,1
43,003,Kings,Irene Estrada,0
43,003,Kings,Jim Walden,0
43,003,Kings,Joseph Hernandez,0
43,003,Kings,Zohran Kwame Mamdani,615
43,004,Kings,Andrew M. Cuomo,169
43,004,Kings,Curtis A. Sliwa,7
43,004,Kings,Eric L. Adams,5
43,004,Kings,Irene Estrada,3
43,004,Kings,Jim Walden,0
43,004,Kings,Joseph Hernandez,0
43,004,Kings,Zohran Kwame Mamdani,484
43,005,Kings,Andrew M. Cuomo,81
43,005,Kings,Curtis A. Sliwa,2
43,005,Kings,Eric L. Adams,3
43,005,Kings,Irene Estrada,1
43,005,Kings,Jim Walden,0
43,005,Kings,Joseph Hernandez,0
43,005,Kings,Zohran Kwame Mamdani,449
43,006,Kings,Andrew M. Cuomo,129
43,006,Kings,Curtis A. Sliwa,7
43,006,Kings,Eric L. Adams,3
43,006,Kings,Irene Estrada,1
43,006,Kings,Jim Walden,0
43,006,Kings,Joseph Hernandez,0
43,006,Kings,Zohran Kwame Mamdani,398
43,007,Kings,Andrew M. Cuomo,166
43,007,Kings,Curtis A. Sliwa,6
43,007,Kings,Eric L. Adams,4
43,007,Kings,Irene Estrada,0
43,007,Kings,Jim Walden,0
43,007,Kings,Joseph Hernandez,1
43,007,Kings,Zohran Kwame Mamdani,334
43,008,Kings,Andrew M. Cuomo,76
43,008,Kings,Curtis A. Sliwa,5
43,008,Kings,Eric L. Adams,0
43,008,Kings,Irene Estrada,1
43,008,Kings,Jim Walden,0
43,008,Kings,Joseph Hernandez,0
43,008,Kings,Zohran Kwame Mamdani,440
43,009,Kings,Andrew M. Cuomo,71
43,009,Kings,Curtis A. Sliwa,0
43,009,Kings,Eric L. Adams,3
43,009,Kings,Irene Estrada,0
43,009,Kings,Jim Walden,0
43,009,Kings,Joseph Hernandez,0
43,009,Kings,Zohran Kwame Mamdani,225
43,010,Kings,Andrew M. Cuomo,85
43,010,Kings,Curtis A. Sliwa,7
43,010,Kings,Eric L. Adams,0
43,010,Kings,Irene Estrada,0
43,010,Kings,Jim Walden,2
43,010,Kings,Joseph Hernandez,1
43,010,Kings,Zohran Kwame Mamdani,757
43,011,Kings,Andrew M. Cuomo,87
43,011,Kings,Curtis A. Sliwa,4
43,011,Kings,Eric L. Adams,1
43,011,Kings,Irene Estrada,0
43,011,Kings,Jim Walden,2
43,011,Kings,Joseph Hernandez,1
43,011,Kings,Zohran Kwame Mamdani,528
43,012,Kings,Andrew M. Cuomo,195
43,012,Kings,Curtis A. Sliwa,10
43,012,Kings,Eric L. Adams,8
43,012,Kings,Irene Estrada,1
43,012,Kings,Jim Walden,1
43,012,Kings,Joseph Hernandez,0
43,012,Kings,Zohran Kwame Mamdani,353
43,013,Kings,Andrew M. Cuomo,362
43,013,Kings,Curtis A. Sliwa,18
43,013,Kings,Eric L. Adams,1
43,013,Kings,Irene Estrada,2
43,013,Kings,Jim Walden,0
43,013,Kings,Joseph Hernandez,0
43,013,Kings,Zohran Kwame Mamdani,346
43,014,Kings,Andrew M. Cuomo,161
43,014,Kings,Curtis A. Sliwa,1
43,014,Kings,Eric L. Adams,0
43,014,Kings,Irene Estrada,0
43,014,Kings,Jim Walden,0
43,014,Kings,Joseph Hernandez,1
43,014,Kings,Zohran Kwame Mamdani,349
43,015,Kings,Andrew M. Cuomo,211
43,015,Kings,Curtis A. Sliwa,15
43,015,Kings,Eric L. Adams,1
43,015,Kings,Irene Estrada,1
43,015,Kings,Jim Walden,1
43,015,Kings,Joseph Hernandez,0
43,015,Kings,Zohran Kwame Mamdani,302
43,016,Kings,Andrew M. Cuomo,156
43,016,Kings,Curtis A. Sliwa,9
43,016,Kings,Eric L. Adams,2
43,016,Kings,Irene Estrada,1
43,016,Kings,Jim Walden,0
43,016,Kings,Joseph Hernandez,1
43,016,Kings,Zohran Kwame Mamdani,423
43,017,Kings,Andrew M. Cuomo,138
43,017,Kings,Curtis A. Sliwa,6
43,017,Kings,Eric L. Adams,1
43,017,Kings,Irene Estrada,0
43,017,Kings,Jim Walden,0
43,017,Kings,Joseph Hernandez,0
43,017,Kings,Zohran Kwame Mamdani,310
43,018,Kings,Andrew M. Cuomo,110
43,018,Kings,Curtis A. Sliwa,7
43,018,Kings,Eric L. Adams,0
43,018,Kings,Irene Estrada,0
43,018,Kings,Jim Walden,1
43,018,Kings,Joseph Hernandez,0
43,018,Kings,Zohran Kwame Mamdani,573
43,019,Kings,Andrew M. Cuomo,254
43,019,Kings,Curtis A. Sliwa,11
43,019,Kings,Eric L. Adams,2
43,019,Kings,Irene Estrada,1
43,019,Kings,Jim Walden,0
43,019,Kings,Joseph Hernandez,0
43,019,Kings,Zohran Kwame Mamdani,470
43,020,Kings,Andrew M. Cuomo,594
43,020,Kings,Curtis A. Sliwa,25
43,020,Kings,Eric L. Adams,5
43,020,Kings,Irene Estrada,1
43,020,Kings,Jim Walden,0
43,020,Kings,Joseph Hernandez,0
43,020,Kings,Zohran Kwame Mamdani,266
43,021,Kings,Andrew M. Cuomo,567
43,021,Kings,Curtis A. Sliwa,20
43,021,Kings,Eric L. Adams,2
43,021,Kings,Irene Estrada,0
43,021,Kings,Jim Walden,0
43,021,Kings,Joseph Hernandez,0
43,021,Kings,Zohran Kwame Mamdani,103
43,022,Kings,Andrew M. Cuomo,654
43,022,Kings,Curtis A. Sliwa,21
43,022,Kings,Eric L. Adams,3
43,022,Kings,Irene Estrada,0
43,022,Kings,Jim Walden,0
43,022,Kings,Joseph Hernandez,0
43,022,Kings,Zohran Kwame Mamdani,209
43,023,Kings,Andrew M. Cuomo,215
43,023,Kings,Curtis A. Sliwa,14
43,023,Kings,Eric L. Adams,4
43,023,Kings,Irene Estrada,2
43,023,Kings,Jim Walden,0
43,023,Kings,Joseph Hernandez,1
43,023,Kings,Zohran Kwame Mamdani,317
43,024,Kings,Andrew M. Cuomo,279
43,024,Kings,Curtis A. Sliwa,21
43,024,Kings,Eric L. Adams,2
43,024,Kings,Irene Estrada,0
43,024,Kings,Jim Walden,0
43,024,Kings,Joseph Hernandez,1
43,024,Kings,Zohran Kwame Mamdani,183
43,025,Kings,Andrew M. Cuomo,279
43,025,Kings,Curtis A. Sliwa,15
43,025,Kings,Eric L. Adams,3
43,025,Kings,Irene Estrada,0
43,025,Kings,Jim Walden,1
43,025,Kings,Joseph Hernandez,0
43,025,Kings,Zohran Kwame Mamdani,186
43,026,Kings,Andrew M. Cuomo,501
43,026,Kings,Curtis A. Sliwa,15
43,026,Kings,Eric L. Adams,1
43,026,Kings,Irene Estrada,1
43,026,Kings,Jim Walden,0
43,026,Kings,Joseph Hernandez,0
43,026,Kings,Zohran Kwame Mamdani,55
43,027,Kings,Andrew M. Cuomo,571
43,027,Kings,Curtis A. Sliwa,17
43,027,Kings,Eric L. Adams,2
43,027,Kings,Irene Estrada,0
43,027,Kings,Jim Walden,0
43,027,Kings,Joseph Hernandez,0
43,027,Kings,Zohran Kwame Mamdani,220
43,028,Kings,Andrew M. Cuomo,458
43,028,Kings,Curtis A. Sliwa,7
43,028,Kings,Eric L. Adams,2
43,028,Kings,Irene Estrada,0
43,028,Kings,Jim Walden,0
43,028,Kings,Joseph Hernandez,0
43,028,Kings,Zohran Kwame Mamdani,59
43,029,Kings,Andrew M. Cuomo,286
43,029,Kings,Curtis A. Sliwa,12
43,029,Kings,Eric L. Adams,1
43,029,Kings,Irene Estrada,1
43,029,Kings,Jim Walden,0
43,029,Kings,Joseph Hernandez,0
43,029,Kings,Zohran Kwame Mamdani,382
43,030,Kings,Andrew M. Cuomo,350
43,030,Kings,Curtis A. Sliwa,16
43,030,Kings,Eric L. Adams,3
43,030,Kings,Irene Estrada,0
43,030,Kings,Jim Walden,0
43,030,Kings,Joseph Hernandez,0
43,030,Kings,Zohran Kwame Mamdani,513
43,031,Kings,Andrew M. Cuomo,111
43,031,Kings,Curtis A. Sliwa,3
43,031,Kings,Eric L. Adams,5
43,031,Kings,Irene Estrada,0
43,031,Kings,Jim Walden,0
43,031,Kings,Joseph Hernandez,0
43,031,Kings,Zohran Kwame Mamdani,644
43,032,Kings,Andrew M. Cuomo,125
43,032,Kings,Curtis A. Sliwa,8
43,032,Kings,Eric L. Adams,2
43,032,Kings,Irene Estrada,0
43,032,Kings,Jim Walden,1
43,032,Kings,Joseph Hernandez,0
43,032,Kings,Zohran Kwame Mamdani,468
43,033,Kings,Andrew M. Cuomo,125
43,033,Kings,Curtis A. Sliwa,18
43,033,Kings,Eric L. Adams,2
43,033,Kings,Irene Estrada,1
43,033,Kings,Jim Walden,0
43,033,Kings,Joseph Hernandez,2
43,033,Kings,Zohran Kwame Mamdani,667
43,034,Kings,Andrew M. Cuomo,271
43,034,Kings,Curtis A. Sliwa,9
43,034,Kings,Eric L. Adams,0
43,034,Kings,Irene Estrada,0
43,034,Kings,Jim Walden,0
43,034,Kings,Joseph Hernandez,0
43,034,Kings,Zohran Kwame Mamdani,430
43,035,Kings,Andrew M. Cuomo,253
43,035,Kings,Curtis A. Sliwa,11
43,035,Kings,Eric L. Adams,2
43,035,Kings,Irene Estrada,0
43,035,Kings,Jim Walden,0
43,035,Kings,Joseph Hernandez,2
43,035,Kings,Zohran Kwame Mamdani,465
43,036,Kings,Andrew M. Cuomo,106
43,036,Kings,Curtis A. Sliwa,6
43,036,Kings,Eric L. Adams,0
43,036,Kings,Irene Estrada,1
43,036,Kings,Jim Walden,1
43,036,Kings,Joseph Hernandez,0
43,036,Kings,Zohran Kwame Mamdani,562
43,037,Kings,Andrew M. Cuomo,105
43,037,Kings,Curtis A. Sliwa,7
43,037,Kings,Eric L. Adams,3
43,037,Kings,Irene Estrada,1
43,037,Kings,Jim Walden,1
43,037,Kings,Joseph Hernandez,0
43,037,Kings,Zohran Kwame Mamdani,742
43,038,Kings,Andrew M. Cuomo,121
43,038,Kings,Curtis A. Sliwa,10
43,038,Kings,Eric L. Adams,1
43,038,Kings,Irene Estrada,3
43,038,Kings,Jim Walden,1
43,038,Kings,Joseph Hernandez,1
43,038,Kings,Zohran Kwame Mamdani,618
43,039,Kings,Andrew M. Cuomo,139
43,039,Kings,Curtis A. Sliwa,12
43,039,Kings,Eric L. Adams,0
43,039,Kings,Irene Estrada,3
43,039,Kings,Jim Walden,3
43,039,Kings,Joseph Hernandez,0
43,039,Kings,Zohran Kwame Mamdani,469
43,040,Kings,Andrew M. Cuomo,125
43,040,Kings,Curtis A. Sliwa,7
43,040,Kings,Eric L. Adams,1
43,040,Kings,Irene Estrada,0
43,040,Kings,Jim Walden,1
43,040,Kings,Joseph Hernandez,1
43,040,Kings,Zohran Kwame Mamdani,523
43,041,Kings,Andrew M. Cuomo,168
43,041,Kings,Curtis A. Sliwa,9
43,041,Kings,Eric L. Adams,2
43,041,Kings,Irene Estrada,0
43,041,Kings,Jim Walden,0
43,041,Kings,Joseph Hernandez,0
43,041,Kings,Zohran Kwame Mamdani,543
43,042,Kings,Andrew M. Cuomo,88
43,042,Kings,Curtis A. Sliwa,5
43,042,Kings,Eric L. Adams,1
43,042,Kings,Irene Estrada,0
43,042,Kings,Jim Walden,0
43,042,Kings,Joseph Hernandez,0
43,042,Kings,Zohran Kwame Mamdani,591
43,043,Kings,Andrew M. Cuomo,480
43,043,Kings,Curtis A. Sliwa,14
43,043,Kings,Eric L. Adams,8
43,043,Kings,Irene Estrada,1
43,043,Kings,Jim Walden,0
43,043,Kings,Joseph Hernandez,0
43,043,Kings,Zohran Kwame Mamdani,308
43,044,Kings,Andrew M. Cuomo,363
43,044,Kings,Curtis A. Sliwa,9
43,044,Kings,Eric L. Adams,2
43,044,Kings,Irene Estrada,1
43,044,Kings,Jim Walden,0
43,044,Kings,Joseph Hernandez,0
43,044,Kings,Zohran Kwame Mamdani,251
43,045,Kings,Andrew M. Cuomo,410
43,045,Kings,Curtis A. Sliwa,11
43,045,Kings,Eric L. Adams,3
43,045,Kings,Irene Estrada,0
43,045,Kings,Jim Walden,1
43,045,Kings,Joseph Hernandez,1
43,045,Kings,Zohran Kwame Mamdani,257
43,046,Kings,Andrew M. Cuomo,346
43,046,Kings,Curtis A. Sliwa,9
43,046,Kings,Eric L. Adams,6
43,046,Kings,Irene Estrada,1
43,046,Kings,Jim Walden,0
43,046,Kings,Joseph Hernandez,0
43,046,Kings,Zohran Kwame Mamdani,236
43,047,Kings,Andrew M. Cuomo,248
43,047,Kings,Curtis A. Sliwa,12
43,047,Kings,Eric L. Adams,4
43,047,Kings,Irene Estrada,3
43,047,Kings,Jim Walden,0
43,047,Kings,Joseph Hernandez,0
43,047,Kings,Zohran Kwame Mamdani,286
43,048,Kings,Andrew M. Cuomo,33
43,048,Kings,Curtis A. Sliwa,1
43,048,Kings,Eric L. Adams,0
43,048,Kings,Irene Estrada,0
43,048,Kings,Jim Walden,0
43,048,Kings,Joseph Hernandez,0
43,048,Kings,Zohran Kwame Mamdani,46
43,049,Kings,Andrew M. Cuomo,153
43,049,Kings,Curtis A. Sliwa,5
43,049,Kings,Eric L. Adams,2
43,049,Kings,Irene Estrada,1
43,049,Kings,Jim Walden,1
43,049,Kings,Joseph Hernandez,0
43,049,Kings,Zohran Kwame Mamdani,209
43,050,Kings,Andrew M. Cuomo,118
43,050,Kings,Curtis A. Sliwa,17
43,050,Kings,Eric L. Adams,2
43,050,Kings,Irene Estrada,2
43,050,Kings,Jim Walden,0
43,050,Kings,Joseph Hernandez,1
43,050,Kings,Zohran Kwame Mamdani,195
43,051,Kings,Andrew M. Cuomo,166
43,051,Kings,Curtis A. Sliwa,10
43,051,Kings,Eric L. Adams,3
43,051,Kings,Irene Estrada,0
43,051,Kings,Jim Walden,0
43,051,Kings,Joseph Hernandez,0
43,051,Kings,Zohran Kwame Mamdani,194
43,052,Kings,Andrew M. Cuomo,185
43,052,Kings,Curtis A. Sliwa,14
43,052,Kings,Eric L. Adams,3
43,052,Kings,Irene Estrada,0
43,052,Kings,Jim Walden,1
43,052,Kings,Joseph Hernandez,0
43,052,Kings,Zohran Kwame Mamdani,313
43,053,Kings,Andrew M. Cuomo,103
43,053,Kings,Curtis A. Sliwa,13
43,053,Kings,Eric L. Adams,0
43,053,Kings,Irene Estrada,0
43,053,Kings,Jim Walden,1
43,053,Kings,Joseph Hernandez,0
43,053,Kings,Zohran Kwame Mamdani,617
43,054,Kings,Andrew M. Cuomo,124
43,054,Kings,Curtis A. Sliwa,5
43,054,Kings,Eric L. Adams,2
43,054,Kings,Irene Estrada,1
43,054,Kings,Jim Walden,0
43,054,Kings,Joseph Hernandez,0
43,054,Kings,Zohran Kwame Mamdani,649
43,055,Kings,Andrew M. Cuomo,102
43,055,Kings,Curtis A. Sliwa,6
43,055,Kings,Eric L. Adams,0
43,055,Kings,Irene Estrada,0
43,055,Kings,Jim Walden,2
43,055,Kings,Joseph Hernandez,1
43,055,Kings,Zohran Kwame Mamdani,462
43,056,Kings,Andrew M. Cuomo,109
43,056,Kings,Curtis A. Sliwa,8
43,056,Kings,Eric L. Adams,2
43,056,Kings,Irene Estrada,0
43,056,Kings,Jim Walden,0
43,056,Kings,Joseph Hernandez,0
43,056,Kings,Zohran Kwame Mamdani,668
43,057,Kings,Andrew M. Cuomo,118
43,057,Kings,Curtis A. Sliwa,8
43,057,Kings,Eric L. Adams,1
43,057,Kings,Irene Estrada,0
43,057,Kings,Jim Walden,0
43,057,Kings,Joseph Hernandez,0
43,057,Kings,Zohran Kwame Mamdani,714
43,058,Kings,Andrew M. Cuomo,116
43,058,Kings,Curtis A. Sliwa,8
43,058,Kings,Eric L. Adams,1
43,058,Kings,Irene Estrada,0
43,058,Kings,Jim Walden,0
43,058,Kings,Joseph Hernandez,0
43,058,Kings,Zohran Kwame Mamdani,634
43,059,Kings,Andrew M. Cuomo,94
43,059,Kings,Curtis A. Sliwa,12
43,059,Kings,Eric L. Adams,0
43,059,Kings,Irene Estrada,1
43,059,Kings,Jim Walden,0
43,059,Kings,Joseph Hernandez,0
43,059,Kings,Zohran Kwame Mamdani,688
43,060,Kings,Andrew M. Cuomo,90
43,060,Kings,Curtis A. Sliwa,10
43,060,Kings,Eric L. Adams,1
43,060,Kings,Irene Estrada,0
43,060,Kings,Jim Walden,0
43,060,Kings,Joseph Hernandez,1
43,060,Kings,Zohran Kwame Mamdani,568
43,061,Kings,Andrew M. Cuomo,81
43,061,Kings,Curtis A. Sliwa,9
43,061,Kings,Eric L. Adams,7
43,061,Kings,Irene Estrada,1
43,061,Kings,Jim Walden,0
43,061,Kings,Joseph Hernandez,1
43,061,Kings,Zohran Kwame Mamdani,543
43,062,Kings,Andrew M. Cuomo,78
43,062,Kings,Curtis A. Sliwa,6
43,062,Kings,Eric L. Adams,2
43,062,Kings,Irene Estrada,1
43,062,Kings,Jim Walden,1
43,062,Kings,Joseph Hernandez,0
43,062,Kings,Zohran Kwame Mamdani,329
43,063,Kings,Andrew M. Cuomo,116
43,063,Kings,Curtis A. Sliwa,9
43,063,Kings,Eric L. Adams,0
43,063,Kings,Irene Estrada,0
43,063,Kings,Jim Walden,0
43,063,Kings,Joseph Hernandez,0
43,063,Kings,Zohran Kwame Mamdani,421
43,064,Kings,Andrew M. Cuomo,137
43,064,Kings,Curtis A. Sliwa,17
43,064,Kings,Eric L. Adams,2
43,064,Kings,Irene Estrada,1
43,064,Kings,Jim Walden,2
43,064,Kings,Joseph Hernandez,1
43,064,Kings,Zohran Kwame Mamdani,603
43,065,Kings,Andrew M. Cuomo,119
43,065,Kings,Curtis A. Sliwa,5
43,065,Kings,Eric L. Adams,2
43,065,Kings,Irene Estrada,0
43,065,Kings,Jim Walden,0
43,065,Kings,Joseph Hernandez,2
43,065,Kings,Zohran Kwame Mamdani,425
43,066,Kings,Andrew M. Cuomo,151
43,066,Kings,Curtis A. Sliwa,15
43,066,Kings,Eric L. Adams,1
43,066,Kings,Irene Estrada,2
43,066,Kings,Jim Walden,0
43,066,Kings,Joseph Hernandez,0
43,066,Kings,Zohran Kwame Mamdani,466
43,067,Kings,Andrew M. Cuomo,129
43,067,Kings,Curtis A. Sliwa,10
43,067,Kings,Eric L. Adams,4
43,067,Kings,Irene Estrada,1
43,067,Kings,Jim Walden,1
43,067,Kings,Joseph Hernandez,0
43,067,Kings,Zohran Kwame Mamdani,540
43,068,Kings,Andrew M. Cuomo,62
43,068,Kings,Curtis A. Sliwa,5
43,068,Kings,Eric L. Adams,1
43,068,Kings,Irene Estrada,0
43,068,Kings,Jim Walden,0
43,068,Kings,Joseph Hernandez,0
43,068,Kings,Zohran Kwame Mamdani,154
44,001,Kings,Andrew M. Cuomo,125
44,001,Kings,Curtis A. Sliwa,9
44,001,Kings,Eric L. Adams,3
44,001,Kings,Irene Estrada,0
44,001,Kings,Jim Walden,1
44,001,Kings,Joseph Hernandez,0
44,001,Kings,Zohran Kwame Mamdani,732
44,002,Kings,Andrew M. Cuomo,223
44,002,Kings,Curtis A. Sliwa,28
44,002,Kings,Eric L. Adams,0
44,002,Kings,Irene Estrada,1
44,002,Kings,Jim Walden,0
44,002,Kings,Joseph Hernandez,0
44,002,Kings,Zohran Kwame Mamdani,609
44,003,Kings,Andrew M. Cuomo,37
44,003,Kings,Curtis A. Sliwa,6
44,003,Kings,Eric L. Adams,0
44,003,Kings,Irene Estrada,1
44,003,Kings,Jim Walden,0
44,003,Kings,Joseph Hernandez,0
44,003,Kings,Zohran Kwame Mamdani,157
44,004,Kings,Andrew M. Cuomo,107
44,004,Kings,Curtis A. Sliwa,8
44,004,Kings,Eric L. Adams,1
44,004,Kings,Irene Estrada,0
44,004,Kings,Jim Walden,1
44,004,Kings,Joseph Hernandez,0
44,004,Kings,Zohran Kwame Mamdani,557
44,005,Kings,Andrew M. Cuomo,47
44,005,Kings,Curtis A. Sliwa,4
44,005,Kings,Eric L. Adams,2
44,005,Kings,Irene Estrada,0
44,005,Kings,Jim Walden,1
44,005,Kings,Joseph Hernandez,1
44,005,Kings,Zohran Kwame Mamdani,219
44,006,Kings,Andrew M. Cuomo,119
44,006,Kings,Curtis A. Sliwa,10
44,006,Kings,Eric L. Adams,1
44,006,Kings,Irene Estrada,0
44,006,Kings,Jim Walden,0
44,006,Kings,Joseph Hernandez,1
44,006,Kings,Zohran Kwame Mamdani,585
44,007,Kings,Andrew M. Cuomo,110
44,007,Kings,Curtis A. Sliwa,9
44,007,Kings,Eric L. Adams,2
44,007,Kings,Irene Estrada,0
44,007,Kings,Jim Walden,5
44,007,Kings,Joseph Hernandez,0
44,007,Kings,Zohran Kwame Mamdani,803
44,008,Kings,Andrew M. Cuomo,105
44,008,Kings,Curtis A. Sliwa,5
44,008,Kings,Eric L. Adams,0
44,008,Kings,Irene Estrada,0
44,008,Kings,Jim Walden,1
44,008,Kings,Joseph Hernandez,1
44,008,Kings,Zohran Kwame Mamdani,687
44,009,Kings,Andrew M. Cuomo,107
44,009,Kings,Curtis A. Sliwa,9
44,009,Kings,Eric L. Adams,1
44,009,Kings,Irene Estrada,2
44,009,Kings,Jim Walden,1
44,009,Kings,Joseph Hernandez,0
44,009,Kings,Zohran Kwame Mamdani,651
44,010,Kings,Andrew M. Cuomo,59
44,010,Kings,Curtis A. Sliwa,1
44,010,Kings,Eric L. Adams,0
44,010,Kings,Irene Estrada,0
44,010,Kings,Jim Walden,1
44,010,Kings,Joseph Hernandez,0
44,010,Kings,Zohran Kwame Mamdani,477
44,011,Kings,Andrew M. Cuomo,138
44,011,Kings,Curtis A. Sliwa,15
44,011,Kings,Eric L. Adams,2
44,011,Kings,Irene Estrada,0
44,011,Kings,Jim Walden,1
44,011,Kings,Joseph Hernandez,0
44,011,Kings,Zohran Kwame Mamdani,1110
44,012,Kings,Andrew M. Cuomo,63
44,012,Kings,Curtis A. Sliwa,7
44,012,Kings,Eric L. Adams,2
44,012,Kings,Irene Estrada,1
44,012,Kings,Jim Walden,0
44,012,Kings,Joseph Hernandez,1
44,012,Kings,Zohran Kwame Mamdani,566
44,013,Kings,Andrew M. Cuomo,60
44,013,Kings,Curtis A. Sliwa,3
44,013,Kings,Eric L. Adams,0
44,013,Kings,Irene Estrada,0
44,013,Kings,Jim Walden,2
44,013,Kings,Joseph Hernandez,0
44,013,Kings,Zohran Kwame Mamdani,226
44,014,Kings,Andrew M. Cuomo,103
44,014,Kings,Curtis A. Sliwa,5
44,014,Kings,Eric L. Adams,2
44,014,Kings,Irene Estrada,0
44,014,Kings,Jim Walden,0
44,014,Kings,Joseph Hernandez,1
44,014,Kings,Zohran Kwame Mamdani,528
44,015,Kings,Andrew M. Cuomo,69
44,015,Kings,Curtis A. Sliwa,7
44,015,Kings,Eric L. Adams,0
44,015,Kings,Irene Estrada,0
44,015,Kings,Jim Walden,2
44,015,Kings,Joseph Hernandez,0
44,015,Kings,Zohran Kwame Mamdani,399
44,016,Kings,Andrew M. Cuomo,107
44,016,Kings,Curtis A. Sliwa,9
44,016,Kings,Eric L. Adams,0
44,016,Kings,Irene Estrada,0
44,016,Kings,Jim Walden,3
44,016,Kings,Joseph Hernandez,0
44,016,Kings,Zohran Kwame Mamdani,512
44,017,Kings,Andrew M. Cuomo,195
44,017,Kings,Curtis A. Sliwa,17
44,017,Kings,Eric L. Adams,1
44,017,Kings,Irene Estrada,1
44,017,Kings,Jim Walden,0
44,017,Kings,Joseph Hernandez,0
44,017,Kings,Zohran Kwame Mamdani,867
44,018,Kings,Andrew M. Cuomo,167
44,018,Kings,Curtis A. Sliwa,24
44,018,Kings,Eric L. Adams,1
44,018,Kings,Irene Estrada,0
44,018,Kings,Jim Walden,2
44,018,Kings,Joseph Hernandez,0
44,018,Kings,Zohran Kwame Mamdani,652
44,019,Kings,Andrew M. Cuomo,92
44,019,Kings,Curtis A. Sliwa,10
44,019,Kings,Eric L. Adams,0
44,019,Kings,Irene Estrada,0
44,019,Kings,Jim Walden,0
44,019,Kings,Joseph Hernandez,0
44,019,Kings,Zohran Kwame Mamdani,440
44,020,Kings,Andrew M. Cuomo,76
44,020,Kings,Curtis A. Sliwa,8
44,020,Kings,Eric L. Adams,2
44,020,Kings,Irene Estrada,0
44,020,Kings,Jim Walden,1
44,020,Kings,Joseph Hernandez,0
44,020,Kings,Zohran Kwame Mamdani,335
44,021,Kings,Andrew M. Cuomo,98
44,021,Kings,Curtis A. Sliwa,28
44,021,Kings,Eric L. Adams,1
44,021,Kings,Irene Estrada,0
44,021,Kings,Jim Walden,2
44,021,Kings,Joseph Hernandez,0
44,021,Kings,Zohran Kwame Mamdani,612
44,022,Kings,Andrew M. Cuomo,100
44,022,Kings,Curtis A. Sliwa,16
44,022,Kings,Eric L. Adams,0
44,022,Kings,Irene Estrada,2
44,022,Kings,Jim Walden,0
44,022,Kings,Joseph Hernandez,0
44,022,Kings,Zohran Kwame Mamdani,569
44,023,Kings,Andrew M. Cuomo,212
44,023,Kings,Curtis A. Sliwa,12
44,023,Kings,Eric L. Adams,2
44,023,Kings,Irene Estrada,0
44,023,Kings,Jim Walden,0
44,023,Kings,Joseph Hernandez,1
44,023,Kings,Zohran Kwame Mamdani,739
44,024,Kings,Andrew M. Cuomo,238
44,024,Kings,Curtis A. Sliwa,19
44,024,Kings,Eric L. Adams,2
44,024,Kings,Irene Estrada,0
44,024,Kings,Jim Walden,2
44,024,Kings,Joseph Hernandez,1
44,024,Kings,Zohran Kwame Mamdani,581
44,025,Kings,Andrew M. Cuomo,235
44,025,Kings,Curtis A. Sliwa,16
44,025,Kings,Eric L. Adams,2
44,025,Kings,Irene Estrada,2
44,025,Kings,Jim Walden,2
44,025,Kings,Joseph Hernandez,1
44,025,Kings,Zohran Kwame Mamdani,748
44,026,Kings,Andrew M. Cuomo,147
44,026,Kings,Curtis A. Sliwa,18
44,026,Kings,Eric L. Adams,0
44,026,Kings,Irene Estrada,0
44,026,Kings,Jim Walden,2
44,026,Kings,Joseph Hernandez,0
44,026,Kings,Zohran Kwame Mamdani,608
44,027,Kings,Andrew M. Cuomo,214
44,027,Kings,Curtis A. Sliwa,16
44,027,Kings,Eric L. Adams,0
44,027,Kings,Irene Estrada,1
44,027,Kings,Jim Walden,3
44,027,Kings,Joseph Hernandez,2
44,027,Kings,Zohran Kwame Mamdani,671
44,028,Kings,Andrew M. Cuomo,138
44,028,Kings,Curtis A. Sliwa,19
44,028,Kings,Eric L. Adams,3
44,028,Kings,Irene Estrada,0
44,028,Kings,Jim Walden,3
44,028,Kings,Joseph Hernandez,0
44,028,Kings,Zohran Kwame Mamdani,731
44,029,Kings,Andrew M. Cuomo,192
44,029,Kings,Curtis A. Sliwa,14
44,029,Kings,Eric L. Adams,0
44,029,Kings,Irene Estrada,0
44,029,Kings,Jim Walden,2
44,029,Kings,Joseph Hernandez,0
44,029,Kings,Zohran Kwame Mamdani,783
44,030,Kings,Andrew M. Cuomo,179
44,030,Kings,Curtis A. Sliwa,24
44,030,Kings,Eric L. Adams,0
44,030,Kings,Irene Estrada,0
44,030,Kings,Jim Walden,1
44,030,Kings,Joseph Hernandez,0
44,030,Kings,Zohran Kwame Mamdani,674
44,031,Kings,Andrew M. Cuomo,217
44,031,Kings,Curtis A. Sliwa,21
44,031,Kings,Eric L. Adams,0
44,031,Kings,Irene Estrada,0
44,031,Kings,Jim Walden,2
44,031,Kings,Joseph Hernandez,0
44,031,Kings,Zohran Kwame Mamdani,797
44,032,Kings,Andrew M. Cuomo,170
44,032,Kings,Curtis A. Sliwa,19
44,032,Kings,Eric L. Adams,0
44,032,Kings,Irene Estrada,0
44,032,Kings,Jim Walden,1
44,032,Kings,Joseph Hernandez,0
44,032,Kings,Zohran Kwame Mamdani,802
44,033,Kings,Andrew M. Cuomo,228
44,033,Kings,Curtis A. Sliwa,37
44,033,Kings,Eric L. Adams,1
44,033,Kings,Irene Estrada,0
44,033,Kings,Jim Walden,1
44,033,Kings,Joseph Hernandez,1
44,033,Kings,Zohran Kwame Mamdani,763
44,034,Kings,Andrew M. Cuomo,106
44,034,Kings,Curtis A. Sliwa,23
44,034,Kings,Eric L. Adams,0
44,034,Kings,Irene Estrada,0
44,034,Kings,Jim Walden,0
44,034,Kings,Joseph Hernandez,0
44,034,Kings,Zohran Kwame Mamdani,408
44,035,Kings,Andrew M. Cuomo,114
44,035,Kings,Curtis A. Sliwa,22
44,035,Kings,Eric L. Adams,0
44,035,Kings,Irene Estrada,0
44,035,Kings,Jim Walden,0
44,035,Kings,Joseph Hernandez,1
44,035,Kings,Zohran Kwame Mamdani,498
44,036,Kings,Andrew M. Cuomo,252
44,036,Kings,Curtis A. Sliwa,49
44,036,Kings,Eric L. Adams,0
44,036,Kings,Irene Estrada,1
44,036,Kings,Jim Walden,1
44,036,Kings,Joseph Hernandez,1
44,036,Kings,Zohran Kwame Mamdani,760
44,037,Kings,Andrew M. Cuomo,270
44,037,Kings,Curtis A. Sliwa,39
44,037,Kings,Eric L. Adams,0
44,037,Kings,Irene Estrada,1
44,037,Kings,Jim Walden,4
44,037,Kings,Joseph Hernandez,1
44,037,Kings,Zohran Kwame Mamdani,706
44,038,Kings,Andrew M. Cuomo,231
44,038,Kings,Curtis A. Sliwa,43
44,038,Kings,Eric L. Adams,1
44,038,Kings,Irene Estrada,1
44,038,Kings,Jim Walden,1
44,038,Kings,Joseph Hernandez,0
44,038,Kings,Zohran Kwame Mamdani,767
44,039,Kings,Andrew M. Cuomo,183
44,039,Kings,Curtis A. Sliwa,24
44,039,Kings,Eric L. Adams,1
44,039,Kings,Irene Estrada,0
44,039,Kings,Jim Walden,2
44,039,Kings,Joseph Hernandez,0
44,039,Kings,Zohran Kwame Mamdani,658
44,040,Kings,Andrew M. Cuomo,158
44,040,Kings,Curtis A. Sliwa,37
44,040,Kings,Eric L. Adams,1
44,040,Kings,Irene Estrada,0
44,040,Kings,Jim Walden,0
44,040,Kings,Joseph Hernandez,0
44,040,Kings,Zohran Kwame Mamdani,453
44,041,Kings,Andrew M. Cuomo,179
44,041,Kings,Curtis A. Sliwa,42
44,041,Kings,Eric L. Adams,1
44,041,Kings,Irene Estrada,1
44,041,Kings,Jim Walden,0
44,041,Kings,Joseph Hernandez,0
44,041,Kings,Zohran Kwame Mamdani,521
44,042,Kings,Andrew M. Cuomo,268
44,042,Kings,Curtis A. Sliwa,11
44,042,Kings,Eric L. Adams,1
44,042,Kings,Irene Estrada,2
44,042,Kings,Jim Walden,0
44,042,Kings,Joseph Hernandez,0
44,042,Kings,Zohran Kwame Mamdani,126
44,043,Kings,Andrew M. Cuomo,172
44,043,Kings,Curtis A. Sliwa,31
44,043,Kings,Eric L. Adams,1
44,043,Kings,Irene Estrada,1
44,043,Kings,Jim Walden,1
44,043,Kings,Joseph Hernandez,0
44,043,Kings,Zohran Kwame Mamdani,527
44,044,Kings,Andrew M. Cuomo,137
44,044,Kings,Curtis A. Sliwa,26
44,044,Kings,Eric L. Adams,1
44,044,Kings,Irene Estrada,0
44,044,Kings,Jim Walden,1
44,044,Kings,Joseph Hernandez,0
44,044,Kings,Zohran Kwame Mamdani,326
44,045,Kings,Andrew M. Cuomo,181
44,045,Kings,Curtis A. Sliwa,39
44,045,Kings,Eric L. Adams,1
44,045,Kings,Irene Estrada,1
44,045,Kings,Jim Walden,1
44,045,Kings,Joseph Hernandez,0
44,045,Kings,Zohran Kwame Mamdani,567
44,046,Kings,Andrew M. Cuomo,174
44,046,Kings,Curtis A. Sliwa,39
44,046,Kings,Eric L. Adams,0
44,046,Kings,Irene Estrada,1
44,046,Kings,Jim Walden,1
44,046,Kings,Joseph Hernandez,1
44,046,Kings,Zohran Kwame Mamdani,680
44,047,Kings,Andrew M. Cuomo,82
44,047,Kings,Curtis A. Sliwa,20
44,047,Kings,Eric L. Adams,3
44,047,Kings,Irene Estrada,0
44,047,Kings,Jim Walden,0
44,047,Kings,Joseph Hernandez,0
44,047,Kings,Zohran Kwame Mamdani,453
44,048,Kings,Andrew M. Cuomo,285
44,048,Kings,Curtis A. Sliwa,25
44,048,Kings,Eric L. Adams,1
44,048,Kings,Irene Estrada,1
44,048,Kings,Jim Walden,0
44,048,Kings,Joseph Hernandez,0
44,048,Kings,Zohran Kwame Mamdani,426
44,049,Kings,Andrew M. Cuomo,347
44,049,Kings,Curtis A. Sliwa,6
44,049,Kings,Eric L. Adams,6
44,049,Kings,Irene Estrada,0
44,049,Kings,Jim Walden,0
44,049,Kings,Joseph Hernandez,0
44,049,Kings,Zohran Kwame Mamdani,55
44,050,Kings,Andrew M. Cuomo,312
44,050,Kings,Curtis A. Sliwa,9
44,050,Kings,Eric L. Adams,1
44,050,Kings,Irene Estrada,0
44,050,Kings,Jim Walden,0
44,050,Kings,Joseph Hernandez,0
44,050,Kings,Zohran Kwame Mamdani,32
44,051,Kings,Andrew M. Cuomo,429
44,051,Kings,Curtis A. Sliwa,20
44,051,Kings,Eric L. Adams,5
44,051,Kings,Irene Estrada,1
44,051,Kings,Jim Walden,0
44,051,Kings,Joseph Hernandez,0
44,051,Kings,Zohran Kwame Mamdani,16
44,052,Kings,Andrew M. Cuomo,57
44,052,Kings,Curtis A. Sliwa,6
44,052,Kings,Eric L. Adams,1
44,052,Kings,Irene Estrada,0
44,052,Kings,Jim Walden,0
44,052,Kings,Joseph Hernandez,0
44,052,Kings,Zohran Kwame Mamdani,43
44,053,Kings,Andrew M. Cuomo,397
44,053,Kings,Curtis A. Sliwa,19
44,053,Kings,Eric L. Adams,2
44,053,Kings,Irene Estrada,0
44,053,Kings,Jim Walden,0
44,053,Kings,Joseph Hernandez,0
44,053,Kings,Zohran Kwame Mamdani,267
44,054,Kings,Andrew M. Cuomo,147
44,054,Kings,Curtis A. Sliwa,19
44,054,Kings,Eric L. Adams,0
44,054,Kings,Irene Estrada,1
44,054,Kings,Jim Walden,2
44,054,Kings,Joseph Hernandez,1
44,054,Kings,Zohran Kwame Mamdani,611
44,055,Kings,Andrew M. Cuomo,40
44,055,Kings,Curtis A. Sliwa,17
44,055,Kings,Eric L. Adams,0
44,055,Kings,Irene Estrada,0
44,055,Kings,Jim Walden,0
44,055,Kings,Joseph Hernandez,0
44,055,Kings,Zohran Kwame Mamdani,194
44,056,Kings,Andrew M. Cuomo,143
44,056,Kings,Curtis A. Sliwa,28
44,056,Kings,Eric L. Adams,3
44,056,Kings,Irene Estrada,0
44,056,Kings,Jim Walden,1
44,056,Kings,Joseph Hernandez,0
44,056,Kings,Zohran Kwame Mamdani,608
44,057,Kings,Andrew M. Cuomo,285
44,057,Kings,Curtis A. Sliwa,36
44,057,Kings,Eric L. Adams,2
44,057,Kings,Irene Estrada,1
44,057,Kings,Jim Walden,0
44,057,Kings,Joseph Hernandez,0
44,057,Kings,Zohran Kwame Mamdani,399
44,058,Kings,Andrew M. Cuomo,221
44,058,Kings,Curtis A. Sliwa,21
44,058,Kings,Eric L. Adams,0
44,058,Kings,Irene Estrada,0
44,058,Kings,Jim Walden,1
44,058,Kings,Joseph Hernandez,1
44,058,Kings,Zohran Kwame Mamdani,381
44,059,Kings,Andrew M. Cuomo,291
44,059,Kings,Curtis A. Sliwa,25
44,059,Kings,Eric L. Adams,5
44,059,Kings,Irene Estrada,0
44,059,Kings,Jim Walden,0
44,059,Kings,Joseph Hernandez,1
44,059,Kings,Zohran Kwame Mamdani,544
44,060,Kings,Andrew M. Cuomo,28
44,060,Kings,Curtis A. Sliwa,0
44,060,Kings,Eric L. Adams,0
44,060,Kings,Irene Estrada,0
44,060,Kings,Jim Walden,0
44,060,Kings,Joseph Hernandez,0
44,060,Kings,Zohran Kwame Mamdani,222
44,061,Kings,Andrew M. Cuomo,88
44,061,Kings,Curtis A. Sliwa,17
44,061,Kings,Eric L. Adams,0
44,061,Kings,Irene Estrada,0
44,061,Kings,Jim Walden,1
44,061,Kings,Joseph Hernandez,0
44,061,Kings,Zohran Kwame Mamdani,500
44,062,Kings,Andrew M. Cuomo,161
44,062,Kings,Curtis A. Sliwa,9
44,062,Kings,Eric L. Adams,2
44,062,Kings,Irene Estrada,0
44,062,Kings,Jim Walden,2
44,062,Kings,Joseph Hernandez,0
44,062,Kings,Zohran Kwame Mamdani,578
44,063,Kings,Andrew M. Cuomo,114
44,063,Kings,Curtis A. Sliwa,18
44,063,Kings,Eric L. Adams,3
44,063,Kings,Irene Estrada,1
44,063,Kings,Jim Walden,3
44,063,Kings,Joseph Hernandez,0
44,063,Kings,Zohran Kwame Mamdani,704
44,064,Kings,Andrew M. Cuomo,268
44,064,Kings,Curtis A. Sliwa,28
44,064,Kings,Eric L. Adams,3
44,064,Kings,Irene Estrada,1
44,064,Kings,Jim Walden,0
44,064,Kings,Joseph Hernandez,1
44,064,Kings,Zohran Kwame Mamdani,602
44,065,Kings,Andrew M. Cuomo,94
44,065,Kings,Curtis A. Sliwa,11
44,065,Kings,Eric L. Adams,0
44,065,Kings,Irene Estrada,1
44,065,Kings,Jim Walden,0
44,065,Kings,Joseph Hernandez,1
44,065,Kings,Zohran Kwame Mamdani,511
44,066,Kings,Andrew M. Cuomo,409
44,066,Kings,Curtis A. Sliwa,32
44,066,Kings,Eric L. Adams,5
44,066,Kings,Irene Estrada,0
44,066,Kings,Jim Walden,0
44,066,Kings,Joseph Hernandez,1
44,066,Kings,Zohran Kwame Mamdani,584
44,067,Kings,Andrew M. Cuomo,129
44,067,Kings,Curtis A. Sliwa,10
44,067,Kings,Eric L. Adams,1
44,067,Kings,Irene Estrada,0
44,067,Kings,Jim Walden,0
44,067,Kings,Joseph Hernandez,0
44,067,Kings,Zohran Kwame Mamdani,357
44,068,Kings,Andrew M. Cuomo,69
44,068,Kings,Curtis A. Sliwa,14
44,068,Kings,Eric L. Adams,0
44,068,Kings,Irene Estrada,0
44,068,Kings,Jim Walden,0
44,068,Kings,Joseph Hernandez,0
44,068,Kings,Zohran Kwame Mamdani,362
44,069,Kings,Andrew M. Cuomo,317
44,069,Kings,Curtis A. Sliwa,38
44,069,Kings,Eric L. Adams,0
44,069,Kings,Irene Estrada,0
44,069,Kings,Jim Walden,0
44,069,Kings,Joseph Hernandez,0
44,069,Kings,Zohran Kwame Mamdani,439
44,070,Kings,Andrew M. Cuomo,78
44,070,Kings,Curtis A. Sliwa,13
44,070,Kings,Eric L. Adams,2
44,070,Kings,Irene Estrada,1
44,070,Kings,Jim Walden,0
44,070,Kings,Joseph Hernandez,0
44,070,Kings,Zohran Kwame Mamdani,375
44,071,Kings,Andrew M. Cuomo,160
44,071,Kings,Curtis A. Sliwa,15
44,071,Kings,Eric L. Adams,1
44,071,Kings,Irene Estrada,0
44,071,Kings,Jim Walden,0
44,071,Kings,Joseph Hernandez,0
44,071,Kings,Zohran Kwame Mamdani,408
44,072,Kings,Andrew M. Cuomo,175
44,072,Kings,Curtis A. Sliwa,49
44,072,Kings,Eric L. Adams,2
44,072,Kings,Irene Estrada,1
44,072,Kings,Jim Walden,1
44,072,Kings,Joseph Hernandez,0
44,072,Kings,Zohran Kwame Mamdani,489
44,073,Kings,Andrew M. Cuomo,38
44,073,Kings,Curtis A. Sliwa,8
44,073,Kings,Eric L. Adams,0
44,073,Kings,Irene Estrada,0
44,073,Kings,Jim Walden,0
44,073,Kings,Joseph Hernandez,0
44,073,Kings,Zohran Kwame Mamdani,188
44,074,Kings,Andrew M. Cuomo,156
44,074,Kings,Curtis A. Sliwa,24
44,074,Kings,Eric L. Adams,2
44,074,Kings,Irene Estrada,0
44,074,Kings,Jim Walden,2
44,074,Kings,Joseph Hernandez,0
44,074,Kings,Zohran Kwame Mamdani,526
44,075,Kings,Andrew M. Cuomo,72
44,075,Kings,Curtis A. Sliwa,20
44,075,Kings,Eric L. Adams,4
44,075,Kings,Irene Estrada,1
44,075,Kings,Jim Walden,0
44,075,Kings,Joseph Hernandez,1
44,075,Kings,Zohran Kwame Mamdani,334
44,076,Kings,Andrew M. Cuomo,98
44,076,Kings,Curtis A. Sliwa,8
44,076,Kings,Eric L. Adams,2
44,076,Kings,Irene Estrada,0
44,076,Kings,Jim Walden,0
44,076,Kings,Joseph Hernandez,0
44,076,Kings,Zohran Kwame Mamdani,313
44,077,Kings,Andrew M. Cuomo,31
44,077,Kings,Curtis A. Sliwa,2
44,077,Kings,Eric L. Adams,0
44,077,Kings,Irene Estrada,0
44,077,Kings,Jim Walden,0
44,077,Kings,Joseph Hernandez,0
44,077,Kings,Zohran Kwame Mamdani,143
44,078,Kings,Andrew M. Cuomo,77
44,078,Kings,Curtis A. Sliwa,29
44,078,Kings,Eric L. Adams,0
44,078,Kings,Irene Estrada,1
44,078,Kings,Jim Walden,0
44,078,Kings,Joseph Hernandez,0
44,078,Kings,Zohran Kwame Mamdani,349
44,079,Kings,Andrew M. Cuomo,149
44,079,Kings,Curtis A. Sliwa,8
44,079,Kings,Eric L. Adams,3
44,079,Kings,Irene Estrada,0
44,079,Kings,Jim Walden,1
44,079,Kings,Joseph Hernandez,1
44,079,Kings,Zohran Kwame Mamdani,696
44,080,Kings,Andrew M. Cuomo,104
44,080,Kings,Curtis A. Sliwa,16
44,080,Kings,Eric L. Adams,0
44,080,Kings,Irene Estrada,1
44,080,Kings,Jim Walden,0
44,080,Kings,Joseph Hernandez,0
44,080,Kings,Zohran Kwame Mamdani,388
44,081,Kings,Andrew M. Cuomo,108
44,081,Kings,Curtis A. Sliwa,6
44,081,Kings,Eric L. Adams,3
44,081,Kings,Irene Estrada,0
44,081,Kings,Jim Walden,1
44,081,Kings,Joseph Hernandez,0
44,081,Kings,Zohran Kwame Mamdani,480
44,084,Kings,Andrew M. Cuomo,0
44,084,Kings,Curtis A. Sliwa,0
44,084,Kings,Eric L. Adams,0
44,084,Kings,Irene Estrada,0
44,084,Kings,Jim Walden,0
44,084,Kings,Joseph Hernandez,0
44,084,Kings,Zohran Kwame Mamdani,0
45,001,Kings,Andrew M. Cuomo,565
45,001,Kings,Curtis A. Sliwa,41
45,001,Kings,Eric L. Adams,0
45,001,Kings,Irene Estrada,0
45,001,Kings,Jim Walden,0
45,001,Kings,Joseph Hernandez,0
45,001,Kings,Zohran Kwame Mamdani,121
45,002,Kings,Andrew M. Cuomo,744
45,002,Kings,Curtis A. Sliwa,41
45,002,Kings,Eric L. Adams,3
45,002,Kings,Irene Estrada,0
45,002,Kings,Jim Walden,1
45,002,Kings,Joseph Hernandez,0
45,002,Kings,Zohran Kwame Mamdani,96
45,003,Kings,Andrew M. Cuomo,686
45,003,Kings,Curtis A. Sliwa,37
45,003,Kings,Eric L. Adams,3
45,003,Kings,Irene Estrada,0
45,003,Kings,Jim Walden,2
45,003,Kings,Joseph Hernandez,0
45,003,Kings,Zohran Kwame Mamdani,120
45,004,Kings,Andrew M. Cuomo,407
45,004,Kings,Curtis A. Sliwa,63
45,004,Kings,Eric L. Adams,3
45,004,Kings,Irene Estrada,1
45,004,Kings,Jim Walden,0
45,004,Kings,Joseph Hernandez,1
45,004,Kings,Zohran Kwame Mamdani,192
45,005,Kings,Andrew M. Cuomo,442
45,005,Kings,Curtis A. Sliwa,35
45,005,Kings,Eric L. Adams,0
45,005,Kings,Irene Estrada,0
45,005,Kings,Jim Walden,1
45,005,Kings,Joseph Hernandez,0
45,005,Kings,Zohran Kwame Mamdani,164
45,006,Kings,Andrew M. Cuomo,408
45,006,Kings,Curtis A. Sliwa,38
45,006,Kings,Eric L. Adams,1
45,006,Kings,Irene Estrada,1
45,006,Kings,Jim Walden,1
45,006,Kings,Joseph Hernandez,0
45,006,Kings,Zohran Kwame Mamdani,162
45,007,Kings,Andrew M. Cuomo,807
45,007,Kings,Curtis A. Sliwa,51
45,007,Kings,Eric L. Adams,1
45,007,Kings,Irene Estrada,0
45,007,Kings,Jim Walden,0
45,007,Kings,Joseph Hernandez,0
45,007,Kings,Zohran Kwame Mamdani,57
45,008,Kings,Andrew M. Cuomo,751
45,008,Kings,Curtis A. Sliwa,16
45,008,Kings,Eric L. Adams,1
45,008,Kings,Irene Estrada,0
45,008,Kings,Jim Walden,0
45,008,Kings,Joseph Hernandez,0
45,008,Kings,Zohran Kwame Mamdani,44
45,009,Kings,Andrew M. Cuomo,632
45,009,Kings,Curtis A. Sliwa,34
45,009,Kings,Eric L. Adams,0
45,009,Kings,Irene Estrada,0
45,009,Kings,Jim Walden,1
45,009,Kings,Joseph Hernandez,1
45,009,Kings,Zohran Kwame Mamdani,84
45,010,Kings,Andrew M. Cuomo,696
45,010,Kings,Curtis A. Sliwa,15
45,010,Kings,Eric L. Adams,0
45,010,Kings,Irene Estrada,2
45,010,Kings,Jim Walden,0
45,010,Kings,Joseph Hernandez,1
45,010,Kings,Zohran Kwame Mamdani,36
45,011,Kings,Andrew M. Cuomo,666
45,011,Kings,Curtis A. Sliwa,24
45,011,Kings,Eric L. Adams,1
45,011,Kings,Irene Estrada,0
45,011,Kings,Jim Walden,0
45,011,Kings,Joseph Hernandez,0
45,011,Kings,Zohran Kwame Mamdani,30
45,012,Kings,Andrew M. Cuomo,80
45,012,Kings,Curtis A. Sliwa,7
45,012,Kings,Eric L. Adams,0
45,012,Kings,Irene Estrada,1
45,012,Kings,Jim Walden,0
45,012,Kings,Joseph Hernandez,0
45,012,Kings,Zohran Kwame Mamdani,31
45,013,Kings,Andrew M. Cuomo,482
45,013,Kings,Curtis A. Sliwa,23
45,013,Kings,Eric L. Adams,0
45,013,Kings,Irene Estrada,0
45,013,Kings,Jim Walden,0
45,013,Kings,Joseph Hernandez,0
45,013,Kings,Zohran Kwame Mamdani,14
45,014,Kings,Andrew M. Cuomo,569
45,014,Kings,Curtis A. Sliwa,20
45,014,Kings,Eric L. Adams,2
45,014,Kings,Irene Estrada,0
45,014,Kings,Jim Walden,0
45,014,Kings,Joseph Hernandez,0
45,014,Kings,Zohran Kwame Mamdani,71
45,015,Kings,Andrew M. Cuomo,706
45,015,Kings,Curtis A. Sliwa,22
45,015,Kings,Eric L. Adams,1
45,015,Kings,Irene Estrada,0
45,015,Kings,Jim Walden,0
45,015,Kings,Joseph Hernandez,0
45,015,Kings,Zohran Kwame Mamdani,40
45,016,Kings,Andrew M. Cuomo,1118
45,016,Kings,Curtis A. Sliwa,32
45,016,Kings,Eric L. Adams,1
45,016,Kings,Irene Estrada,1
45,016,Kings,Jim Walden,0
45,016,Kings,Joseph Hernandez,0
45,016,Kings,Zohran Kwame Mamdani,44
45,017,Kings,Andrew M. Cuomo,578
45,017,Kings,Curtis A. Sliwa,28
45,017,Kings,Eric L. Adams,1
45,017,Kings,Irene Estrada,0
45,017,Kings,Jim Walden,0
45,017,Kings,Joseph Hernandez,0
45,017,Kings,Zohran Kwame Mamdani,74
45,018,Kings,Andrew M. Cuomo,55
45,018,Kings,Curtis A. Sliwa,11
45,018,Kings,Eric L. Adams,1
45,018,Kings,Irene Estrada,0
45,018,Kings,Jim Walden,0
45,018,Kings,Joseph Hernandez,0
45,018,Kings,Zohran Kwame Mamdani,15
45,019,Kings,Andrew M. Cuomo,144
45,019,Kings,Curtis A. Sliwa,29
45,019,Kings,Eric L. Adams,1
45,019,Kings,Irene Estrada,0
45,019,Kings,Jim Walden,0
45,019,Kings,Joseph Hernandez,0
45,019,Kings,Zohran Kwame Mamdani,50
45,020,Kings,Andrew M. Cuomo,675
45,020,Kings,Curtis A. Sliwa,65
45,020,Kings,Eric L. Adams,1
45,020,Kings,Irene Estrada,0
45,020,Kings,Jim Walden,0
45,020,Kings,Joseph Hernandez,0
45,020,Kings,Zohran Kwame Mamdani,59
45,021,Kings,Andrew M. Cuomo,76
45,021,Kings,Curtis A. Sliwa,46
45,021,Kings,Eric L. Adams,0
45,021,Kings,Irene Estrada,0
45,021,Kings,Jim Walden,0
45,021,Kings,Joseph Hernandez,0
45,021,Kings,Zohran Kwame Mamdani,60
45,022,Kings,Andrew M. Cuomo,419
45,022,Kings,Curtis A. Sliwa,80
45,022,Kings,Eric L. Adams,1
45,022,Kings,Irene Estrada,2
45,022,Kings,Jim Walden,0
45,022,Kings,Joseph Hernandez,0
45,022,Kings,Zohran Kwame Mamdani,116
45,023,Kings,Andrew M. Cuomo,127
45,023,Kings,Curtis A. Sliwa,48
45,023,Kings,Eric L. Adams,3
45,023,Kings,Irene Estrada,1
45,023,Kings,Jim Walden,0
45,023,Kings,Joseph Hernandez,0
45,023,Kings,Zohran Kwame Mamdani,150
45,024,Kings,Andrew M. Cuomo,149
45,024,Kings,Curtis A. Sliwa,51
45,024,Kings,Eric L. Adams,2
45,024,Kings,Irene Estrada,2
45,024,Kings,Jim Walden,0
45,024,Kings,Joseph Hernandez,0
45,024,Kings,Zohran Kwame Mamdani,173
45,025,Kings,Andrew M. Cuomo,461
45,025,Kings,Curtis A. Sliwa,15
45,025,Kings,Eric L. Adams,3
45,025,Kings,Irene Estrada,0
45,025,Kings,Jim Walden,0
45,025,Kings,Joseph Hernandez,0
45,025,Kings,Zohran Kwame Mamdani,25
45,026,Kings,Andrew M. Cuomo,468
45,026,Kings,Curtis A. Sliwa,13
45,026,Kings,Eric L. Adams,0
45,026,Kings,Irene Estrada,0
45,026,Kings,Jim Walden,1
45,026,Kings,Joseph Hernandez,0
45,026,Kings,Zohran Kwame Mamdani,8
45,027,Kings,Andrew M. Cuomo,328
45,027,Kings,Curtis A. Sliwa,53
45,027,Kings,Eric L. Adams,0
45,027,Kings,Irene Estrada,1
45,027,Kings,Jim Walden,0
45,027,Kings,Joseph Hernandez,0
45,027,Kings,Zohran Kwame Mamdani,152
45,028,Kings,Andrew M. Cuomo,710
45,028,Kings,Curtis A. Sliwa,42
45,028,Kings,Eric L. Adams,1
45,028,Kings,Irene Estrada,1
45,028,Kings,Jim Walden,0
45,028,Kings,Joseph Hernandez,0
45,028,Kings,Zohran Kwame Mamdani,37
45,029,Kings,Andrew M. Cuomo,661
45,029,Kings,Curtis A. Sliwa,22
45,029,Kings,Eric L. Adams,2
45,029,Kings,Irene Estrada,0
45,029,Kings,Jim Walden,1
45,029,Kings,Joseph Hernandez,0
45,029,Kings,Zohran Kwame Mamdani,45
45,030,Kings,Andrew M. Cuomo,410
45,030,Kings,Curtis A. Sliwa,47
45,030,Kings,Eric L. Adams,2
45,030,Kings,Irene Estrada,0
45,030,Kings,Jim Walden,0
45,030,Kings,Joseph Hernandez,0
45,030,Kings,Zohran Kwame Mamdani,126
45,031,Kings,Andrew M. Cuomo,243
45,031,Kings,Curtis A. Sliwa,80
45,031,Kings,Eric L. Adams,0
45,031,Kings,Irene Estrada,0
45,031,Kings,Jim Walden,0
45,031,Kings,Joseph Hernandez,0
45,031,Kings,Zohran Kwame Mamdani,168
45,032,Kings,Andrew M. Cuomo,569
45,032,Kings,Curtis A. Sliwa,49
45,032,Kings,Eric L. Adams,0
45,032,Kings,Irene Estrada,0
45,032,Kings,Jim Walden,0
45,032,Kings,Joseph Hernandez,0
45,032,Kings,Zohran Kwame Mamdani,50
45,033,Kings,Andrew M. Cuomo,623
45,033,Kings,Curtis A. Sliwa,19
45,033,Kings,Eric L. Adams,1
45,033,Kings,Irene Estrada,0
45,033,Kings,Jim Walden,0
45,033,Kings,Joseph Hernandez,0
45,033,Kings,Zohran Kwame Mamdani,51
45,034,Kings,Andrew M. Cuomo,502
45,034,Kings,Curtis A. Sliwa,62
45,034,Kings,Eric L. Adams,3
45,034,Kings,Irene Estrada,0
45,034,Kings,Jim Walden,0
45,034,Kings,Joseph Hernandez,0
45,034,Kings,Zohran Kwame Mamdani,121
45,035,Kings,Andrew M. Cuomo,257
45,035,Kings,Curtis A. Sliwa,41
45,035,Kings,Eric L. Adams,1
45,035,Kings,Irene Estrada,0
45,035,Kings,Jim Walden,0
45,035,Kings,Joseph Hernandez,1
45,035,Kings,Zohran Kwame Mamdani,66
45,036,Kings,Andrew M. Cuomo,553
45,036,Kings,Curtis A. Sliwa,73
45,036,Kings,Eric L. Adams,3
45,036,Kings,Irene Estrada,0
45,036,Kings,Jim Walden,0
45,036,Kings,Joseph Hernandez,0
45,036,Kings,Zohran Kwame Mamdani,97
45,037,Kings,Andrew M. Cuomo,363
45,037,Kings,Curtis A. Sliwa,73
45,037,Kings,Eric L. Adams,0
45,037,Kings,Irene Estrada,0
45,037,Kings,Jim Walden,2
45,037,Kings,Joseph Hernandez,1
45,037,Kings,Zohran Kwame Mamdani,182
45,038,Kings,Andrew M. Cuomo,310
45,038,Kings,Curtis A. Sliwa,26
45,038,Kings,Eric L. Adams,0
45,038,Kings,Irene Estrada,0
45,038,Kings,Jim Walden,0
45,038,Kings,Joseph Hernandez,1
45,038,Kings,Zohran Kwame Mamdani,81
45,039,Kings,Andrew M. Cuomo,34
45,039,Kings,Curtis A. Sliwa,14
45,039,Kings,Eric L. Adams,0
45,039,Kings,Irene Estrada,0
45,039,Kings,Jim Walden,0
45,039,Kings,Joseph Hernandez,0
45,039,Kings,Zohran Kwame Mamdani,14
45,040,Kings,Andrew M. Cuomo,387
45,040,Kings,Curtis A. Sliwa,89
45,040,Kings,Eric L. Adams,0
45,040,Kings,Irene Estrada,0
45,040,Kings,Jim Walden,0
45,040,Kings,Joseph Hernandez,0
45,040,Kings,Zohran Kwame Mamdani,111
45,041,Kings,Andrew M. Cuomo,623
45,041,Kings,Curtis A. Sliwa,85
45,041,Kings,Eric L. Adams,2
45,041,Kings,Irene Estrada,0
45,041,Kings,Jim Walden,0
45,041,Kings,Joseph Hernandez,0
45,041,Kings,Zohran Kwame Mamdani,182
45,042,Kings,Andrew M. Cuomo,329
45,042,Kings,Curtis A. Sliwa,45
45,042,Kings,Eric L. Adams,3
45,042,Kings,Irene Estrada,3
45,042,Kings,Jim Walden,1
45,042,Kings,Joseph Hernandez,0
45,042,Kings,Zohran Kwame Mamdani,143
45,043,Kings,Andrew M. Cuomo,541
45,043,Kings,Curtis A. Sliwa,66
45,043,Kings,Eric L. Adams,2
45,043,Kings,Irene Estrada,0
45,043,Kings,Jim Walden,0
45,043,Kings,Joseph Hernandez,3
45,043,Kings,Zohran Kwame Mamdani,135
45,044,Kings,Andrew M. Cuomo,569
45,044,Kings,Curtis A. Sliwa,66
45,044,Kings,Eric L. Adams,2
45,044,Kings,Irene Estrada,0
45,044,Kings,Jim Walden,2
45,044,Kings,Joseph Hernandez,0
45,044,Kings,Zohran Kwame Mamdani,141
45,045,Kings,Andrew M. Cuomo,568
45,045,Kings,Curtis A. Sliwa,57
45,045,Kings,Eric L. Adams,2
45,045,Kings,Irene Estrada,0
45,045,Kings,Jim Walden,1
45,045,Kings,Joseph Hernandez,0
45,045,Kings,Zohran Kwame Mamdani,120
45,046,Kings,Andrew M. Cuomo,220
45,046,Kings,Curtis A. Sliwa,22
45,046,Kings,Eric L. Adams,2
45,046,Kings,Irene Estrada,1
45,046,Kings,Jim Walden,0
45,046,Kings,Joseph Hernandez,0
45,046,Kings,Zohran Kwame Mamdani,207
45,047,Kings,Andrew M. Cuomo,478
45,047,Kings,Curtis A. Sliwa,74
45,047,Kings,Eric L. Adams,2
45,047,Kings,Irene Estrada,2
45,047,Kings,Jim Walden,0
45,047,Kings,Joseph Hernandez,0
45,047,Kings,Zohran Kwame Mamdani,110
45,048,Kings,Andrew M. Cuomo,394
45,048,Kings,Curtis A. Sliwa,46
45,048,Kings,Eric L. Adams,5
45,048,Kings,Irene Estrada,0
45,048,Kings,Jim Walden,0
45,048,Kings,Joseph Hernandez,1
45,048,Kings,Zohran Kwame Mamdani,107
45,049,Kings,Andrew M. Cuomo,710
45,049,Kings,Curtis A. Sliwa,62
45,049,Kings,Eric L. Adams,3
45,049,Kings,Irene Estrada,1
45,049,Kings,Jim Walden,0
45,049,Kings,Joseph Hernandez,0
45,049,Kings,Zohran Kwame Mamdani,31
45,050,Kings,Andrew M. Cuomo,241
45,050,Kings,Curtis A. Sliwa,34
45,050,Kings,Eric L. Adams,1
45,050,Kings,Irene Estrada,0
45,050,Kings,Jim Walden,0
45,050,Kings,Joseph Hernandez,0
45,050,Kings,Zohran Kwame Mamdani,175
45,051,Kings,Andrew M. Cuomo,620
45,051,Kings,Curtis A. Sliwa,56
45,051,Kings,Eric L. Adams,2
45,051,Kings,Irene Estrada,2
45,051,Kings,Jim Walden,1
45,051,Kings,Joseph Hernandez,1
45,051,Kings,Zohran Kwame Mamdani,49
45,052,Kings,Andrew M. Cuomo,285
45,052,Kings,Curtis A. Sliwa,29
45,052,Kings,Eric L. Adams,0
45,052,Kings,Irene Estrada,0
45,052,Kings,Jim Walden,0
45,052,Kings,Joseph Hernandez,0
45,052,Kings,Zohran Kwame Mamdani,63
45,053,Kings,Andrew M. Cuomo,91
45,053,Kings,Curtis A. Sliwa,58
45,053,Kings,Eric L. Adams,0
45,053,Kings,Irene Estrada,1
45,053,Kings,Jim Walden,0
45,053,Kings,Joseph Hernandez,0
45,053,Kings,Zohran Kwame Mamdani,94
45,054,Kings,Andrew M. Cuomo,39
45,054,Kings,Curtis A. Sliwa,7
45,054,Kings,Eric L. Adams,0
45,054,Kings,Irene Estrada,0
45,054,Kings,Jim Walden,0
45,054,Kings,Joseph Hernandez,0
45,054,Kings,Zohran Kwame Mamdani,17
46,001,Kings,Andrew M. Cuomo,220
46,001,Kings,Curtis A. Sliwa,67
46,001,Kings,Eric L. Adams,1
46,001,Kings,Irene Estrada,0
46,001,Kings,Jim Walden,1
46,001,Kings,Joseph Hernandez,1
46,001,Kings,Zohran Kwame Mamdani,289
46,002,Kings,Andrew M. Cuomo,165
46,002,Kings,Curtis A. Sliwa,61
46,002,Kings,Eric L. Adams,2
46,002,Kings,Irene Estrada,0
46,002,Kings,Jim Walden,0
46,002,Kings,Joseph Hernandez,0
46,002,Kings,Zohran Kwame Mamdani,325
46,003,Kings,Andrew M. Cuomo,218
46,003,Kings,Curtis A. Sliwa,91
46,003,Kings,Eric L. Adams,1
46,003,Kings,Irene Estrada,0
46,003,Kings,Jim Walden,3
46,003,Kings,Joseph Hernandez,0
46,003,Kings,Zohran Kwame Mamdani,417
46,004,Kings,Andrew M. Cuomo,232
46,004,Kings,Curtis A. Sliwa,74
46,004,Kings,Eric L. Adams,1
46,004,Kings,Irene Estrada,0
46,004,Kings,Jim Walden,3
46,004,Kings,Joseph Hernandez,0
46,004,Kings,Zohran Kwame Mamdani,352
46,005,Kings,Andrew M. Cuomo,290
46,005,Kings,Curtis A. Sliwa,97
46,005,Kings,Eric L. Adams,2
46,005,Kings,Irene Estrada,2
46,005,Kings,Jim Walden,1
46,005,Kings,Joseph Hernandez,0
46,005,Kings,Zohran Kwame Mamdani,345
46,006,Kings,Andrew M. Cuomo,384
46,006,Kings,Curtis A. Sliwa,166
46,006,Kings,Eric L. Adams,0
46,006,Kings,Irene Estrada,0
46,006,Kings,Jim Walden,0
46,006,Kings,Joseph Hernandez,0
46,006,Kings,Zohran Kwame Mamdani,219
46,007,Kings,Andrew M. Cuomo,338
46,007,Kings,Curtis A. Sliwa,92
46,007,Kings,Eric L. Adams,0
46,007,Kings,Irene Estrada,1
46,007,Kings,Jim Walden,0
46,007,Kings,Joseph Hernandez,0
46,007,Kings,Zohran Kwame Mamdani,317
46,008,Kings,Andrew M. Cuomo,201
46,008,Kings,Curtis A. Sliwa,85
46,008,Kings,Eric L. Adams,2
46,008,Kings,Irene Estrada,3
46,008,Kings,Jim Walden,1
46,008,Kings,Joseph Hernandez,0
46,008,Kings,Zohran Kwame Mamdani,295
46,009,Kings,Andrew M. Cuomo,252
46,009,Kings,Curtis A. Sliwa,90
46,009,Kings,Eric L. Adams,1
46,009,Kings,Irene Estrada,2
46,009,Kings,Jim Walden,1
46,009,Kings,Joseph Hernandez,0
46,009,Kings,Zohran Kwame Mamdani,387
46,010,Kings,Andrew M. Cuomo,253
46,010,Kings,Curtis A. Sliwa,80
46,010,Kings,Eric L. Adams,1
46,010,Kings,Irene Estrada,1
46,010,Kings,Jim Walden,1
46,010,Kings,Joseph Hernandez,0
46,010,Kings,Zohran Kwame Mamdani,398
46,011,Kings,Andrew M. Cuomo,160
46,011,Kings,Curtis A. Sliwa,78
46,011,Kings,Eric L. Adams,1
46,011,Kings,Irene Estrada,0
46,011,Kings,Jim Walden,2
46,011,Kings,Joseph Hernandez,1
46,011,Kings,Zohran Kwame Mamdani,262
46,012,Kings,Andrew M. Cuomo,524
46,012,Kings,Curtis A. Sliwa,122
46,012,Kings,Eric L. Adams,2
46,012,Kings,Irene Estrada,0
46,012,Kings,Jim Walden,0
46,012,Kings,Joseph Hernandez,0
46,012,Kings,Zohran Kwame Mamdani,323
46,013,Kings,Andrew M. Cuomo,415
46,013,Kings,Curtis A. Sliwa,112
46,013,Kings,Eric L. Adams,0
46,013,Kings,Irene Estrada,0
46,013,Kings,Jim Walden,2
46,013,Kings,Joseph Hernandez,1
46,013,Kings,Zohran Kwame Mamdani,334
46,014,Kings,Andrew M. Cuomo,363
46,014,Kings,Curtis A. Sliwa,135
46,014,Kings,Eric L. Adams,2
46,014,Kings,Irene Estrada,0
46,014,Kings,Jim Walden,1
46,014,Kings,Joseph Hernandez,3
46,014,Kings,Zohran Kwame Mamdani,337
46,015,Kings,Andrew M. Cuomo,269
46,015,Kings,Curtis A. Sliwa,104
46,015,Kings,Eric L. Adams,0
46,015,Kings,Irene Estrada,0
46,015,Kings,Jim Walden,0
46,015,Kings,Joseph Hernandez,0
46,015,Kings,Zohran Kwame Mamdani,299
46,016,Kings,Andrew M. Cuomo,233
46,016,Kings,Curtis A. Sliwa,87
46,016,Kings,Eric L. Adams,1
46,016,Kings,Irene Estrada,1
46,016,Kings,Jim Walden,1
46,016,Kings,Joseph Hernandez,0
46,016,Kings,Zohran Kwame Mamdani,394
46,017,Kings,Andrew M. Cuomo,197
46,017,Kings,Curtis A. Sliwa,82
46,017,Kings,Eric L. Adams,0
46,017,Kings,Irene Estrada,0
46,017,Kings,Jim Walden,0
46,017,Kings,Joseph Hernandez,0
46,017,Kings,Zohran Kwame Mamdani,311
46,018,Kings,Andrew M. Cuomo,210
46,018,Kings,Curtis A. Sliwa,86
46,018,Kings,Eric L. Adams,1
46,018,Kings,Irene Estrada,2
46,018,Kings,Jim Walden,1
46,018,Kings,Joseph Hernandez,0
46,018,Kings,Zohran Kwame Mamdani,335
46,019,Kings,Andrew M. Cuomo,406
46,019,Kings,Curtis A. Sliwa,140
46,019,Kings,Eric L. Adams,1
46,019,Kings,Irene Estrada,3
46,019,Kings,Jim Walden,2
46,019,Kings,Joseph Hernandez,0
46,019,Kings,Zohran Kwame Mamdani,267
46,020,Kings,Andrew M. Cuomo,375
46,020,Kings,Curtis A. Sliwa,139
46,020,Kings,Eric L. Adams,0
46,020,Kings,Irene Estrada,1
46,020,Kings,Jim Walden,5
46,020,Kings,Joseph Hernandez,2
46,020,Kings,Zohran Kwame Mamdani,329
46,021,Kings,Andrew M. Cuomo,52
46,021,Kings,Curtis A. Sliwa,15
46,021,Kings,Eric L. Adams,1
46,021,Kings,Irene Estrada,0
46,021,Kings,Jim Walden,0
46,021,Kings,Joseph Hernandez,0
46,021,Kings,Zohran Kwame Mamdani,62
46,022,Kings,Andrew M. Cuomo,258
46,022,Kings,Curtis A. Sliwa,119
46,022,Kings,Eric L. Adams,0
46,022,Kings,Irene Estrada,0
46,022,Kings,Jim Walden,1
46,022,Kings,Joseph Hernandez,1
46,022,Kings,Zohran Kwame Mamdani,269
46,023,Kings,Andrew M. Cuomo,366
46,023,Kings,Curtis A. Sliwa,143
46,023,Kings,Eric L. Adams,0
46,023,Kings,Irene Estrada,1
46,023,Kings,Jim Walden,1
46,023,Kings,Joseph Hernandez,0
46,023,Kings,Zohran Kwame Mamdani,145
46,024,Kings,Andrew M. Cuomo,399
46,024,Kings,Curtis A. Sliwa,137
46,024,Kings,Eric L. Adams,0
46,024,Kings,Irene Estrada,0
46,024,Kings,Jim Walden,0
46,024,Kings,Joseph Hernandez,0
46,024,Kings,Zohran Kwame Mamdani,105
46,025,Kings,Andrew M. Cuomo,363
46,025,Kings,Curtis A. Sliwa,128
46,025,Kings,Eric L. Adams,0
46,025,Kings,Irene Estrada,0
46,025,Kings,Jim Walden,0
46,025,Kings,Joseph Hernandez,0
46,025,Kings,Zohran Kwame Mamdani,89
46,026,Kings,Andrew M. Cuomo,418
46,026,Kings,Curtis A. Sliwa,156
46,026,Kings,Eric L. Adams,3
46,026,Kings,Irene Estrada,0
46,026,Kings,Jim Walden,0
46,026,Kings,Joseph Hernandez,0
46,026,Kings,Zohran Kwame Mamdani,169
46,027,Kings,Andrew M. Cuomo,324
46,027,Kings,Curtis A. Sliwa,130
46,027,Kings,Eric L. Adams,2
46,027,Kings,Irene Estrada,0
46,027,Kings,Jim Walden,4
46,027,Kings,Joseph Hernandez,0
46,027,Kings,Zohran Kwame Mamdani,285
46,028,Kings,Andrew M. Cuomo,325
46,028,Kings,Curtis A. Sliwa,121
46,028,Kings,Eric L. Adams,0
46,028,Kings,Irene Estrada,1
46,028,Kings,Jim Walden,1
46,028,Kings,Joseph Hernandez,1
46,028,Kings,Zohran Kwame Mamdani,104
46,029,Kings,Andrew M. Cuomo,52
46,029,Kings,Curtis A. Sliwa,15
46,029,Kings,Eric L. Adams,0
46,029,Kings,Irene Estrada,0
46,029,Kings,Jim Walden,1
46,029,Kings,Joseph Hernandez,1
46,029,Kings,Zohran Kwame Mamdani,56
46,030,Kings,Andrew M. Cuomo,49
46,030,Kings,Curtis A. Sliwa,22
46,030,Kings,Eric L. Adams,0
46,030,Kings,Irene Estrada,0
46,030,Kings,Jim Walden,1
46,030,Kings,Joseph Hernandez,0
46,030,Kings,Zohran Kwame Mamdani,43
46,031,Kings,Andrew M. Cuomo,172
46,031,Kings,Curtis A. Sliwa,41
46,031,Kings,Eric L. Adams,1
46,031,Kings,Irene Estrada,0
46,031,Kings,Jim Walden,1
46,031,Kings,Joseph Hernandez,0
46,031,Kings,Zohran Kwame Mamdani,119
46,032,Kings,Andrew M. Cuomo,74
46,032,Kings,Curtis A. Sliwa,17
46,032,Kings,Eric L. Adams,0
46,032,Kings,Irene Estrada,2
46,032,Kings,Jim Walden,0
46,032,Kings,Joseph Hernandez,0
46,032,Kings,Zohran Kwame Mamdani,69
46,033,Kings,Andrew M. Cuomo,44
46,033,Kings,Curtis A. Sliwa,23
46,033,Kings,Eric L. Adams,0
46,033,Kings,Irene Estrada,0
46,033,Kings,Jim Walden,0
46,033,Kings,Joseph Hernandez,0
46,033,Kings,Zohran Kwame Mamdani,19
46,034,Kings,Andrew M. Cuomo,180
46,034,Kings,Curtis A. Sliwa,86
46,034,Kings,Eric L. Adams,2
46,034,Kings,Irene Estrada,1
46,034,Kings,Jim Walden,2
46,034,Kings,Joseph Hernandez,1
46,034,Kings,Zohran Kwame Mamdani,129
46,035,Kings,Andrew M. Cuomo,195
46,035,Kings,Curtis A. Sliwa,39
46,035,Kings,Eric L. Adams,0
46,035,Kings,Irene Estrada,0
46,035,Kings,Jim Walden,0
46,035,Kings,Joseph Hernandez,0
46,035,Kings,Zohran Kwame Mamdani,28
46,036,Kings,Andrew M. Cuomo,322
46,036,Kings,Curtis A. Sliwa,85
46,036,Kings,Eric L. Adams,0
46,036,Kings,Irene Estrada,0
46,036,Kings,Jim Walden,0
46,036,Kings,Joseph Hernandez,0
46,036,Kings,Zohran Kwame Mamdani,57
46,038,Kings,Andrew M. Cuomo,361
46,038,Kings,Curtis A. Sliwa,77
46,038,Kings,Eric L. Adams,0
46,038,Kings,Irene Estrada,0
46,038,Kings,Jim Walden,0
46,038,Kings,Joseph Hernandez,0
46,038,Kings,Zohran Kwame Mamdani,115
46,039,Kings,Andrew M. Cuomo,348
46,039,Kings,Curtis A. Sliwa,97
46,039,Kings,Eric L. Adams,2
46,039,Kings,Irene Estrada,1
46,039,Kings,Jim Walden,0
46,039,Kings,Joseph Hernandez,0
46,039,Kings,Zohran Kwame Mamdani,116
46,040,Kings,Andrew M. Cuomo,454
46,040,Kings,Curtis A. Sliwa,100
46,040,Kings,Eric L. Adams,1
46,040,Kings,Irene Estrada,1
46,040,Kings,Jim Walden,0
46,040,Kings,Joseph Hernandez,0
46,040,Kings,Zohran Kwame Mamdani,105
46,041,Kings,Andrew M. Cuomo,157
46,041,Kings,Curtis A. Sliwa,39
46,041,Kings,Eric L. Adams,2
46,041,Kings,Irene Estrada,0
46,041,Kings,Jim Walden,0
46,041,Kings,Joseph Hernandez,0
46,041,Kings,Zohran Kwame Mamdani,154
46,042,Kings,Andrew M. Cuomo,124
46,042,Kings,Curtis A. Sliwa,14
46,042,Kings,Eric L. Adams,3
46,042,Kings,Irene Estrada,0
46,042,Kings,Jim Walden,0
46,042,Kings,Joseph Hernandez,0
46,042,Kings,Zohran Kwame Mamdani,153
46,043,Kings,Andrew M. Cuomo,126
46,043,Kings,Curtis A. Sliwa,30
46,043,Kings,Eric L. Adams,1
46,043,Kings,Irene Estrada,0
46,043,Kings,Jim Walden,2
46,043,Kings,Joseph Hernandez,1
46,043,Kings,Zohran Kwame Mamdani,133
46,044,Kings,Andrew M. Cuomo,132
46,044,Kings,Curtis A. Sliwa,30
46,044,Kings,Eric L. Adams,1
46,044,Kings,Irene Estrada,2
46,044,Kings,Jim Walden,1
46,044,Kings,Joseph Hernandez,0
46,044,Kings,Zohran Kwame Mamdani,108
46,045,Kings,Andrew M. Cuomo,155
46,045,Kings,Curtis A. Sliwa,29
46,045,Kings,Eric L. Adams,2
46,045,Kings,Irene Estrada,1
46,045,Kings,Jim Walden,0
46,045,Kings,Joseph Hernandez,0
46,045,Kings,Zohran Kwame Mamdani,81
46,046,Kings,Andrew M. Cuomo,154
46,046,Kings,Curtis A. Sliwa,45
46,046,Kings,Eric L. Adams,5
46,046,Kings,Irene Estrada,2
46,046,Kings,Jim Walden,0
46,046,Kings,Joseph Hernandez,1
46,046,Kings,Zohran Kwame Mamdani,143
46,047,Kings,Andrew M. Cuomo,182
46,047,Kings,Curtis A. Sliwa,33
46,047,Kings,Eric L. Adams,3
46,047,Kings,Irene Estrada,0
46,047,Kings,Jim Walden,0
46,047,Kings,Joseph Hernandez,0
46,047,Kings,Zohran Kwame Mamdani,174
46,048,Kings,Andrew M. Cuomo,105
46,048,Kings,Curtis A. Sliwa,18
46,048,Kings,Eric L. Adams,4
46,048,Kings,Irene Estrada,0
46,048,Kings,Jim Walden,0
46,048,Kings,Joseph Hernandez,1
46,048,Kings,Zohran Kwame Mamdani,162
46,049,Kings,Andrew M. Cuomo,119
46,049,Kings,Curtis A. Sliwa,28
46,049,Kings,Eric L. Adams,0
46,049,Kings,Irene Estrada,0
46,049,Kings,Jim Walden,1
46,049,Kings,Joseph Hernandez,1
46,049,Kings,Zohran Kwame Mamdani,51
46,050,Kings,Andrew M. Cuomo,123
46,050,Kings,Curtis A. Sliwa,21
46,050,Kings,Eric L. Adams,3
46,050,Kings,Irene Estrada,1
46,050,Kings,Jim Walden,1
46,050,Kings,Joseph Hernandez,1
46,050,Kings,Zohran Kwame Mamdani,178
46,051,Kings,Andrew M. Cuomo,88
46,051,Kings,Curtis A. Sliwa,17
46,051,Kings,Eric L. Adams,1
46,051,Kings,Irene Estrada,1
46,051,Kings,Jim Walden,0
46,051,Kings,Joseph Hernandez,0
46,051,Kings,Zohran Kwame Mamdani,117
46,052,Kings,Andrew M. Cuomo,122
46,052,Kings,Curtis A. Sliwa,28
46,052,Kings,Eric L. Adams,2
46,052,Kings,Irene Estrada,0
46,052,Kings,Jim Walden,1
46,052,Kings,Joseph Hernandez,0
46,052,Kings,Zohran Kwame Mamdani,129
46,053,Kings,Andrew M. Cuomo,160
46,053,Kings,Curtis A. Sliwa,36
46,053,Kings,Eric L. Adams,4
46,053,Kings,Irene Estrada,2
46,053,Kings,Jim Walden,1
46,053,Kings,Joseph Hernandez,1
46,053,Kings,Zohran Kwame Mamdani,355
46,054,Kings,Andrew M. Cuomo,387
46,054,Kings,Curtis A. Sliwa,40
46,054,Kings,Eric L. Adams,2
46,054,Kings,Irene Estrada,0
46,054,Kings,Jim Walden,1
46,054,Kings,Joseph Hernandez,0
46,054,Kings,Zohran Kwame Mamdani,34
46,055,Kings,Andrew M. Cuomo,554
46,055,Kings,Curtis A. Sliwa,38
46,055,Kings,Eric L. Adams,3
46,055,Kings,Irene Estrada,0
46,055,Kings,Jim Walden,0
46,055,Kings,Joseph Hernandez,0
46,055,Kings,Zohran Kwame Mamdani,64
46,056,Kings,Andrew M. Cuomo,587
46,056,Kings,Curtis A. Sliwa,70
46,056,Kings,Eric L. Adams,2
46,056,Kings,Irene Estrada,1
46,056,Kings,Jim Walden,1
46,056,Kings,Joseph Hernandez,1
46,056,Kings,Zohran Kwame Mamdani,88
46,057,Kings,Andrew M. Cuomo,353
46,057,Kings,Curtis A. Sliwa,49
46,057,Kings,Eric L. Adams,1
46,057,Kings,Irene Estrada,0
46,057,Kings,Jim Walden,1
46,057,Kings,Joseph Hernandez,0
46,057,Kings,Zohran Kwame Mamdani,38
46,058,Kings,Andrew M. Cuomo,411
46,058,Kings,Curtis A. Sliwa,47
46,058,Kings,Eric L. Adams,1
46,058,Kings,Irene Estrada,0
46,058,Kings,Jim Walden,0
46,058,Kings,Joseph Hernandez,0
46,058,Kings,Zohran Kwame Mamdani,40
46,059,Kings,Andrew M. Cuomo,421
46,059,Kings,Curtis A. Sliwa,23
46,059,Kings,Eric L. Adams,0
46,059,Kings,Irene Estrada,0
46,059,Kings,Jim Walden,0
46,059,Kings,Joseph Hernandez,0
46,059,Kings,Zohran Kwame Mamdani,20
46,060,Kings,Andrew M. Cuomo,344
46,060,Kings,Curtis A. Sliwa,33
46,060,Kings,Eric L. Adams,4
46,060,Kings,Irene Estrada,1
46,060,Kings,Jim Walden,1
46,060,Kings,Joseph Hernandez,0
46,060,Kings,Zohran Kwame Mamdani,33
46,061,Kings,Andrew M. Cuomo,686
46,061,Kings,Curtis A. Sliwa,85
46,061,Kings,Eric L. Adams,3
46,061,Kings,Irene Estrada,1
46,061,Kings,Jim Walden,0
46,061,Kings,Joseph Hernandez,0
46,061,Kings,Zohran Kwame Mamdani,116
46,062,Kings,Andrew M. Cuomo,350
46,062,Kings,Curtis A. Sliwa,32
46,062,Kings,Eric L. Adams,1
46,062,Kings,Irene Estrada,0
46,062,Kings,Jim Walden,0
46,062,Kings,Joseph Hernandez,0
46,062,Kings,Zohran Kwame Mamdani,56
46,063,Kings,Andrew M. Cuomo,390
46,063,Kings,Curtis A. Sliwa,27
46,063,Kings,Eric L. Adams,0
46,063,Kings,Irene Estrada,0
46,063,Kings,Jim Walden,0
46,063,Kings,Joseph Hernandez,0
46,063,Kings,Zohran Kwame Mamdani,25
46,064,Kings,Andrew M. Cuomo,349
46,064,Kings,Curtis A. Sliwa,33
46,064,Kings,Eric L. Adams,2
46,064,Kings,Irene Estrada,0
46,064,Kings,Jim Walden,0
46,064,Kings,Joseph Hernandez,0
46,064,Kings,Zohran Kwame Mamdani,25
46,065,Kings,Andrew M. Cuomo,326
46,065,Kings,Curtis A. Sliwa,33
46,065,Kings,Eric L. Adams,0
46,065,Kings,Irene Estrada,1
46,065,Kings,Jim Walden,0
46,065,Kings,Joseph Hernandez,0
46,065,Kings,Zohran Kwame Mamdani,42
46,066,Kings,Andrew M. Cuomo,368
46,066,Kings,Curtis A. Sliwa,65
46,066,Kings,Eric L. Adams,2
46,066,Kings,Irene Estrada,1
46,066,Kings,Jim Walden,0
46,066,Kings,Joseph Hernandez,0
46,066,Kings,Zohran Kwame Mamdani,82
46,067,Kings,Andrew M. Cuomo,315
46,067,Kings,Curtis A. Sliwa,54
46,067,Kings,Eric L. Adams,4
46,067,Kings,Irene Estrada,0
46,067,Kings,Jim Walden,0
46,067,Kings,Joseph Hernandez,0
46,067,Kings,Zohran Kwame Mamdani,51
46,068,Kings,Andrew M. Cuomo,307
46,068,Kings,Curtis A. Sliwa,38
46,068,Kings,Eric L. Adams,2
46,068,Kings,Irene Estrada,0
46,068,Kings,Jim Walden,1
46,068,Kings,Joseph Hernandez,0
46,068,Kings,Zohran Kwame Mamdani,223
46,069,Kings,Andrew M. Cuomo,95
46,069,Kings,Curtis A. Sliwa,29
46,069,Kings,Eric L. Adams,2
46,069,Kings,Irene Estrada,1
46,069,Kings,Jim Walden,1
46,069,Kings,Joseph Hernandez,0
46,069,Kings,Zohran Kwame Mamdani,170
46,070,Kings,Andrew M. Cuomo,223
46,070,Kings,Curtis A. Sliwa,36
46,070,Kings,Eric L. Adams,4
46,070,Kings,Irene Estrada,1
46,070,Kings,Jim Walden,0
46,070,Kings,Joseph Hernandez,0
46,070,Kings,Zohran Kwame Mamdani,214
46,071,Kings,Andrew M. Cuomo,276
46,071,Kings,Curtis A. Sliwa,45
46,071,Kings,Eric L. Adams,0
46,071,Kings,Irene Estrada,0
46,071,Kings,Jim Walden,0
46,071,Kings,Joseph Hernandez,0
46,071,Kings,Zohran Kwame Mamdani,298
46,073,Kings,Andrew M. Cuomo,375
46,073,Kings,Curtis A. Sliwa,39
46,073,Kings,Eric L. Adams,1
46,073,Kings,Irene Estrada,2
46,073,Kings,Jim Walden,0
46,073,Kings,Joseph Hernandez,0
46,073,Kings,Zohran Kwame Mamdani,35
46,076,Kings,Andrew M. Cuomo,0
46,076,Kings,Curtis A. Sliwa,0
46,076,Kings,Eric L. Adams,0
46,076,Kings,Irene Estrada,0
46,076,Kings,Jim Walden,0
46,076,Kings,Joseph Hernandez,0
46,076,Kings,Zohran Kwame Mamdani,0
47,001,Kings,Andrew M. Cuomo,162
47,001,Kings,Curtis A. Sliwa,52
47,001,Kings,Eric L. Adams,0
47,001,Kings,Irene Estrada,0
47,001,Kings,Jim Walden,1
47,001,Kings,Joseph Hernandez,0
47,001,Kings,Zohran Kwame Mamdani,63
47,002,Kings,Andrew M. Cuomo,355
47,002,Kings,Curtis A. Sliwa,119
47,002,Kings,Eric L. Adams,0
47,002,Kings,Irene Estrada,1
47,002,Kings,Jim Walden,0
47,002,Kings,Joseph Hernandez,1
47,002,Kings,Zohran Kwame Mamdani,174
47,003,Kings,Andrew M. Cuomo,181
47,003,Kings,Curtis A. Sliwa,55
47,003,Kings,Eric L. Adams,0
47,003,Kings,Irene Estrada,0
47,003,Kings,Jim Walden,0
47,003,Kings,Joseph Hernandez,0
47,003,Kings,Zohran Kwame Mamdani,63
47,004,Kings,Andrew M. Cuomo,220
47,004,Kings,Curtis A. Sliwa,75
47,004,Kings,Eric L. Adams,1
47,004,Kings,Irene Estrada,0
47,004,Kings,Jim Walden,1
47,004,Kings,Joseph Hernandez,1
47,004,Kings,Zohran Kwame Mamdani,139
47,005,Kings,Andrew M. Cuomo,285
47,005,Kings,Curtis A. Sliwa,102
47,005,Kings,Eric L. Adams,1
47,005,Kings,Irene Estrada,1
47,005,Kings,Jim Walden,0
47,005,Kings,Joseph Hernandez,0
47,005,Kings,Zohran Kwame Mamdani,192
47,006,Kings,Andrew M. Cuomo,110
47,006,Kings,Curtis A. Sliwa,24
47,006,Kings,Eric L. Adams,0
47,006,Kings,Irene Estrada,2
47,006,Kings,Jim Walden,0
47,006,Kings,Joseph Hernandez,0
47,006,Kings,Zohran Kwame Mamdani,91
47,007,Kings,Andrew M. Cuomo,220
47,007,Kings,Curtis A. Sliwa,84
47,007,Kings,Eric L. Adams,0
47,007,Kings,Irene Estrada,1
47,007,Kings,Jim Walden,0
47,007,Kings,Joseph Hernandez,0
47,007,Kings,Zohran Kwame Mamdani,148
47,008,Kings,Andrew M. Cuomo,105
47,008,Kings,Curtis A. Sliwa,38
47,008,Kings,Eric L. Adams,0
47,008,Kings,Irene Estrada,0
47,008,Kings,Jim Walden,0
47,008,Kings,Joseph Hernandez,0
47,008,Kings,Zohran Kwame Mamdani,120
47,009,Kings,Andrew M. Cuomo,247
47,009,Kings,Curtis A. Sliwa,67
47,009,Kings,Eric L. Adams,1
47,009,Kings,Irene Estrada,2
47,009,Kings,Jim Walden,1
47,009,Kings,Joseph Hernandez,0
47,009,Kings,Zohran Kwame Mamdani,172
47,010,Kings,Andrew M. Cuomo,107
47,010,Kings,Curtis A. Sliwa,43
47,010,Kings,Eric L. Adams,1
47,010,Kings,Irene Estrada,0
47,010,Kings,Jim Walden,0
47,010,Kings,Joseph Hernandez,0
47,010,Kings,Zohran Kwame Mamdani,320
47,011,Kings,Andrew M. Cuomo,204
47,011,Kings,Curtis A. Sliwa,95
47,011,Kings,Eric L. Adams,2
47,011,Kings,Irene Estrada,0
47,011,Kings,Jim Walden,0
47,011,Kings,Joseph Hernandez,1
47,011,Kings,Zohran Kwame Mamdani,197
47,012,Kings,Andrew M. Cuomo,256
47,012,Kings,Curtis A. Sliwa,88
47,012,Kings,Eric L. Adams,3
47,012,Kings,Irene Estrada,1
47,012,Kings,Jim Walden,0
47,012,Kings,Joseph Hernandez,0
47,012,Kings,Zohran Kwame Mamdani,237
47,013,Kings,Andrew M. Cuomo,153
47,013,Kings,Curtis A. Sliwa,51
47,013,Kings,Eric L. Adams,1
47,013,Kings,Irene Estrada,0
47,013,Kings,Jim Walden,0
47,013,Kings,Joseph Hernandez,0
47,013,Kings,Zohran Kwame Mamdani,136
47,014,Kings,Andrew M. Cuomo,392
47,014,Kings,Curtis A. Sliwa,85
47,014,Kings,Eric L. Adams,1
47,014,Kings,Irene Estrada,0
47,014,Kings,Jim Walden,0
47,014,Kings,Joseph Hernandez,0
47,014,Kings,Zohran Kwame Mamdani,213
47,015,Kings,Andrew M. Cuomo,110
47,015,Kings,Curtis A. Sliwa,40
47,015,Kings,Eric L. Adams,0
47,015,Kings,Irene Estrada,0
47,015,Kings,Jim Walden,0
47,015,Kings,Joseph Hernandez,0
47,015,Kings,Zohran Kwame Mamdani,73
47,016,Kings,Andrew M. Cuomo,153
47,016,Kings,Curtis A. Sliwa,55
47,016,Kings,Eric L. Adams,1
47,016,Kings,Irene Estrada,0
47,016,Kings,Jim Walden,0
47,016,Kings,Joseph Hernandez,0
47,016,Kings,Zohran Kwame Mamdani,72
47,017,Kings,Andrew M. Cuomo,31
47,017,Kings,Curtis A. Sliwa,14
47,017,Kings,Eric L. Adams,1
47,017,Kings,Irene Estrada,0
47,017,Kings,Jim Walden,0
47,017,Kings,Joseph Hernandez,0
47,017,Kings,Zohran Kwame Mamdani,28
47,018,Kings,Andrew M. Cuomo,68
47,018,Kings,Curtis A. Sliwa,16
47,018,Kings,Eric L. Adams,0
47,018,Kings,Irene Estrada,1
47,018,Kings,Jim Walden,0
47,018,Kings,Joseph Hernandez,0
47,018,Kings,Zohran Kwame Mamdani,61
47,019,Kings,Andrew M. Cuomo,175
47,019,Kings,Curtis A. Sliwa,47
47,019,Kings,Eric L. Adams,1
47,019,Kings,Irene Estrada,0
47,019,Kings,Jim Walden,1
47,019,Kings,Joseph Hernandez,0
47,019,Kings,Zohran Kwame Mamdani,119
47,020,Kings,Andrew M. Cuomo,290
47,020,Kings,Curtis A. Sliwa,64
47,020,Kings,Eric L. Adams,2
47,020,Kings,Irene Estrada,1
47,020,Kings,Jim Walden,1
47,020,Kings,Joseph Hernandez,1
47,020,Kings,Zohran Kwame Mamdani,210
47,021,Kings,Andrew M. Cuomo,202
47,021,Kings,Curtis A. Sliwa,59
47,021,Kings,Eric L. Adams,1
47,021,Kings,Irene Estrada,0
47,021,Kings,Jim Walden,0
47,021,Kings,Joseph Hernandez,1
47,021,Kings,Zohran Kwame Mamdani,157
47,022,Kings,Andrew M. Cuomo,241
47,022,Kings,Curtis A. Sliwa,49
47,022,Kings,Eric L. Adams,0
47,022,Kings,Irene Estrada,0
47,022,Kings,Jim Walden,0
47,022,Kings,Joseph Hernandez,0
47,022,Kings,Zohran Kwame Mamdani,146
47,023,Kings,Andrew M. Cuomo,271
47,023,Kings,Curtis A. Sliwa,85
47,023,Kings,Eric L. Adams,3
47,023,Kings,Irene Estrada,1
47,023,Kings,Jim Walden,1
47,023,Kings,Joseph Hernandez,2
47,023,Kings,Zohran Kwame Mamdani,221
47,024,Kings,Andrew M. Cuomo,177
47,024,Kings,Curtis A. Sliwa,48
47,024,Kings,Eric L. Adams,0
47,024,Kings,Irene Estrada,0
47,024,Kings,Jim Walden,1
47,024,Kings,Joseph Hernandez,0
47,024,Kings,Zohran Kwame Mamdani,150
47,025,Kings,Andrew M. Cuomo,222
47,025,Kings,Curtis A. Sliwa,74
47,025,Kings,Eric L. Adams,2
47,025,Kings,Irene Estrada,0
47,025,Kings,Jim Walden,1
47,025,Kings,Joseph Hernandez,0
47,025,Kings,Zohran Kwame Mamdani,159
47,026,Kings,Andrew M. Cuomo,375
47,026,Kings,Curtis A. Sliwa,85
47,026,Kings,Eric L. Adams,0
47,026,Kings,Irene Estrada,2
47,026,Kings,Jim Walden,1
47,026,Kings,Joseph Hernandez,0
47,026,Kings,Zohran Kwame Mamdani,183
47,027,Kings,Andrew M. Cuomo,381
47,027,Kings,Curtis A. Sliwa,82
47,027,Kings,Eric L. Adams,2
47,027,Kings,Irene Estrada,3
47,027,Kings,Jim Walden,1
47,027,Kings,Joseph Hernandez,0
47,027,Kings,Zohran Kwame Mamdani,165
47,028,Kings,Andrew M. Cuomo,133
47,028,Kings,Curtis A. Sliwa,34
47,028,Kings,Eric L. Adams,0
47,028,Kings,Irene Estrada,1
47,028,Kings,Jim Walden,0
47,028,Kings,Joseph Hernandez,0
47,028,Kings,Zohran Kwame Mamdani,53
47,029,Kings,Andrew M. Cuomo,242
47,029,Kings,Curtis A. Sliwa,51
47,029,Kings,Eric L. Adams,0
47,029,Kings,Irene Estrada,1
47,029,Kings,Jim Walden,0
47,029,Kings,Joseph Hernandez,1
47,029,Kings,Zohran Kwame Mamdani,133
47,030,Kings,Andrew M. Cuomo,163
47,030,Kings,Curtis A. Sliwa,46
47,030,Kings,Eric L. Adams,0
47,030,Kings,Irene Estrada,0
47,030,Kings,Jim Walden,0
47,030,Kings,Joseph Hernandez,0
47,030,Kings,Zohran Kwame Mamdani,83
47,031,Kings,Andrew M. Cuomo,92
47,031,Kings,Curtis A. Sliwa,16
47,031,Kings,Eric L. Adams,0
47,031,Kings,Irene Estrada,0
47,031,Kings,Jim Walden,0
47,031,Kings,Joseph Hernandez,0
47,031,Kings,Zohran Kwame Mamdani,31
47,032,Kings,Andrew M. Cuomo,167
47,032,Kings,Curtis A. Sliwa,48
47,032,Kings,Eric L. Adams,4
47,032,Kings,Irene Estrada,2
47,032,Kings,Jim Walden,0
47,032,Kings,Joseph Hernandez,0
47,032,Kings,Zohran Kwame Mamdani,115
47,033,Kings,Andrew M. Cuomo,412
47,033,Kings,Curtis A. Sliwa,91
47,033,Kings,Eric L. Adams,3
47,033,Kings,Irene Estrada,1
47,033,Kings,Jim Walden,0
47,033,Kings,Joseph Hernandez,0
47,033,Kings,Zohran Kwame Mamdani,151
47,034,Kings,Andrew M. Cuomo,345
47,034,Kings,Curtis A. Sliwa,76
47,034,Kings,Eric L. Adams,3
47,034,Kings,Irene Estrada,2
47,034,Kings,Jim Walden,0
47,034,Kings,Joseph Hernandez,2
47,034,Kings,Zohran Kwame Mamdani,246
47,035,Kings,Andrew M. Cuomo,245
47,035,Kings,Curtis A. Sliwa,80
47,035,Kings,Eric L. Adams,2
47,035,Kings,Irene Estrada,3
47,035,Kings,Jim Walden,1
47,035,Kings,Joseph Hernandez,0
47,035,Kings,Zohran Kwame Mamdani,153
47,036,Kings,Andrew M. Cuomo,244
47,036,Kings,Curtis A. Sliwa,73
47,036,Kings,Eric L. Adams,0
47,036,Kings,Irene Estrada,0
47,036,Kings,Jim Walden,0
47,036,Kings,Joseph Hernandez,0
47,036,Kings,Zohran Kwame Mamdani,112
47,037,Kings,Andrew M. Cuomo,234
47,037,Kings,Curtis A. Sliwa,69
47,037,Kings,Eric L. Adams,0
47,037,Kings,Irene Estrada,1
47,037,Kings,Jim Walden,0
47,037,Kings,Joseph Hernandez,0
47,037,Kings,Zohran Kwame Mamdani,122
47,038,Kings,Andrew M. Cuomo,245
47,038,Kings,Curtis A. Sliwa,47
47,038,Kings,Eric L. Adams,0
47,038,Kings,Irene Estrada,1
47,038,Kings,Jim Walden,0
47,038,Kings,Joseph Hernandez,0
47,038,Kings,Zohran Kwame Mamdani,129
47,039,Kings,Andrew M. Cuomo,233
47,039,Kings,Curtis A. Sliwa,56
47,039,Kings,Eric L. Adams,0
47,039,Kings,Irene Estrada,1
47,039,Kings,Jim Walden,0
47,039,Kings,Joseph Hernandez,0
47,039,Kings,Zohran Kwame Mamdani,101
47,040,Kings,Andrew M. Cuomo,85
47,040,Kings,Curtis A. Sliwa,30
47,040,Kings,Eric L. Adams,0
47,040,Kings,Irene Estrada,0
47,040,Kings,Jim Walden,0
47,040,Kings,Joseph Hernandez,0
47,040,Kings,Zohran Kwame Mamdani,35
47,041,Kings,Andrew M. Cuomo,121
47,041,Kings,Curtis A. Sliwa,27
47,041,Kings,Eric L. Adams,0
47,041,Kings,Irene Estrada,1
47,041,Kings,Jim Walden,0
47,041,Kings,Joseph Hernandez,0
47,041,Kings,Zohran Kwame Mamdani,53
47,042,Kings,Andrew M. Cuomo,142
47,042,Kings,Curtis A. Sliwa,21
47,042,Kings,Eric L. Adams,7
47,042,Kings,Irene Estrada,2
47,042,Kings,Jim Walden,1
47,042,Kings,Joseph Hernandez,0
47,042,Kings,Zohran Kwame Mamdani,155
47,043,Kings,Andrew M. Cuomo,382
47,043,Kings,Curtis A. Sliwa,102
47,043,Kings,Eric L. Adams,1
47,043,Kings,Irene Estrada,2
47,043,Kings,Jim Walden,0
47,043,Kings,Joseph Hernandez,0
47,043,Kings,Zohran Kwame Mamdani,161
47,044,Kings,Andrew M. Cuomo,392
47,044,Kings,Curtis A. Sliwa,108
47,044,Kings,Eric L. Adams,0
47,044,Kings,Irene Estrada,0
47,044,Kings,Jim Walden,0
47,044,Kings,Joseph Hernandez,1
47,044,Kings,Zohran Kwame Mamdani,175
47,045,Kings,Andrew M. Cuomo,385
47,045,Kings,Curtis A. Sliwa,127
47,045,Kings,Eric L. Adams,1
47,045,Kings,Irene Estrada,1
47,045,Kings,Jim Walden,2
47,045,Kings,Joseph Hernandez,0
47,045,Kings,Zohran Kwame Mamdani,177
47,046,Kings,Andrew M. Cuomo,280
47,046,Kings,Curtis A. Sliwa,60
47,046,Kings,Eric L. Adams,1
47,046,Kings,Irene Estrada,0
47,046,Kings,Jim Walden,0
47,046,Kings,Joseph Hernandez,0
47,046,Kings,Zohran Kwame Mamdani,139
47,047,Kings,Andrew M. Cuomo,324
47,047,Kings,Curtis A. Sliwa,69
47,047,Kings,Eric L. Adams,1
47,047,Kings,Irene Estrada,0
47,047,Kings,Jim Walden,1
47,047,Kings,Joseph Hernandez,0
47,047,Kings,Zohran Kwame Mamdani,198
47,048,Kings,Andrew M. Cuomo,53
47,048,Kings,Curtis A. Sliwa,16
47,048,Kings,Eric L. Adams,0
47,048,Kings,Irene Estrada,1
47,048,Kings,Jim Walden,0
47,048,Kings,Joseph Hernandez,0
47,048,Kings,Zohran Kwame Mamdani,65
47,049,Kings,Andrew M. Cuomo,331
47,049,Kings,Curtis A. Sliwa,86
47,049,Kings,Eric L. Adams,1
47,049,Kings,Irene Estrada,1
47,049,Kings,Jim Walden,0
47,049,Kings,Joseph Hernandez,0
47,049,Kings,Zohran Kwame Mamdani,197
47,050,Kings,Andrew M. Cuomo,495
47,050,Kings,Curtis A. Sliwa,104
47,050,Kings,Eric L. Adams,2
47,050,Kings,Irene Estrada,1
47,050,Kings,Jim Walden,1
47,050,Kings,Joseph Hernandez,0
47,050,Kings,Zohran Kwame Mamdani,139
47,051,Kings,Andrew M. Cuomo,48
47,051,Kings,Curtis A. Sliwa,10
47,051,Kings,Eric L. Adams,0
47,051,Kings,Irene Estrada,1
47,051,Kings,Jim Walden,1
47,051,Kings,Joseph Hernandez,0
47,051,Kings,Zohran Kwame Mamdani,22
47,052,Kings,Andrew M. Cuomo,144
47,052,Kings,Curtis A. Sliwa,38
47,052,Kings,Eric L. Adams,2
47,052,Kings,Irene Estrada,0
47,052,Kings,Jim Walden,0
47,052,Kings,Joseph Hernandez,0
47,052,Kings,Zohran Kwame Mamdani,89
47,053,Kings,Andrew M. Cuomo,195
47,053,Kings,Curtis A. Sliwa,56
47,053,Kings,Eric L. Adams,0
47,053,Kings,Irene Estrada,0
47,053,Kings,Jim Walden,0
47,053,Kings,Joseph Hernandez,0
47,053,Kings,Zohran Kwame Mamdani,131
47,054,Kings,Andrew M. Cuomo,244
47,054,Kings,Curtis A. Sliwa,66
47,054,Kings,Eric L. Adams,0
47,054,Kings,Irene Estrada,2
47,054,Kings,Jim Walden,0
47,054,Kings,Joseph Hernandez,0
47,054,Kings,Zohran Kwame Mamdani,109
47,055,Kings,Andrew M. Cuomo,26
47,055,Kings,Curtis A. Sliwa,10
47,055,Kings,Eric L. Adams,0
47,055,Kings,Irene Estrada,0
47,055,Kings,Jim Walden,0
47,055,Kings,Joseph Hernandez,0
47,055,Kings,Zohran Kwame Mamdani,15
47,056,Kings,Andrew M. Cuomo,37
47,056,Kings,Curtis A. Sliwa,4
47,056,Kings,Eric L. Adams,0
47,056,Kings,Irene Estrada,0
47,056,Kings,Jim Walden,0
47,056,Kings,Joseph Hernandez,0
47,056,Kings,Zohran Kwame Mamdani,17
48,001,Kings,Andrew M. Cuomo,167
48,001,Kings,Curtis A. Sliwa,21
48,001,Kings,Eric L. Adams,1
48,001,Kings,Irene Estrada,0
48,001,Kings,Jim Walden,0
48,001,Kings,Joseph Hernandez,0
48,001,Kings,Zohran Kwame Mamdani,21
48,002,Kings,Andrew M. Cuomo,592
48,002,Kings,Curtis A. Sliwa,31
48,002,Kings,Eric L. Adams,6
48,002,Kings,Irene Estrada,0
48,002,Kings,Jim Walden,0
48,002,Kings,Joseph Hernandez,0
48,002,Kings,Zohran Kwame Mamdani,41
48,003,Kings,Andrew M. Cuomo,709
48,003,Kings,Curtis A. Sliwa,14
48,003,Kings,Eric L. Adams,21
48,003,Kings,Irene Estrada,2
48,003,Kings,Jim Walden,0
48,003,Kings,Joseph Hernandez,0
48,003,Kings,Zohran Kwame Mamdani,27
48,004,Kings,Andrew M. Cuomo,774
48,004,Kings,Curtis A. Sliwa,27
48,004,Kings,Eric L. Adams,18
48,004,Kings,Irene Estrada,0
48,004,Kings,Jim Walden,0
48,004,Kings,Joseph Hernandez,0
48,004,Kings,Zohran Kwame Mamdani,46
48,005,Kings,Andrew M. Cuomo,404
48,005,Kings,Curtis A. Sliwa,15
48,005,Kings,Eric L. Adams,6
48,005,Kings,Irene Estrada,0
48,005,Kings,Jim Walden,0
48,005,Kings,Joseph Hernandez,0
48,005,Kings,Zohran Kwame Mamdani,104
48,006,Kings,Andrew M. Cuomo,899
48,006,Kings,Curtis A. Sliwa,45
48,006,Kings,Eric L. Adams,14
48,006,Kings,Irene Estrada,1
48,006,Kings,Jim Walden,0
48,006,Kings,Joseph Hernandez,0
48,006,Kings,Zohran Kwame Mamdani,99
48,007,Kings,Andrew M. Cuomo,1140
48,007,Kings,Curtis A. Sliwa,25
48,007,Kings,Eric L. Adams,30
48,007,Kings,Irene Estrada,0
48,007,Kings,Jim Walden,1
48,007,Kings,Joseph Hernandez,0
48,007,Kings,Zohran Kwame Mamdani,4
48,008,Kings,Andrew M. Cuomo,855
48,008,Kings,Curtis A. Sliwa,22
48,008,Kings,Eric L. Adams,15
48,008,Kings,Irene Estrada,3
48,008,Kings,Jim Walden,0
48,008,Kings,Joseph Hernandez,0
48,008,Kings,Zohran Kwame Mamdani,49
48,009,Kings,Andrew M. Cuomo,682
48,009,Kings,Curtis A. Sliwa,20
48,009,Kings,Eric L. Adams,16
48,009,Kings,Irene Estrada,1
48,009,Kings,Jim Walden,0
48,009,Kings,Joseph Hernandez,0
48,009,Kings,Zohran Kwame Mamdani,22
48,010,Kings,Andrew M. Cuomo,797
48,010,Kings,Curtis A. Sliwa,20
48,010,Kings,Eric L. Adams,14
48,010,Kings,Irene Estrada,1
48,010,Kings,Jim Walden,0
48,010,Kings,Joseph Hernandez,1
48,010,Kings,Zohran Kwame Mamdani,88
48,011,Kings,Andrew M. Cuomo,425
48,011,Kings,Curtis A. Sliwa,8
48,011,Kings,Eric L. Adams,12
48,011,Kings,Irene Estrada,0
48,011,Kings,Jim Walden,0
48,011,Kings,Joseph Hernandez,0
48,011,Kings,Zohran Kwame Mamdani,1
48,012,Kings,Andrew M. Cuomo,511
48,012,Kings,Curtis A. Sliwa,8
48,012,Kings,Eric L. Adams,8
48,012,Kings,Irene Estrada,0
48,012,Kings,Jim Walden,0
48,012,Kings,Joseph Hernandez,0
48,012,Kings,Zohran Kwame Mamdani,5
48,013,Kings,Andrew M. Cuomo,765
48,013,Kings,Curtis A. Sliwa,20
48,013,Kings,Eric L. Adams,10
48,013,Kings,Irene Estrada,0
48,013,Kings,Jim Walden,0
48,013,Kings,Joseph Hernandez,0
48,013,Kings,Zohran Kwame Mamdani,62
48,014,Kings,Andrew M. Cuomo,231
48,014,Kings,Curtis A. Sliwa,13
48,014,Kings,Eric L. Adams,5
48,014,Kings,Irene Estrada,1
48,014,Kings,Jim Walden,1
48,014,Kings,Joseph Hernandez,0
48,014,Kings,Zohran Kwame Mamdani,132
48,015,Kings,Andrew M. Cuomo,643
48,015,Kings,Curtis A. Sliwa,41
48,015,Kings,Eric L. Adams,5
48,015,Kings,Irene Estrada,0
48,015,Kings,Jim Walden,1
48,015,Kings,Joseph Hernandez,0
48,015,Kings,Zohran Kwame Mamdani,190
48,016,Kings,Andrew M. Cuomo,634
48,016,Kings,Curtis A. Sliwa,32
48,016,Kings,Eric L. Adams,10
48,016,Kings,Irene Estrada,0
48,016,Kings,Jim Walden,0
48,016,Kings,Joseph Hernandez,0
48,016,Kings,Zohran Kwame Mamdani,188
48,017,Kings,Andrew M. Cuomo,7
48,017,Kings,Curtis A. Sliwa,0
48,017,Kings,Eric L. Adams,0
48,017,Kings,Irene Estrada,0
48,017,Kings,Jim Walden,0
48,017,Kings,Joseph Hernandez,0
48,017,Kings,Zohran Kwame Mamdani,12
48,018,Kings,Andrew M. Cuomo,259
48,018,Kings,Curtis A. Sliwa,7
48,018,Kings,Eric L. Adams,3
48,018,Kings,Irene Estrada,1
48,018,Kings,Jim Walden,0
48,018,Kings,Joseph Hernandez,0
48,018,Kings,Zohran Kwame Mamdani,91
48,019,Kings,Andrew M. Cuomo,441
48,019,Kings,Curtis A. Sliwa,30
48,019,Kings,Eric L. Adams,1
48,019,Kings,Irene Estrada,0
48,019,Kings,Jim Walden,0
48,019,Kings,Joseph Hernandez,1
48,019,Kings,Zohran Kwame Mamdani,197
48,020,Kings,Andrew M. Cuomo,358
48,020,Kings,Curtis A. Sliwa,20
48,020,Kings,Eric L. Adams,1
48,020,Kings,Irene Estrada,0
48,020,Kings,Jim Walden,2
48,020,Kings,Joseph Hernandez,0
48,020,Kings,Zohran Kwame Mamdani,203
48,021,Kings,Andrew M. Cuomo,84
48,021,Kings,Curtis A. Sliwa,9
48,021,Kings,Eric L. Adams,0
48,021,Kings,Irene Estrada,0
48,021,Kings,Jim Walden,0
48,021,Kings,Joseph Hernandez,0
48,021,Kings,Zohran Kwame Mamdani,126
48,022,Kings,Andrew M. Cuomo,138
48,022,Kings,Curtis A. Sliwa,4
48,022,Kings,Eric L. Adams,0
48,022,Kings,Irene Estrada,0
48,022,Kings,Jim Walden,0
48,022,Kings,Joseph Hernandez,0
48,022,Kings,Zohran Kwame Mamdani,4
48,023,Kings,Andrew M. Cuomo,514
48,023,Kings,Curtis A. Sliwa,26
48,023,Kings,Eric L. Adams,2
48,023,Kings,Irene Estrada,2
48,023,Kings,Jim Walden,0
48,023,Kings,Joseph Hernandez,1
48,023,Kings,Zohran Kwame Mamdani,293
48,024,Kings,Andrew M. Cuomo,263
48,024,Kings,Curtis A. Sliwa,29
48,024,Kings,Eric L. Adams,1
48,024,Kings,Irene Estrada,2
48,024,Kings,Jim Walden,2
48,024,Kings,Joseph Hernandez,0
48,024,Kings,Zohran Kwame Mamdani,230
48,025,Kings,Andrew M. Cuomo,583
48,025,Kings,Curtis A. Sliwa,39
48,025,Kings,Eric L. Adams,4
48,025,Kings,Irene Estrada,0
48,025,Kings,Jim Walden,2
48,025,Kings,Joseph Hernandez,0
48,025,Kings,Zohran Kwame Mamdani,175
48,026,Kings,Andrew M. Cuomo,813
48,026,Kings,Curtis A. Sliwa,27
48,026,Kings,Eric L. Adams,3
48,026,Kings,Irene Estrada,0
48,026,Kings,Jim Walden,0
48,026,Kings,Joseph Hernandez,0
48,026,Kings,Zohran Kwame Mamdani,62
48,027,Kings,Andrew M. Cuomo,461
48,027,Kings,Curtis A. Sliwa,21
48,027,Kings,Eric L. Adams,2
48,027,Kings,Irene Estrada,2
48,027,Kings,Jim Walden,0
48,027,Kings,Joseph Hernandez,0
48,027,Kings,Zohran Kwame Mamdani,93
48,028,Kings,Andrew M. Cuomo,450
48,028,Kings,Curtis A. Sliwa,28
48,028,Kings,Eric L. Adams,3
48,028,Kings,Irene Estrada,0
48,028,Kings,Jim Walden,0
48,028,Kings,Joseph Hernandez,0
48,028,Kings,Zohran Kwame Mamdani,147
48,029,Kings,Andrew M. Cuomo,583
48,029,Kings,Curtis A. Sliwa,20
48,029,Kings,Eric L. Adams,1
48,029,Kings,Irene Estrada,0
48,029,Kings,Jim Walden,0
48,029,Kings,Joseph Hernandez,0
48,029,Kings,Zohran Kwame Mamdani,118
48,030,Kings,Andrew M. Cuomo,674
48,030,Kings,Curtis A. Sliwa,15
48,030,Kings,Eric L. Adams,0
48,030,Kings,Irene Estrada,0
48,030,Kings,Jim Walden,1
48,030,Kings,Joseph Hernandez,0
48,030,Kings,Zohran Kwame Mamdani,31
48,031,Kings,Andrew M. Cuomo,50
48,031,Kings,Curtis A. Sliwa,2
48,031,Kings,Eric L. Adams,0
48,031,Kings,Irene Estrada,0
48,031,Kings,Jim Walden,0
48,031,Kings,Joseph Hernandez,0
48,031,Kings,Zohran Kwame Mamdani,32
48,032,Kings,Andrew M. Cuomo,538
48,032,Kings,Curtis A. Sliwa,10
48,032,Kings,Eric L. Adams,1
48,032,Kings,Irene Estrada,0
48,032,Kings,Jim Walden,0
48,032,Kings,Joseph Hernandez,1
48,032,Kings,Zohran Kwame Mamdani,24
48,033,Kings,Andrew M. Cuomo,535
48,033,Kings,Curtis A. Sliwa,38
48,033,Kings,Eric L. Adams,0
48,033,Kings,Irene Estrada,0
48,033,Kings,Jim Walden,0
48,033,Kings,Joseph Hernandez,0
48,033,Kings,Zohran Kwame Mamdani,111
48,034,Kings,Andrew M. Cuomo,525
48,034,Kings,Curtis A. Sliwa,9
48,034,Kings,Eric L. Adams,6
48,034,Kings,Irene Estrada,0
48,034,Kings,Jim Walden,0
48,034,Kings,Joseph Hernandez,0
48,034,Kings,Zohran Kwame Mamdani,1
48,035,Kings,Andrew M. Cuomo,609
48,035,Kings,Curtis A. Sliwa,38
48,035,Kings,Eric L. Adams,1
48,035,Kings,Irene Estrada,0
48,035,Kings,Jim Walden,0
48,035,Kings,Joseph Hernandez,0
48,035,Kings,Zohran Kwame Mamdani,79
48,036,Kings,Andrew M. Cuomo,306
48,036,Kings,Curtis A. Sliwa,51
48,036,Kings,Eric L. Adams,0
48,036,Kings,Irene Estrada,1
48,036,Kings,Jim Walden,0
48,036,Kings,Joseph Hernandez,0
48,036,Kings,Zohran Kwame Mamdani,99
48,037,Kings,Andrew M. Cuomo,486
48,037,Kings,Curtis A. Sliwa,25
48,037,Kings,Eric L. Adams,5
48,037,Kings,Irene Estrada,0
48,037,Kings,Jim Walden,1
48,037,Kings,Joseph Hernandez,0
48,037,Kings,Zohran Kwame Mamdani,18
48,038,Kings,Andrew M. Cuomo,899
48,038,Kings,Curtis A. Sliwa,42
48,038,Kings,Eric L. Adams,5
48,038,Kings,Irene Estrada,0
48,038,Kings,Jim Walden,0
48,038,Kings,Joseph Hernandez,0
48,038,Kings,Zohran Kwame Mamdani,53
48,039,Kings,Andrew M. Cuomo,780
48,039,Kings,Curtis A. Sliwa,47
48,039,Kings,Eric L. Adams,10
48,039,Kings,Irene Estrada,1
48,039,Kings,Jim Walden,0
48,039,Kings,Joseph Hernandez,0
48,039,Kings,Zohran Kwame Mamdani,61
48,040,Kings,Andrew M. Cuomo,988
48,040,Kings,Curtis A. Sliwa,36
48,040,Kings,Eric L. Adams,9
48,040,Kings,Irene Estrada,1
48,040,Kings,Jim Walden,0
48,040,Kings,Joseph Hernandez,2
48,040,Kings,Zohran Kwame Mamdani,49
48,041,Kings,Andrew M. Cuomo,914
48,041,Kings,Curtis A. Sliwa,14
48,041,Kings,Eric L. Adams,19
48,041,Kings,Irene Estrada,0
48,041,Kings,Jim Walden,0
48,041,Kings,Joseph Hernandez,2
48,041,Kings,Zohran Kwame Mamdani,33
48,042,Kings,Andrew M. Cuomo,842
48,042,Kings,Curtis A. Sliwa,16
48,042,Kings,Eric L. Adams,8
48,042,Kings,Irene Estrada,0
48,042,Kings,Jim Walden,1
48,042,Kings,Joseph Hernandez,0
48,042,Kings,Zohran Kwame Mamdani,7
48,043,Kings,Andrew M. Cuomo,636
48,043,Kings,Curtis A. Sliwa,27
48,043,Kings,Eric L. Adams,8
48,043,Kings,Irene Estrada,0
48,043,Kings,Jim Walden,0
48,043,Kings,Joseph Hernandez,0
48,043,Kings,Zohran Kwame Mamdani,27
48,044,Kings,Andrew M. Cuomo,609
48,044,Kings,Curtis A. Sliwa,19
48,044,Kings,Eric L. Adams,8
48,044,Kings,Irene Estrada,1
48,044,Kings,Jim Walden,0
48,044,Kings,Joseph Hernandez,0
48,044,Kings,Zohran Kwame Mamdani,17
48,045,Kings,Andrew M. Cuomo,739
48,045,Kings,Curtis A. Sliwa,25
48,045,Kings,Eric L. Adams,9
48,045,Kings,Irene Estrada,0
48,045,Kings,Jim Walden,0
48,045,Kings,Joseph Hernandez,0
48,045,Kings,Zohran Kwame Mamdani,48
48,046,Kings,Andrew M. Cuomo,781
48,046,Kings,Curtis A. Sliwa,28
48,046,Kings,Eric L. Adams,17
48,046,Kings,Irene Estrada,0
48,046,Kings,Jim Walden,0
48,046,Kings,Joseph Hernandez,0
48,046,Kings,Zohran Kwame Mamdani,30
48,047,Kings,Andrew M. Cuomo,925
48,047,Kings,Curtis A. Sliwa,25
48,047,Kings,Eric L. Adams,28
48,047,Kings,Irene Estrada,2
48,047,Kings,Jim Walden,2
48,047,Kings,Joseph Hernandez,0
48,047,Kings,Zohran Kwame Mamdani,59
48,048,Kings,Andrew M. Cuomo,1018
48,048,Kings,Curtis A. Sliwa,35
48,048,Kings,Eric L. Adams,44
48,048,Kings,Irene Estrada,0
48,048,Kings,Jim Walden,0
48,048,Kings,Joseph Hernandez,0
48,048,Kings,Zohran Kwame Mamdani,79
48,049,Kings,Andrew M. Cuomo,777
48,049,Kings,Curtis A. Sliwa,19
48,049,Kings,Eric L. Adams,17
48,049,Kings,Irene Estrada,0
48,049,Kings,Jim Walden,0
48,049,Kings,Joseph Hernandez,0
48,049,Kings,Zohran Kwame Mamdani,28
48,050,Kings,Andrew M. Cuomo,615
48,050,Kings,Curtis A. Sliwa,21
48,050,Kings,Eric L. Adams,14
48,050,Kings,Irene Estrada,1
48,050,Kings,Jim Walden,0
48,050,Kings,Joseph Hernandez,0
48,050,Kings,Zohran Kwame Mamdani,8
48,051,Kings,Andrew M. Cuomo,722
48,051,Kings,Curtis A. Sliwa,14
48,051,Kings,Eric L. Adams,22
48,051,Kings,Irene Estrada,0
48,051,Kings,Jim Walden,0
48,051,Kings,Joseph Hernandez,0
48,051,Kings,Zohran Kwame Mamdani,15
48,052,Kings,Andrew M. Cuomo,436
48,052,Kings,Curtis A. Sliwa,19
48,052,Kings,Eric L. Adams,11
48,052,Kings,Irene Estrada,0
48,052,Kings,Jim Walden,1
48,052,Kings,Joseph Hernandez,0
48,052,Kings,Zohran Kwame Mamdani,55
48,053,Kings,Andrew M. Cuomo,0
48,053,Kings,Curtis A. Sliwa,0
48,053,Kings,Eric L. Adams,0
48,053,Kings,Irene Estrada,0
48,053,Kings,Jim Walden,0
48,053,Kings,Joseph Hernandez,0
48,053,Kings,Zohran Kwame Mamdani,0
49,001,Kings,Andrew M. Cuomo,119
49,001,Kings,Curtis A. Sliwa,39
49,001,Kings,Eric L. Adams,0
49,001,Kings,Irene Estrada,0
49,001,Kings,Jim Walden,0
49,001,Kings,Joseph Hernandez,0
49,001,Kings,Zohran Kwame Mamdani,140
49,002,Kings,Andrew M. Cuomo,40
49,002,Kings,Curtis A. Sliwa,7
49,002,Kings,Eric L. Adams,3
49,002,Kings,Irene Estrada,0
49,002,Kings,Jim Walden,0
49,002,Kings,Joseph Hernandez,1
49,002,Kings,Zohran Kwame Mamdani,20
49,003,Kings,Andrew M. Cuomo,39
49,003,Kings,Curtis A. Sliwa,4
49,003,Kings,Eric L. Adams,0
49,003,Kings,Irene Estrada,0
49,003,Kings,Jim Walden,0
49,003,Kings,Joseph Hernandez,0
49,003,Kings,Zohran Kwame Mamdani,18
49,004,Kings,Andrew M. Cuomo,88
49,004,Kings,Curtis A. Sliwa,26
49,004,Kings,Eric L. Adams,1
49,004,Kings,Irene Estrada,0
49,004,Kings,Jim Walden,0
49,004,Kings,Joseph Hernandez,0
49,004,Kings,Zohran Kwame Mamdani,100
49,005,Kings,Andrew M. Cuomo,74
49,005,Kings,Curtis A. Sliwa,17
49,005,Kings,Eric L. Adams,0
49,005,Kings,Irene Estrada,0
49,005,Kings,Jim Walden,1
49,005,Kings,Joseph Hernandez,0
49,005,Kings,Zohran Kwame Mamdani,78
49,006,Kings,Andrew M. Cuomo,127
49,006,Kings,Curtis A. Sliwa,23
49,006,Kings,Eric L. Adams,0
49,006,Kings,Irene Estrada,1
49,006,Kings,Jim Walden,0
49,006,Kings,Joseph Hernandez,2
49,006,Kings,Zohran Kwame Mamdani,94
49,007,Kings,Andrew M. Cuomo,124
49,007,Kings,Curtis A. Sliwa,36
49,007,Kings,Eric L. Adams,2
49,007,Kings,Irene Estrada,0
49,007,Kings,Jim Walden,1
49,007,Kings,Joseph Hernandez,1
49,007,Kings,Zohran Kwame Mamdani,110
49,008,Kings,Andrew M. Cuomo,118
49,008,Kings,Curtis A. Sliwa,29
49,008,Kings,Eric L. Adams,0
49,008,Kings,Irene Estrada,1
49,008,Kings,Jim Walden,0
49,008,Kings,Joseph Hernandez,0
49,008,Kings,Zohran Kwame Mamdani,130
49,009,Kings,Andrew M. Cuomo,123
49,009,Kings,Curtis A. Sliwa,34
49,009,Kings,Eric L. Adams,2
49,009,Kings,Irene Estrada,1
49,009,Kings,Jim Walden,2
49,009,Kings,Joseph Hernandez,0
49,009,Kings,Zohran Kwame Mamdani,112
49,010,Kings,Andrew M. Cuomo,108
49,010,Kings,Curtis A. Sliwa,32
49,010,Kings,Eric L. Adams,1
49,010,Kings,Irene Estrada,2
49,010,Kings,Jim Walden,0
49,010,Kings,Joseph Hernandez,0
49,010,Kings,Zohran Kwame Mamdani,110
49,011,Kings,Andrew M. Cuomo,128
49,011,Kings,Curtis A. Sliwa,32
49,011,Kings,Eric L. Adams,0
49,011,Kings,Irene Estrada,0
49,011,Kings,Jim Walden,0
49,011,Kings,Joseph Hernandez,0
49,011,Kings,Zohran Kwame Mamdani,114
49,012,Kings,Andrew M. Cuomo,130
49,012,Kings,Curtis A. Sliwa,32
49,012,Kings,Eric L. Adams,1
49,012,Kings,Irene Estrada,0
49,012,Kings,Jim Walden,0
49,012,Kings,Joseph Hernandez,0
49,012,Kings,Zohran Kwame Mamdani,126
49,013,Kings,Andrew M. Cuomo,19
49,013,Kings,Curtis A. Sliwa,7
49,013,Kings,Eric L. Adams,0
49,013,Kings,Irene Estrada,0
49,013,Kings,Jim Walden,0
49,013,Kings,Joseph Hernandez,0
49,013,Kings,Zohran Kwame Mamdani,16
49,014,Kings,Andrew M. Cuomo,83
49,014,Kings,Curtis A. Sliwa,25
49,014,Kings,Eric L. Adams,1
49,014,Kings,Irene Estrada,0
49,014,Kings,Jim Walden,0
49,014,Kings,Joseph Hernandez,0
49,014,Kings,Zohran Kwame Mamdani,73
49,015,Kings,Andrew M. Cuomo,152
49,015,Kings,Curtis A. Sliwa,36
49,015,Kings,Eric L. Adams,0
49,015,Kings,Irene Estrada,1
49,015,Kings,Jim Walden,0
49,015,Kings,Joseph Hernandez,1
49,015,Kings,Zohran Kwame Mamdani,132
49,016,Kings,Andrew M. Cuomo,175
49,016,Kings,Curtis A. Sliwa,52
49,016,Kings,Eric L. Adams,0
49,016,Kings,Irene Estrada,1
49,016,Kings,Jim Walden,0
49,016,Kings,Joseph Hernandez,0
49,016,Kings,Zohran Kwame Mamdani,175
49,017,Kings,Andrew M. Cuomo,265
49,017,Kings,Curtis A. Sliwa,78
49,017,Kings,Eric L. Adams,0
49,017,Kings,Irene Estrada,4
49,017,Kings,Jim Walden,1
49,017,Kings,Joseph Hernandez,0
49,017,Kings,Zohran Kwame Mamdani,243
49,018,Kings,Andrew M. Cuomo,202
49,018,Kings,Curtis A. Sliwa,72
49,018,Kings,Eric L. Adams,0
49,018,Kings,Irene Estrada,0
49,018,Kings,Jim Walden,2
49,018,Kings,Joseph Hernandez,0
49,018,Kings,Zohran Kwame Mamdani,222
49,019,Kings,Andrew M. Cuomo,159
49,019,Kings,Curtis A. Sliwa,54
49,019,Kings,Eric L. Adams,1
49,019,Kings,Irene Estrada,1
49,019,Kings,Jim Walden,0
49,019,Kings,Joseph Hernandez,0
49,019,Kings,Zohran Kwame Mamdani,160
49,020,Kings,Andrew M. Cuomo,134
49,020,Kings,Curtis A. Sliwa,51
49,020,Kings,Eric L. Adams,0
49,020,Kings,Irene Estrada,0
49,020,Kings,Jim Walden,0
49,020,Kings,Joseph Hernandez,1
49,020,Kings,Zohran Kwame Mamdani,40
49,021,Kings,Andrew M. Cuomo,261
49,021,Kings,Curtis A. Sliwa,28
49,021,Kings,Eric L. Adams,0
49,021,Kings,Irene Estrada,1
49,021,Kings,Jim Walden,0
49,021,Kings,Joseph Hernandez,0
49,021,Kings,Zohran Kwame Mamdani,68
49,022,Kings,Andrew M. Cuomo,162
49,022,Kings,Curtis A. Sliwa,38
49,022,Kings,Eric L. Adams,0
49,022,Kings,Irene Estrada,0
49,022,Kings,Jim Walden,0
49,022,Kings,Joseph Hernandez,0
49,022,Kings,Zohran Kwame Mamdani,96
49,023,Kings,Andrew M. Cuomo,168
49,023,Kings,Curtis A. Sliwa,51
49,023,Kings,Eric L. Adams,0
49,023,Kings,Irene Estrada,0
49,023,Kings,Jim Walden,0
49,023,Kings,Joseph Hernandez,0
49,023,Kings,Zohran Kwame Mamdani,159
49,024,Kings,Andrew M. Cuomo,219
49,024,Kings,Curtis A. Sliwa,77
49,024,Kings,Eric L. Adams,1
49,024,Kings,Irene Estrada,3
49,024,Kings,Jim Walden,1
49,024,Kings,Joseph Hernandez,0
49,024,Kings,Zohran Kwame Mamdani,171
49,025,Kings,Andrew M. Cuomo,212
49,025,Kings,Curtis A. Sliwa,69
49,025,Kings,Eric L. Adams,1
49,025,Kings,Irene Estrada,0
49,025,Kings,Jim Walden,1
49,025,Kings,Joseph Hernandez,1
49,025,Kings,Zohran Kwame Mamdani,182
49,026,Kings,Andrew M. Cuomo,206
49,026,Kings,Curtis A. Sliwa,80
49,026,Kings,Eric L. Adams,1
49,026,Kings,Irene Estrada,1
49,026,Kings,Jim Walden,0
49,026,Kings,Joseph Hernandez,0
49,026,Kings,Zohran Kwame Mamdani,175
49,027,Kings,Andrew M. Cuomo,262
49,027,Kings,Curtis A. Sliwa,84
49,027,Kings,Eric L. Adams,2
49,027,Kings,Irene Estrada,0
49,027,Kings,Jim Walden,0
49,027,Kings,Joseph Hernandez,0
49,027,Kings,Zohran Kwame Mamdani,140
49,028,Kings,Andrew M. Cuomo,208
49,028,Kings,Curtis A. Sliwa,66
49,028,Kings,Eric L. Adams,0
49,028,Kings,Irene Estrada,0
49,028,Kings,Jim Walden,0
49,028,Kings,Joseph Hernandez,0
49,028,Kings,Zohran Kwame Mamdani,117
49,029,Kings,Andrew M. Cuomo,149
49,029,Kings,Curtis A. Sliwa,54
49,029,Kings,Eric L. Adams,0
49,029,Kings,Irene Estrada,0
49,029,Kings,Jim Walden,0
49,029,Kings,Joseph Hernandez,0
49,029,Kings,Zohran Kwame Mamdani,102
49,030,Kings,Andrew M. Cuomo,212
49,030,Kings,Curtis A. Sliwa,80
49,030,Kings,Eric L. Adams,0
49,030,Kings,Irene Estrada,2
49,030,Kings,Jim Walden,0
49,030,Kings,Joseph Hernandez,1
49,030,Kings,Zohran Kwame Mamdani,209
49,031,Kings,Andrew M. Cuomo,243
49,031,Kings,Curtis A. Sliwa,87
49,031,Kings,Eric L. Adams,1
49,031,Kings,Irene Estrada,0
49,031,Kings,Jim Walden,0
49,031,Kings,Joseph Hernandez,0
49,031,Kings,Zohran Kwame Mamdani,179
49,032,Kings,Andrew M. Cuomo,260
49,032,Kings,Curtis A. Sliwa,93
49,032,Kings,Eric L. Adams,0
49,032,Kings,Irene Estrada,0
49,032,Kings,Jim Walden,0
49,032,Kings,Joseph Hernandez,0
49,032,Kings,Zohran Kwame Mamdani,150
49,033,Kings,Andrew M. Cuomo,268
49,033,Kings,Curtis A. Sliwa,122
49,033,Kings,Eric L. Adams,0
49,033,Kings,Irene Estrada,0
49,033,Kings,Jim Walden,0
49,033,Kings,Joseph Hernandez,0
49,033,Kings,Zohran Kwame Mamdani,168
49,034,Kings,Andrew M. Cuomo,124
49,034,Kings,Curtis A. Sliwa,44
49,034,Kings,Eric L. Adams,0
49,034,Kings,Irene Estrada,0
49,034,Kings,Jim Walden,1
49,034,Kings,Joseph Hernandez,0
49,034,Kings,Zohran Kwame Mamdani,129
49,035,Kings,Andrew M. Cuomo,303
49,035,Kings,Curtis A. Sliwa,108
49,035,Kings,Eric L. Adams,2
49,035,Kings,Irene Estrada,1
49,035,Kings,Jim Walden,0
49,035,Kings,Joseph Hernandez,0
49,035,Kings,Zohran Kwame Mamdani,139
49,036,Kings,Andrew M. Cuomo,269
49,036,Kings,Curtis A. Sliwa,110
49,036,Kings,Eric L. Adams,1
49,036,Kings,Irene Estrada,3
49,036,Kings,Jim Walden,0
49,036,Kings,Joseph Hernandez,0
49,036,Kings,Zohran Kwame Mamdani,119
49,037,Kings,Andrew M. Cuomo,322
49,037,Kings,Curtis A. Sliwa,132
49,037,Kings,Eric L. Adams,0
49,037,Kings,Irene Estrada,3
49,037,Kings,Jim Walden,0
49,037,Kings,Joseph Hernandez,0
49,037,Kings,Zohran Kwame Mamdani,162
49,038,Kings,Andrew M. Cuomo,168
49,038,Kings,Curtis A. Sliwa,42
49,038,Kings,Eric L. Adams,0
49,038,Kings,Irene Estrada,1
49,038,Kings,Jim Walden,1
49,038,Kings,Joseph Hernandez,0
49,038,Kings,Zohran Kwame Mamdani,112
49,039,Kings,Andrew M. Cuomo,314
49,039,Kings,Curtis A. Sliwa,107
49,039,Kings,Eric L. Adams,0
49,039,Kings,Irene Estrada,0
49,039,Kings,Jim Walden,0
49,039,Kings,Joseph Hernandez,0
49,039,Kings,Zohran Kwame Mamdani,198
49,040,Kings,Andrew M. Cuomo,246
49,040,Kings,Curtis A. Sliwa,125
49,040,Kings,Eric L. Adams,1
49,040,Kings,Irene Estrada,1
49,040,Kings,Jim Walden,1
49,040,Kings,Joseph Hernandez,0
49,040,Kings,Zohran Kwame Mamdani,135
49,041,Kings,Andrew M. Cuomo,371
49,041,Kings,Curtis A. Sliwa,128
49,041,Kings,Eric L. Adams,0
49,041,Kings,Irene Estrada,2
49,041,Kings,Jim Walden,1
49,041,Kings,Joseph Hernandez,0
49,041,Kings,Zohran Kwame Mamdani,215
49,042,Kings,Andrew M. Cuomo,180
49,042,Kings,Curtis A. Sliwa,55
49,042,Kings,Eric L. Adams,1
49,042,Kings,Irene Estrada,0
49,042,Kings,Jim Walden,0
49,042,Kings,Joseph Hernandez,2
49,042,Kings,Zohran Kwame Mamdani,102
49,043,Kings,Andrew M. Cuomo,163
49,043,Kings,Curtis A. Sliwa,57
49,043,Kings,Eric L. Adams,0
49,043,Kings,Irene Estrada,1
49,043,Kings,Jim Walden,1
49,043,Kings,Joseph Hernandez,0
49,043,Kings,Zohran Kwame Mamdani,166
49,044,Kings,Andrew M. Cuomo,83
49,044,Kings,Curtis A. Sliwa,21
49,044,Kings,Eric L. Adams,2
49,044,Kings,Irene Estrada,1
49,044,Kings,Jim Walden,0
49,044,Kings,Joseph Hernandez,0
49,044,Kings,Zohran Kwame Mamdani,53
49,045,Kings,Andrew M. Cuomo,54
49,045,Kings,Curtis A. Sliwa,31
49,045,Kings,Eric L. Adams,0
49,045,Kings,Irene Estrada,0
49,045,Kings,Jim Walden,0
49,045,Kings,Joseph Hernandez,0
49,045,Kings,Zohran Kwame Mamdani,78
49,046,Kings,Andrew M. Cuomo,1
49,046,Kings,Curtis A. Sliwa,0
49,046,Kings,Eric L. Adams,0
49,046,Kings,Irene Estrada,0
49,046,Kings,Jim Walden,0
49,046,Kings,Joseph Hernandez,0
49,046,Kings,Zohran Kwame Mamdani,5
49,047,Kings,Andrew M. Cuomo,147
49,047,Kings,Curtis A. Sliwa,46
49,047,Kings,Eric L. Adams,0
49,047,Kings,Irene Estrada,2
49,047,Kings,Jim Walden,0
49,047,Kings,Joseph Hernandez,0
49,047,Kings,Zohran Kwame Mamdani,124
49,048,Kings,Andrew M. Cuomo,64
49,048,Kings,Curtis A. Sliwa,20
49,048,Kings,Eric L. Adams,1
49,048,Kings,Irene Estrada,0
49,048,Kings,Jim Walden,1
49,048,Kings,Joseph Hernandez,0
49,048,Kings,Zohran Kwame Mamdani,17
49,049,Kings,Andrew M. Cuomo,62
49,049,Kings,Curtis A. Sliwa,15
49,049,Kings,Eric L. Adams,0
49,049,Kings,Irene Estrada,0
49,049,Kings,Jim Walden,0
49,049,Kings,Joseph Hernandez,0
49,049,Kings,Zohran Kwame Mamdani,51
49,050,Kings,Andrew M. Cuomo,204
49,050,Kings,Curtis A. Sliwa,60
49,050,Kings,Eric L. Adams,1
49,050,Kings,Irene Estrada,1
49,050,Kings,Jim Walden,1
49,050,Kings,Joseph Hernandez,0
49,050,Kings,Zohran Kwame Mamdani,109
49,051,Kings,Andrew M. Cuomo,239
49,051,Kings,Curtis A. Sliwa,14
49,051,Kings,Eric L. Adams,5
49,051,Kings,Irene Estrada,0
49,051,Kings,Jim Walden,0
49,051,Kings,Joseph Hernandez,0
49,051,Kings,Zohran Kwame Mamdani,65
49,052,Kings,Andrew M. Cuomo,60
49,052,Kings,Curtis A. Sliwa,6
49,052,Kings,Eric L. Adams,0
49,052,Kings,Irene Estrada,0
49,052,Kings,Jim Walden,0
49,052,Kings,Joseph Hernandez,0
49,052,Kings,Zohran Kwame Mamdani,90
49,054,Kings,Andrew M. Cuomo,0
49,054,Kings,Curtis A. Sliwa,0
49,054,Kings,Eric L. Adams,0
49,054,Kings,Irene Estrada,0
49,054,Kings,Jim Walden,0
49,054,Kings,Joseph Hernandez,0
49,054,Kings,Zohran Kwame Mamdani,0
50,001,Kings,Andrew M. Cuomo,281
50,001,Kings,Curtis A. Sliwa,45
50,001,Kings,Eric L. Adams,4
50,001,Kings,Irene Estrada,1
50,001,Kings,Jim Walden,2
50,001,Kings,Joseph Hernandez,2
50,001,Kings,Zohran Kwame Mamdani,1064
50,002,Kings,Andrew M. Cuomo,166
50,002,Kings,Curtis A. Sliwa,44
50,002,Kings,Eric L. Adams,2
50,002,Kings,Irene Estrada,3
50,002,Kings,Jim Walden,2
50,002,Kings,Joseph Hernandez,0
50,002,Kings,Zohran Kwame Mamdani,811
50,003,Kings,Andrew M. Cuomo,184
50,003,Kings,Curtis A. Sliwa,26
50,003,Kings,Eric L. Adams,1
50,003,Kings,Irene Estrada,0
50,003,Kings,Jim Walden,0
50,003,Kings,Joseph Hernandez,1
50,003,Kings,Zohran Kwame Mamdani,856
50,004,Kings,Andrew M. Cuomo,144
50,004,Kings,Curtis A. Sliwa,40
50,004,Kings,Eric L. Adams,0
50,004,Kings,Irene Estrada,1
50,004,Kings,Jim Walden,2
50,004,Kings,Joseph Hernandez,0
50,004,Kings,Zohran Kwame Mamdani,709
50,005,Kings,Andrew M. Cuomo,177
50,005,Kings,Curtis A. Sliwa,43
50,005,Kings,Eric L. Adams,1
50,005,Kings,Irene Estrada,0
50,005,Kings,Jim Walden,0
50,005,Kings,Joseph Hernandez,0
50,005,Kings,Zohran Kwame Mamdani,656
50,006,Kings,Andrew M. Cuomo,127
50,006,Kings,Curtis A. Sliwa,34
50,006,Kings,Eric L. Adams,0
50,006,Kings,Irene Estrada,0
50,006,Kings,Jim Walden,0
50,006,Kings,Joseph Hernandez,1
50,006,Kings,Zohran Kwame Mamdani,534
50,007,Kings,Andrew M. Cuomo,172
50,007,Kings,Curtis A. Sliwa,24
50,007,Kings,Eric L. Adams,2
50,007,Kings,Irene Estrada,0
50,007,Kings,Jim Walden,0
50,007,Kings,Joseph Hernandez,0
50,007,Kings,Zohran Kwame Mamdani,525
50,008,Kings,Andrew M. Cuomo,215
50,008,Kings,Curtis A. Sliwa,57
50,008,Kings,Eric L. Adams,0
50,008,Kings,Irene Estrada,1
50,008,Kings,Jim Walden,1
50,008,Kings,Joseph Hernandez,0
50,008,Kings,Zohran Kwame Mamdani,820
50,009,Kings,Andrew M. Cuomo,143
50,009,Kings,Curtis A. Sliwa,18
50,009,Kings,Eric L. Adams,1
50,009,Kings,Irene Estrada,0
50,009,Kings,Jim Walden,2
50,009,Kings,Joseph Hernandez,0
50,009,Kings,Zohran Kwame Mamdani,290
50,010,Kings,Andrew M. Cuomo,64
50,010,Kings,Curtis A. Sliwa,15
50,010,Kings,Eric L. Adams,0
50,010,Kings,Irene Estrada,0
50,010,Kings,Jim Walden,1
50,010,Kings,Joseph Hernandez,0
50,010,Kings,Zohran Kwame Mamdani,332
50,011,Kings,Andrew M. Cuomo,93
50,011,Kings,Curtis A. Sliwa,47
50,011,Kings,Eric L. Adams,0
50,011,Kings,Irene Estrada,0
50,011,Kings,Jim Walden,0
50,011,Kings,Joseph Hernandez,0
50,011,Kings,Zohran Kwame Mamdani,489
50,012,Kings,Andrew M. Cuomo,181
50,012,Kings,Curtis A. Sliwa,11
50,012,Kings,Eric L. Adams,1
50,012,Kings,Irene Estrada,0
50,012,Kings,Jim Walden,0
50,012,Kings,Joseph Hernandez,0
50,012,Kings,Zohran Kwame Mamdani,383
50,013,Kings,Andrew M. Cuomo,101
50,013,Kings,Curtis A. Sliwa,39
50,013,Kings,Eric L. Adams,1
50,013,Kings,Irene Estrada,1
50,013,Kings,Jim Walden,1
50,013,Kings,Joseph Hernandez,0
50,013,Kings,Zohran Kwame Mamdani,582
50,014,Kings,Andrew M. Cuomo,159
50,014,Kings,Curtis A. Sliwa,39
50,014,Kings,Eric L. Adams,0
50,014,Kings,Irene Estrada,1
50,014,Kings,Jim Walden,0
50,014,Kings,Joseph Hernandez,1
50,014,Kings,Zohran Kwame Mamdani,668
50,015,Kings,Andrew M. Cuomo,124
50,015,Kings,Curtis A. Sliwa,46
50,015,Kings,Eric L. Adams,0
50,015,Kings,Irene Estrada,1
50,015,Kings,Jim Walden,0
50,015,Kings,Joseph Hernandez,0
50,015,Kings,Zohran Kwame Mamdani,529
50,016,Kings,Andrew M. Cuomo,154
50,016,Kings,Curtis A. Sliwa,66
50,016,Kings,Eric L. Adams,0
50,016,Kings,Irene Estrada,0
50,016,Kings,Jim Walden,0
50,016,Kings,Joseph Hernandez,0
50,016,Kings,Zohran Kwame Mamdani,602
50,017,Kings,Andrew M. Cuomo,160
50,017,Kings,Curtis A. Sliwa,63
50,017,Kings,Eric L. Adams,0
50,017,Kings,Irene Estrada,2
50,017,Kings,Jim Walden,1
50,017,Kings,Joseph Hernandez,0
50,017,Kings,Zohran Kwame Mamdani,712
50,018,Kings,Andrew M. Cuomo,112
50,018,Kings,Curtis A. Sliwa,62
50,018,Kings,Eric L. Adams,0
50,018,Kings,Irene Estrada,0
50,018,Kings,Jim Walden,0
50,018,Kings,Joseph Hernandez,0
50,018,Kings,Zohran Kwame Mamdani,578
50,019,Kings,Andrew M. Cuomo,174
50,019,Kings,Curtis A. Sliwa,69
50,019,Kings,Eric L. Adams,1
50,019,Kings,Irene Estrada,0
50,019,Kings,Jim Walden,0
50,019,Kings,Joseph Hernandez,1
50,019,Kings,Zohran Kwame Mamdani,628
50,020,Kings,Andrew M. Cuomo,119
50,020,Kings,Curtis A. Sliwa,53
50,020,Kings,Eric L. Adams,0
50,020,Kings,Irene Estrada,0
50,020,Kings,Jim Walden,0
50,020,Kings,Joseph Hernandez,0
50,020,Kings,Zohran Kwame Mamdani,737
50,021,Kings,Andrew M. Cuomo,159
50,021,Kings,Curtis A. Sliwa,45
50,021,Kings,Eric L. Adams,0
50,021,Kings,Irene Estrada,0
50,021,Kings,Jim Walden,0
50,021,Kings,Joseph Hernandez,0
50,021,Kings,Zohran Kwame Mamdani,624
50,022,Kings,Andrew M. Cuomo,152
50,022,Kings,Curtis A. Sliwa,19
50,022,Kings,Eric L. Adams,2
50,022,Kings,Irene Estrada,0
50,022,Kings,Jim Walden,0
50,022,Kings,Joseph Hernandez,0
50,022,Kings,Zohran Kwame Mamdani,694
50,023,Kings,Andrew M. Cuomo,238
50,023,Kings,Curtis A. Sliwa,11
50,023,Kings,Eric L. Adams,0
50,023,Kings,Irene Estrada,0
50,023,Kings,Jim Walden,2
50,023,Kings,Joseph Hernandez,1
50,023,Kings,Zohran Kwame Mamdani,612
50,024,Kings,Andrew M. Cuomo,153
50,024,Kings,Curtis A. Sliwa,14
50,024,Kings,Eric L. Adams,0
50,024,Kings,Irene Estrada,0
50,024,Kings,Jim Walden,1
50,024,Kings,Joseph Hernandez,1
50,024,Kings,Zohran Kwame Mamdani,429
50,025,Kings,Andrew M. Cuomo,112
50,025,Kings,Curtis A. Sliwa,14
50,025,Kings,Eric L. Adams,2
50,025,Kings,Irene Estrada,0
50,025,Kings,Jim Walden,0
50,025,Kings,Joseph Hernandez,0
50,025,Kings,Zohran Kwame Mamdani,539
50,026,Kings,Andrew M. Cuomo,277
50,026,Kings,Curtis A. Sliwa,21
50,026,Kings,Eric L. Adams,0
50,026,Kings,Irene Estrada,0
50,026,Kings,Jim Walden,4
50,026,Kings,Joseph Hernandez,1
50,026,Kings,Zohran Kwame Mamdani,695
50,027,Kings,Andrew M. Cuomo,288
50,027,Kings,Curtis A. Sliwa,26
50,027,Kings,Eric L. Adams,1
50,027,Kings,Irene Estrada,1
50,027,Kings,Jim Walden,0
50,027,Kings,Joseph Hernandez,1
50,027,Kings,Zohran Kwame Mamdani,432
50,028,Kings,Andrew M. Cuomo,83
50,028,Kings,Curtis A. Sliwa,9
50,028,Kings,Eric L. Adams,0
50,028,Kings,Irene Estrada,1
50,028,Kings,Jim Walden,0
50,028,Kings,Joseph Hernandez,0
50,028,Kings,Zohran Kwame Mamdani,293
50,029,Kings,Andrew M. Cuomo,338
50,029,Kings,Curtis A. Sliwa,25
50,029,Kings,Eric L. Adams,1
50,029,Kings,Irene Estrada,2
50,029,Kings,Jim Walden,0
50,029,Kings,Joseph Hernandez,0
50,029,Kings,Zohran Kwame Mamdani,445
50,030,Kings,Andrew M. Cuomo,291
50,030,Kings,Curtis A. Sliwa,11
50,030,Kings,Eric L. Adams,4
50,030,Kings,Irene Estrada,0
50,030,Kings,Jim Walden,0
50,030,Kings,Joseph Hernandez,2
50,030,Kings,Zohran Kwame Mamdani,455
50,031,Kings,Andrew M. Cuomo,171
50,031,Kings,Curtis A. Sliwa,7
50,031,Kings,Eric L. Adams,1
50,031,Kings,Irene Estrada,0
50,031,Kings,Jim Walden,0
50,031,Kings,Joseph Hernandez,0
50,031,Kings,Zohran Kwame Mamdani,368
50,032,Kings,Andrew M. Cuomo,188
50,032,Kings,Curtis A. Sliwa,4
50,032,Kings,Eric L. Adams,2
50,032,Kings,Irene Estrada,0
50,032,Kings,Jim Walden,0
50,032,Kings,Joseph Hernandez,0
50,032,Kings,Zohran Kwame Mamdani,308
50,033,Kings,Andrew M. Cuomo,372
50,033,Kings,Curtis A. Sliwa,16
50,033,Kings,Eric L. Adams,11
50,033,Kings,Irene Estrada,1
50,033,Kings,Jim Walden,0
50,033,Kings,Joseph Hernandez,0
50,033,Kings,Zohran Kwame Mamdani,289
50,034,Kings,Andrew M. Cuomo,351
50,034,Kings,Curtis A. Sliwa,15
50,034,Kings,Eric L. Adams,6
50,034,Kings,Irene Estrada,1
50,034,Kings,Jim Walden,0
50,034,Kings,Joseph Hernandez,0
50,034,Kings,Zohran Kwame Mamdani,357
50,035,Kings,Andrew M. Cuomo,297
50,035,Kings,Curtis A. Sliwa,29
50,035,Kings,Eric L. Adams,9
50,035,Kings,Irene Estrada,1
50,035,Kings,Jim Walden,0
50,035,Kings,Joseph Hernandez,1
50,035,Kings,Zohran Kwame Mamdani,86
50,036,Kings,Andrew M. Cuomo,177
50,036,Kings,Curtis A. Sliwa,27
50,036,Kings,Eric L. Adams,7
50,036,Kings,Irene Estrada,1
50,036,Kings,Jim Walden,0
50,036,Kings,Joseph Hernandez,0
50,036,Kings,Zohran Kwame Mamdani,52
50,037,Kings,Andrew M. Cuomo,393
50,037,Kings,Curtis A. Sliwa,14
50,037,Kings,Eric L. Adams,9
50,037,Kings,Irene Estrada,0
50,037,Kings,Jim Walden,1
50,037,Kings,Joseph Hernandez,0
50,037,Kings,Zohran Kwame Mamdani,54
50,038,Kings,Andrew M. Cuomo,202
50,038,Kings,Curtis A. Sliwa,25
50,038,Kings,Eric L. Adams,7
50,038,Kings,Irene Estrada,1
50,038,Kings,Jim Walden,0
50,038,Kings,Joseph Hernandez,0
50,038,Kings,Zohran Kwame Mamdani,153
50,039,Kings,Andrew M. Cuomo,233
50,039,Kings,Curtis A. Sliwa,9
50,039,Kings,Eric L. Adams,12
50,039,Kings,Irene Estrada,2
50,039,Kings,Jim Walden,0
50,039,Kings,Joseph Hernandez,0
50,039,Kings,Zohran Kwame Mamdani,32
50,040,Kings,Andrew M. Cuomo,320
50,040,Kings,Curtis A. Sliwa,17
50,040,Kings,Eric L. Adams,8
50,040,Kings,Irene Estrada,1
50,040,Kings,Jim Walden,0
50,040,Kings,Joseph Hernandez,2
50,040,Kings,Zohran Kwame Mamdani,106
50,041,Kings,Andrew M. Cuomo,202
50,041,Kings,Curtis A. Sliwa,9
50,041,Kings,Eric L. Adams,5
50,041,Kings,Irene Estrada,0
50,041,Kings,Jim Walden,0
50,041,Kings,Joseph Hernandez,2
50,041,Kings,Zohran Kwame Mamdani,160
50,042,Kings,Andrew M. Cuomo,306
50,042,Kings,Curtis A. Sliwa,18
50,042,Kings,Eric L. Adams,14
50,042,Kings,Irene Estrada,3
50,042,Kings,Jim Walden,0
50,042,Kings,Joseph Hernandez,0
50,042,Kings,Zohran Kwame Mamdani,66
50,043,Kings,Andrew M. Cuomo,293
50,043,Kings,Curtis A. Sliwa,11
50,043,Kings,Eric L. Adams,13
50,043,Kings,Irene Estrada,1
50,043,Kings,Jim Walden,1
50,043,Kings,Joseph Hernandez,0
50,043,Kings,Zohran Kwame Mamdani,18
50,044,Kings,Andrew M. Cuomo,412
50,044,Kings,Curtis A. Sliwa,15
50,044,Kings,Eric L. Adams,29
50,044,Kings,Irene Estrada,0
50,044,Kings,Jim Walden,0
50,044,Kings,Joseph Hernandez,0
50,044,Kings,Zohran Kwame Mamdani,125
50,045,Kings,Andrew M. Cuomo,478
50,045,Kings,Curtis A. Sliwa,14
50,045,Kings,Eric L. Adams,11
50,045,Kings,Irene Estrada,2
50,045,Kings,Jim Walden,0
50,045,Kings,Joseph Hernandez,0
50,045,Kings,Zohran Kwame Mamdani,27
50,046,Kings,Andrew M. Cuomo,445
50,046,Kings,Curtis A. Sliwa,15
50,046,Kings,Eric L. Adams,22
50,046,Kings,Irene Estrada,0
50,046,Kings,Jim Walden,0
50,046,Kings,Joseph Hernandez,0
50,046,Kings,Zohran Kwame Mamdani,73
50,047,Kings,Andrew M. Cuomo,354
50,047,Kings,Curtis A. Sliwa,13
50,047,Kings,Eric L. Adams,20
50,047,Kings,Irene Estrada,0
50,047,Kings,Jim Walden,0
50,047,Kings,Joseph Hernandez,1
50,047,Kings,Zohran Kwame Mamdani,6
50,048,Kings,Andrew M. Cuomo,370
50,048,Kings,Curtis A. Sliwa,9
50,048,Kings,Eric L. Adams,11
50,048,Kings,Irene Estrada,0
50,048,Kings,Jim Walden,0
50,048,Kings,Joseph Hernandez,0
50,048,Kings,Zohran Kwame Mamdani,8
50,049,Kings,Andrew M. Cuomo,303
50,049,Kings,Curtis A. Sliwa,9
50,049,Kings,Eric L. Adams,22
50,049,Kings,Irene Estrada,1
50,049,Kings,Jim Walden,0
50,049,Kings,Joseph Hernandez,1
50,049,Kings,Zohran Kwame Mamdani,17
50,050,Kings,Andrew M. Cuomo,210
50,050,Kings,Curtis A. Sliwa,14
50,050,Kings,Eric L. Adams,4
50,050,Kings,Irene Estrada,1
50,050,Kings,Jim Walden,0
50,050,Kings,Joseph Hernandez,1
50,050,Kings,Zohran Kwame Mamdani,377
50,051,Kings,Andrew M. Cuomo,138
50,051,Kings,Curtis A. Sliwa,11
50,051,Kings,Eric L. Adams,3
50,051,Kings,Irene Estrada,0
50,051,Kings,Jim Walden,0
50,051,Kings,Joseph Hernandez,0
50,051,Kings,Zohran Kwame Mamdani,465
50,052,Kings,Andrew M. Cuomo,140
50,052,Kings,Curtis A. Sliwa,16
50,052,Kings,Eric L. Adams,1
50,052,Kings,Irene Estrada,0
50,052,Kings,Jim Walden,0
50,052,Kings,Joseph Hernandez,1
50,052,Kings,Zohran Kwame Mamdani,636
50,053,Kings,Andrew M. Cuomo,205
50,053,Kings,Curtis A. Sliwa,23
50,053,Kings,Eric L. Adams,2
50,053,Kings,Irene Estrada,1
50,053,Kings,Jim Walden,1
50,053,Kings,Joseph Hernandez,0
50,053,Kings,Zohran Kwame Mamdani,549
50,054,Kings,Andrew M. Cuomo,77
50,054,Kings,Curtis A. Sliwa,8
50,054,Kings,Eric L. Adams,0
50,054,Kings,Irene Estrada,0
50,054,Kings,Jim Walden,1
50,054,Kings,Joseph Hernandez,0
50,054,Kings,Zohran Kwame Mamdani,353
50,055,Kings,Andrew M. Cuomo,53
50,055,Kings,Curtis A. Sliwa,7
50,055,Kings,Eric L. Adams,0
50,055,Kings,Irene Estrada,0
50,055,Kings,Jim Walden,0
50,055,Kings,Joseph Hernandez,0
50,055,Kings,Zohran Kwame Mamdani,182
50,056,Kings,Andrew M. Cuomo,173
50,056,Kings,Curtis A. Sliwa,21
50,056,Kings,Eric L. Adams,2
50,056,Kings,Irene Estrada,1
50,056,Kings,Jim Walden,1
50,056,Kings,Joseph Hernandez,1
50,056,Kings,Zohran Kwame Mamdani,778
50,057,Kings,Andrew M. Cuomo,155
50,057,Kings,Curtis A. Sliwa,36
50,057,Kings,Eric L. Adams,0
50,057,Kings,Irene Estrada,0
50,057,Kings,Jim Walden,1
50,057,Kings,Joseph Hernandez,0
50,057,Kings,Zohran Kwame Mamdani,915
50,058,Kings,Andrew M. Cuomo,170
50,058,Kings,Curtis A. Sliwa,40
50,058,Kings,Eric L. Adams,0
50,058,Kings,Irene Estrada,0
50,058,Kings,Jim Walden,3
50,058,Kings,Joseph Hernandez,1
50,058,Kings,Zohran Kwame Mamdani,688
50,059,Kings,Andrew M. Cuomo,184
50,059,Kings,Curtis A. Sliwa,36
50,059,Kings,Eric L. Adams,1
50,059,Kings,Irene Estrada,0
50,059,Kings,Jim Walden,1
50,059,Kings,Joseph Hernandez,0
50,059,Kings,Zohran Kwame Mamdani,744
50,060,Kings,Andrew M. Cuomo,181
50,060,Kings,Curtis A. Sliwa,30
50,060,Kings,Eric L. Adams,1
50,060,Kings,Irene Estrada,1
50,060,Kings,Jim Walden,0
50,060,Kings,Joseph Hernandez,0
50,060,Kings,Zohran Kwame Mamdani,576
50,061,Kings,Andrew M. Cuomo,169
50,061,Kings,Curtis A. Sliwa,23
50,061,Kings,Eric L. Adams,2
50,061,Kings,Irene Estrada,1
50,061,Kings,Jim Walden,0
50,061,Kings,Joseph Hernandez,1
50,061,Kings,Zohran Kwame Mamdani,753
50,062,Kings,Andrew M. Cuomo,105
50,062,Kings,Curtis A. Sliwa,28
50,062,Kings,Eric L. Adams,0
50,062,Kings,Irene Estrada,0
50,062,Kings,Jim Walden,0
50,062,Kings,Joseph Hernandez,1
50,062,Kings,Zohran Kwame Mamdani,598
50,063,Kings,Andrew M. Cuomo,97
50,063,Kings,Curtis A. Sliwa,31
50,063,Kings,Eric L. Adams,0
50,063,Kings,Irene Estrada,0
50,063,Kings,Jim Walden,1
50,063,Kings,Joseph Hernandez,0
50,063,Kings,Zohran Kwame Mamdani,595
50,064,Kings,Andrew M. Cuomo,0
50,064,Kings,Curtis A. Sliwa,0
50,064,Kings,Eric L. Adams,0
50,064,Kings,Irene Estrada,0
50,064,Kings,Jim Walden,0
50,064,Kings,Joseph Hernandez,0
50,064,Kings,Zohran Kwame Mamdani,7
50,065,Kings,Andrew M. Cuomo,105
50,065,Kings,Curtis A. Sliwa,9
50,065,Kings,Eric L. Adams,1
50,065,Kings,Irene Estrada,1
50,065,Kings,Jim Walden,3
50,065,Kings,Joseph Hernandez,0
50,065,Kings,Zohran Kwame Mamdani,304
50,066,Kings,Andrew M. Cuomo,144
50,066,Kings,Curtis A. Sliwa,6
50,066,Kings,Eric L. Adams,0
50,066,Kings,Irene Estrada,0
50,066,Kings,Jim Walden,0
50,066,Kings,Joseph Hernandez,0
50,066,Kings,Zohran Kwame Mamdani,535
51,001,Kings,Andrew M. Cuomo,126
51,001,Kings,Curtis A. Sliwa,51
51,001,Kings,Eric L. Adams,0
51,001,Kings,Irene Estrada,1
51,001,Kings,Jim Walden,1
51,001,Kings,Joseph Hernandez,0
51,001,Kings,Zohran Kwame Mamdani,244
51,002,Kings,Andrew M. Cuomo,90
51,002,Kings,Curtis A. Sliwa,36
51,002,Kings,Eric L. Adams,1
51,002,Kings,Irene Estrada,1
51,002,Kings,Jim Walden,1
51,002,Kings,Joseph Hernandez,0
51,002,Kings,Zohran Kwame Mamdani,259
51,003,Kings,Andrew M. Cuomo,199
51,003,Kings,Curtis A. Sliwa,48
51,003,Kings,Eric L. Adams,2
51,003,Kings,Irene Estrada,0
51,003,Kings,Jim Walden,0
51,003,Kings,Joseph Hernandez,0
51,003,Kings,Zohran Kwame Mamdani,75
51,004,Kings,Andrew M. Cuomo,201
51,004,Kings,Curtis A. Sliwa,41
51,004,Kings,Eric L. Adams,0
51,004,Kings,Irene Estrada,0
51,004,Kings,Jim Walden,0
51,004,Kings,Joseph Hernandez,0
51,004,Kings,Zohran Kwame Mamdani,75
51,005,Kings,Andrew M. Cuomo,97
51,005,Kings,Curtis A. Sliwa,39
51,005,Kings,Eric L. Adams,0
51,005,Kings,Irene Estrada,0
51,005,Kings,Jim Walden,0
51,005,Kings,Joseph Hernandez,0
51,005,Kings,Zohran Kwame Mamdani,134
51,006,Kings,Andrew M. Cuomo,130
51,006,Kings,Curtis A. Sliwa,27
51,006,Kings,Eric L. Adams,3
51,006,Kings,Irene Estrada,1
51,006,Kings,Jim Walden,0
51,006,Kings,Joseph Hernandez,1
51,006,Kings,Zohran Kwame Mamdani,262
51,007,Kings,Andrew M. Cuomo,136
51,007,Kings,Curtis A. Sliwa,35
51,007,Kings,Eric L. Adams,2
51,007,Kings,Irene Estrada,1
51,007,Kings,Jim Walden,0
51,007,Kings,Joseph Hernandez,0
51,007,Kings,Zohran Kwame Mamdani,310
51,008,Kings,Andrew M. Cuomo,136
51,008,Kings,Curtis A. Sliwa,41
51,008,Kings,Eric L. Adams,2
51,008,Kings,Irene Estrada,2
51,008,Kings,Jim Walden,1
51,008,Kings,Joseph Hernandez,0
51,008,Kings,Zohran Kwame Mamdani,307
51,009,Kings,Andrew M. Cuomo,138
51,009,Kings,Curtis A. Sliwa,43
51,009,Kings,Eric L. Adams,3
51,009,Kings,Irene Estrada,2
51,009,Kings,Jim Walden,0
51,009,Kings,Joseph Hernandez,1
51,009,Kings,Zohran Kwame Mamdani,244
51,010,Kings,Andrew M. Cuomo,94
51,010,Kings,Curtis A. Sliwa,36
51,010,Kings,Eric L. Adams,1
51,010,Kings,Irene Estrada,0
51,010,Kings,Jim Walden,0
51,010,Kings,Joseph Hernandez,0
51,010,Kings,Zohran Kwame Mamdani,165
51,011,Kings,Andrew M. Cuomo,140
51,011,Kings,Curtis A. Sliwa,25
51,011,Kings,Eric L. Adams,0
51,011,Kings,Irene Estrada,2
51,011,Kings,Jim Walden,3
51,011,Kings,Joseph Hernandez,0
51,011,Kings,Zohran Kwame Mamdani,288
51,012,Kings,Andrew M. Cuomo,109
51,012,Kings,Curtis A. Sliwa,28
51,012,Kings,Eric L. Adams,2
51,012,Kings,Irene Estrada,1
51,012,Kings,Jim Walden,1
51,012,Kings,Joseph Hernandez,0
51,012,Kings,Zohran Kwame Mamdani,187
51,013,Kings,Andrew M. Cuomo,122
51,013,Kings,Curtis A. Sliwa,28
51,013,Kings,Eric L. Adams,3
51,013,Kings,Irene Estrada,0
51,013,Kings,Jim Walden,0
51,013,Kings,Joseph Hernandez,1
51,013,Kings,Zohran Kwame Mamdani,340
51,014,Kings,Andrew M. Cuomo,157
51,014,Kings,Curtis A. Sliwa,33
51,014,Kings,Eric L. Adams,2
51,014,Kings,Irene Estrada,2
51,014,Kings,Jim Walden,0
51,014,Kings,Joseph Hernandez,0
51,014,Kings,Zohran Kwame Mamdani,253
51,015,Kings,Andrew M. Cuomo,161
51,015,Kings,Curtis A. Sliwa,45
51,015,Kings,Eric L. Adams,1
51,015,Kings,Irene Estrada,1
51,015,Kings,Jim Walden,1
51,015,Kings,Joseph Hernandez,0
51,015,Kings,Zohran Kwame Mamdani,288
51,016,Kings,Andrew M. Cuomo,138
51,016,Kings,Curtis A. Sliwa,52
51,016,Kings,Eric L. Adams,1
51,016,Kings,Irene Estrada,2
51,016,Kings,Jim Walden,0
51,016,Kings,Joseph Hernandez,0
51,016,Kings,Zohran Kwame Mamdani,322
51,017,Kings,Andrew M. Cuomo,121
51,017,Kings,Curtis A. Sliwa,20
51,017,Kings,Eric L. Adams,1
51,017,Kings,Irene Estrada,1
51,017,Kings,Jim Walden,0
51,017,Kings,Joseph Hernandez,0
51,017,Kings,Zohran Kwame Mamdani,314
51,018,Kings,Andrew M. Cuomo,149
51,018,Kings,Curtis A. Sliwa,24
51,018,Kings,Eric L. Adams,0
51,018,Kings,Irene Estrada,0
51,018,Kings,Jim Walden,2
51,018,Kings,Joseph Hernandez,0
51,018,Kings,Zohran Kwame Mamdani,511
51,019,Kings,Andrew M. Cuomo,131
51,019,Kings,Curtis A. Sliwa,33
51,019,Kings,Eric L. Adams,2
51,019,Kings,Irene Estrada,1
51,019,Kings,Jim Walden,0
51,019,Kings,Joseph Hernandez,0
51,019,Kings,Zohran Kwame Mamdani,394
51,020,Kings,Andrew M. Cuomo,116
51,020,Kings,Curtis A. Sliwa,27
51,020,Kings,Eric L. Adams,0
51,020,Kings,Irene Estrada,2
51,020,Kings,Jim Walden,0
51,020,Kings,Joseph Hernandez,0
51,020,Kings,Zohran Kwame Mamdani,334
51,021,Kings,Andrew M. Cuomo,183
51,021,Kings,Curtis A. Sliwa,56
51,021,Kings,Eric L. Adams,1
51,021,Kings,Irene Estrada,0
51,021,Kings,Jim Walden,0
51,021,Kings,Joseph Hernandez,1
51,021,Kings,Zohran Kwame Mamdani,674
51,022,Kings,Andrew M. Cuomo,133
51,022,Kings,Curtis A. Sliwa,39
51,022,Kings,Eric L. Adams,0
51,022,Kings,Irene Estrada,0
51,022,Kings,Jim Walden,0
51,022,Kings,Joseph Hernandez,0
51,022,Kings,Zohran Kwame Mamdani,734
51,023,Kings,Andrew M. Cuomo,48
51,023,Kings,Curtis A. Sliwa,21
51,023,Kings,Eric L. Adams,0
51,023,Kings,Irene Estrada,1
51,023,Kings,Jim Walden,0
51,023,Kings,Joseph Hernandez,0
51,023,Kings,Zohran Kwame Mamdani,495
51,024,Kings,Andrew M. Cuomo,144
51,024,Kings,Curtis A. Sliwa,25
51,024,Kings,Eric L. Adams,0
51,024,Kings,Irene Estrada,0
51,024,Kings,Jim Walden,1
51,024,Kings,Joseph Hernandez,0
51,024,Kings,Zohran Kwame Mamdani,630
51,025,Kings,Andrew M. Cuomo,81
51,025,Kings,Curtis A. Sliwa,8
51,025,Kings,Eric L. Adams,0
51,025,Kings,Irene Estrada,1
51,025,Kings,Jim Walden,0
51,025,Kings,Joseph Hernandez,0
51,025,Kings,Zohran Kwame Mamdani,441
51,026,Kings,Andrew M. Cuomo,124
51,026,Kings,Curtis A. Sliwa,25
51,026,Kings,Eric L. Adams,1
51,026,Kings,Irene Estrada,0
51,026,Kings,Jim Walden,0
51,026,Kings,Joseph Hernandez,0
51,026,Kings,Zohran Kwame Mamdani,710
51,027,Kings,Andrew M. Cuomo,44
51,027,Kings,Curtis A. Sliwa,8
51,027,Kings,Eric L. Adams,1
51,027,Kings,Irene Estrada,0
51,027,Kings,Jim Walden,0
51,027,Kings,Joseph Hernandez,2
51,027,Kings,Zohran Kwame Mamdani,179
51,028,Kings,Andrew M. Cuomo,170
51,028,Kings,Curtis A. Sliwa,29
51,028,Kings,Eric L. Adams,2
51,028,Kings,Irene Estrada,2
51,028,Kings,Jim Walden,1
51,028,Kings,Joseph Hernandez,0
51,028,Kings,Zohran Kwame Mamdani,918
51,029,Kings,Andrew M. Cuomo,266
51,029,Kings,Curtis A. Sliwa,38
51,029,Kings,Eric L. Adams,4
51,029,Kings,Irene Estrada,0
51,029,Kings,Jim Walden,0
51,029,Kings,Joseph Hernandez,1
51,029,Kings,Zohran Kwame Mamdani,820
51,030,Kings,Andrew M. Cuomo,42
51,030,Kings,Curtis A. Sliwa,6
51,030,Kings,Eric L. Adams,0
51,030,Kings,Irene Estrada,0
51,030,Kings,Jim Walden,0
51,030,Kings,Joseph Hernandez,0
51,030,Kings,Zohran Kwame Mamdani,179
51,031,Kings,Andrew M. Cuomo,52
51,031,Kings,Curtis A. Sliwa,14
51,031,Kings,Eric L. Adams,2
51,031,Kings,Irene Estrada,0
51,031,Kings,Jim Walden,0
51,031,Kings,Joseph Hernandez,0
51,031,Kings,Zohran Kwame Mamdani,75
51,032,Kings,Andrew M. Cuomo,49
51,032,Kings,Curtis A. Sliwa,1
51,032,Kings,Eric L. Adams,0
51,032,Kings,Irene Estrada,0
51,032,Kings,Jim Walden,2
51,032,Kings,Joseph Hernandez,0
51,032,Kings,Zohran Kwame Mamdani,101
51,033,Kings,Andrew M. Cuomo,104
51,033,Kings,Curtis A. Sliwa,19
51,033,Kings,Eric L. Adams,1
51,033,Kings,Irene Estrada,2
51,033,Kings,Jim Walden,0
51,033,Kings,Joseph Hernandez,0
51,033,Kings,Zohran Kwame Mamdani,499
51,034,Kings,Andrew M. Cuomo,134
51,034,Kings,Curtis A. Sliwa,7
51,034,Kings,Eric L. Adams,4
51,034,Kings,Irene Estrada,0
51,034,Kings,Jim Walden,0
51,034,Kings,Joseph Hernandez,0
51,034,Kings,Zohran Kwame Mamdani,214
51,035,Kings,Andrew M. Cuomo,81
51,035,Kings,Curtis A. Sliwa,12
51,035,Kings,Eric L. Adams,0
51,035,Kings,Irene Estrada,3
51,035,Kings,Jim Walden,0
51,035,Kings,Joseph Hernandez,2
51,035,Kings,Zohran Kwame Mamdani,212
51,036,Kings,Andrew M. Cuomo,80
51,036,Kings,Curtis A. Sliwa,12
51,036,Kings,Eric L. Adams,2
51,036,Kings,Irene Estrada,1
51,036,Kings,Jim Walden,0
51,036,Kings,Joseph Hernandez,1
51,036,Kings,Zohran Kwame Mamdani,327
51,037,Kings,Andrew M. Cuomo,116
51,037,Kings,Curtis A. Sliwa,12
51,037,Kings,Eric L. Adams,1
51,037,Kings,Irene Estrada,4
51,037,Kings,Jim Walden,0
51,037,Kings,Joseph Hernandez,0
51,037,Kings,Zohran Kwame Mamdani,115
51,038,Kings,Andrew M. Cuomo,104
51,038,Kings,Curtis A. Sliwa,16
51,038,Kings,Eric L. Adams,1
51,038,Kings,Irene Estrada,0
51,038,Kings,Jim Walden,0
51,038,Kings,Joseph Hernandez,1
51,038,Kings,Zohran Kwame Mamdani,173
51,039,Kings,Andrew M. Cuomo,24
51,039,Kings,Curtis A. Sliwa,17
51,039,Kings,Eric L. Adams,0
51,039,Kings,Irene Estrada,0
51,039,Kings,Jim Walden,1
51,039,Kings,Joseph Hernandez,0
51,039,Kings,Zohran Kwame Mamdani,71
51,040,Kings,Andrew M. Cuomo,126
51,040,Kings,Curtis A. Sliwa,23
51,040,Kings,Eric L. Adams,0
51,040,Kings,Irene Estrada,0
51,040,Kings,Jim Walden,2
51,040,Kings,Joseph Hernandez,1
51,040,Kings,Zohran Kwame Mamdani,582
51,041,Kings,Andrew M. Cuomo,101
51,041,Kings,Curtis A. Sliwa,20
51,041,Kings,Eric L. Adams,0
51,041,Kings,Irene Estrada,0
51,041,Kings,Jim Walden,0
51,041,Kings,Joseph Hernandez,0
51,041,Kings,Zohran Kwame Mamdani,510
51,042,Kings,Andrew M. Cuomo,129
51,042,Kings,Curtis A. Sliwa,25
51,042,Kings,Eric L. Adams,0
51,042,Kings,Irene Estrada,0
51,042,Kings,Jim Walden,0
51,042,Kings,Joseph Hernandez,0
51,042,Kings,Zohran Kwame Mamdani,729
51,043,Kings,Andrew M. Cuomo,230
51,043,Kings,Curtis A. Sliwa,75
51,043,Kings,Eric L. Adams,0
51,043,Kings,Irene Estrada,0
51,043,Kings,Jim Walden,3
51,043,Kings,Joseph Hernandez,2
51,043,Kings,Zohran Kwame Mamdani,306
51,044,Kings,Andrew M. Cuomo,151
51,044,Kings,Curtis A. Sliwa,51
51,044,Kings,Eric L. Adams,6
51,044,Kings,Irene Estrada,4
51,044,Kings,Jim Walden,0
51,044,Kings,Joseph Hernandez,0
51,044,Kings,Zohran Kwame Mamdani,576
51,045,Kings,Andrew M. Cuomo,115
51,045,Kings,Curtis A. Sliwa,31
51,045,Kings,Eric L. Adams,2
51,045,Kings,Irene Estrada,1
51,045,Kings,Jim Walden,1
51,045,Kings,Joseph Hernandez,0
51,045,Kings,Zohran Kwame Mamdani,421
51,046,Kings,Andrew M. Cuomo,96
51,046,Kings,Curtis A. Sliwa,17
51,046,Kings,Eric L. Adams,1
51,046,Kings,Irene Estrada,1
51,046,Kings,Jim Walden,0
51,046,Kings,Joseph Hernandez,0
51,046,Kings,Zohran Kwame Mamdani,267
51,047,Kings,Andrew M. Cuomo,164
51,047,Kings,Curtis A. Sliwa,26
51,047,Kings,Eric L. Adams,3
51,047,Kings,Irene Estrada,1
51,047,Kings,Jim Walden,0
51,047,Kings,Joseph Hernandez,2
51,047,Kings,Zohran Kwame Mamdani,299
51,048,Kings,Andrew M. Cuomo,65
51,048,Kings,Curtis A. Sliwa,15
51,048,Kings,Eric L. Adams,0
51,048,Kings,Irene Estrada,0
51,048,Kings,Jim Walden,0
51,048,Kings,Joseph Hernandez,0
51,048,Kings,Zohran Kwame Mamdani,113
51,049,Kings,Andrew M. Cuomo,88
51,049,Kings,Curtis A. Sliwa,12
51,049,Kings,Eric L. Adams,3
51,049,Kings,Irene Estrada,1
51,049,Kings,Jim Walden,1
51,049,Kings,Joseph Hernandez,0
51,049,Kings,Zohran Kwame Mamdani,120
51,050,Kings,Andrew M. Cuomo,210
51,050,Kings,Curtis A. Sliwa,15
51,050,Kings,Eric L. Adams,6
51,050,Kings,Irene Estrada,0
51,050,Kings,Jim Walden,1
51,050,Kings,Joseph Hernandez,0
51,050,Kings,Zohran Kwame Mamdani,88
51,051,Kings,Andrew M. Cuomo,236
51,051,Kings,Curtis A. Sliwa,24
51,051,Kings,Eric L. Adams,3
51,051,Kings,Irene Estrada,0
51,051,Kings,Jim Walden,0
51,051,Kings,Joseph Hernandez,0
51,051,Kings,Zohran Kwame Mamdani,115
51,052,Kings,Andrew M. Cuomo,195
51,052,Kings,Curtis A. Sliwa,30
51,052,Kings,Eric L. Adams,2
51,052,Kings,Irene Estrada,1
51,052,Kings,Jim Walden,0
51,052,Kings,Joseph Hernandez,1
51,052,Kings,Zohran Kwame Mamdani,302
51,053,Kings,Andrew M. Cuomo,380
51,053,Kings,Curtis A. Sliwa,21
51,053,Kings,Eric L. Adams,3
51,053,Kings,Irene Estrada,1
51,053,Kings,Jim Walden,0
51,053,Kings,Joseph Hernandez,0
51,053,Kings,Zohran Kwame Mamdani,144
52,001,Kings,Andrew M. Cuomo,279
52,001,Kings,Curtis A. Sliwa,5
52,001,Kings,Eric L. Adams,11
52,001,Kings,Irene Estrada,0
52,001,Kings,Jim Walden,0
52,001,Kings,Joseph Hernandez,1
52,001,Kings,Zohran Kwame Mamdani,11
52,002,Kings,Andrew M. Cuomo,134
52,002,Kings,Curtis A. Sliwa,16
52,002,Kings,Eric L. Adams,2
52,002,Kings,Irene Estrada,0
52,002,Kings,Jim Walden,0
52,002,Kings,Joseph Hernandez,1
52,002,Kings,Zohran Kwame Mamdani,499
52,003,Kings,Andrew M. Cuomo,21
52,003,Kings,Curtis A. Sliwa,0
52,003,Kings,Eric L. Adams,0
52,003,Kings,Irene Estrada,0
52,003,Kings,Jim Walden,0
52,003,Kings,Joseph Hernandez,0
52,003,Kings,Zohran Kwame Mamdani,114
52,004,Kings,Andrew M. Cuomo,0
52,004,Kings,Curtis A. Sliwa,0
52,004,Kings,Eric L. Adams,0
52,004,Kings,Irene Estrada,0
52,004,Kings,Jim Walden,0
52,004,Kings,Joseph Hernandez,0
52,004,Kings,Zohran Kwame Mamdani,2
52,005,Kings,Andrew M. Cuomo,122
52,005,Kings,Curtis A. Sliwa,13
52,005,Kings,Eric L. Adams,0
52,005,Kings,Irene Estrada,0
52,005,Kings,Jim Walden,0
52,005,Kings,Joseph Hernandez,0
52,005,Kings,Zohran Kwame Mamdani,426
52,006,Kings,Andrew M. Cuomo,444
52,006,Kings,Curtis A. Sliwa,10
52,006,Kings,Eric L. Adams,0
52,006,Kings,Irene Estrada,0
52,006,Kings,Jim Walden,2
52,006,Kings,Joseph Hernandez,0
52,006,Kings,Zohran Kwame Mamdani,551
52,007,Kings,Andrew M. Cuomo,305
52,007,Kings,Curtis A. Sliwa,11
52,007,Kings,Eric L. Adams,3
52,007,Kings,Irene Estrada,0
52,007,Kings,Jim Walden,3
52,007,Kings,Joseph Hernandez,0
52,007,Kings,Zohran Kwame Mamdani,411
52,008,Kings,Andrew M. Cuomo,297
52,008,Kings,Curtis A. Sliwa,4
52,008,Kings,Eric L. Adams,0
52,008,Kings,Irene Estrada,0
52,008,Kings,Jim Walden,0
52,008,Kings,Joseph Hernandez,1
52,008,Kings,Zohran Kwame Mamdani,384
52,009,Kings,Andrew M. Cuomo,272
52,009,Kings,Curtis A. Sliwa,22
52,009,Kings,Eric L. Adams,2
52,009,Kings,Irene Estrada,0
52,009,Kings,Jim Walden,2
52,009,Kings,Joseph Hernandez,1
52,009,Kings,Zohran Kwame Mamdani,431
52,010,Kings,Andrew M. Cuomo,339
52,010,Kings,Curtis A. Sliwa,31
52,010,Kings,Eric L. Adams,3
52,010,Kings,Irene Estrada,2
52,010,Kings,Jim Walden,0
52,010,Kings,Joseph Hernandez,2
52,010,Kings,Zohran Kwame Mamdani,574
52,011,Kings,Andrew M. Cuomo,112
52,011,Kings,Curtis A. Sliwa,14
52,011,Kings,Eric L. Adams,1
52,011,Kings,Irene Estrada,0
52,011,Kings,Jim Walden,0
52,011,Kings,Joseph Hernandez,1
52,011,Kings,Zohran Kwame Mamdani,751
52,012,Kings,Andrew M. Cuomo,157
52,012,Kings,Curtis A. Sliwa,17
52,012,Kings,Eric L. Adams,0
52,012,Kings,Irene Estrada,1
52,012,Kings,Jim Walden,3
52,012,Kings,Joseph Hernandez,0
52,012,Kings,Zohran Kwame Mamdani,611
52,013,Kings,Andrew M. Cuomo,11
52,013,Kings,Curtis A. Sliwa,5
52,013,Kings,Eric L. Adams,0
52,013,Kings,Irene Estrada,0
52,013,Kings,Jim Walden,0
52,013,Kings,Joseph Hernandez,0
52,013,Kings,Zohran Kwame Mamdani,61
52,014,Kings,Andrew M. Cuomo,261
52,014,Kings,Curtis A. Sliwa,24
52,014,Kings,Eric L. Adams,1
52,014,Kings,Irene Estrada,0
52,014,Kings,Jim Walden,6
52,014,Kings,Joseph Hernandez,0
52,014,Kings,Zohran Kwame Mamdani,442
52,015,Kings,Andrew M. Cuomo,273
52,015,Kings,Curtis A. Sliwa,21
52,015,Kings,Eric L. Adams,2
52,015,Kings,Irene Estrada,0
52,015,Kings,Jim Walden,3
52,015,Kings,Joseph Hernandez,0
52,015,Kings,Zohran Kwame Mamdani,430
52,016,Kings,Andrew M. Cuomo,386
52,016,Kings,Curtis A. Sliwa,16
52,016,Kings,Eric L. Adams,2
52,016,Kings,Irene Estrada,0
52,016,Kings,Jim Walden,7
52,016,Kings,Joseph Hernandez,0
52,016,Kings,Zohran Kwame Mamdani,658
52,017,Kings,Andrew M. Cuomo,342
52,017,Kings,Curtis A. Sliwa,20
52,017,Kings,Eric L. Adams,1
52,017,Kings,Irene Estrada,2
52,017,Kings,Jim Walden,3
52,017,Kings,Joseph Hernandez,0
52,017,Kings,Zohran Kwame Mamdani,596
52,018,Kings,Andrew M. Cuomo,359
52,018,Kings,Curtis A. Sliwa,30
52,018,Kings,Eric L. Adams,2
52,018,Kings,Irene Estrada,0
52,018,Kings,Jim Walden,4
52,018,Kings,Joseph Hernandez,1
52,018,Kings,Zohran Kwame Mamdani,497
52,019,Kings,Andrew M. Cuomo,113
52,019,Kings,Curtis A. Sliwa,17
52,019,Kings,Eric L. Adams,0
52,019,Kings,Irene Estrada,0
52,019,Kings,Jim Walden,0
52,019,Kings,Joseph Hernandez,1
52,019,Kings,Zohran Kwame Mamdani,394
52,020,Kings,Andrew M. Cuomo,296
52,020,Kings,Curtis A. Sliwa,19
52,020,Kings,Eric L. Adams,1
52,020,Kings,Irene Estrada,0
52,020,Kings,Jim Walden,4
52,020,Kings,Joseph Hernandez,0
52,020,Kings,Zohran Kwame Mamdani,576
52,021,Kings,Andrew M. Cuomo,351
52,021,Kings,Curtis A. Sliwa,18
52,021,Kings,Eric L. Adams,3
52,021,Kings,Irene Estrada,1
52,021,Kings,Jim Walden,3
52,021,Kings,Joseph Hernandez,0
52,021,Kings,Zohran Kwame Mamdani,676
52,022,Kings,Andrew M. Cuomo,325
52,022,Kings,Curtis A. Sliwa,28
52,022,Kings,Eric L. Adams,1
52,022,Kings,Irene Estrada,1
52,022,Kings,Jim Walden,2
52,022,Kings,Joseph Hernandez,0
52,022,Kings,Zohran Kwame Mamdani,673
52,023,Kings,Andrew M. Cuomo,238
52,023,Kings,Curtis A. Sliwa,13
52,023,Kings,Eric L. Adams,4
52,023,Kings,Irene Estrada,1
52,023,Kings,Jim Walden,3
52,023,Kings,Joseph Hernandez,0
52,023,Kings,Zohran Kwame Mamdani,561
52,024,Kings,Andrew M. Cuomo,369
52,024,Kings,Curtis A. Sliwa,11
52,024,Kings,Eric L. Adams,0
52,024,Kings,Irene Estrada,0
52,024,Kings,Jim Walden,2
52,024,Kings,Joseph Hernandez,0
52,024,Kings,Zohran Kwame Mamdani,582
52,025,Kings,Andrew M. Cuomo,291
52,025,Kings,Curtis A. Sliwa,11
52,025,Kings,Eric L. Adams,0
52,025,Kings,Irene Estrada,0
52,025,Kings,Jim Walden,5
52,025,Kings,Joseph Hernandez,1
52,025,Kings,Zohran Kwame Mamdani,682
52,026,Kings,Andrew M. Cuomo,246
52,026,Kings,Curtis A. Sliwa,11
52,026,Kings,Eric L. Adams,2
52,026,Kings,Irene Estrada,0
52,026,Kings,Jim Walden,2
52,026,Kings,Joseph Hernandez,1
52,026,Kings,Zohran Kwame Mamdani,517
52,027,Kings,Andrew M. Cuomo,30
52,027,Kings,Curtis A. Sliwa,7
52,027,Kings,Eric L. Adams,0
52,027,Kings,Irene Estrada,0
52,027,Kings,Jim Walden,0
52,027,Kings,Joseph Hernandez,1
52,027,Kings,Zohran Kwame Mamdani,255
52,028,Kings,Andrew M. Cuomo,138
52,028,Kings,Curtis A. Sliwa,8
52,028,Kings,Eric L. Adams,0
52,028,Kings,Irene Estrada,0
52,028,Kings,Jim Walden,0
52,028,Kings,Joseph Hernandez,0
52,028,Kings,Zohran Kwame Mamdani,505
52,029,Kings,Andrew M. Cuomo,135
52,029,Kings,Curtis A. Sliwa,13
52,029,Kings,Eric L. Adams,1
52,029,Kings,Irene Estrada,2
52,029,Kings,Jim Walden,1
52,029,Kings,Joseph Hernandez,1
52,029,Kings,Zohran Kwame Mamdani,733
52,030,Kings,Andrew M. Cuomo,148
52,030,Kings,Curtis A. Sliwa,16
52,030,Kings,Eric L. Adams,0
52,030,Kings,Irene Estrada,0
52,030,Kings,Jim Walden,1
52,030,Kings,Joseph Hernandez,1
52,030,Kings,Zohran Kwame Mamdani,600
52,031,Kings,Andrew M. Cuomo,169
52,031,Kings,Curtis A. Sliwa,6
52,031,Kings,Eric L. Adams,4
52,031,Kings,Irene Estrada,0
52,031,Kings,Jim Walden,4
52,031,Kings,Joseph Hernandez,0
52,031,Kings,Zohran Kwame Mamdani,442
52,032,Kings,Andrew M. Cuomo,216
52,032,Kings,Curtis A. Sliwa,12
52,032,Kings,Eric L. Adams,2
52,032,Kings,Irene Estrada,0
52,032,Kings,Jim Walden,1
52,032,Kings,Joseph Hernandez,0
52,032,Kings,Zohran Kwame Mamdani,512
52,033,Kings,Andrew M. Cuomo,74
52,033,Kings,Curtis A. Sliwa,4
52,033,Kings,Eric L. Adams,1
52,033,Kings,Irene Estrada,0
52,033,Kings,Jim Walden,2
52,033,Kings,Joseph Hernandez,1
52,033,Kings,Zohran Kwame Mamdani,215
52,034,Kings,Andrew M. Cuomo,226
52,034,Kings,Curtis A. Sliwa,22
52,034,Kings,Eric L. Adams,2
52,034,Kings,Irene Estrada,3
52,034,Kings,Jim Walden,1
52,034,Kings,Joseph Hernandez,1
52,034,Kings,Zohran Kwame Mamdani,438
52,035,Kings,Andrew M. Cuomo,139
52,035,Kings,Curtis A. Sliwa,10
52,035,Kings,Eric L. Adams,0
52,035,Kings,Irene Estrada,1
52,035,Kings,Jim Walden,1
52,035,Kings,Joseph Hernandez,0
52,035,Kings,Zohran Kwame Mamdani,409
52,036,Kings,Andrew M. Cuomo,242
52,036,Kings,Curtis A. Sliwa,13
52,036,Kings,Eric L. Adams,1
52,036,Kings,Irene Estrada,0
52,036,Kings,Jim Walden,1
52,036,Kings,Joseph Hernandez,0
52,036,Kings,Zohran Kwame Mamdani,597
52,037,Kings,Andrew M. Cuomo,162
52,037,Kings,Curtis A. Sliwa,17
52,037,Kings,Eric L. Adams,0
52,037,Kings,Irene Estrada,0
52,037,Kings,Jim Walden,0
52,037,Kings,Joseph Hernandez,0
52,037,Kings,Zohran Kwame Mamdani,491
52,038,Kings,Andrew M. Cuomo,63
52,038,Kings,Curtis A. Sliwa,5
52,038,Kings,Eric L. Adams,0
52,038,Kings,Irene Estrada,0
52,038,Kings,Jim Walden,0
52,038,Kings,Joseph Hernandez,0
52,038,Kings,Zohran Kwame Mamdani,300
52,039,Kings,Andrew M. Cuomo,213
52,039,Kings,Curtis A. Sliwa,13
52,039,Kings,Eric L. Adams,2
52,039,Kings,Irene Estrada,0
52,039,Kings,Jim Walden,1
52,039,Kings,Joseph Hernandez,0
52,039,Kings,Zohran Kwame Mamdani,605
52,040,Kings,Andrew M. Cuomo,170
52,040,Kings,Curtis A. Sliwa,11
52,040,Kings,Eric L. Adams,7
52,040,Kings,Irene Estrada,4
52,040,Kings,Jim Walden,1
52,040,Kings,Joseph Hernandez,0
52,040,Kings,Zohran Kwame Mamdani,643
52,041,Kings,Andrew M. Cuomo,135
52,041,Kings,Curtis A. Sliwa,11
52,041,Kings,Eric L. Adams,2
52,041,Kings,Irene Estrada,0
52,041,Kings,Jim Walden,2
52,041,Kings,Joseph Hernandez,0
52,041,Kings,Zohran Kwame Mamdani,585
52,042,Kings,Andrew M. Cuomo,204
52,042,Kings,Curtis A. Sliwa,23
52,042,Kings,Eric L. Adams,2
52,042,Kings,Irene Estrada,0
52,042,Kings,Jim Walden,1
52,042,Kings,Joseph Hernandez,0
52,042,Kings,Zohran Kwame Mamdani,804
52,043,Kings,Andrew M. Cuomo,140
52,043,Kings,Curtis A. Sliwa,23
52,043,Kings,Eric L. Adams,0
52,043,Kings,Irene Estrada,0
52,043,Kings,Jim Walden,2
52,043,Kings,Joseph Hernandez,0
52,043,Kings,Zohran Kwame Mamdani,466
52,044,Kings,Andrew M. Cuomo,210
52,044,Kings,Curtis A. Sliwa,25
52,044,Kings,Eric L. Adams,0
52,044,Kings,Irene Estrada,1
52,044,Kings,Jim Walden,0
52,044,Kings,Joseph Hernandez,0
52,044,Kings,Zohran Kwame Mamdani,514
52,045,Kings,Andrew M. Cuomo,177
52,045,Kings,Curtis A. Sliwa,17
52,045,Kings,Eric L. Adams,3
52,045,Kings,Irene Estrada,0
52,045,Kings,Jim Walden,0
52,045,Kings,Joseph Hernandez,0
52,045,Kings,Zohran Kwame Mamdani,573
52,046,Kings,Andrew M. Cuomo,251
52,046,Kings,Curtis A. Sliwa,13
52,046,Kings,Eric L. Adams,0
52,046,Kings,Irene Estrada,1
52,046,Kings,Jim Walden,5
52,046,Kings,Joseph Hernandez,1
52,046,Kings,Zohran Kwame Mamdani,503
52,047,Kings,Andrew M. Cuomo,213
52,047,Kings,Curtis A. Sliwa,14
52,047,Kings,Eric L. Adams,0
52,047,Kings,Irene Estrada,0
52,047,Kings,Jim Walden,2
52,047,Kings,Joseph Hernandez,0
52,047,Kings,Zohran Kwame Mamdani,613
52,048,Kings,Andrew M. Cuomo,232
52,048,Kings,Curtis A. Sliwa,18
52,048,Kings,Eric L. Adams,2
52,048,Kings,Irene Estrada,0
52,048,Kings,Jim Walden,1
52,048,Kings,Joseph Hernandez,0
52,048,Kings,Zohran Kwame Mamdani,578
52,049,Kings,Andrew M. Cuomo,259
52,049,Kings,Curtis A. Sliwa,33
52,049,Kings,Eric L. Adams,1
52,049,Kings,Irene Estrada,0
52,049,Kings,Jim Walden,2
52,049,Kings,Joseph Hernandez,2
52,049,Kings,Zohran Kwame Mamdani,629
52,050,Kings,Andrew M. Cuomo,278
52,050,Kings,Curtis A. Sliwa,34
52,050,Kings,Eric L. Adams,2
52,050,Kings,Irene Estrada,1
52,050,Kings,Jim Walden,0
52,050,Kings,Joseph Hernandez,1
52,050,Kings,Zohran Kwame Mamdani,670
52,051,Kings,Andrew M. Cuomo,83
52,051,Kings,Curtis A. Sliwa,8
52,051,Kings,Eric L. Adams,1
52,051,Kings,Irene Estrada,0
52,051,Kings,Jim Walden,0
52,051,Kings,Joseph Hernandez,0
52,051,Kings,Zohran Kwame Mamdani,243
52,052,Kings,Andrew M. Cuomo,128
52,052,Kings,Curtis A. Sliwa,14
52,052,Kings,Eric L. Adams,0
52,052,Kings,Irene Estrada,0
52,052,Kings,Jim Walden,1
52,052,Kings,Joseph Hernandez,0
52,052,Kings,Zohran Kwame Mamdani,500
52,053,Kings,Andrew M. Cuomo,76
52,053,Kings,Curtis A. Sliwa,8
52,053,Kings,Eric L. Adams,1
52,053,Kings,Irene Estrada,0
52,053,Kings,Jim Walden,2
52,053,Kings,Joseph Hernandez,0
52,053,Kings,Zohran Kwame Mamdani,424
52,054,Kings,Andrew M. Cuomo,194
52,054,Kings,Curtis A. Sliwa,17
52,054,Kings,Eric L. Adams,0
52,054,Kings,Irene Estrada,1
52,054,Kings,Jim Walden,1
52,054,Kings,Joseph Hernandez,0
52,054,Kings,Zohran Kwame Mamdani,580
52,055,Kings,Andrew M. Cuomo,100
52,055,Kings,Curtis A. Sliwa,9
52,055,Kings,Eric L. Adams,2
52,055,Kings,Irene Estrada,0
52,055,Kings,Jim Walden,0
52,055,Kings,Joseph Hernandez,1
52,055,Kings,Zohran Kwame Mamdani,148
52,056,Kings,Andrew M. Cuomo,78
52,056,Kings,Curtis A. Sliwa,13
52,056,Kings,Eric L. Adams,2
52,056,Kings,Irene Estrada,0
52,056,Kings,Jim Walden,0
52,056,Kings,Joseph Hernandez,1
52,056,Kings,Zohran Kwame Mamdani,127
52,057,Kings,Andrew M. Cuomo,91
52,057,Kings,Curtis A. Sliwa,11
52,057,Kings,Eric L. Adams,0
52,057,Kings,Irene Estrada,1
52,057,Kings,Jim Walden,1
52,057,Kings,Joseph Hernandez,0
52,057,Kings,Zohran Kwame Mamdani,526
52,058,Kings,Andrew M. Cuomo,59
52,058,Kings,Curtis A. Sliwa,4
52,058,Kings,Eric L. Adams,1
52,058,Kings,Irene Estrada,1
52,058,Kings,Jim Walden,0
52,058,Kings,Joseph Hernandez,0
52,058,Kings,Zohran Kwame Mamdani,298
52,059,Kings,Andrew M. Cuomo,121
52,059,Kings,Curtis A. Sliwa,19
52,059,Kings,Eric L. Adams,2
52,059,Kings,Irene Estrada,1
52,059,Kings,Jim Walden,3
52,059,Kings,Joseph Hernandez,0
52,059,Kings,Zohran Kwame Mamdani,371
52,060,Kings,Andrew M. Cuomo,140
52,060,Kings,Curtis A. Sliwa,19
52,060,Kings,Eric L. Adams,1
52,060,Kings,Irene Estrada,2
52,060,Kings,Jim Walden,0
52,060,Kings,Joseph Hernandez,0
52,060,Kings,Zohran Kwame Mamdani,610
52,061,Kings,Andrew M. Cuomo,252
52,061,Kings,Curtis A. Sliwa,17
52,061,Kings,Eric L. Adams,6
52,061,Kings,Irene Estrada,0
52,061,Kings,Jim Walden,1
52,061,Kings,Joseph Hernandez,1
52,061,Kings,Zohran Kwame Mamdani,627
52,062,Kings,Andrew M. Cuomo,135
52,062,Kings,Curtis A. Sliwa,25
52,062,Kings,Eric L. Adams,1
52,062,Kings,Irene Estrada,0
52,062,Kings,Jim Walden,1
52,062,Kings,Joseph Hernandez,0
52,062,Kings,Zohran Kwame Mamdani,723
52,063,Kings,Andrew M. Cuomo,204
52,063,Kings,Curtis A. Sliwa,23
52,063,Kings,Eric L. Adams,0
52,063,Kings,Irene Estrada,1
52,063,Kings,Jim Walden,1
52,063,Kings,Joseph Hernandez,0
52,063,Kings,Zohran Kwame Mamdani,667
52,064,Kings,Andrew M. Cuomo,95
52,064,Kings,Curtis A. Sliwa,11
52,064,Kings,Eric L. Adams,5
52,064,Kings,Irene Estrada,0
52,064,Kings,Jim Walden,0
52,064,Kings,Joseph Hernandez,0
52,064,Kings,Zohran Kwame Mamdani,561
52,065,Kings,Andrew M. Cuomo,186
52,065,Kings,Curtis A. Sliwa,10
52,065,Kings,Eric L. Adams,2
52,065,Kings,Irene Estrada,0
52,065,Kings,Jim Walden,1
52,065,Kings,Joseph Hernandez,0
52,065,Kings,Zohran Kwame Mamdani,620
52,066,Kings,Andrew M. Cuomo,202
52,066,Kings,Curtis A. Sliwa,14
52,066,Kings,Eric L. Adams,1
52,066,Kings,Irene Estrada,1
52,066,Kings,Jim Walden,2
52,066,Kings,Joseph Hernandez,0
52,066,Kings,Zohran Kwame Mamdani,622
52,067,Kings,Andrew M. Cuomo,162
52,067,Kings,Curtis A. Sliwa,12
52,067,Kings,Eric L. Adams,0
52,067,Kings,Irene Estrada,0
52,067,Kings,Jim Walden,0
52,067,Kings,Joseph Hernandez,0
52,067,Kings,Zohran Kwame Mamdani,637
52,068,Kings,Andrew M. Cuomo,158
52,068,Kings,Curtis A. Sliwa,12
52,068,Kings,Eric L. Adams,0
52,068,Kings,Irene Estrada,0
52,068,Kings,Jim Walden,3
52,068,Kings,Joseph Hernandez,0
52,068,Kings,Zohran Kwame Mamdani,697
52,069,Kings,Andrew M. Cuomo,163
52,069,Kings,Curtis A. Sliwa,15
52,069,Kings,Eric L. Adams,1
52,069,Kings,Irene Estrada,2
52,069,Kings,Jim Walden,1
52,069,Kings,Joseph Hernandez,0
52,069,Kings,Zohran Kwame Mamdani,811
52,070,Kings,Andrew M. Cuomo,45
52,070,Kings,Curtis A. Sliwa,4
52,070,Kings,Eric L. Adams,0
52,070,Kings,Irene Estrada,0
52,070,Kings,Jim Walden,0
52,070,Kings,Joseph Hernandez,0
52,070,Kings,Zohran Kwame Mamdani,184
52,071,Kings,Andrew M. Cuomo,131
52,071,Kings,Curtis A. Sliwa,12
52,071,Kings,Eric L. Adams,3
52,071,Kings,Irene Estrada,1
52,071,Kings,Jim Walden,0
52,071,Kings,Joseph Hernandez,0
52,071,Kings,Zohran Kwame Mamdani,589
52,072,Kings,Andrew M. Cuomo,73
52,072,Kings,Curtis A. Sliwa,6
52,072,Kings,Eric L. Adams,2
52,072,Kings,Irene Estrada,0
52,072,Kings,Jim Walden,0
52,072,Kings,Joseph Hernandez,0
52,072,Kings,Zohran Kwame Mamdani,323
52,073,Kings,Andrew M. Cuomo,114
52,073,Kings,Curtis A. Sliwa,14
52,073,Kings,Eric L. Adams,1
52,073,Kings,Irene Estrada,0
52,073,Kings,Jim Walden,2
52,073,Kings,Joseph Hernandez,0
52,073,Kings,Zohran Kwame Mamdani,744
52,074,Kings,Andrew M. Cuomo,17
52,074,Kings,Curtis A. Sliwa,0
52,074,Kings,Eric L. Adams,0
52,074,Kings,Irene Estrada,0
52,074,Kings,Jim Walden,0
52,074,Kings,Joseph Hernandez,0
52,074,Kings,Zohran Kwame Mamdani,63
52,075,Kings,Andrew M. Cuomo,98
52,075,Kings,Curtis A. Sliwa,6
52,075,Kings,Eric L. Adams,1
52,075,Kings,Irene Estrada,0
52,075,Kings,Jim Walden,0
52,075,Kings,Joseph Hernandez,0
52,075,Kings,Zohran Kwame Mamdani,585
52,076,Kings,Andrew M. Cuomo,99
52,076,Kings,Curtis A. Sliwa,4
52,076,Kings,Eric L. Adams,0
52,076,Kings,Irene Estrada,1
52,076,Kings,Jim Walden,0
52,076,Kings,Joseph Hernandez,1
52,076,Kings,Zohran Kwame Mamdani,534
52,077,Kings,Andrew M. Cuomo,149
52,077,Kings,Curtis A. Sliwa,18
52,077,Kings,Eric L. Adams,2
52,077,Kings,Irene Estrada,0
52,077,Kings,Jim Walden,1
52,077,Kings,Joseph Hernandez,1
52,077,Kings,Zohran Kwame Mamdani,719
52,078,Kings,Andrew M. Cuomo,70
52,078,Kings,Curtis A. Sliwa,3
52,078,Kings,Eric L. Adams,0
52,078,Kings,Irene Estrada,0
52,078,Kings,Jim Walden,0
52,078,Kings,Joseph Hernandez,0
52,078,Kings,Zohran Kwame Mamdani,239
52,079,Kings,Andrew M. Cuomo,189
52,079,Kings,Curtis A. Sliwa,21
52,079,Kings,Eric L. Adams,1
52,079,Kings,Irene Estrada,0
52,079,Kings,Jim Walden,0
52,079,Kings,Joseph Hernandez,0
52,079,Kings,Zohran Kwame Mamdani,678
52,080,Kings,Andrew M. Cuomo,233
52,080,Kings,Curtis A. Sliwa,12
52,080,Kings,Eric L. Adams,1
52,080,Kings,Irene Estrada,0
52,080,Kings,Jim Walden,3
52,080,Kings,Joseph Hernandez,0
52,080,Kings,Zohran Kwame Mamdani,708
52,081,Kings,Andrew M. Cuomo,199
52,081,Kings,Curtis A. Sliwa,13
52,081,Kings,Eric L. Adams,0
52,081,Kings,Irene Estrada,1
52,081,Kings,Jim Walden,0
52,081,Kings,Joseph Hernandez,0
52,081,Kings,Zohran Kwame Mamdani,762
52,082,Kings,Andrew M. Cuomo,234
52,082,Kings,Curtis A. Sliwa,8
52,082,Kings,Eric L. Adams,1
52,082,Kings,Irene Estrada,0
52,082,Kings,Jim Walden,1
52,082,Kings,Joseph Hernandez,0
52,082,Kings,Zohran Kwame Mamdani,773
52,083,Kings,Andrew M. Cuomo,296
52,083,Kings,Curtis A. Sliwa,15
52,083,Kings,Eric L. Adams,1
52,083,Kings,Irene Estrada,0
52,083,Kings,Jim Walden,4
52,083,Kings,Joseph Hernandez,4
52,083,Kings,Zohran Kwame Mamdani,724
52,084,Kings,Andrew M. Cuomo,263
52,084,Kings,Curtis A. Sliwa,16
52,084,Kings,Eric L. Adams,1
52,084,Kings,Irene Estrada,1
52,084,Kings,Jim Walden,2
52,084,Kings,Joseph Hernandez,0
52,084,Kings,Zohran Kwame Mamdani,892
52,085,Kings,Andrew M. Cuomo,214
52,085,Kings,Curtis A. Sliwa,13
52,085,Kings,Eric L. Adams,1
52,085,Kings,Irene Estrada,2
52,085,Kings,Jim Walden,3
52,085,Kings,Joseph Hernandez,0
52,085,Kings,Zohran Kwame Mamdani,778
52,086,Kings,Andrew M. Cuomo,132
52,086,Kings,Curtis A. Sliwa,9
52,086,Kings,Eric L. Adams,0
52,086,Kings,Irene Estrada,0
52,086,Kings,Jim Walden,1
52,086,Kings,Joseph Hernandez,0
52,086,Kings,Zohran Kwame Mamdani,470
52,088,Kings,Andrew M. Cuomo,166
52,088,Kings,Curtis A. Sliwa,10
52,088,Kings,Eric L. Adams,1
52,088,Kings,Irene Estrada,0
52,088,Kings,Jim Walden,2
52,088,Kings,Joseph Hernandez,0
52,088,Kings,Zohran Kwame Mamdani,443
52,089,Kings,Andrew M. Cuomo,58
52,089,Kings,Curtis A. Sliwa,5
52,089,Kings,Eric L. Adams,0
52,089,Kings,Irene Estrada,0
52,089,Kings,Jim Walden,0
52,089,Kings,Joseph Hernandez,1
52,089,Kings,Zohran Kwame Mamdani,360
52,090,Kings,Andrew M. Cuomo,2
52,090,Kings,Curtis A. Sliwa,1
52,090,Kings,Eric L. Adams,1
52,090,Kings,Irene Estrada,0
52,090,Kings,Jim Walden,0
52,090,Kings,Joseph Hernandez,0
52,090,Kings,Zohran Kwame Mamdani,1
52,098,Kings,Andrew M. Cuomo,0
52,098,Kings,Curtis A. Sliwa,0
52,098,Kings,Eric L. Adams,0
52,098,Kings,Irene Estrada,0
52,098,Kings,Jim Walden,0
52,098,Kings,Joseph Hernandez,0
52,098,Kings,Zohran Kwame Mamdani,0
53,001,Kings,Andrew M. Cuomo,106
53,001,Kings,Curtis A. Sliwa,22
53,001,Kings,Eric L. Adams,2
53,001,Kings,Irene Estrada,1
53,001,Kings,Jim Walden,0
53,001,Kings,Joseph Hernandez,1
53,001,Kings,Zohran Kwame Mamdani,589
53,002,Kings,Andrew M. Cuomo,80
53,002,Kings,Curtis A. Sliwa,10
53,002,Kings,Eric L. Adams,0
53,002,Kings,Irene Estrada,2
53,002,Kings,Jim Walden,0
53,002,Kings,Joseph Hernandez,0
53,002,Kings,Zohran Kwame Mamdani,649
53,003,Kings,Andrew M. Cuomo,128
53,003,Kings,Curtis A. Sliwa,12
53,003,Kings,Eric L. Adams,2
53,003,Kings,Irene Estrada,0
53,003,Kings,Jim Walden,0
53,003,Kings,Joseph Hernandez,0
53,003,Kings,Zohran Kwame Mamdani,475
53,004,Kings,Andrew M. Cuomo,38
53,004,Kings,Curtis A. Sliwa,8
53,004,Kings,Eric L. Adams,0
53,004,Kings,Irene Estrada,0
53,004,Kings,Jim Walden,0
53,004,Kings,Joseph Hernandez,0
53,004,Kings,Zohran Kwame Mamdani,292
53,005,Kings,Andrew M. Cuomo,101
53,005,Kings,Curtis A. Sliwa,11
53,005,Kings,Eric L. Adams,0
53,005,Kings,Irene Estrada,0
53,005,Kings,Jim Walden,0
53,005,Kings,Joseph Hernandez,0
53,005,Kings,Zohran Kwame Mamdani,387
53,006,Kings,Andrew M. Cuomo,176
53,006,Kings,Curtis A. Sliwa,21
53,006,Kings,Eric L. Adams,3
53,006,Kings,Irene Estrada,1
53,006,Kings,Jim Walden,0
53,006,Kings,Joseph Hernandez,0
53,006,Kings,Zohran Kwame Mamdani,199
53,007,Kings,Andrew M. Cuomo,91
53,007,Kings,Curtis A. Sliwa,12
53,007,Kings,Eric L. Adams,1
53,007,Kings,Irene Estrada,1
53,007,Kings,Jim Walden,0
53,007,Kings,Joseph Hernandez,0
53,007,Kings,Zohran Kwame Mamdani,306
53,008,Kings,Andrew M. Cuomo,90
53,008,Kings,Curtis A. Sliwa,20
53,008,Kings,Eric L. Adams,2
53,008,Kings,Irene Estrada,1
53,008,Kings,Jim Walden,0
53,008,Kings,Joseph Hernandez,0
53,008,Kings,Zohran Kwame Mamdani,605
53,009,Kings,Andrew M. Cuomo,66
53,009,Kings,Curtis A. Sliwa,28
53,009,Kings,Eric L. Adams,2
53,009,Kings,Irene Estrada,0
53,009,Kings,Jim Walden,2
53,009,Kings,Joseph Hernandez,0
53,009,Kings,Zohran Kwame Mamdani,509
53,010,Kings,Andrew M. Cuomo,85
53,010,Kings,Curtis A. Sliwa,22
53,010,Kings,Eric L. Adams,1
53,010,Kings,Irene Estrada,0
53,010,Kings,Jim Walden,1
53,010,Kings,Joseph Hernandez,0
53,010,Kings,Zohran Kwame Mamdani,604
53,011,Kings,Andrew M. Cuomo,86
53,011,Kings,Curtis A. Sliwa,17
53,011,Kings,Eric L. Adams,2
53,011,Kings,Irene Estrada,1
53,011,Kings,Jim Walden,0
53,011,Kings,Joseph Hernandez,0
53,011,Kings,Zohran Kwame Mamdani,481
53,012,Kings,Andrew M. Cuomo,118
53,012,Kings,Curtis A. Sliwa,20
53,012,Kings,Eric L. Adams,2
53,012,Kings,Irene Estrada,1
53,012,Kings,Jim Walden,1
53,012,Kings,Joseph Hernandez,0
53,012,Kings,Zohran Kwame Mamdani,480
53,013,Kings,Andrew M. Cuomo,85
53,013,Kings,Curtis A. Sliwa,21
53,013,Kings,Eric L. Adams,0
53,013,Kings,Irene Estrada,0
53,013,Kings,Jim Walden,0
53,013,Kings,Joseph Hernandez,4
53,013,Kings,Zohran Kwame Mamdani,704
53,014,Kings,Andrew M. Cuomo,74
53,014,Kings,Curtis A. Sliwa,13
53,014,Kings,Eric L. Adams,1
53,014,Kings,Irene Estrada,0
53,014,Kings,Jim Walden,0
53,014,Kings,Joseph Hernandez,0
53,014,Kings,Zohran Kwame Mamdani,676
53,015,Kings,Andrew M. Cuomo,96
53,015,Kings,Curtis A. Sliwa,19
53,015,Kings,Eric L. Adams,2
53,015,Kings,Irene Estrada,1
53,015,Kings,Jim Walden,1
53,015,Kings,Joseph Hernandez,0
53,015,Kings,Zohran Kwame Mamdani,506
53,016,Kings,Andrew M. Cuomo,72
53,016,Kings,Curtis A. Sliwa,12
53,016,Kings,Eric L. Adams,0
53,016,Kings,Irene Estrada,1
53,016,Kings,Jim Walden,0
53,016,Kings,Joseph Hernandez,1
53,016,Kings,Zohran Kwame Mamdani,589
53,017,Kings,Andrew M. Cuomo,54
53,017,Kings,Curtis A. Sliwa,14
53,017,Kings,Eric L. Adams,0
53,017,Kings,Irene Estrada,1
53,017,Kings,Jim Walden,1
53,017,Kings,Joseph Hernandez,0
53,017,Kings,Zohran Kwame Mamdani,863
53,018,Kings,Andrew M. Cuomo,101
53,018,Kings,Curtis A. Sliwa,11
53,018,Kings,Eric L. Adams,0
53,018,Kings,Irene Estrada,1
53,018,Kings,Jim Walden,0
53,018,Kings,Joseph Hernandez,0
53,018,Kings,Zohran Kwame Mamdani,650
53,019,Kings,Andrew M. Cuomo,100
53,019,Kings,Curtis A. Sliwa,17
53,019,Kings,Eric L. Adams,4
53,019,Kings,Irene Estrada,0
53,019,Kings,Jim Walden,1
53,019,Kings,Joseph Hernandez,0
53,019,Kings,Zohran Kwame Mamdani,687
53,020,Kings,Andrew M. Cuomo,86
53,020,Kings,Curtis A. Sliwa,15
53,020,Kings,Eric L. Adams,0
53,020,Kings,Irene Estrada,1
53,020,Kings,Jim Walden,1
53,020,Kings,Joseph Hernandez,0
53,020,Kings,Zohran Kwame Mamdani,901
53,021,Kings,Andrew M. Cuomo,142
53,021,Kings,Curtis A. Sliwa,27
53,021,Kings,Eric L. Adams,3
53,021,Kings,Irene Estrada,2
53,021,Kings,Jim Walden,0
53,021,Kings,Joseph Hernandez,1
53,021,Kings,Zohran Kwame Mamdani,625
53,022,Kings,Andrew M. Cuomo,122
53,022,Kings,Curtis A. Sliwa,15
53,022,Kings,Eric L. Adams,0
53,022,Kings,Irene Estrada,1
53,022,Kings,Jim Walden,0
53,022,Kings,Joseph Hernandez,0
53,022,Kings,Zohran Kwame Mamdani,695
53,023,Kings,Andrew M. Cuomo,70
53,023,Kings,Curtis A. Sliwa,14
53,023,Kings,Eric L. Adams,1
53,023,Kings,Irene Estrada,1
53,023,Kings,Jim Walden,0
53,023,Kings,Joseph Hernandez,0
53,023,Kings,Zohran Kwame Mamdani,534
53,024,Kings,Andrew M. Cuomo,61
53,024,Kings,Curtis A. Sliwa,11
53,024,Kings,Eric L. Adams,2
53,024,Kings,Irene Estrada,0
53,024,Kings,Jim Walden,2
53,024,Kings,Joseph Hernandez,0
53,024,Kings,Zohran Kwame Mamdani,702
53,025,Kings,Andrew M. Cuomo,49
53,025,Kings,Curtis A. Sliwa,14
53,025,Kings,Eric L. Adams,0
53,025,Kings,Irene Estrada,1
53,025,Kings,Jim Walden,0
53,025,Kings,Joseph Hernandez,0
53,025,Kings,Zohran Kwame Mamdani,666
53,026,Kings,Andrew M. Cuomo,107
53,026,Kings,Curtis A. Sliwa,23
53,026,Kings,Eric L. Adams,1
53,026,Kings,Irene Estrada,0
53,026,Kings,Jim Walden,0
53,026,Kings,Joseph Hernandez,1
53,026,Kings,Zohran Kwame Mamdani,632
53,027,Kings,Andrew M. Cuomo,76
53,027,Kings,Curtis A. Sliwa,21
53,027,Kings,Eric L. Adams,2
53,027,Kings,Irene Estrada,0
53,027,Kings,Jim Walden,0
53,027,Kings,Joseph Hernandez,1
53,027,Kings,Zohran Kwame Mamdani,688
53,028,Kings,Andrew M. Cuomo,70
53,028,Kings,Curtis A. Sliwa,23
53,028,Kings,Eric L. Adams,0
53,028,Kings,Irene Estrada,0
53,028,Kings,Jim Walden,0
53,028,Kings,Joseph Hernandez,0
53,028,Kings,Zohran Kwame Mamdani,595
53,029,Kings,Andrew M. Cuomo,76
53,029,Kings,Curtis A. Sliwa,16
53,029,Kings,Eric L. Adams,3
53,029,Kings,Irene Estrada,0
53,029,Kings,Jim Walden,0
53,029,Kings,Joseph Hernandez,1
53,029,Kings,Zohran Kwame Mamdani,593
53,030,Kings,Andrew M. Cuomo,38
53,030,Kings,Curtis A. Sliwa,13
53,030,Kings,Eric L. Adams,0
53,030,Kings,Irene Estrada,0
53,030,Kings,Jim Walden,0
53,030,Kings,Joseph Hernandez,0
53,030,Kings,Zohran Kwame Mamdani,432
53,031,Kings,Andrew M. Cuomo,45
53,031,Kings,Curtis A. Sliwa,7
53,031,Kings,Eric L. Adams,0
53,031,Kings,Irene Estrada,0
53,031,Kings,Jim Walden,0
53,031,Kings,Joseph Hernandez,0
53,031,Kings,Zohran Kwame Mamdani,555
53,032,Kings,Andrew M. Cuomo,105
53,032,Kings,Curtis A. Sliwa,19
53,032,Kings,Eric L. Adams,2
53,032,Kings,Irene Estrada,0
53,032,Kings,Jim Walden,0
53,032,Kings,Joseph Hernandez,1
53,032,Kings,Zohran Kwame Mamdani,375
53,033,Kings,Andrew M. Cuomo,109
53,033,Kings,Curtis A. Sliwa,12
53,033,Kings,Eric L. Adams,1
53,033,Kings,Irene Estrada,0
53,033,Kings,Jim Walden,0
53,033,Kings,Joseph Hernandez,0
53,033,Kings,Zohran Kwame Mamdani,144
53,034,Kings,Andrew M. Cuomo,89
53,034,Kings,Curtis A. Sliwa,11
53,034,Kings,Eric L. Adams,4
53,034,Kings,Irene Estrada,1
53,034,Kings,Jim Walden,0
53,034,Kings,Joseph Hernandez,0
53,034,Kings,Zohran Kwame Mamdani,98
53,035,Kings,Andrew M. Cuomo,95
53,035,Kings,Curtis A. Sliwa,9
53,035,Kings,Eric L. Adams,1
53,035,Kings,Irene Estrada,1
53,035,Kings,Jim Walden,1
53,035,Kings,Joseph Hernandez,0
53,035,Kings,Zohran Kwame Mamdani,269
53,036,Kings,Andrew M. Cuomo,126
53,036,Kings,Curtis A. Sliwa,25
53,036,Kings,Eric L. Adams,2
53,036,Kings,Irene Estrada,1
53,036,Kings,Jim Walden,2
53,036,Kings,Joseph Hernandez,2
53,036,Kings,Zohran Kwame Mamdani,455
53,037,Kings,Andrew M. Cuomo,501
53,037,Kings,Curtis A. Sliwa,16
53,037,Kings,Eric L. Adams,12
53,037,Kings,Irene Estrada,0
53,037,Kings,Jim Walden,0
53,037,Kings,Joseph Hernandez,0
53,037,Kings,Zohran Kwame Mamdani,175
53,038,Kings,Andrew M. Cuomo,222
53,038,Kings,Curtis A. Sliwa,25
53,038,Kings,Eric L. Adams,2
53,038,Kings,Irene Estrada,3
53,038,Kings,Jim Walden,3
53,038,Kings,Joseph Hernandez,1
53,038,Kings,Zohran Kwame Mamdani,280
53,039,Kings,Andrew M. Cuomo,217
53,039,Kings,Curtis A. Sliwa,29
53,039,Kings,Eric L. Adams,4
53,039,Kings,Irene Estrada,0
53,039,Kings,Jim Walden,3
53,039,Kings,Joseph Hernandez,0
53,039,Kings,Zohran Kwame Mamdani,279
53,040,Kings,Andrew M. Cuomo,215
53,040,Kings,Curtis A. Sliwa,45
53,040,Kings,Eric L. Adams,0
53,040,Kings,Irene Estrada,0
53,040,Kings,Jim Walden,1
53,040,Kings,Joseph Hernandez,0
53,040,Kings,Zohran Kwame Mamdani,308
53,041,Kings,Andrew M. Cuomo,171
53,041,Kings,Curtis A. Sliwa,39
53,041,Kings,Eric L. Adams,3
53,041,Kings,Irene Estrada,1
53,041,Kings,Jim Walden,1
53,041,Kings,Joseph Hernandez,0
53,041,Kings,Zohran Kwame Mamdani,626
53,042,Kings,Andrew M. Cuomo,112
53,042,Kings,Curtis A. Sliwa,16
53,042,Kings,Eric L. Adams,0
53,042,Kings,Irene Estrada,0
53,042,Kings,Jim Walden,0
53,042,Kings,Joseph Hernandez,0
53,042,Kings,Zohran Kwame Mamdani,128
53,043,Kings,Andrew M. Cuomo,86
53,043,Kings,Curtis A. Sliwa,21
53,043,Kings,Eric L. Adams,1
53,043,Kings,Irene Estrada,1
53,043,Kings,Jim Walden,0
53,043,Kings,Joseph Hernandez,0
53,043,Kings,Zohran Kwame Mamdani,713
53,044,Kings,Andrew M. Cuomo,131
53,044,Kings,Curtis A. Sliwa,12
53,044,Kings,Eric L. Adams,0
53,044,Kings,Irene Estrada,0
53,044,Kings,Jim Walden,0
53,044,Kings,Joseph Hernandez,0
53,044,Kings,Zohran Kwame Mamdani,368
53,045,Kings,Andrew M. Cuomo,130
53,045,Kings,Curtis A. Sliwa,19
53,045,Kings,Eric L. Adams,1
53,045,Kings,Irene Estrada,1
53,045,Kings,Jim Walden,1
53,045,Kings,Joseph Hernandez,0
53,045,Kings,Zohran Kwame Mamdani,348
53,046,Kings,Andrew M. Cuomo,154
53,046,Kings,Curtis A. Sliwa,16
53,046,Kings,Eric L. Adams,2
53,046,Kings,Irene Estrada,1
53,046,Kings,Jim Walden,0
53,046,Kings,Joseph Hernandez,2
53,046,Kings,Zohran Kwame Mamdani,425
53,047,Kings,Andrew M. Cuomo,105
53,047,Kings,Curtis A. Sliwa,22
53,047,Kings,Eric L. Adams,0
53,047,Kings,Irene Estrada,1
53,047,Kings,Jim Walden,1
53,047,Kings,Joseph Hernandez,0
53,047,Kings,Zohran Kwame Mamdani,458
53,048,Kings,Andrew M. Cuomo,101
53,048,Kings,Curtis A. Sliwa,9
53,048,Kings,Eric L. Adams,0
53,048,Kings,Irene Estrada,1
53,048,Kings,Jim Walden,0
53,048,Kings,Joseph Hernandez,0
53,048,Kings,Zohran Kwame Mamdani,449
53,049,Kings,Andrew M. Cuomo,88
53,049,Kings,Curtis A. Sliwa,17
53,049,Kings,Eric L. Adams,0
53,049,Kings,Irene Estrada,0
53,049,Kings,Jim Walden,0
53,049,Kings,Joseph Hernandez,0
53,049,Kings,Zohran Kwame Mamdani,520
53,050,Kings,Andrew M. Cuomo,145
53,050,Kings,Curtis A. Sliwa,24
53,050,Kings,Eric L. Adams,2
53,050,Kings,Irene Estrada,0
53,050,Kings,Jim Walden,0
53,050,Kings,Joseph Hernandez,0
53,050,Kings,Zohran Kwame Mamdani,468
53,051,Kings,Andrew M. Cuomo,155
53,051,Kings,Curtis A. Sliwa,27
53,051,Kings,Eric L. Adams,1
53,051,Kings,Irene Estrada,1
53,051,Kings,Jim Walden,0
53,051,Kings,Joseph Hernandez,2
53,051,Kings,Zohran Kwame Mamdani,264
53,052,Kings,Andrew M. Cuomo,171
53,052,Kings,Curtis A. Sliwa,18
53,052,Kings,Eric L. Adams,0
53,052,Kings,Irene Estrada,1
53,052,Kings,Jim Walden,1
53,052,Kings,Joseph Hernandez,0
53,052,Kings,Zohran Kwame Mamdani,417
53,053,Kings,Andrew M. Cuomo,126
53,053,Kings,Curtis A. Sliwa,19
53,053,Kings,Eric L. Adams,0
53,053,Kings,Irene Estrada,1
53,053,Kings,Jim Walden,1
53,053,Kings,Joseph Hernandez,1
53,053,Kings,Zohran Kwame Mamdani,673
53,054,Kings,Andrew M. Cuomo,89
53,054,Kings,Curtis A. Sliwa,10
53,054,Kings,Eric L. Adams,0
53,054,Kings,Irene Estrada,2
53,054,Kings,Jim Walden,0
53,054,Kings,Joseph Hernandez,0
53,054,Kings,Zohran Kwame Mamdani,563
53,055,Kings,Andrew M. Cuomo,109
53,055,Kings,Curtis A. Sliwa,21
53,055,Kings,Eric L. Adams,0
53,055,Kings,Irene Estrada,0
53,055,Kings,Jim Walden,1
53,055,Kings,Joseph Hernandez,0
53,055,Kings,Zohran Kwame Mamdani,464
53,056,Kings,Andrew M. Cuomo,137
53,056,Kings,Curtis A. Sliwa,28
53,056,Kings,Eric L. Adams,4
53,056,Kings,Irene Estrada,0
53,056,Kings,Jim Walden,0
53,056,Kings,Joseph Hernandez,0
53,056,Kings,Zohran Kwame Mamdani,537
53,057,Kings,Andrew M. Cuomo,121
53,057,Kings,Curtis A. Sliwa,16
53,057,Kings,Eric L. Adams,2
53,057,Kings,Irene Estrada,1
53,057,Kings,Jim Walden,0
53,057,Kings,Joseph Hernandez,0
53,057,Kings,Zohran Kwame Mamdani,109
53,058,Kings,Andrew M. Cuomo,63
53,058,Kings,Curtis A. Sliwa,13
53,058,Kings,Eric L. Adams,0
53,058,Kings,Irene Estrada,0
53,058,Kings,Jim Walden,0
53,058,Kings,Joseph Hernandez,0
53,058,Kings,Zohran Kwame Mamdani,377
53,059,Kings,Andrew M. Cuomo,93
53,059,Kings,Curtis A. Sliwa,12
53,059,Kings,Eric L. Adams,3
53,059,Kings,Irene Estrada,0
53,059,Kings,Jim Walden,0
53,059,Kings,Joseph Hernandez,2
53,059,Kings,Zohran Kwame Mamdani,281
53,060,Kings,Andrew M. Cuomo,161
53,060,Kings,Curtis A. Sliwa,21
53,060,Kings,Eric L. Adams,0
53,060,Kings,Irene Estrada,0
53,060,Kings,Jim Walden,0
53,060,Kings,Joseph Hernandez,1
53,060,Kings,Zohran Kwame Mamdani,936
53,061,Kings,Andrew M. Cuomo,112
53,061,Kings,Curtis A. Sliwa,22
53,061,Kings,Eric L. Adams,1
53,061,Kings,Irene Estrada,0
53,061,Kings,Jim Walden,1
53,061,Kings,Joseph Hernandez,0
53,061,Kings,Zohran Kwame Mamdani,774
53,062,Kings,Andrew M. Cuomo,159
53,062,Kings,Curtis A. Sliwa,23
53,062,Kings,Eric L. Adams,5
53,062,Kings,Irene Estrada,2
53,062,Kings,Jim Walden,1
53,062,Kings,Joseph Hernandez,1
53,062,Kings,Zohran Kwame Mamdani,283
53,063,Kings,Andrew M. Cuomo,47
53,063,Kings,Curtis A. Sliwa,9
53,063,Kings,Eric L. Adams,1
53,063,Kings,Irene Estrada,0
53,063,Kings,Jim Walden,0
53,063,Kings,Joseph Hernandez,0
53,063,Kings,Zohran Kwame Mamdani,289
54,001,Kings,Andrew M. Cuomo,23
54,001,Kings,Curtis A. Sliwa,4
54,001,Kings,Eric L. Adams,0
54,001,Kings,Irene Estrada,0
54,001,Kings,Jim Walden,0
54,001,Kings,Joseph Hernandez,0
54,001,Kings,Zohran Kwame Mamdani,94
54,002,Kings,Andrew M. Cuomo,46
54,002,Kings,Curtis A. Sliwa,13
54,002,Kings,Eric L. Adams,0
54,002,Kings,Irene Estrada,0
54,002,Kings,Jim Walden,0
54,002,Kings,Joseph Hernandez,0
54,002,Kings,Zohran Kwame Mamdani,437
54,003,Kings,Andrew M. Cuomo,38
54,003,Kings,Curtis A. Sliwa,11
54,003,Kings,Eric L. Adams,0
54,003,Kings,Irene Estrada,0
54,003,Kings,Jim Walden,0
54,003,Kings,Joseph Hernandez,0
54,003,Kings,Zohran Kwame Mamdani,127
54,004,Kings,Andrew M. Cuomo,105
54,004,Kings,Curtis A. Sliwa,9
54,004,Kings,Eric L. Adams,0
54,004,Kings,Irene Estrada,0
54,004,Kings,Jim Walden,0
54,004,Kings,Joseph Hernandez,0
54,004,Kings,Zohran Kwame Mamdani,278
54,005,Kings,Andrew M. Cuomo,65
54,005,Kings,Curtis A. Sliwa,0
54,005,Kings,Eric L. Adams,0
54,005,Kings,Irene Estrada,1
54,005,Kings,Jim Walden,0
54,005,Kings,Joseph Hernandez,1
54,005,Kings,Zohran Kwame Mamdani,116
54,006,Kings,Andrew M. Cuomo,59
54,006,Kings,Curtis A. Sliwa,6
54,006,Kings,Eric L. Adams,2
54,006,Kings,Irene Estrada,1
54,006,Kings,Jim Walden,0
54,006,Kings,Joseph Hernandez,0
54,006,Kings,Zohran Kwame Mamdani,111
54,007,Kings,Andrew M. Cuomo,97
54,007,Kings,Curtis A. Sliwa,32
54,007,Kings,Eric L. Adams,2
54,007,Kings,Irene Estrada,0
54,007,Kings,Jim Walden,0
54,007,Kings,Joseph Hernandez,0
54,007,Kings,Zohran Kwame Mamdani,281
54,008,Kings,Andrew M. Cuomo,76
54,008,Kings,Curtis A. Sliwa,12
54,008,Kings,Eric L. Adams,2
54,008,Kings,Irene Estrada,0
54,008,Kings,Jim Walden,0
54,008,Kings,Joseph Hernandez,0
54,008,Kings,Zohran Kwame Mamdani,182
54,009,Kings,Andrew M. Cuomo,70
54,009,Kings,Curtis A. Sliwa,21
54,009,Kings,Eric L. Adams,3
54,009,Kings,Irene Estrada,1
54,009,Kings,Jim Walden,0
54,009,Kings,Joseph Hernandez,0
54,009,Kings,Zohran Kwame Mamdani,156
54,010,Kings,Andrew M. Cuomo,58
54,010,Kings,Curtis A. Sliwa,8
54,010,Kings,Eric L. Adams,1
54,010,Kings,Irene Estrada,1
54,010,Kings,Jim Walden,0
54,010,Kings,Joseph Hernandez,0
54,010,Kings,Zohran Kwame Mamdani,208
54,011,Kings,Andrew M. Cuomo,71
54,011,Kings,Curtis A. Sliwa,11
54,011,Kings,Eric L. Adams,2
54,011,Kings,Irene Estrada,0
54,011,Kings,Jim Walden,0
54,011,Kings,Joseph Hernandez,0
54,011,Kings,Zohran Kwame Mamdani,179
54,012,Kings,Andrew M. Cuomo,83
54,012,Kings,Curtis A. Sliwa,17
54,012,Kings,Eric L. Adams,0
54,012,Kings,Irene Estrada,2
54,012,Kings,Jim Walden,0
54,012,Kings,Joseph Hernandez,0
54,012,Kings,Zohran Kwame Mamdani,139
54,013,Kings,Andrew M. Cuomo,56
54,013,Kings,Curtis A. Sliwa,11
54,013,Kings,Eric L. Adams,2
54,013,Kings,Irene Estrada,0
54,013,Kings,Jim Walden,0
54,013,Kings,Joseph Hernandez,0
54,013,Kings,Zohran Kwame Mamdani,114
54,014,Kings,Andrew M. Cuomo,89
54,014,Kings,Curtis A. Sliwa,5
54,014,Kings,Eric L. Adams,3
54,014,Kings,Irene Estrada,1
54,014,Kings,Jim Walden,1
54,014,Kings,Joseph Hernandez,0
54,014,Kings,Zohran Kwame Mamdani,126
54,015,Kings,Andrew M. Cuomo,67
54,015,Kings,Curtis A. Sliwa,2
54,015,Kings,Eric L. Adams,0
54,015,Kings,Irene Estrada,0
54,015,Kings,Jim Walden,0
54,015,Kings,Joseph Hernandez,1
54,015,Kings,Zohran Kwame Mamdani,139
54,016,Kings,Andrew M. Cuomo,26
54,016,Kings,Curtis A. Sliwa,4
54,016,Kings,Eric L. Adams,0
54,016,Kings,Irene Estrada,1
54,016,Kings,Jim Walden,0
54,016,Kings,Joseph Hernandez,0
54,016,Kings,Zohran Kwame Mamdani,91
54,017,Kings,Andrew M. Cuomo,87
54,017,Kings,Curtis A. Sliwa,6
54,017,Kings,Eric L. Adams,2
54,017,Kings,Irene Estrada,1
54,017,Kings,Jim Walden,0
54,017,Kings,Joseph Hernandez,0
54,017,Kings,Zohran Kwame Mamdani,107
54,018,Kings,Andrew M. Cuomo,102
54,018,Kings,Curtis A. Sliwa,15
54,018,Kings,Eric L. Adams,3
54,018,Kings,Irene Estrada,1
54,018,Kings,Jim Walden,0
54,018,Kings,Joseph Hernandez,1
54,018,Kings,Zohran Kwame Mamdani,237
54,019,Kings,Andrew M. Cuomo,68
54,019,Kings,Curtis A. Sliwa,12
54,019,Kings,Eric L. Adams,2
54,019,Kings,Irene Estrada,0
54,019,Kings,Jim Walden,0
54,019,Kings,Joseph Hernandez,0
54,019,Kings,Zohran Kwame Mamdani,129
54,020,Kings,Andrew M. Cuomo,67
54,020,Kings,Curtis A. Sliwa,10
54,020,Kings,Eric L. Adams,0
54,020,Kings,Irene Estrada,1
54,020,Kings,Jim Walden,0
54,020,Kings,Joseph Hernandez,0
54,020,Kings,Zohran Kwame Mamdani,89
54,021,Kings,Andrew M. Cuomo,79
54,021,Kings,Curtis A. Sliwa,11
54,021,Kings,Eric L. Adams,4
54,021,Kings,Irene Estrada,1
54,021,Kings,Jim Walden,0
54,021,Kings,Joseph Hernandez,0
54,021,Kings,Zohran Kwame Mamdani,98
54,022,Kings,Andrew M. Cuomo,87
54,022,Kings,Curtis A. Sliwa,17
54,022,Kings,Eric L. Adams,0
54,022,Kings,Irene Estrada,1
54,022,Kings,Jim Walden,0
54,022,Kings,Joseph Hernandez,0
54,022,Kings,Zohran Kwame Mamdani,129
54,023,Kings,Andrew M. Cuomo,121
54,023,Kings,Curtis A. Sliwa,14
54,023,Kings,Eric L. Adams,2
54,023,Kings,Irene Estrada,2
54,023,Kings,Jim Walden,0
54,023,Kings,Joseph Hernandez,0
54,023,Kings,Zohran Kwame Mamdani,170
54,024,Kings,Andrew M. Cuomo,95
54,024,Kings,Curtis A. Sliwa,14
54,024,Kings,Eric L. Adams,0
54,024,Kings,Irene Estrada,1
54,024,Kings,Jim Walden,0
54,024,Kings,Joseph Hernandez,0
54,024,Kings,Zohran Kwame Mamdani,143
54,025,Kings,Andrew M. Cuomo,103
54,025,Kings,Curtis A. Sliwa,31
54,025,Kings,Eric L. Adams,0
54,025,Kings,Irene Estrada,1
54,025,Kings,Jim Walden,0
54,025,Kings,Joseph Hernandez,0
54,025,Kings,Zohran Kwame Mamdani,174
54,026,Kings,Andrew M. Cuomo,90
54,026,Kings,Curtis A. Sliwa,22
54,026,Kings,Eric L. Adams,2
54,026,Kings,Irene Estrada,0
54,026,Kings,Jim Walden,0
54,026,Kings,Joseph Hernandez,0
54,026,Kings,Zohran Kwame Mamdani,121
54,027,Kings,Andrew M. Cuomo,89
54,027,Kings,Curtis A. Sliwa,14
54,027,Kings,Eric L. Adams,1
54,027,Kings,Irene Estrada,2
54,027,Kings,Jim Walden,0
54,027,Kings,Joseph Hernandez,3
54,027,Kings,Zohran Kwame Mamdani,174
54,028,Kings,Andrew M. Cuomo,104
54,028,Kings,Curtis A. Sliwa,19
54,028,Kings,Eric L. Adams,0
54,028,Kings,Irene Estrada,0
54,028,Kings,Jim Walden,0
54,028,Kings,Joseph Hernandez,0
54,028,Kings,Zohran Kwame Mamdani,149
54,029,Kings,Andrew M. Cuomo,138
54,029,Kings,Curtis A. Sliwa,20
54,029,Kings,Eric L. Adams,1
54,029,Kings,Irene Estrada,1
54,029,Kings,Jim Walden,0
54,029,Kings,Joseph Hernandez,0
54,029,Kings,Zohran Kwame Mamdani,187
54,030,Kings,Andrew M. Cuomo,105
54,030,Kings,Curtis A. Sliwa,21
54,030,Kings,Eric L. Adams,4
54,030,Kings,Irene Estrada,0
54,030,Kings,Jim Walden,0
54,030,Kings,Joseph Hernandez,0
54,030,Kings,Zohran Kwame Mamdani,135
54,031,Kings,Andrew M. Cuomo,175
54,031,Kings,Curtis A. Sliwa,25
54,031,Kings,Eric L. Adams,4
54,031,Kings,Irene Estrada,1
54,031,Kings,Jim Walden,0
54,031,Kings,Joseph Hernandez,0
54,031,Kings,Zohran Kwame Mamdani,208
54,032,Kings,Andrew M. Cuomo,122
54,032,Kings,Curtis A. Sliwa,13
54,032,Kings,Eric L. Adams,0
54,032,Kings,Irene Estrada,1
54,032,Kings,Jim Walden,0
54,032,Kings,Joseph Hernandez,0
54,032,Kings,Zohran Kwame Mamdani,137
54,033,Kings,Andrew M. Cuomo,126
54,033,Kings,Curtis A. Sliwa,30
54,033,Kings,Eric L. Adams,2
54,033,Kings,Irene Estrada,1
54,033,Kings,Jim Walden,0
54,033,Kings,Joseph Hernandez,0
54,033,Kings,Zohran Kwame Mamdani,221
54,034,Kings,Andrew M. Cuomo,116
54,034,Kings,Curtis A. Sliwa,31
54,034,Kings,Eric L. Adams,0
54,034,Kings,Irene Estrada,2
54,034,Kings,Jim Walden,0
54,034,Kings,Joseph Hernandez,2
54,034,Kings,Zohran Kwame Mamdani,177
54,035,Kings,Andrew M. Cuomo,175
54,035,Kings,Curtis A. Sliwa,30
54,035,Kings,Eric L. Adams,1
54,035,Kings,Irene Estrada,0
54,035,Kings,Jim Walden,0
54,035,Kings,Joseph Hernandez,0
54,035,Kings,Zohran Kwame Mamdani,284
54,036,Kings,Andrew M. Cuomo,161
54,036,Kings,Curtis A. Sliwa,19
54,036,Kings,Eric L. Adams,3
54,036,Kings,Irene Estrada,1
54,036,Kings,Jim Walden,1
54,036,Kings,Joseph Hernandez,1
54,036,Kings,Zohran Kwame Mamdani,316
54,037,Kings,Andrew M. Cuomo,77
54,037,Kings,Curtis A. Sliwa,18
54,037,Kings,Eric L. Adams,1
54,037,Kings,Irene Estrada,0
54,037,Kings,Jim Walden,0
54,037,Kings,Joseph Hernandez,0
54,037,Kings,Zohran Kwame Mamdani,338
54,038,Kings,Andrew M. Cuomo,141
54,038,Kings,Curtis A. Sliwa,10
54,038,Kings,Eric L. Adams,5
54,038,Kings,Irene Estrada,1
54,038,Kings,Jim Walden,0
54,038,Kings,Joseph Hernandez,0
54,038,Kings,Zohran Kwame Mamdani,522
54,039,Kings,Andrew M. Cuomo,112
54,039,Kings,Curtis A. Sliwa,12
54,039,Kings,Eric L. Adams,1
54,039,Kings,Irene Estrada,1
54,039,Kings,Jim Walden,0
54,039,Kings,Joseph Hernandez,2
54,039,Kings,Zohran Kwame Mamdani,570
54,040,Kings,Andrew M. Cuomo,98
54,040,Kings,Curtis A. Sliwa,14
54,040,Kings,Eric L. Adams,2
54,040,Kings,Irene Estrada,0
54,040,Kings,Jim Walden,0
54,040,Kings,Joseph Hernandez,0
54,040,Kings,Zohran Kwame Mamdani,538
54,041,Kings,Andrew M. Cuomo,97
54,041,Kings,Curtis A. Sliwa,8
54,041,Kings,Eric L. Adams,2
54,041,Kings,Irene Estrada,0
54,041,Kings,Jim Walden,1
54,041,Kings,Joseph Hernandez,0
54,041,Kings,Zohran Kwame Mamdani,504
54,042,Kings,Andrew M. Cuomo,81
54,042,Kings,Curtis A. Sliwa,12
54,042,Kings,Eric L. Adams,0
54,042,Kings,Irene Estrada,1
54,042,Kings,Jim Walden,0
54,042,Kings,Joseph Hernandez,1
54,042,Kings,Zohran Kwame Mamdani,391
54,043,Kings,Andrew M. Cuomo,104
54,043,Kings,Curtis A. Sliwa,17
54,043,Kings,Eric L. Adams,4
54,043,Kings,Irene Estrada,0
54,043,Kings,Jim Walden,0
54,043,Kings,Joseph Hernandez,0
54,043,Kings,Zohran Kwame Mamdani,501
54,044,Kings,Andrew M. Cuomo,86
54,044,Kings,Curtis A. Sliwa,11
54,044,Kings,Eric L. Adams,2
54,044,Kings,Irene Estrada,1
54,044,Kings,Jim Walden,0
54,044,Kings,Joseph Hernandez,0
54,044,Kings,Zohran Kwame Mamdani,494
54,045,Kings,Andrew M. Cuomo,116
54,045,Kings,Curtis A. Sliwa,21
54,045,Kings,Eric L. Adams,2
54,045,Kings,Irene Estrada,2
54,045,Kings,Jim Walden,0
54,045,Kings,Joseph Hernandez,0
54,045,Kings,Zohran Kwame Mamdani,505
54,046,Kings,Andrew M. Cuomo,69
54,046,Kings,Curtis A. Sliwa,17
54,046,Kings,Eric L. Adams,0
54,046,Kings,Irene Estrada,0
54,046,Kings,Jim Walden,1
54,046,Kings,Joseph Hernandez,0
54,046,Kings,Zohran Kwame Mamdani,416
54,047,Kings,Andrew M. Cuomo,84
54,047,Kings,Curtis A. Sliwa,19
54,047,Kings,Eric L. Adams,1
54,047,Kings,Irene Estrada,0
54,047,Kings,Jim Walden,0
54,047,Kings,Joseph Hernandez,0
54,047,Kings,Zohran Kwame Mamdani,490
54,048,Kings,Andrew M. Cuomo,106
54,048,Kings,Curtis A. Sliwa,16
54,048,Kings,Eric L. Adams,2
54,048,Kings,Irene Estrada,0
54,048,Kings,Jim Walden,0
54,048,Kings,Joseph Hernandez,0
54,048,Kings,Zohran Kwame Mamdani,417
54,049,Kings,Andrew M. Cuomo,93
54,049,Kings,Curtis A. Sliwa,19
54,049,Kings,Eric L. Adams,2
54,049,Kings,Irene Estrada,0
54,049,Kings,Jim Walden,0
54,049,Kings,Joseph Hernandez,0
54,049,Kings,Zohran Kwame Mamdani,428
54,050,Kings,Andrew M. Cuomo,91
54,050,Kings,Curtis A. Sliwa,7
54,050,Kings,Eric L. Adams,3
54,050,Kings,Irene Estrada,1
54,050,Kings,Jim Walden,0
54,050,Kings,Joseph Hernandez,0
54,050,Kings,Zohran Kwame Mamdani,459
54,051,Kings,Andrew M. Cuomo,118
54,051,Kings,Curtis A. Sliwa,21
54,051,Kings,Eric L. Adams,1
54,051,Kings,Irene Estrada,0
54,051,Kings,Jim Walden,0
54,051,Kings,Joseph Hernandez,0
54,051,Kings,Zohran Kwame Mamdani,450
54,052,Kings,Andrew M. Cuomo,85
54,052,Kings,Curtis A. Sliwa,13
54,052,Kings,Eric L. Adams,2
54,052,Kings,Irene Estrada,2
54,052,Kings,Jim Walden,0
54,052,Kings,Joseph Hernandez,0
54,052,Kings,Zohran Kwame Mamdani,305
54,053,Kings,Andrew M. Cuomo,75
54,053,Kings,Curtis A. Sliwa,12
54,053,Kings,Eric L. Adams,1
54,053,Kings,Irene Estrada,0
54,053,Kings,Jim Walden,0
54,053,Kings,Joseph Hernandez,1
54,053,Kings,Zohran Kwame Mamdani,374
54,054,Kings,Andrew M. Cuomo,48
54,054,Kings,Curtis A. Sliwa,13
54,054,Kings,Eric L. Adams,0
54,054,Kings,Irene Estrada,0
54,054,Kings,Jim Walden,0
54,054,Kings,Joseph Hernandez,0
54,054,Kings,Zohran Kwame Mamdani,447
54,055,Kings,Andrew M. Cuomo,79
54,055,Kings,Curtis A. Sliwa,15
54,055,Kings,Eric L. Adams,1
54,055,Kings,Irene Estrada,1
54,055,Kings,Jim Walden,0
54,055,Kings,Joseph Hernandez,2
54,055,Kings,Zohran Kwame Mamdani,351
54,056,Kings,Andrew M. Cuomo,88
54,056,Kings,Curtis A. Sliwa,8
54,056,Kings,Eric L. Adams,2
54,056,Kings,Irene Estrada,1
54,056,Kings,Jim Walden,0
54,056,Kings,Joseph Hernandez,0
54,056,Kings,Zohran Kwame Mamdani,429
54,057,Kings,Andrew M. Cuomo,119
54,057,Kings,Curtis A. Sliwa,18
54,057,Kings,Eric L. Adams,4
54,057,Kings,Irene Estrada,2
54,057,Kings,Jim Walden,1
54,057,Kings,Joseph Hernandez,1
54,057,Kings,Zohran Kwame Mamdani,346
54,058,Kings,Andrew M. Cuomo,20
54,058,Kings,Curtis A. Sliwa,0
54,058,Kings,Eric L. Adams,1
54,058,Kings,Irene Estrada,0
54,058,Kings,Jim Walden,0
54,058,Kings,Joseph Hernandez,0
54,058,Kings,Zohran Kwame Mamdani,31
54,060,Kings,Andrew M. Cuomo,16
54,060,Kings,Curtis A. Sliwa,1
54,060,Kings,Eric L. Adams,1
54,060,Kings,Irene Estrada,0
54,060,Kings,Jim Walden,0
54,060,Kings,Joseph Hernandez,0
54,060,Kings,Zohran Kwame Mamdani,44
54,061,Kings,Andrew M. Cuomo,56
54,061,Kings,Curtis A. Sliwa,12
54,061,Kings,Eric L. Adams,1
54,061,Kings,Irene Estrada,1
54,061,Kings,Jim Walden,1
54,061,Kings,Joseph Hernandez,0
54,061,Kings,Zohran Kwame Mamdani,116
54,062,Kings,Andrew M. Cuomo,29
54,062,Kings,Curtis A. Sliwa,5
54,062,Kings,Eric L. Adams,0
54,062,Kings,Irene Estrada,0
54,062,Kings,Jim Walden,0
54,062,Kings,Joseph Hernandez,0
54,062,Kings,Zohran Kwame Mamdani,54
54,063,Kings,Andrew M. Cuomo,2
54,063,Kings,Curtis A. Sliwa,1
54,063,Kings,Eric L. Adams,0
54,063,Kings,Irene Estrada,0
54,063,Kings,Jim Walden,0
54,063,Kings,Joseph Hernandez,0
54,063,Kings,Zohran Kwame Mamdani,31
54,064,Kings,Andrew M. Cuomo,11
54,064,Kings,Curtis A. Sliwa,1
54,064,Kings,Eric L. Adams,0
54,064,Kings,Irene Estrada,0
54,064,Kings,Jim Walden,0
54,064,Kings,Joseph Hernandez,0
54,064,Kings,Zohran Kwame Mamdani,55
55,001,Kings,Andrew M. Cuomo,123
55,001,Kings,Curtis A. Sliwa,11
55,001,Kings,Eric L. Adams,5
55,001,Kings,Irene Estrada,0
55,001,Kings,Jim Walden,0
55,001,Kings,Joseph Hernandez,2
55,001,Kings,Zohran Kwame Mamdani,538
55,002,Kings,Andrew M. Cuomo,84
55,002,Kings,Curtis A. Sliwa,6
55,002,Kings,Eric L. Adams,1
55,002,Kings,Irene Estrada,0
55,002,Kings,Jim Walden,0
55,002,Kings,Joseph Hernandez,0
55,002,Kings,Zohran Kwame Mamdani,365
55,003,Kings,Andrew M. Cuomo,131
55,003,Kings,Curtis A. Sliwa,10
55,003,Kings,Eric L. Adams,4
55,003,Kings,Irene Estrada,6
55,003,Kings,Jim Walden,0
55,003,Kings,Joseph Hernandez,0
55,003,Kings,Zohran Kwame Mamdani,273
55,004,Kings,Andrew M. Cuomo,8
55,004,Kings,Curtis A. Sliwa,0
55,004,Kings,Eric L. Adams,2
55,004,Kings,Irene Estrada,0
55,004,Kings,Jim Walden,0
55,004,Kings,Joseph Hernandez,1
55,004,Kings,Zohran Kwame Mamdani,24
55,005,Kings,Andrew M. Cuomo,107
55,005,Kings,Curtis A. Sliwa,2
55,005,Kings,Eric L. Adams,2
55,005,Kings,Irene Estrada,1
55,005,Kings,Jim Walden,0
55,005,Kings,Joseph Hernandez,0
55,005,Kings,Zohran Kwame Mamdani,421
55,006,Kings,Andrew M. Cuomo,66
55,006,Kings,Curtis A. Sliwa,6
55,006,Kings,Eric L. Adams,3
55,006,Kings,Irene Estrada,1
55,006,Kings,Jim Walden,1
55,006,Kings,Joseph Hernandez,0
55,006,Kings,Zohran Kwame Mamdani,343
55,007,Kings,Andrew M. Cuomo,90
55,007,Kings,Curtis A. Sliwa,6
55,007,Kings,Eric L. Adams,5
55,007,Kings,Irene Estrada,0
55,007,Kings,Jim Walden,1
55,007,Kings,Joseph Hernandez,0
55,007,Kings,Zohran Kwame Mamdani,432
55,008,Kings,Andrew M. Cuomo,142
55,008,Kings,Curtis A. Sliwa,14
55,008,Kings,Eric L. Adams,0
55,008,Kings,Irene Estrada,2
55,008,Kings,Jim Walden,0
55,008,Kings,Joseph Hernandez,0
55,008,Kings,Zohran Kwame Mamdani,368
55,009,Kings,Andrew M. Cuomo,125
55,009,Kings,Curtis A. Sliwa,3
55,009,Kings,Eric L. Adams,7
55,009,Kings,Irene Estrada,1
55,009,Kings,Jim Walden,0
55,009,Kings,Joseph Hernandez,0
55,009,Kings,Zohran Kwame Mamdani,397
55,010,Kings,Andrew M. Cuomo,132
55,010,Kings,Curtis A. Sliwa,5
55,010,Kings,Eric L. Adams,2
55,010,Kings,Irene Estrada,1
55,010,Kings,Jim Walden,0
55,010,Kings,Joseph Hernandez,1
55,010,Kings,Zohran Kwame Mamdani,406
55,011,Kings,Andrew M. Cuomo,64
55,011,Kings,Curtis A. Sliwa,1
55,011,Kings,Eric L. Adams,0
55,011,Kings,Irene Estrada,0
55,011,Kings,Jim Walden,0
55,011,Kings,Joseph Hernandez,0
55,011,Kings,Zohran Kwame Mamdani,285
55,012,Kings,Andrew M. Cuomo,111
55,012,Kings,Curtis A. Sliwa,5
55,012,Kings,Eric L. Adams,4
55,012,Kings,Irene Estrada,1
55,012,Kings,Jim Walden,0
55,012,Kings,Joseph Hernandez,0
55,012,Kings,Zohran Kwame Mamdani,379
55,013,Kings,Andrew M. Cuomo,111
55,013,Kings,Curtis A. Sliwa,11
55,013,Kings,Eric L. Adams,5
55,013,Kings,Irene Estrada,1
55,013,Kings,Jim Walden,1
55,013,Kings,Joseph Hernandez,0
55,013,Kings,Zohran Kwame Mamdani,347
55,014,Kings,Andrew M. Cuomo,71
55,014,Kings,Curtis A. Sliwa,5
55,014,Kings,Eric L. Adams,1
55,014,Kings,Irene Estrada,0
55,014,Kings,Jim Walden,0
55,014,Kings,Joseph Hernandez,0
55,014,Kings,Zohran Kwame Mamdani,322
55,015,Kings,Andrew M. Cuomo,119
55,015,Kings,Curtis A. Sliwa,17
55,015,Kings,Eric L. Adams,2
55,015,Kings,Irene Estrada,1
55,015,Kings,Jim Walden,2
55,015,Kings,Joseph Hernandez,1
55,015,Kings,Zohran Kwame Mamdani,390
55,016,Kings,Andrew M. Cuomo,169
55,016,Kings,Curtis A. Sliwa,9
55,016,Kings,Eric L. Adams,3
55,016,Kings,Irene Estrada,1
55,016,Kings,Jim Walden,0
55,016,Kings,Joseph Hernandez,0
55,016,Kings,Zohran Kwame Mamdani,322
55,017,Kings,Andrew M. Cuomo,28
55,017,Kings,Curtis A. Sliwa,2
55,017,Kings,Eric L. Adams,1
55,017,Kings,Irene Estrada,0
55,017,Kings,Jim Walden,0
55,017,Kings,Joseph Hernandez,0
55,017,Kings,Zohran Kwame Mamdani,58
55,018,Kings,Andrew M. Cuomo,11
55,018,Kings,Curtis A. Sliwa,1
55,018,Kings,Eric L. Adams,0
55,018,Kings,Irene Estrada,0
55,018,Kings,Jim Walden,0
55,018,Kings,Joseph Hernandez,0
55,018,Kings,Zohran Kwame Mamdani,14
55,019,Kings,Andrew M. Cuomo,93
55,019,Kings,Curtis A. Sliwa,11
55,019,Kings,Eric L. Adams,2
55,019,Kings,Irene Estrada,0
55,019,Kings,Jim Walden,0
55,019,Kings,Joseph Hernandez,0
55,019,Kings,Zohran Kwame Mamdani,237
55,020,Kings,Andrew M. Cuomo,106
55,020,Kings,Curtis A. Sliwa,11
55,020,Kings,Eric L. Adams,3
55,020,Kings,Irene Estrada,0
55,020,Kings,Jim Walden,1
55,020,Kings,Joseph Hernandez,0
55,020,Kings,Zohran Kwame Mamdani,148
55,021,Kings,Andrew M. Cuomo,17
55,021,Kings,Curtis A. Sliwa,4
55,021,Kings,Eric L. Adams,0
55,021,Kings,Irene Estrada,0
55,021,Kings,Jim Walden,0
55,021,Kings,Joseph Hernandez,0
55,021,Kings,Zohran Kwame Mamdani,21
55,022,Kings,Andrew M. Cuomo,41
55,022,Kings,Curtis A. Sliwa,3
55,022,Kings,Eric L. Adams,0
55,022,Kings,Irene Estrada,1
55,022,Kings,Jim Walden,1
55,022,Kings,Joseph Hernandez,0
55,022,Kings,Zohran Kwame Mamdani,58
55,023,Kings,Andrew M. Cuomo,112
55,023,Kings,Curtis A. Sliwa,7
55,023,Kings,Eric L. Adams,0
55,023,Kings,Irene Estrada,2
55,023,Kings,Jim Walden,0
55,023,Kings,Joseph Hernandez,1
55,023,Kings,Zohran Kwame Mamdani,164
55,024,Kings,Andrew M. Cuomo,121
55,024,Kings,Curtis A. Sliwa,7
55,024,Kings,Eric L. Adams,2
55,024,Kings,Irene Estrada,3
55,024,Kings,Jim Walden,0
55,024,Kings,Joseph Hernandez,0
55,024,Kings,Zohran Kwame Mamdani,184
55,025,Kings,Andrew M. Cuomo,116
55,025,Kings,Curtis A. Sliwa,5
55,025,Kings,Eric L. Adams,1
55,025,Kings,Irene Estrada,0
55,025,Kings,Jim Walden,0
55,025,Kings,Joseph Hernandez,0
55,025,Kings,Zohran Kwame Mamdani,193
55,026,Kings,Andrew M. Cuomo,118
55,026,Kings,Curtis A. Sliwa,13
55,026,Kings,Eric L. Adams,1
55,026,Kings,Irene Estrada,0
55,026,Kings,Jim Walden,0
55,026,Kings,Joseph Hernandez,0
55,026,Kings,Zohran Kwame Mamdani,164
55,027,Kings,Andrew M. Cuomo,102
55,027,Kings,Curtis A. Sliwa,7
55,027,Kings,Eric L. Adams,1
55,027,Kings,Irene Estrada,1
55,027,Kings,Jim Walden,0
55,027,Kings,Joseph Hernandez,0
55,027,Kings,Zohran Kwame Mamdani,122
55,028,Kings,Andrew M. Cuomo,116
55,028,Kings,Curtis A. Sliwa,6
55,028,Kings,Eric L. Adams,1
55,028,Kings,Irene Estrada,0
55,028,Kings,Jim Walden,0
55,028,Kings,Joseph Hernandez,0
55,028,Kings,Zohran Kwame Mamdani,111
55,029,Kings,Andrew M. Cuomo,92
55,029,Kings,Curtis A. Sliwa,14
55,029,Kings,Eric L. Adams,1
55,029,Kings,Irene Estrada,0
55,029,Kings,Jim Walden,0
55,029,Kings,Joseph Hernandez,1
55,029,Kings,Zohran Kwame Mamdani,144
55,030,Kings,Andrew M. Cuomo,122
55,030,Kings,Curtis A. Sliwa,8
55,030,Kings,Eric L. Adams,1
55,030,Kings,Irene Estrada,0
55,030,Kings,Jim Walden,0
55,030,Kings,Joseph Hernandez,1
55,030,Kings,Zohran Kwame Mamdani,199
55,031,Kings,Andrew M. Cuomo,14
55,031,Kings,Curtis A. Sliwa,1
55,031,Kings,Eric L. Adams,1
55,031,Kings,Irene Estrada,0
55,031,Kings,Jim Walden,0
55,031,Kings,Joseph Hernandez,1
55,031,Kings,Zohran Kwame Mamdani,23
55,032,Kings,Andrew M. Cuomo,71
55,032,Kings,Curtis A. Sliwa,9
55,032,Kings,Eric L. Adams,1
55,032,Kings,Irene Estrada,1
55,032,Kings,Jim Walden,1
55,032,Kings,Joseph Hernandez,0
55,032,Kings,Zohran Kwame Mamdani,120
55,033,Kings,Andrew M. Cuomo,156
55,033,Kings,Curtis A. Sliwa,16
55,033,Kings,Eric L. Adams,3
55,033,Kings,Irene Estrada,6
55,033,Kings,Jim Walden,0
55,033,Kings,Joseph Hernandez,0
55,033,Kings,Zohran Kwame Mamdani,287
55,034,Kings,Andrew M. Cuomo,45
55,034,Kings,Curtis A. Sliwa,3
55,034,Kings,Eric L. Adams,0
55,034,Kings,Irene Estrada,0
55,034,Kings,Jim Walden,0
55,034,Kings,Joseph Hernandez,0
55,034,Kings,Zohran Kwame Mamdani,101
55,035,Kings,Andrew M. Cuomo,57
55,035,Kings,Curtis A. Sliwa,3
55,035,Kings,Eric L. Adams,1
55,035,Kings,Irene Estrada,0
55,035,Kings,Jim Walden,0
55,035,Kings,Joseph Hernandez,0
55,035,Kings,Zohran Kwame Mamdani,91
55,036,Kings,Andrew M. Cuomo,123
55,036,Kings,Curtis A. Sliwa,10
55,036,Kings,Eric L. Adams,2
55,036,Kings,Irene Estrada,0
55,036,Kings,Jim Walden,0
55,036,Kings,Joseph Hernandez,0
55,036,Kings,Zohran Kwame Mamdani,262
55,037,Kings,Andrew M. Cuomo,24
55,037,Kings,Curtis A. Sliwa,2
55,037,Kings,Eric L. Adams,3
55,037,Kings,Irene Estrada,0
55,037,Kings,Jim Walden,0
55,037,Kings,Joseph Hernandez,1
55,037,Kings,Zohran Kwame Mamdani,28
55,038,Kings,Andrew M. Cuomo,167
55,038,Kings,Curtis A. Sliwa,15
55,038,Kings,Eric L. Adams,4
55,038,Kings,Irene Estrada,1
55,038,Kings,Jim Walden,1
55,038,Kings,Joseph Hernandez,0
55,038,Kings,Zohran Kwame Mamdani,247
55,039,Kings,Andrew M. Cuomo,158
55,039,Kings,Curtis A. Sliwa,10
55,039,Kings,Eric L. Adams,4
55,039,Kings,Irene Estrada,0
55,039,Kings,Jim Walden,0
55,039,Kings,Joseph Hernandez,1
55,039,Kings,Zohran Kwame Mamdani,274
55,040,Kings,Andrew M. Cuomo,127
55,040,Kings,Curtis A. Sliwa,9
55,040,Kings,Eric L. Adams,0
55,040,Kings,Irene Estrada,1
55,040,Kings,Jim Walden,0
55,040,Kings,Joseph Hernandez,1
55,040,Kings,Zohran Kwame Mamdani,125
55,041,Kings,Andrew M. Cuomo,110
55,041,Kings,Curtis A. Sliwa,7
55,041,Kings,Eric L. Adams,2
55,041,Kings,Irene Estrada,1
55,041,Kings,Jim Walden,0
55,041,Kings,Joseph Hernandez,0
55,041,Kings,Zohran Kwame Mamdani,140
55,042,Kings,Andrew M. Cuomo,103
55,042,Kings,Curtis A. Sliwa,7
55,042,Kings,Eric L. Adams,4
55,042,Kings,Irene Estrada,1
55,042,Kings,Jim Walden,0
55,042,Kings,Joseph Hernandez,1
55,042,Kings,Zohran Kwame Mamdani,117
55,043,Kings,Andrew M. Cuomo,77
55,043,Kings,Curtis A. Sliwa,9
55,043,Kings,Eric L. Adams,1
55,043,Kings,Irene Estrada,0
55,043,Kings,Jim Walden,0
55,043,Kings,Joseph Hernandez,0
55,043,Kings,Zohran Kwame Mamdani,95
55,044,Kings,Andrew M. Cuomo,132
55,044,Kings,Curtis A. Sliwa,13
55,044,Kings,Eric L. Adams,4
55,044,Kings,Irene Estrada,1
55,044,Kings,Jim Walden,0
55,044,Kings,Joseph Hernandez,0
55,044,Kings,Zohran Kwame Mamdani,209
55,045,Kings,Andrew M. Cuomo,155
55,045,Kings,Curtis A. Sliwa,3
55,045,Kings,Eric L. Adams,2
55,045,Kings,Irene Estrada,0
55,045,Kings,Jim Walden,1
55,045,Kings,Joseph Hernandez,0
55,045,Kings,Zohran Kwame Mamdani,283
55,046,Kings,Andrew M. Cuomo,69
55,046,Kings,Curtis A. Sliwa,3
55,046,Kings,Eric L. Adams,2
55,046,Kings,Irene Estrada,0
55,046,Kings,Jim Walden,0
55,046,Kings,Joseph Hernandez,0
55,046,Kings,Zohran Kwame Mamdani,123
55,047,Kings,Andrew M. Cuomo,163
55,047,Kings,Curtis A. Sliwa,13
55,047,Kings,Eric L. Adams,0
55,047,Kings,Irene Estrada,0
55,047,Kings,Jim Walden,0
55,047,Kings,Joseph Hernandez,1
55,047,Kings,Zohran Kwame Mamdani,224
55,048,Kings,Andrew M. Cuomo,186
55,048,Kings,Curtis A. Sliwa,10
55,048,Kings,Eric L. Adams,3
55,048,Kings,Irene Estrada,0
55,048,Kings,Jim Walden,0
55,048,Kings,Joseph Hernandez,2
55,048,Kings,Zohran Kwame Mamdani,231
55,049,Kings,Andrew M. Cuomo,157
55,049,Kings,Curtis A. Sliwa,12
55,049,Kings,Eric L. Adams,3
55,049,Kings,Irene Estrada,0
55,049,Kings,Jim Walden,1
55,049,Kings,Joseph Hernandez,0
55,049,Kings,Zohran Kwame Mamdani,235
55,050,Kings,Andrew M. Cuomo,132
55,050,Kings,Curtis A. Sliwa,7
55,050,Kings,Eric L. Adams,1
55,050,Kings,Irene Estrada,1
55,050,Kings,Jim Walden,0
55,050,Kings,Joseph Hernandez,0
55,050,Kings,Zohran Kwame Mamdani,234
55,051,Kings,Andrew M. Cuomo,154
55,051,Kings,Curtis A. Sliwa,10
55,051,Kings,Eric L. Adams,3
55,051,Kings,Irene Estrada,2
55,051,Kings,Jim Walden,0
55,051,Kings,Joseph Hernandez,0
55,051,Kings,Zohran Kwame Mamdani,427
55,052,Kings,Andrew M. Cuomo,161
55,052,Kings,Curtis A. Sliwa,9
55,052,Kings,Eric L. Adams,1
55,052,Kings,Irene Estrada,0
55,052,Kings,Jim Walden,0
55,052,Kings,Joseph Hernandez,0
55,052,Kings,Zohran Kwame Mamdani,324
55,053,Kings,Andrew M. Cuomo,140
55,053,Kings,Curtis A. Sliwa,10
55,053,Kings,Eric L. Adams,3
55,053,Kings,Irene Estrada,2
55,053,Kings,Jim Walden,1
55,053,Kings,Joseph Hernandez,0
55,053,Kings,Zohran Kwame Mamdani,374
55,054,Kings,Andrew M. Cuomo,22
55,054,Kings,Curtis A. Sliwa,1
55,054,Kings,Eric L. Adams,0
55,054,Kings,Irene Estrada,0
55,054,Kings,Jim Walden,0
55,054,Kings,Joseph Hernandez,0
55,054,Kings,Zohran Kwame Mamdani,75
55,055,Kings,Andrew M. Cuomo,104
55,055,Kings,Curtis A. Sliwa,12
55,055,Kings,Eric L. Adams,3
55,055,Kings,Irene Estrada,0
55,055,Kings,Jim Walden,0
55,055,Kings,Joseph Hernandez,0
55,055,Kings,Zohran Kwame Mamdani,184
55,056,Kings,Andrew M. Cuomo,147
55,056,Kings,Curtis A. Sliwa,10
55,056,Kings,Eric L. Adams,5
55,056,Kings,Irene Estrada,0
55,056,Kings,Jim Walden,1
55,056,Kings,Joseph Hernandez,0
55,056,Kings,Zohran Kwame Mamdani,303
55,057,Kings,Andrew M. Cuomo,131
55,057,Kings,Curtis A. Sliwa,6
55,057,Kings,Eric L. Adams,5
55,057,Kings,Irene Estrada,1
55,057,Kings,Jim Walden,0
55,057,Kings,Joseph Hernandez,1
55,057,Kings,Zohran Kwame Mamdani,314
55,058,Kings,Andrew M. Cuomo,0
55,058,Kings,Curtis A. Sliwa,1
55,058,Kings,Eric L. Adams,0
55,058,Kings,Irene Estrada,0
55,058,Kings,Jim Walden,0
55,058,Kings,Joseph Hernandez,0
55,058,Kings,Zohran Kwame Mamdani,0
55,059,Kings,Andrew M. Cuomo,118
55,059,Kings,Curtis A. Sliwa,4
55,059,Kings,Eric L. Adams,4
55,059,Kings,Irene Estrada,1
55,059,Kings,Jim Walden,0
55,059,Kings,Joseph Hernandez,0
55,059,Kings,Zohran Kwame Mamdani,300
55,060,Kings,Andrew M. Cuomo,85
55,060,Kings,Curtis A. Sliwa,7
55,060,Kings,Eric L. Adams,0
55,060,Kings,Irene Estrada,1
55,060,Kings,Jim Walden,0
55,060,Kings,Joseph Hernandez,0
55,060,Kings,Zohran Kwame Mamdani,284
55,061,Kings,Andrew M. Cuomo,69
55,061,Kings,Curtis A. Sliwa,4
55,061,Kings,Eric L. Adams,1
55,061,Kings,Irene Estrada,0
55,061,Kings,Jim Walden,1
55,061,Kings,Joseph Hernandez,0
55,061,Kings,Zohran Kwame Mamdani,235
55,062,Kings,Andrew M. Cuomo,69
55,062,Kings,Curtis A. Sliwa,3
55,062,Kings,Eric L. Adams,3
55,062,Kings,Irene Estrada,1
55,062,Kings,Jim Walden,0
55,062,Kings,Joseph Hernandez,0
55,062,Kings,Zohran Kwame Mamdani,162
55,063,Kings,Andrew M. Cuomo,176
55,063,Kings,Curtis A. Sliwa,8
55,063,Kings,Eric L. Adams,2
55,063,Kings,Irene Estrada,2
55,063,Kings,Jim Walden,0
55,063,Kings,Joseph Hernandez,1
55,063,Kings,Zohran Kwame Mamdani,343
55,064,Kings,Andrew M. Cuomo,178
55,064,Kings,Curtis A. Sliwa,11
55,064,Kings,Eric L. Adams,2
55,064,Kings,Irene Estrada,1
55,064,Kings,Jim Walden,1
55,064,Kings,Joseph Hernandez,0
55,064,Kings,Zohran Kwame Mamdani,261
55,065,Kings,Andrew M. Cuomo,0
55,065,Kings,Curtis A. Sliwa,0
55,065,Kings,Eric L. Adams,0
55,065,Kings,Irene Estrada,0
55,065,Kings,Jim Walden,0
55,065,Kings,Joseph Hernandez,0
55,065,Kings,Zohran Kwame Mamdani,0
55,066,Kings,Andrew M. Cuomo,2
55,066,Kings,Curtis A. Sliwa,0
55,066,Kings,Eric L. Adams,0
55,066,Kings,Irene Estrada,0
55,066,Kings,Jim Walden,0
55,066,Kings,Joseph Hernandez,0
55,066,Kings,Zohran Kwame Mamdani,8
56,001,Kings,Andrew M. Cuomo,140
56,001,Kings,Curtis A. Sliwa,13
56,001,Kings,Eric L. Adams,2
56,001,Kings,Irene Estrada,1
56,001,Kings,Jim Walden,0
56,001,Kings,Joseph Hernandez,0
56,001,Kings,Zohran Kwame Mamdani,175
56,002,Kings,Andrew M. Cuomo,132
56,002,Kings,Curtis A. Sliwa,14
56,002,Kings,Eric L. Adams,1
56,002,Kings,Irene Estrada,0
56,002,Kings,Jim Walden,0
56,002,Kings,Joseph Hernandez,0
56,002,Kings,Zohran Kwame Mamdani,145
56,003,Kings,Andrew M. Cuomo,298
56,003,Kings,Curtis A. Sliwa,9
56,003,Kings,Eric L. Adams,17
56,003,Kings,Irene Estrada,0
56,003,Kings,Jim Walden,0
56,003,Kings,Joseph Hernandez,0
56,003,Kings,Zohran Kwame Mamdani,183
56,004,Kings,Andrew M. Cuomo,119
56,004,Kings,Curtis A. Sliwa,17
56,004,Kings,Eric L. Adams,3
56,004,Kings,Irene Estrada,0
56,004,Kings,Jim Walden,0
56,004,Kings,Joseph Hernandez,0
56,004,Kings,Zohran Kwame Mamdani,299
56,005,Kings,Andrew M. Cuomo,144
56,005,Kings,Curtis A. Sliwa,11
56,005,Kings,Eric L. Adams,3
56,005,Kings,Irene Estrada,0
56,005,Kings,Jim Walden,0
56,005,Kings,Joseph Hernandez,1
56,005,Kings,Zohran Kwame Mamdani,173
56,006,Kings,Andrew M. Cuomo,142
56,006,Kings,Curtis A. Sliwa,5
56,006,Kings,Eric L. Adams,3
56,006,Kings,Irene Estrada,1
56,006,Kings,Jim Walden,0
56,006,Kings,Joseph Hernandez,0
56,006,Kings,Zohran Kwame Mamdani,168
56,007,Kings,Andrew M. Cuomo,173
56,007,Kings,Curtis A. Sliwa,17
56,007,Kings,Eric L. Adams,6
56,007,Kings,Irene Estrada,0
56,007,Kings,Jim Walden,0
56,007,Kings,Joseph Hernandez,0
56,007,Kings,Zohran Kwame Mamdani,125
56,008,Kings,Andrew M. Cuomo,142
56,008,Kings,Curtis A. Sliwa,11
56,008,Kings,Eric L. Adams,4
56,008,Kings,Irene Estrada,0
56,008,Kings,Jim Walden,0
56,008,Kings,Joseph Hernandez,0
56,008,Kings,Zohran Kwame Mamdani,395
56,009,Kings,Andrew M. Cuomo,101
56,009,Kings,Curtis A. Sliwa,17
56,009,Kings,Eric L. Adams,2
56,009,Kings,Irene Estrada,2
56,009,Kings,Jim Walden,0
56,009,Kings,Joseph Hernandez,0
56,009,Kings,Zohran Kwame Mamdani,544
56,010,Kings,Andrew M. Cuomo,101
56,010,Kings,Curtis A. Sliwa,12
56,010,Kings,Eric L. Adams,4
56,010,Kings,Irene Estrada,0
56,010,Kings,Jim Walden,0
56,010,Kings,Joseph Hernandez,0
56,010,Kings,Zohran Kwame Mamdani,439
56,011,Kings,Andrew M. Cuomo,135
56,011,Kings,Curtis A. Sliwa,15
56,011,Kings,Eric L. Adams,9
56,011,Kings,Irene Estrada,1
56,011,Kings,Jim Walden,2
56,011,Kings,Joseph Hernandez,0
56,011,Kings,Zohran Kwame Mamdani,577
56,012,Kings,Andrew M. Cuomo,94
56,012,Kings,Curtis A. Sliwa,19
56,012,Kings,Eric L. Adams,0
56,012,Kings,Irene Estrada,0
56,012,Kings,Jim Walden,0
56,012,Kings,Joseph Hernandez,0
56,012,Kings,Zohran Kwame Mamdani,701
56,013,Kings,Andrew M. Cuomo,146
56,013,Kings,Curtis A. Sliwa,5
56,013,Kings,Eric L. Adams,0
56,013,Kings,Irene Estrada,0
56,013,Kings,Jim Walden,1
56,013,Kings,Joseph Hernandez,0
56,013,Kings,Zohran Kwame Mamdani,465
56,014,Kings,Andrew M. Cuomo,89
56,014,Kings,Curtis A. Sliwa,4
56,014,Kings,Eric L. Adams,0
56,014,Kings,Irene Estrada,0
56,014,Kings,Jim Walden,0
56,014,Kings,Joseph Hernandez,0
56,014,Kings,Zohran Kwame Mamdani,567
56,015,Kings,Andrew M. Cuomo,112
56,015,Kings,Curtis A. Sliwa,10
56,015,Kings,Eric L. Adams,5
56,015,Kings,Irene Estrada,0
56,015,Kings,Jim Walden,0
56,015,Kings,Joseph Hernandez,0
56,015,Kings,Zohran Kwame Mamdani,181
56,016,Kings,Andrew M. Cuomo,102
56,016,Kings,Curtis A. Sliwa,19
56,016,Kings,Eric L. Adams,1
56,016,Kings,Irene Estrada,1
56,016,Kings,Jim Walden,0
56,016,Kings,Joseph Hernandez,1
56,016,Kings,Zohran Kwame Mamdani,375
56,017,Kings,Andrew M. Cuomo,96
56,017,Kings,Curtis A. Sliwa,10
56,017,Kings,Eric L. Adams,2
56,017,Kings,Irene Estrada,1
56,017,Kings,Jim Walden,0
56,017,Kings,Joseph Hernandez,0
56,017,Kings,Zohran Kwame Mamdani,439
56,018,Kings,Andrew M. Cuomo,2
56,018,Kings,Curtis A. Sliwa,0
56,018,Kings,Eric L. Adams,0
56,018,Kings,Irene Estrada,0
56,018,Kings,Jim Walden,0
56,018,Kings,Joseph Hernandez,0
56,018,Kings,Zohran Kwame Mamdani,50
56,019,Kings,Andrew M. Cuomo,117
56,019,Kings,Curtis A. Sliwa,7
56,019,Kings,Eric L. Adams,2
56,019,Kings,Irene Estrada,0
56,019,Kings,Jim Walden,0
56,019,Kings,Joseph Hernandez,0
56,019,Kings,Zohran Kwame Mamdani,484
56,020,Kings,Andrew M. Cuomo,105
56,020,Kings,Curtis A. Sliwa,8
56,020,Kings,Eric L. Adams,2
56,020,Kings,Irene Estrada,1
56,020,Kings,Jim Walden,0
56,020,Kings,Joseph Hernandez,1
56,020,Kings,Zohran Kwame Mamdani,657
56,021,Kings,Andrew M. Cuomo,115
56,021,Kings,Curtis A. Sliwa,7
56,021,Kings,Eric L. Adams,5
56,021,Kings,Irene Estrada,2
56,021,Kings,Jim Walden,2
56,021,Kings,Joseph Hernandez,2
56,021,Kings,Zohran Kwame Mamdani,505
56,022,Kings,Andrew M. Cuomo,86
56,022,Kings,Curtis A. Sliwa,7
56,022,Kings,Eric L. Adams,1
56,022,Kings,Irene Estrada,0
56,022,Kings,Jim Walden,0
56,022,Kings,Joseph Hernandez,1
56,022,Kings,Zohran Kwame Mamdani,378
56,023,Kings,Andrew M. Cuomo,70
56,023,Kings,Curtis A. Sliwa,4
56,023,Kings,Eric L. Adams,1
56,023,Kings,Irene Estrada,1
56,023,Kings,Jim Walden,0
56,023,Kings,Joseph Hernandez,0
56,023,Kings,Zohran Kwame Mamdani,435
56,024,Kings,Andrew M. Cuomo,120
56,024,Kings,Curtis A. Sliwa,12
56,024,Kings,Eric L. Adams,3
56,024,Kings,Irene Estrada,3
56,024,Kings,Jim Walden,0
56,024,Kings,Joseph Hernandez,0
56,024,Kings,Zohran Kwame Mamdani,611
56,025,Kings,Andrew M. Cuomo,67
56,025,Kings,Curtis A. Sliwa,4
56,025,Kings,Eric L. Adams,5
56,025,Kings,Irene Estrada,0
56,025,Kings,Jim Walden,0
56,025,Kings,Joseph Hernandez,0
56,025,Kings,Zohran Kwame Mamdani,677
56,026,Kings,Andrew M. Cuomo,122
56,026,Kings,Curtis A. Sliwa,9
56,026,Kings,Eric L. Adams,5
56,026,Kings,Irene Estrada,0
56,026,Kings,Jim Walden,0
56,026,Kings,Joseph Hernandez,0
56,026,Kings,Zohran Kwame Mamdani,438
56,027,Kings,Andrew M. Cuomo,77
56,027,Kings,Curtis A. Sliwa,10
56,027,Kings,Eric L. Adams,2
56,027,Kings,Irene Estrada,1
56,027,Kings,Jim Walden,0
56,027,Kings,Joseph Hernandez,2
56,027,Kings,Zohran Kwame Mamdani,689
56,028,Kings,Andrew M. Cuomo,105
56,028,Kings,Curtis A. Sliwa,8
56,028,Kings,Eric L. Adams,7
56,028,Kings,Irene Estrada,1
56,028,Kings,Jim Walden,1
56,028,Kings,Joseph Hernandez,3
56,028,Kings,Zohran Kwame Mamdani,470
56,029,Kings,Andrew M. Cuomo,125
56,029,Kings,Curtis A. Sliwa,10
56,029,Kings,Eric L. Adams,3
56,029,Kings,Irene Estrada,3
56,029,Kings,Jim Walden,0
56,029,Kings,Joseph Hernandez,2
56,029,Kings,Zohran Kwame Mamdani,695
56,030,Kings,Andrew M. Cuomo,104
56,030,Kings,Curtis A. Sliwa,8
56,030,Kings,Eric L. Adams,1
56,030,Kings,Irene Estrada,1
56,030,Kings,Jim Walden,0
56,030,Kings,Joseph Hernandez,0
56,030,Kings,Zohran Kwame Mamdani,506
56,031,Kings,Andrew M. Cuomo,75
56,031,Kings,Curtis A. Sliwa,8
56,031,Kings,Eric L. Adams,5
56,031,Kings,Irene Estrada,0
56,031,Kings,Jim Walden,1
56,031,Kings,Joseph Hernandez,0
56,031,Kings,Zohran Kwame Mamdani,479
56,032,Kings,Andrew M. Cuomo,117
56,032,Kings,Curtis A. Sliwa,9
56,032,Kings,Eric L. Adams,0
56,032,Kings,Irene Estrada,1
56,032,Kings,Jim Walden,0
56,032,Kings,Joseph Hernandez,1
56,032,Kings,Zohran Kwame Mamdani,655
56,033,Kings,Andrew M. Cuomo,104
56,033,Kings,Curtis A. Sliwa,7
56,033,Kings,Eric L. Adams,0
56,033,Kings,Irene Estrada,1
56,033,Kings,Jim Walden,1
56,033,Kings,Joseph Hernandez,1
56,033,Kings,Zohran Kwame Mamdani,532
56,034,Kings,Andrew M. Cuomo,130
56,034,Kings,Curtis A. Sliwa,5
56,034,Kings,Eric L. Adams,7
56,034,Kings,Irene Estrada,1
56,034,Kings,Jim Walden,1
56,034,Kings,Joseph Hernandez,0
56,034,Kings,Zohran Kwame Mamdani,336
56,035,Kings,Andrew M. Cuomo,98
56,035,Kings,Curtis A. Sliwa,6
56,035,Kings,Eric L. Adams,2
56,035,Kings,Irene Estrada,1
56,035,Kings,Jim Walden,0
56,035,Kings,Joseph Hernandez,1
56,035,Kings,Zohran Kwame Mamdani,510
56,036,Kings,Andrew M. Cuomo,105
56,036,Kings,Curtis A. Sliwa,9
56,036,Kings,Eric L. Adams,0
56,036,Kings,Irene Estrada,0
56,036,Kings,Jim Walden,1
56,036,Kings,Joseph Hernandez,0
56,036,Kings,Zohran Kwame Mamdani,544
56,037,Kings,Andrew M. Cuomo,122
56,037,Kings,Curtis A. Sliwa,9
56,037,Kings,Eric L. Adams,1
56,037,Kings,Irene Estrada,2
56,037,Kings,Jim Walden,2
56,037,Kings,Joseph Hernandez,1
56,037,Kings,Zohran Kwame Mamdani,691
56,038,Kings,Andrew M. Cuomo,86
56,038,Kings,Curtis A. Sliwa,11
56,038,Kings,Eric L. Adams,3
56,038,Kings,Irene Estrada,0
56,038,Kings,Jim Walden,2
56,038,Kings,Joseph Hernandez,0
56,038,Kings,Zohran Kwame Mamdani,666
56,039,Kings,Andrew M. Cuomo,76
56,039,Kings,Curtis A. Sliwa,6
56,039,Kings,Eric L. Adams,3
56,039,Kings,Irene Estrada,1
56,039,Kings,Jim Walden,1
56,039,Kings,Joseph Hernandez,0
56,039,Kings,Zohran Kwame Mamdani,481
56,040,Kings,Andrew M. Cuomo,117
56,040,Kings,Curtis A. Sliwa,5
56,040,Kings,Eric L. Adams,4
56,040,Kings,Irene Estrada,1
56,040,Kings,Jim Walden,0
56,040,Kings,Joseph Hernandez,1
56,040,Kings,Zohran Kwame Mamdani,532
56,041,Kings,Andrew M. Cuomo,112
56,041,Kings,Curtis A. Sliwa,9
56,041,Kings,Eric L. Adams,5
56,041,Kings,Irene Estrada,0
56,041,Kings,Jim Walden,0
56,041,Kings,Joseph Hernandez,1
56,041,Kings,Zohran Kwame Mamdani,573
56,042,Kings,Andrew M. Cuomo,127
56,042,Kings,Curtis A. Sliwa,11
56,042,Kings,Eric L. Adams,4
56,042,Kings,Irene Estrada,0
56,042,Kings,Jim Walden,0
56,042,Kings,Joseph Hernandez,0
56,042,Kings,Zohran Kwame Mamdani,493
56,043,Kings,Andrew M. Cuomo,103
56,043,Kings,Curtis A. Sliwa,8
56,043,Kings,Eric L. Adams,2
56,043,Kings,Irene Estrada,0
56,043,Kings,Jim Walden,1
56,043,Kings,Joseph Hernandez,2
56,043,Kings,Zohran Kwame Mamdani,510
56,044,Kings,Andrew M. Cuomo,132
56,044,Kings,Curtis A. Sliwa,10
56,044,Kings,Eric L. Adams,0
56,044,Kings,Irene Estrada,0
56,044,Kings,Jim Walden,0
56,044,Kings,Joseph Hernandez,0
56,044,Kings,Zohran Kwame Mamdani,598
56,045,Kings,Andrew M. Cuomo,118
56,045,Kings,Curtis A. Sliwa,4
56,045,Kings,Eric L. Adams,5
56,045,Kings,Irene Estrada,0
56,045,Kings,Jim Walden,1
56,045,Kings,Joseph Hernandez,1
56,045,Kings,Zohran Kwame Mamdani,510
56,046,Kings,Andrew M. Cuomo,95
56,046,Kings,Curtis A. Sliwa,12
56,046,Kings,Eric L. Adams,0
56,046,Kings,Irene Estrada,0
56,046,Kings,Jim Walden,0
56,046,Kings,Joseph Hernandez,0
56,046,Kings,Zohran Kwame Mamdani,615
56,047,Kings,Andrew M. Cuomo,128
56,047,Kings,Curtis A. Sliwa,10
56,047,Kings,Eric L. Adams,6
56,047,Kings,Irene Estrada,2
56,047,Kings,Jim Walden,0
56,047,Kings,Joseph Hernandez,1
56,047,Kings,Zohran Kwame Mamdani,601
56,048,Kings,Andrew M. Cuomo,126
56,048,Kings,Curtis A. Sliwa,3
56,048,Kings,Eric L. Adams,5
56,048,Kings,Irene Estrada,2
56,048,Kings,Jim Walden,1
56,048,Kings,Joseph Hernandez,0
56,048,Kings,Zohran Kwame Mamdani,669
56,049,Kings,Andrew M. Cuomo,136
56,049,Kings,Curtis A. Sliwa,9
56,049,Kings,Eric L. Adams,1
56,049,Kings,Irene Estrada,2
56,049,Kings,Jim Walden,2
56,049,Kings,Joseph Hernandez,0
56,049,Kings,Zohran Kwame Mamdani,635
56,050,Kings,Andrew M. Cuomo,141
56,050,Kings,Curtis A. Sliwa,7
56,050,Kings,Eric L. Adams,2
56,050,Kings,Irene Estrada,0
56,050,Kings,Jim Walden,1
56,050,Kings,Joseph Hernandez,0
56,050,Kings,Zohran Kwame Mamdani,735
56,051,Kings,Andrew M. Cuomo,76
56,051,Kings,Curtis A. Sliwa,6
56,051,Kings,Eric L. Adams,1
56,051,Kings,Irene Estrada,1
56,051,Kings,Jim Walden,0
56,051,Kings,Joseph Hernandez,0
56,051,Kings,Zohran Kwame Mamdani,109
56,052,Kings,Andrew M. Cuomo,82
56,052,Kings,Curtis A. Sliwa,10
56,052,Kings,Eric L. Adams,5
56,052,Kings,Irene Estrada,0
56,052,Kings,Jim Walden,1
56,052,Kings,Joseph Hernandez,0
56,052,Kings,Zohran Kwame Mamdani,164
56,053,Kings,Andrew M. Cuomo,112
56,053,Kings,Curtis A. Sliwa,8
56,053,Kings,Eric L. Adams,3
56,053,Kings,Irene Estrada,2
56,053,Kings,Jim Walden,0
56,053,Kings,Joseph Hernandez,0
56,053,Kings,Zohran Kwame Mamdani,610
56,054,Kings,Andrew M. Cuomo,49
56,054,Kings,Curtis A. Sliwa,6
56,054,Kings,Eric L. Adams,1
56,054,Kings,Irene Estrada,0
56,054,Kings,Jim Walden,0
56,054,Kings,Joseph Hernandez,0
56,054,Kings,Zohran Kwame Mamdani,333
56,055,Kings,Andrew M. Cuomo,92
56,055,Kings,Curtis A. Sliwa,7
56,055,Kings,Eric L. Adams,6
56,055,Kings,Irene Estrada,1
56,055,Kings,Jim Walden,0
56,055,Kings,Joseph Hernandez,1
56,055,Kings,Zohran Kwame Mamdani,337
56,056,Kings,Andrew M. Cuomo,146
56,056,Kings,Curtis A. Sliwa,14
56,056,Kings,Eric L. Adams,4
56,056,Kings,Irene Estrada,1
56,056,Kings,Jim Walden,0
56,056,Kings,Joseph Hernandez,1
56,056,Kings,Zohran Kwame Mamdani,678
56,057,Kings,Andrew M. Cuomo,47
56,057,Kings,Curtis A. Sliwa,6
56,057,Kings,Eric L. Adams,1
56,057,Kings,Irene Estrada,0
56,057,Kings,Jim Walden,0
56,057,Kings,Joseph Hernandez,0
56,057,Kings,Zohran Kwame Mamdani,86
56,058,Kings,Andrew M. Cuomo,131
56,058,Kings,Curtis A. Sliwa,15
56,058,Kings,Eric L. Adams,1
56,058,Kings,Irene Estrada,0
56,058,Kings,Jim Walden,1
56,058,Kings,Joseph Hernandez,0
56,058,Kings,Zohran Kwame Mamdani,743
56,059,Kings,Andrew M. Cuomo,53
56,059,Kings,Curtis A. Sliwa,8
56,059,Kings,Eric L. Adams,1
56,059,Kings,Irene Estrada,0
56,059,Kings,Jim Walden,0
56,059,Kings,Joseph Hernandez,0
56,059,Kings,Zohran Kwame Mamdani,416
56,060,Kings,Andrew M. Cuomo,65
56,060,Kings,Curtis A. Sliwa,4
56,060,Kings,Eric L. Adams,1
56,060,Kings,Irene Estrada,0
56,060,Kings,Jim Walden,0
56,060,Kings,Joseph Hernandez,0
56,060,Kings,Zohran Kwame Mamdani,326
56,061,Kings,Andrew M. Cuomo,53
56,061,Kings,Curtis A. Sliwa,6
56,061,Kings,Eric L. Adams,3
56,061,Kings,Irene Estrada,0
56,061,Kings,Jim Walden,0
56,061,Kings,Joseph Hernandez,0
56,061,Kings,Zohran Kwame Mamdani,301
56,062,Kings,Andrew M. Cuomo,153
56,062,Kings,Curtis A. Sliwa,6
56,062,Kings,Eric L. Adams,2
56,062,Kings,Irene Estrada,0
56,062,Kings,Jim Walden,0
56,062,Kings,Joseph Hernandez,0
56,062,Kings,Zohran Kwame Mamdani,348
56,063,Kings,Andrew M. Cuomo,87
56,063,Kings,Curtis A. Sliwa,12
56,063,Kings,Eric L. Adams,2
56,063,Kings,Irene Estrada,1
56,063,Kings,Jim Walden,1
56,063,Kings,Joseph Hernandez,1
56,063,Kings,Zohran Kwame Mamdani,583
56,064,Kings,Andrew M. Cuomo,100
56,064,Kings,Curtis A. Sliwa,12
56,064,Kings,Eric L. Adams,1
56,064,Kings,Irene Estrada,1
56,064,Kings,Jim Walden,0
56,064,Kings,Joseph Hernandez,0
56,064,Kings,Zohran Kwame Mamdani,344
56,065,Kings,Andrew M. Cuomo,44
56,065,Kings,Curtis A. Sliwa,5
56,065,Kings,Eric L. Adams,1
56,065,Kings,Irene Estrada,0
56,065,Kings,Jim Walden,1
56,065,Kings,Joseph Hernandez,0
56,065,Kings,Zohran Kwame Mamdani,182
56,066,Kings,Andrew M. Cuomo,47
56,066,Kings,Curtis A. Sliwa,3
56,066,Kings,Eric L. Adams,4
56,066,Kings,Irene Estrada,1
56,066,Kings,Jim Walden,0
56,066,Kings,Joseph Hernandez,0
56,066,Kings,Zohran Kwame Mamdani,147
56,067,Kings,Andrew M. Cuomo,75
56,067,Kings,Curtis A. Sliwa,9
56,067,Kings,Eric L. Adams,2
56,067,Kings,Irene Estrada,1
56,067,Kings,Jim Walden,1
56,067,Kings,Joseph Hernandez,0
56,067,Kings,Zohran Kwame Mamdani,123
56,068,Kings,Andrew M. Cuomo,54
56,068,Kings,Curtis A. Sliwa,8
56,068,Kings,Eric L. Adams,1
56,068,Kings,Irene Estrada,1
56,068,Kings,Jim Walden,0
56,068,Kings,Joseph Hernandez,0
56,068,Kings,Zohran Kwame Mamdani,203
56,069,Kings,Andrew M. Cuomo,108
56,069,Kings,Curtis A. Sliwa,4
56,069,Kings,Eric L. Adams,1
56,069,Kings,Irene Estrada,0
56,069,Kings,Jim Walden,1
56,069,Kings,Joseph Hernandez,0
56,069,Kings,Zohran Kwame Mamdani,613
56,070,Kings,Andrew M. Cuomo,3
56,070,Kings,Curtis A. Sliwa,2
56,070,Kings,Eric L. Adams,0
56,070,Kings,Irene Estrada,0
56,070,Kings,Jim Walden,0
56,070,Kings,Joseph Hernandez,0
56,070,Kings,Zohran Kwame Mamdani,103
57,001,Kings,Andrew M. Cuomo,97
57,001,Kings,Curtis A. Sliwa,15
57,001,Kings,Eric L. Adams,2
57,001,Kings,Irene Estrada,0
57,001,Kings,Jim Walden,0
57,001,Kings,Joseph Hernandez,0
57,001,Kings,Zohran Kwame Mamdani,182
57,002,Kings,Andrew M. Cuomo,123
57,002,Kings,Curtis A. Sliwa,8
57,002,Kings,Eric L. Adams,4
57,002,Kings,Irene Estrada,2
57,002,Kings,Jim Walden,0
57,002,Kings,Joseph Hernandez,0
57,002,Kings,Zohran Kwame Mamdani,172
57,003,Kings,Andrew M. Cuomo,128
57,003,Kings,Curtis A. Sliwa,13
57,003,Kings,Eric L. Adams,5
57,003,Kings,Irene Estrada,2
57,003,Kings,Jim Walden,0
57,003,Kings,Joseph Hernandez,1
57,003,Kings,Zohran Kwame Mamdani,187
57,004,Kings,Andrew M. Cuomo,131
57,004,Kings,Curtis A. Sliwa,19
57,004,Kings,Eric L. Adams,10
57,004,Kings,Irene Estrada,1
57,004,Kings,Jim Walden,0
57,004,Kings,Joseph Hernandez,0
57,004,Kings,Zohran Kwame Mamdani,177
57,005,Kings,Andrew M. Cuomo,69
57,005,Kings,Curtis A. Sliwa,6
57,005,Kings,Eric L. Adams,2
57,005,Kings,Irene Estrada,0
57,005,Kings,Jim Walden,0
57,005,Kings,Joseph Hernandez,0
57,005,Kings,Zohran Kwame Mamdani,88
57,006,Kings,Andrew M. Cuomo,92
57,006,Kings,Curtis A. Sliwa,4
57,006,Kings,Eric L. Adams,1
57,006,Kings,Irene Estrada,2
57,006,Kings,Jim Walden,0
57,006,Kings,Joseph Hernandez,1
57,006,Kings,Zohran Kwame Mamdani,128
57,007,Kings,Andrew M. Cuomo,113
57,007,Kings,Curtis A. Sliwa,8
57,007,Kings,Eric L. Adams,3
57,007,Kings,Irene Estrada,2
57,007,Kings,Jim Walden,0
57,007,Kings,Joseph Hernandez,1
57,007,Kings,Zohran Kwame Mamdani,118
57,008,Kings,Andrew M. Cuomo,90
57,008,Kings,Curtis A. Sliwa,17
57,008,Kings,Eric L. Adams,6
57,008,Kings,Irene Estrada,0
57,008,Kings,Jim Walden,2
57,008,Kings,Joseph Hernandez,0
57,008,Kings,Zohran Kwame Mamdani,704
57,009,Kings,Andrew M. Cuomo,74
57,009,Kings,Curtis A. Sliwa,7
57,009,Kings,Eric L. Adams,0
57,009,Kings,Irene Estrada,0
57,009,Kings,Jim Walden,2
57,009,Kings,Joseph Hernandez,0
57,009,Kings,Zohran Kwame Mamdani,588
57,010,Kings,Andrew M. Cuomo,163
57,010,Kings,Curtis A. Sliwa,18
57,010,Kings,Eric L. Adams,1
57,010,Kings,Irene Estrada,2
57,010,Kings,Jim Walden,0
57,010,Kings,Joseph Hernandez,1
57,010,Kings,Zohran Kwame Mamdani,875
57,011,Kings,Andrew M. Cuomo,162
57,011,Kings,Curtis A. Sliwa,19
57,011,Kings,Eric L. Adams,1
57,011,Kings,Irene Estrada,0
57,011,Kings,Jim Walden,1
57,011,Kings,Joseph Hernandez,1
57,011,Kings,Zohran Kwame Mamdani,700
57,012,Kings,Andrew M. Cuomo,81
57,012,Kings,Curtis A. Sliwa,3
57,012,Kings,Eric L. Adams,1
57,012,Kings,Irene Estrada,0
57,012,Kings,Jim Walden,0
57,012,Kings,Joseph Hernandez,0
57,012,Kings,Zohran Kwame Mamdani,133
57,013,Kings,Andrew M. Cuomo,515
57,013,Kings,Curtis A. Sliwa,14
57,013,Kings,Eric L. Adams,14
57,013,Kings,Irene Estrada,1
57,013,Kings,Jim Walden,0
57,013,Kings,Joseph Hernandez,0
57,013,Kings,Zohran Kwame Mamdani,111
57,014,Kings,Andrew M. Cuomo,205
57,014,Kings,Curtis A. Sliwa,12
57,014,Kings,Eric L. Adams,3
57,014,Kings,Irene Estrada,0
57,014,Kings,Jim Walden,0
57,014,Kings,Joseph Hernandez,0
57,014,Kings,Zohran Kwame Mamdani,149
57,015,Kings,Andrew M. Cuomo,170
57,015,Kings,Curtis A. Sliwa,11
57,015,Kings,Eric L. Adams,0
57,015,Kings,Irene Estrada,0
57,015,Kings,Jim Walden,1
57,015,Kings,Joseph Hernandez,0
57,015,Kings,Zohran Kwame Mamdani,505
57,016,Kings,Andrew M. Cuomo,117
57,016,Kings,Curtis A. Sliwa,19
57,016,Kings,Eric L. Adams,7
57,016,Kings,Irene Estrada,3
57,016,Kings,Jim Walden,2
57,016,Kings,Joseph Hernandez,1
57,016,Kings,Zohran Kwame Mamdani,710
57,017,Kings,Andrew M. Cuomo,136
57,017,Kings,Curtis A. Sliwa,12
57,017,Kings,Eric L. Adams,2
57,017,Kings,Irene Estrada,0
57,017,Kings,Jim Walden,1
57,017,Kings,Joseph Hernandez,1
57,017,Kings,Zohran Kwame Mamdani,813
57,018,Kings,Andrew M. Cuomo,91
57,018,Kings,Curtis A. Sliwa,8
57,018,Kings,Eric L. Adams,0
57,018,Kings,Irene Estrada,1
57,018,Kings,Jim Walden,1
57,018,Kings,Joseph Hernandez,0
57,018,Kings,Zohran Kwame Mamdani,315
57,019,Kings,Andrew M. Cuomo,78
57,019,Kings,Curtis A. Sliwa,2
57,019,Kings,Eric L. Adams,0
57,019,Kings,Irene Estrada,0
57,019,Kings,Jim Walden,3
57,019,Kings,Joseph Hernandez,0
57,019,Kings,Zohran Kwame Mamdani,584
57,020,Kings,Andrew M. Cuomo,115
57,020,Kings,Curtis A. Sliwa,11
57,020,Kings,Eric L. Adams,3
57,020,Kings,Irene Estrada,1
57,020,Kings,Jim Walden,0
57,020,Kings,Joseph Hernandez,0
57,020,Kings,Zohran Kwame Mamdani,660
57,021,Kings,Andrew M. Cuomo,109
57,021,Kings,Curtis A. Sliwa,6
57,021,Kings,Eric L. Adams,0
57,021,Kings,Irene Estrada,0
57,021,Kings,Jim Walden,1
57,021,Kings,Joseph Hernandez,0
57,021,Kings,Zohran Kwame Mamdani,655
57,022,Kings,Andrew M. Cuomo,123
57,022,Kings,Curtis A. Sliwa,10
57,022,Kings,Eric L. Adams,0
57,022,Kings,Irene Estrada,0
57,022,Kings,Jim Walden,0
57,022,Kings,Joseph Hernandez,0
57,022,Kings,Zohran Kwame Mamdani,738
57,023,Kings,Andrew M. Cuomo,97
57,023,Kings,Curtis A. Sliwa,12
57,023,Kings,Eric L. Adams,2
57,023,Kings,Irene Estrada,2
57,023,Kings,Jim Walden,0
57,023,Kings,Joseph Hernandez,1
57,023,Kings,Zohran Kwame Mamdani,832
57,024,Kings,Andrew M. Cuomo,53
57,024,Kings,Curtis A. Sliwa,6
57,024,Kings,Eric L. Adams,2
57,024,Kings,Irene Estrada,0
57,024,Kings,Jim Walden,0
57,024,Kings,Joseph Hernandez,0
57,024,Kings,Zohran Kwame Mamdani,431
57,025,Kings,Andrew M. Cuomo,212
57,025,Kings,Curtis A. Sliwa,15
57,025,Kings,Eric L. Adams,9
57,025,Kings,Irene Estrada,0
57,025,Kings,Jim Walden,1
57,025,Kings,Joseph Hernandez,0
57,025,Kings,Zohran Kwame Mamdani,322
57,026,Kings,Andrew M. Cuomo,132
57,026,Kings,Curtis A. Sliwa,15
57,026,Kings,Eric L. Adams,5
57,026,Kings,Irene Estrada,1
57,026,Kings,Jim Walden,0
57,026,Kings,Joseph Hernandez,1
57,026,Kings,Zohran Kwame Mamdani,452
57,027,Kings,Andrew M. Cuomo,131
57,027,Kings,Curtis A. Sliwa,9
57,027,Kings,Eric L. Adams,6
57,027,Kings,Irene Estrada,1
57,027,Kings,Jim Walden,0
57,027,Kings,Joseph Hernandez,1
57,027,Kings,Zohran Kwame Mamdani,746
57,028,Kings,Andrew M. Cuomo,224
57,028,Kings,Curtis A. Sliwa,16
57,028,Kings,Eric L. Adams,12
57,028,Kings,Irene Estrada,0
57,028,Kings,Jim Walden,2
57,028,Kings,Joseph Hernandez,1
57,028,Kings,Zohran Kwame Mamdani,602
57,029,Kings,Andrew M. Cuomo,119
57,029,Kings,Curtis A. Sliwa,15
57,029,Kings,Eric L. Adams,0
57,029,Kings,Irene Estrada,2
57,029,Kings,Jim Walden,1
57,029,Kings,Joseph Hernandez,1
57,029,Kings,Zohran Kwame Mamdani,612
57,030,Kings,Andrew M. Cuomo,319
57,030,Kings,Curtis A. Sliwa,30
57,030,Kings,Eric L. Adams,6
57,030,Kings,Irene Estrada,1
57,030,Kings,Jim Walden,0
57,030,Kings,Joseph Hernandez,1
57,030,Kings,Zohran Kwame Mamdani,584
57,031,Kings,Andrew M. Cuomo,192
57,031,Kings,Curtis A. Sliwa,13
57,031,Kings,Eric L. Adams,5
57,031,Kings,Irene Estrada,1
57,031,Kings,Jim Walden,1
57,031,Kings,Joseph Hernandez,0
57,031,Kings,Zohran Kwame Mamdani,252
57,032,Kings,Andrew M. Cuomo,143
57,032,Kings,Curtis A. Sliwa,14
57,032,Kings,Eric L. Adams,8
57,032,Kings,Irene Estrada,0
57,032,Kings,Jim Walden,0
57,032,Kings,Joseph Hernandez,1
57,032,Kings,Zohran Kwame Mamdani,678
57,033,Kings,Andrew M. Cuomo,108
57,033,Kings,Curtis A. Sliwa,11
57,033,Kings,Eric L. Adams,4
57,033,Kings,Irene Estrada,0
57,033,Kings,Jim Walden,0
57,033,Kings,Joseph Hernandez,0
57,033,Kings,Zohran Kwame Mamdani,797
57,034,Kings,Andrew M. Cuomo,91
57,034,Kings,Curtis A. Sliwa,4
57,034,Kings,Eric L. Adams,2
57,034,Kings,Irene Estrada,2
57,034,Kings,Jim Walden,0
57,034,Kings,Joseph Hernandez,0
57,034,Kings,Zohran Kwame Mamdani,829
57,035,Kings,Andrew M. Cuomo,99
57,035,Kings,Curtis A. Sliwa,17
57,035,Kings,Eric L. Adams,2
57,035,Kings,Irene Estrada,0
57,035,Kings,Jim Walden,1
57,035,Kings,Joseph Hernandez,3
57,035,Kings,Zohran Kwame Mamdani,691
57,036,Kings,Andrew M. Cuomo,127
57,036,Kings,Curtis A. Sliwa,12
57,036,Kings,Eric L. Adams,2
57,036,Kings,Irene Estrada,0
57,036,Kings,Jim Walden,0
57,036,Kings,Joseph Hernandez,0
57,036,Kings,Zohran Kwame Mamdani,797
57,037,Kings,Andrew M. Cuomo,133
57,037,Kings,Curtis A. Sliwa,8
57,037,Kings,Eric L. Adams,2
57,037,Kings,Irene Estrada,1
57,037,Kings,Jim Walden,2
57,037,Kings,Joseph Hernandez,1
57,037,Kings,Zohran Kwame Mamdani,811
57,038,Kings,Andrew M. Cuomo,65
57,038,Kings,Curtis A. Sliwa,4
57,038,Kings,Eric L. Adams,1
57,038,Kings,Irene Estrada,2
57,038,Kings,Jim Walden,2
57,038,Kings,Joseph Hernandez,0
57,038,Kings,Zohran Kwame Mamdani,625
57,039,Kings,Andrew M. Cuomo,72
57,039,Kings,Curtis A. Sliwa,6
57,039,Kings,Eric L. Adams,2
57,039,Kings,Irene Estrada,0
57,039,Kings,Jim Walden,2
57,039,Kings,Joseph Hernandez,0
57,039,Kings,Zohran Kwame Mamdani,483
57,040,Kings,Andrew M. Cuomo,60
57,040,Kings,Curtis A. Sliwa,5
57,040,Kings,Eric L. Adams,1
57,040,Kings,Irene Estrada,0
57,040,Kings,Jim Walden,0
57,040,Kings,Joseph Hernandez,0
57,040,Kings,Zohran Kwame Mamdani,476
57,041,Kings,Andrew M. Cuomo,47
57,041,Kings,Curtis A. Sliwa,2
57,041,Kings,Eric L. Adams,0
57,041,Kings,Irene Estrada,1
57,041,Kings,Jim Walden,0
57,041,Kings,Joseph Hernandez,0
57,041,Kings,Zohran Kwame Mamdani,460
57,042,Kings,Andrew M. Cuomo,59
57,042,Kings,Curtis A. Sliwa,8
57,042,Kings,Eric L. Adams,0
57,042,Kings,Irene Estrada,1
57,042,Kings,Jim Walden,0
57,042,Kings,Joseph Hernandez,0
57,042,Kings,Zohran Kwame Mamdani,418
57,043,Kings,Andrew M. Cuomo,154
57,043,Kings,Curtis A. Sliwa,10
57,043,Kings,Eric L. Adams,3
57,043,Kings,Irene Estrada,1
57,043,Kings,Jim Walden,1
57,043,Kings,Joseph Hernandez,0
57,043,Kings,Zohran Kwame Mamdani,807
57,044,Kings,Andrew M. Cuomo,98
57,044,Kings,Curtis A. Sliwa,11
57,044,Kings,Eric L. Adams,2
57,044,Kings,Irene Estrada,0
57,044,Kings,Jim Walden,0
57,044,Kings,Joseph Hernandez,0
57,044,Kings,Zohran Kwame Mamdani,684
57,045,Kings,Andrew M. Cuomo,97
57,045,Kings,Curtis A. Sliwa,6
57,045,Kings,Eric L. Adams,2
57,045,Kings,Irene Estrada,0
57,045,Kings,Jim Walden,2
57,045,Kings,Joseph Hernandez,0
57,045,Kings,Zohran Kwame Mamdani,566
57,046,Kings,Andrew M. Cuomo,123
57,046,Kings,Curtis A. Sliwa,4
57,046,Kings,Eric L. Adams,0
57,046,Kings,Irene Estrada,0
57,046,Kings,Jim Walden,0
57,046,Kings,Joseph Hernandez,0
57,046,Kings,Zohran Kwame Mamdani,750
57,047,Kings,Andrew M. Cuomo,87
57,047,Kings,Curtis A. Sliwa,5
57,047,Kings,Eric L. Adams,1
57,047,Kings,Irene Estrada,1
57,047,Kings,Jim Walden,0
57,047,Kings,Joseph Hernandez,1
57,047,Kings,Zohran Kwame Mamdani,899
57,048,Kings,Andrew M. Cuomo,125
57,048,Kings,Curtis A. Sliwa,10
57,048,Kings,Eric L. Adams,0
57,048,Kings,Irene Estrada,0
57,048,Kings,Jim Walden,0
57,048,Kings,Joseph Hernandez,0
57,048,Kings,Zohran Kwame Mamdani,867
57,049,Kings,Andrew M. Cuomo,122
57,049,Kings,Curtis A. Sliwa,8
57,049,Kings,Eric L. Adams,0
57,049,Kings,Irene Estrada,2
57,049,Kings,Jim Walden,1
57,049,Kings,Joseph Hernandez,0
57,049,Kings,Zohran Kwame Mamdani,957
57,050,Kings,Andrew M. Cuomo,125
57,050,Kings,Curtis A. Sliwa,10
57,050,Kings,Eric L. Adams,2
57,050,Kings,Irene Estrada,1
57,050,Kings,Jim Walden,1
57,050,Kings,Joseph Hernandez,0
57,050,Kings,Zohran Kwame Mamdani,742
57,051,Kings,Andrew M. Cuomo,128
57,051,Kings,Curtis A. Sliwa,3
57,051,Kings,Eric L. Adams,4
57,051,Kings,Irene Estrada,1
57,051,Kings,Jim Walden,0
57,051,Kings,Joseph Hernandez,1
57,051,Kings,Zohran Kwame Mamdani,933
57,052,Kings,Andrew M. Cuomo,74
57,052,Kings,Curtis A. Sliwa,9
57,052,Kings,Eric L. Adams,1
57,052,Kings,Irene Estrada,0
57,052,Kings,Jim Walden,0
57,052,Kings,Joseph Hernandez,1
57,052,Kings,Zohran Kwame Mamdani,704
57,053,Kings,Andrew M. Cuomo,70
57,053,Kings,Curtis A. Sliwa,3
57,053,Kings,Eric L. Adams,3
57,053,Kings,Irene Estrada,2
57,053,Kings,Jim Walden,0
57,053,Kings,Joseph Hernandez,0
57,053,Kings,Zohran Kwame Mamdani,483
57,054,Kings,Andrew M. Cuomo,64
57,054,Kings,Curtis A. Sliwa,8
57,054,Kings,Eric L. Adams,0
57,054,Kings,Irene Estrada,0
57,054,Kings,Jim Walden,1
57,054,Kings,Joseph Hernandez,1
57,054,Kings,Zohran Kwame Mamdani,655
57,055,Kings,Andrew M. Cuomo,98
57,055,Kings,Curtis A. Sliwa,8
57,055,Kings,Eric L. Adams,2
57,055,Kings,Irene Estrada,0
57,055,Kings,Jim Walden,1
57,055,Kings,Joseph Hernandez,1
57,055,Kings,Zohran Kwame Mamdani,744
57,056,Kings,Andrew M. Cuomo,99
57,056,Kings,Curtis A. Sliwa,11
57,056,Kings,Eric L. Adams,3
57,056,Kings,Irene Estrada,0
57,056,Kings,Jim Walden,0
57,056,Kings,Joseph Hernandez,0
57,056,Kings,Zohran Kwame Mamdani,716
57,057,Kings,Andrew M. Cuomo,109
57,057,Kings,Curtis A. Sliwa,9
57,057,Kings,Eric L. Adams,3
57,057,Kings,Irene Estrada,2
57,057,Kings,Jim Walden,0
57,057,Kings,Joseph Hernandez,0
57,057,Kings,Zohran Kwame Mamdani,662
57,058,Kings,Andrew M. Cuomo,64
57,058,Kings,Curtis A. Sliwa,4
57,058,Kings,Eric L. Adams,2
57,058,Kings,Irene Estrada,0
57,058,Kings,Jim Walden,1
57,058,Kings,Joseph Hernandez,1
57,058,Kings,Zohran Kwame Mamdani,635
57,059,Kings,Andrew M. Cuomo,82
57,059,Kings,Curtis A. Sliwa,4
57,059,Kings,Eric L. Adams,1
57,059,Kings,Irene Estrada,0
57,059,Kings,Jim Walden,1
57,059,Kings,Joseph Hernandez,0
57,059,Kings,Zohran Kwame Mamdani,564
57,060,Kings,Andrew M. Cuomo,158
57,060,Kings,Curtis A. Sliwa,14
57,060,Kings,Eric L. Adams,2
57,060,Kings,Irene Estrada,1
57,060,Kings,Jim Walden,2
57,060,Kings,Joseph Hernandez,0
57,060,Kings,Zohran Kwame Mamdani,885
57,061,Kings,Andrew M. Cuomo,153
57,061,Kings,Curtis A. Sliwa,11
57,061,Kings,Eric L. Adams,1
57,061,Kings,Irene Estrada,0
57,061,Kings,Jim Walden,0
57,061,Kings,Joseph Hernandez,0
57,061,Kings,Zohran Kwame Mamdani,737
57,062,Kings,Andrew M. Cuomo,87
57,062,Kings,Curtis A. Sliwa,11
57,062,Kings,Eric L. Adams,4
57,062,Kings,Irene Estrada,0
57,062,Kings,Jim Walden,0
57,062,Kings,Joseph Hernandez,0
57,062,Kings,Zohran Kwame Mamdani,506
57,063,Kings,Andrew M. Cuomo,119
57,063,Kings,Curtis A. Sliwa,18
57,063,Kings,Eric L. Adams,2
57,063,Kings,Irene Estrada,1
57,063,Kings,Jim Walden,1
57,063,Kings,Joseph Hernandez,1
57,063,Kings,Zohran Kwame Mamdani,632
57,064,Kings,Andrew M. Cuomo,112
57,064,Kings,Curtis A. Sliwa,9
57,064,Kings,Eric L. Adams,5
57,064,Kings,Irene Estrada,0
57,064,Kings,Jim Walden,2
57,064,Kings,Joseph Hernandez,0
57,064,Kings,Zohran Kwame Mamdani,395
57,065,Kings,Andrew M. Cuomo,149
57,065,Kings,Curtis A. Sliwa,9
57,065,Kings,Eric L. Adams,6
57,065,Kings,Irene Estrada,0
57,065,Kings,Jim Walden,2
57,065,Kings,Joseph Hernandez,1
57,065,Kings,Zohran Kwame Mamdani,506
57,066,Kings,Andrew M. Cuomo,105
57,066,Kings,Curtis A. Sliwa,8
57,066,Kings,Eric L. Adams,0
57,066,Kings,Irene Estrada,0
57,066,Kings,Jim Walden,1
57,066,Kings,Joseph Hernandez,0
57,066,Kings,Zohran Kwame Mamdani,381
57,067,Kings,Andrew M. Cuomo,16
57,067,Kings,Curtis A. Sliwa,1
57,067,Kings,Eric L. Adams,1
57,067,Kings,Irene Estrada,0
57,067,Kings,Jim Walden,0
57,067,Kings,Joseph Hernandez,0
57,067,Kings,Zohran Kwame Mamdani,55
57,068,Kings,Andrew M. Cuomo,18
57,068,Kings,Curtis A. Sliwa,3
57,068,Kings,Eric L. Adams,0
57,068,Kings,Irene Estrada,1
57,068,Kings,Jim Walden,0
57,068,Kings,Joseph Hernandez,0
57,068,Kings,Zohran Kwame Mamdani,342
57,069,Kings,Andrew M. Cuomo,13
57,069,Kings,Curtis A. Sliwa,3
57,069,Kings,Eric L. Adams,2
57,069,Kings,Irene Estrada,0
57,069,Kings,Jim Walden,0
57,069,Kings,Joseph Hernandez,0
57,069,Kings,Zohran Kwame Mamdani,114
57,070,Kings,Andrew M. Cuomo,73
57,070,Kings,Curtis A. Sliwa,4
57,070,Kings,Eric L. Adams,0
57,070,Kings,Irene Estrada,0
57,070,Kings,Jim Walden,0
57,070,Kings,Joseph Hernandez,0
57,070,Kings,Zohran Kwame Mamdani,355
57,071,Kings,Andrew M. Cuomo,334
57,071,Kings,Curtis A. Sliwa,6
57,071,Kings,Eric L. Adams,11
57,071,Kings,Irene Estrada,0
57,071,Kings,Jim Walden,2
57,071,Kings,Joseph Hernandez,1
57,071,Kings,Zohran Kwame Mamdani,139
57,072,Kings,Andrew M. Cuomo,37
57,072,Kings,Curtis A. Sliwa,2
57,072,Kings,Eric L. Adams,4
57,072,Kings,Irene Estrada,0
57,072,Kings,Jim Walden,0
57,072,Kings,Joseph Hernandez,0
57,072,Kings,Zohran Kwame Mamdani,246
57,073,Kings,Andrew M. Cuomo,145
57,073,Kings,Curtis A. Sliwa,12
57,073,Kings,Eric L. Adams,3
57,073,Kings,Irene Estrada,1
57,073,Kings,Jim Walden,0
57,073,Kings,Joseph Hernandez,0
57,073,Kings,Zohran Kwame Mamdani,768
57,074,Kings,Andrew M. Cuomo,110
57,074,Kings,Curtis A. Sliwa,8
57,074,Kings,Eric L. Adams,0
57,074,Kings,Irene Estrada,1
57,074,Kings,Jim Walden,0
57,074,Kings,Joseph Hernandez,0
57,074,Kings,Zohran Kwame Mamdani,509
57,075,Kings,Andrew M. Cuomo,4
57,075,Kings,Curtis A. Sliwa,0
57,075,Kings,Eric L. Adams,0
57,075,Kings,Irene Estrada,0
57,075,Kings,Jim Walden,0
57,075,Kings,Joseph Hernandez,0
57,075,Kings,Zohran Kwame Mamdani,27
57,076,Kings,Andrew M. Cuomo,1
57,076,Kings,Curtis A. Sliwa,0
57,076,Kings,Eric L. Adams,0
57,076,Kings,Irene Estrada,0
57,076,Kings,Jim Walden,0
57,076,Kings,Joseph Hernandez,0
57,076,Kings,Zohran Kwame Mamdani,13
57,077,Kings,Andrew M. Cuomo,0
57,077,Kings,Curtis A. Sliwa,0
57,077,Kings,Eric L. Adams,0
57,077,Kings,Irene Estrada,0
57,077,Kings,Jim Walden,0
57,077,Kings,Joseph Hernandez,0
57,077,Kings,Zohran Kwame Mamdani,0
57,078,Kings,Andrew M. Cuomo,0
57,078,Kings,Curtis A. Sliwa,0
57,078,Kings,Eric L. Adams,0
57,078,Kings,Irene Estrada,0
57,078,Kings,Jim Walden,0
57,078,Kings,Joseph Hernandez,0
57,078,Kings,Zohran Kwame Mamdani,0
58,001,Kings,Andrew M. Cuomo,115
58,001,Kings,Curtis A. Sliwa,4
58,001,Kings,Eric L. Adams,1
58,001,Kings,Irene Estrada,0
58,001,Kings,Jim Walden,0
58,001,Kings,Joseph Hernandez,0
58,001,Kings,Zohran Kwame Mamdani,198
58,002,Kings,Andrew M. Cuomo,128
58,002,Kings,Curtis A. Sliwa,3
58,002,Kings,Eric L. Adams,2
58,002,Kings,Irene Estrada,0
58,002,Kings,Jim Walden,0
58,002,Kings,Joseph Hernandez,1
58,002,Kings,Zohran Kwame Mamdani,176
58,003,Kings,Andrew M. Cuomo,180
58,003,Kings,Curtis A. Sliwa,9
58,003,Kings,Eric L. Adams,4
58,003,Kings,Irene Estrada,2
58,003,Kings,Jim Walden,0
58,003,Kings,Joseph Hernandez,0
58,003,Kings,Zohran Kwame Mamdani,325
58,004,Kings,Andrew M. Cuomo,123
58,004,Kings,Curtis A. Sliwa,7
58,004,Kings,Eric L. Adams,3
58,004,Kings,Irene Estrada,1
58,004,Kings,Jim Walden,1
58,004,Kings,Joseph Hernandez,0
58,004,Kings,Zohran Kwame Mamdani,182
58,005,Kings,Andrew M. Cuomo,125
58,005,Kings,Curtis A. Sliwa,4
58,005,Kings,Eric L. Adams,1
58,005,Kings,Irene Estrada,0
58,005,Kings,Jim Walden,0
58,005,Kings,Joseph Hernandez,0
58,005,Kings,Zohran Kwame Mamdani,214
58,006,Kings,Andrew M. Cuomo,133
58,006,Kings,Curtis A. Sliwa,9
58,006,Kings,Eric L. Adams,1
58,006,Kings,Irene Estrada,0
58,006,Kings,Jim Walden,1
58,006,Kings,Joseph Hernandez,0
58,006,Kings,Zohran Kwame Mamdani,176
58,007,Kings,Andrew M. Cuomo,160
58,007,Kings,Curtis A. Sliwa,6
58,007,Kings,Eric L. Adams,1
58,007,Kings,Irene Estrada,0
58,007,Kings,Jim Walden,0
58,007,Kings,Joseph Hernandez,0
58,007,Kings,Zohran Kwame Mamdani,248
58,008,Kings,Andrew M. Cuomo,132
58,008,Kings,Curtis A. Sliwa,8
58,008,Kings,Eric L. Adams,0
58,008,Kings,Irene Estrada,0
58,008,Kings,Jim Walden,1
58,008,Kings,Joseph Hernandez,0
58,008,Kings,Zohran Kwame Mamdani,277
58,009,Kings,Andrew M. Cuomo,148
58,009,Kings,Curtis A. Sliwa,7
58,009,Kings,Eric L. Adams,4
58,009,Kings,Irene Estrada,1
58,009,Kings,Jim Walden,0
58,009,Kings,Joseph Hernandez,0
58,009,Kings,Zohran Kwame Mamdani,227
58,010,Kings,Andrew M. Cuomo,125
58,010,Kings,Curtis A. Sliwa,1
58,010,Kings,Eric L. Adams,0
58,010,Kings,Irene Estrada,1
58,010,Kings,Jim Walden,0
58,010,Kings,Joseph Hernandez,1
58,010,Kings,Zohran Kwame Mamdani,228
58,011,Kings,Andrew M. Cuomo,215
58,011,Kings,Curtis A. Sliwa,9
58,011,Kings,Eric L. Adams,5
58,011,Kings,Irene Estrada,0
58,011,Kings,Jim Walden,1
58,011,Kings,Joseph Hernandez,0
58,011,Kings,Zohran Kwame Mamdani,321
58,012,Kings,Andrew M. Cuomo,174
58,012,Kings,Curtis A. Sliwa,6
58,012,Kings,Eric L. Adams,0
58,012,Kings,Irene Estrada,0
58,012,Kings,Jim Walden,0
58,012,Kings,Joseph Hernandez,0
58,012,Kings,Zohran Kwame Mamdani,238
58,013,Kings,Andrew M. Cuomo,210
58,013,Kings,Curtis A. Sliwa,13
58,013,Kings,Eric L. Adams,4
58,013,Kings,Irene Estrada,1
58,013,Kings,Jim Walden,1
58,013,Kings,Joseph Hernandez,1
58,013,Kings,Zohran Kwame Mamdani,300
58,014,Kings,Andrew M. Cuomo,142
58,014,Kings,Curtis A. Sliwa,3
58,014,Kings,Eric L. Adams,2
58,014,Kings,Irene Estrada,0
58,014,Kings,Jim Walden,0
58,014,Kings,Joseph Hernandez,1
58,014,Kings,Zohran Kwame Mamdani,274
58,015,Kings,Andrew M. Cuomo,156
58,015,Kings,Curtis A. Sliwa,6
58,015,Kings,Eric L. Adams,1
58,015,Kings,Irene Estrada,1
58,015,Kings,Jim Walden,0
58,015,Kings,Joseph Hernandez,0
58,015,Kings,Zohran Kwame Mamdani,284
58,016,Kings,Andrew M. Cuomo,136
58,016,Kings,Curtis A. Sliwa,11
58,016,Kings,Eric L. Adams,4
58,016,Kings,Irene Estrada,0
58,016,Kings,Jim Walden,0
58,016,Kings,Joseph Hernandez,0
58,016,Kings,Zohran Kwame Mamdani,225
58,017,Kings,Andrew M. Cuomo,143
58,017,Kings,Curtis A. Sliwa,11
58,017,Kings,Eric L. Adams,1
58,017,Kings,Irene Estrada,0
58,017,Kings,Jim Walden,0
58,017,Kings,Joseph Hernandez,0
58,017,Kings,Zohran Kwame Mamdani,245
58,018,Kings,Andrew M. Cuomo,173
58,018,Kings,Curtis A. Sliwa,11
58,018,Kings,Eric L. Adams,4
58,018,Kings,Irene Estrada,3
58,018,Kings,Jim Walden,0
58,018,Kings,Joseph Hernandez,0
58,018,Kings,Zohran Kwame Mamdani,262
58,019,Kings,Andrew M. Cuomo,99
58,019,Kings,Curtis A. Sliwa,1
58,019,Kings,Eric L. Adams,0
58,019,Kings,Irene Estrada,0
58,019,Kings,Jim Walden,2
58,019,Kings,Joseph Hernandez,0
58,019,Kings,Zohran Kwame Mamdani,215
58,020,Kings,Andrew M. Cuomo,77
58,020,Kings,Curtis A. Sliwa,3
58,020,Kings,Eric L. Adams,3
58,020,Kings,Irene Estrada,0
58,020,Kings,Jim Walden,0
58,020,Kings,Joseph Hernandez,0
58,020,Kings,Zohran Kwame Mamdani,166
58,021,Kings,Andrew M. Cuomo,144
58,021,Kings,Curtis A. Sliwa,5
58,021,Kings,Eric L. Adams,2
58,021,Kings,Irene Estrada,0
58,021,Kings,Jim Walden,0
58,021,Kings,Joseph Hernandez,0
58,021,Kings,Zohran Kwame Mamdani,194
58,022,Kings,Andrew M. Cuomo,53
58,022,Kings,Curtis A. Sliwa,0
58,022,Kings,Eric L. Adams,0
58,022,Kings,Irene Estrada,0
58,022,Kings,Jim Walden,0
58,022,Kings,Joseph Hernandez,0
58,022,Kings,Zohran Kwame Mamdani,65
58,023,Kings,Andrew M. Cuomo,129
58,023,Kings,Curtis A. Sliwa,8
58,023,Kings,Eric L. Adams,0
58,023,Kings,Irene Estrada,1
58,023,Kings,Jim Walden,0
58,023,Kings,Joseph Hernandez,0
58,023,Kings,Zohran Kwame Mamdani,200
58,024,Kings,Andrew M. Cuomo,4
58,024,Kings,Curtis A. Sliwa,0
58,024,Kings,Eric L. Adams,0
58,024,Kings,Irene Estrada,0
58,024,Kings,Jim Walden,0
58,024,Kings,Joseph Hernandez,0
58,024,Kings,Zohran Kwame Mamdani,11
58,025,Kings,Andrew M. Cuomo,109
58,025,Kings,Curtis A. Sliwa,5
58,025,Kings,Eric L. Adams,5
58,025,Kings,Irene Estrada,0
58,025,Kings,Jim Walden,1
58,025,Kings,Joseph Hernandez,0
58,025,Kings,Zohran Kwame Mamdani,307
58,026,Kings,Andrew M. Cuomo,127
58,026,Kings,Curtis A. Sliwa,3
58,026,Kings,Eric L. Adams,3
58,026,Kings,Irene Estrada,0
58,026,Kings,Jim Walden,0
58,026,Kings,Joseph Hernandez,0
58,026,Kings,Zohran Kwame Mamdani,253
58,027,Kings,Andrew M. Cuomo,134
58,027,Kings,Curtis A. Sliwa,6
58,027,Kings,Eric L. Adams,5
58,027,Kings,Irene Estrada,0
58,027,Kings,Jim Walden,0
58,027,Kings,Joseph Hernandez,0
58,027,Kings,Zohran Kwame Mamdani,274
58,028,Kings,Andrew M. Cuomo,207
58,028,Kings,Curtis A. Sliwa,7
58,028,Kings,Eric L. Adams,3
58,028,Kings,Irene Estrada,1
58,028,Kings,Jim Walden,0
58,028,Kings,Joseph Hernandez,0
58,028,Kings,Zohran Kwame Mamdani,308
58,029,Kings,Andrew M. Cuomo,132
58,029,Kings,Curtis A. Sliwa,6
58,029,Kings,Eric L. Adams,2
58,029,Kings,Irene Estrada,2
58,029,Kings,Jim Walden,0
58,029,Kings,Joseph Hernandez,0
58,029,Kings,Zohran Kwame Mamdani,267
58,030,Kings,Andrew M. Cuomo,107
58,030,Kings,Curtis A. Sliwa,3
58,030,Kings,Eric L. Adams,3
58,030,Kings,Irene Estrada,0
58,030,Kings,Jim Walden,0
58,030,Kings,Joseph Hernandez,0
58,030,Kings,Zohran Kwame Mamdani,162
58,031,Kings,Andrew M. Cuomo,135
58,031,Kings,Curtis A. Sliwa,6
58,031,Kings,Eric L. Adams,1
58,031,Kings,Irene Estrada,0
58,031,Kings,Jim Walden,0
58,031,Kings,Joseph Hernandez,0
58,031,Kings,Zohran Kwame Mamdani,177
58,032,Kings,Andrew M. Cuomo,169
58,032,Kings,Curtis A. Sliwa,11
58,032,Kings,Eric L. Adams,3
58,032,Kings,Irene Estrada,0
58,032,Kings,Jim Walden,0
58,032,Kings,Joseph Hernandez,0
58,032,Kings,Zohran Kwame Mamdani,268
58,033,Kings,Andrew M. Cuomo,147
58,033,Kings,Curtis A. Sliwa,16
58,033,Kings,Eric L. Adams,1
58,033,Kings,Irene Estrada,3
58,033,Kings,Jim Walden,1
58,033,Kings,Joseph Hernandez,0
58,033,Kings,Zohran Kwame Mamdani,247
58,034,Kings,Andrew M. Cuomo,136
58,034,Kings,Curtis A. Sliwa,8
58,034,Kings,Eric L. Adams,3
58,034,Kings,Irene Estrada,0
58,034,Kings,Jim Walden,0
58,034,Kings,Joseph Hernandez,0
58,034,Kings,Zohran Kwame Mamdani,315
58,035,Kings,Andrew M. Cuomo,187
58,035,Kings,Curtis A. Sliwa,6
58,035,Kings,Eric L. Adams,5
58,035,Kings,Irene Estrada,2
58,035,Kings,Jim Walden,0
58,035,Kings,Joseph Hernandez,1
58,035,Kings,Zohran Kwame Mamdani,360
58,036,Kings,Andrew M. Cuomo,116
58,036,Kings,Curtis A. Sliwa,1
58,036,Kings,Eric L. Adams,2
58,036,Kings,Irene Estrada,2
58,036,Kings,Jim Walden,0
58,036,Kings,Joseph Hernandez,0
58,036,Kings,Zohran Kwame Mamdani,260
58,037,Kings,Andrew M. Cuomo,131
58,037,Kings,Curtis A. Sliwa,12
58,037,Kings,Eric L. Adams,0
58,037,Kings,Irene Estrada,1
58,037,Kings,Jim Walden,1
58,037,Kings,Joseph Hernandez,0
58,037,Kings,Zohran Kwame Mamdani,370
58,038,Kings,Andrew M. Cuomo,113
58,038,Kings,Curtis A. Sliwa,14
58,038,Kings,Eric L. Adams,0
58,038,Kings,Irene Estrada,2
58,038,Kings,Jim Walden,0
58,038,Kings,Joseph Hernandez,0
58,038,Kings,Zohran Kwame Mamdani,242
58,039,Kings,Andrew M. Cuomo,124
58,039,Kings,Curtis A. Sliwa,11
58,039,Kings,Eric L. Adams,1
58,039,Kings,Irene Estrada,1
58,039,Kings,Jim Walden,0
58,039,Kings,Joseph Hernandez,0
58,039,Kings,Zohran Kwame Mamdani,261
58,040,Kings,Andrew M. Cuomo,129
58,040,Kings,Curtis A. Sliwa,15
58,040,Kings,Eric L. Adams,4
58,040,Kings,Irene Estrada,0
58,040,Kings,Jim Walden,1
58,040,Kings,Joseph Hernandez,0
58,040,Kings,Zohran Kwame Mamdani,365
58,041,Kings,Andrew M. Cuomo,133
58,041,Kings,Curtis A. Sliwa,7
58,041,Kings,Eric L. Adams,0
58,041,Kings,Irene Estrada,1
58,041,Kings,Jim Walden,0
58,041,Kings,Joseph Hernandez,0
58,041,Kings,Zohran Kwame Mamdani,313
58,042,Kings,Andrew M. Cuomo,151
58,042,Kings,Curtis A. Sliwa,12
58,042,Kings,Eric L. Adams,4
58,042,Kings,Irene Estrada,5
58,042,Kings,Jim Walden,0
58,042,Kings,Joseph Hernandez,0
58,042,Kings,Zohran Kwame Mamdani,301
58,043,Kings,Andrew M. Cuomo,126
58,043,Kings,Curtis A. Sliwa,7
58,043,Kings,Eric L. Adams,1
58,043,Kings,Irene Estrada,0
58,043,Kings,Jim Walden,2
58,043,Kings,Joseph Hernandez,0
58,043,Kings,Zohran Kwame Mamdani,251
58,044,Kings,Andrew M. Cuomo,138
58,044,Kings,Curtis A. Sliwa,7
58,044,Kings,Eric L. Adams,3
58,044,Kings,Irene Estrada,1
58,044,Kings,Jim Walden,1
58,044,Kings,Joseph Hernandez,0
58,044,Kings,Zohran Kwame Mamdani,298
58,045,Kings,Andrew M. Cuomo,107
58,045,Kings,Curtis A. Sliwa,7
58,045,Kings,Eric L. Adams,0
58,045,Kings,Irene Estrada,0
58,045,Kings,Jim Walden,0
58,045,Kings,Joseph Hernandez,1
58,045,Kings,Zohran Kwame Mamdani,248
58,046,Kings,Andrew M. Cuomo,76
58,046,Kings,Curtis A. Sliwa,2
58,046,Kings,Eric L. Adams,0
58,046,Kings,Irene Estrada,0
58,046,Kings,Jim Walden,0
58,046,Kings,Joseph Hernandez,1
58,046,Kings,Zohran Kwame Mamdani,119
58,047,Kings,Andrew M. Cuomo,19
58,047,Kings,Curtis A. Sliwa,4
58,047,Kings,Eric L. Adams,0
58,047,Kings,Irene Estrada,0
58,047,Kings,Jim Walden,0
58,047,Kings,Joseph Hernandez,0
58,047,Kings,Zohran Kwame Mamdani,28
58,048,Kings,Andrew M. Cuomo,99
58,048,Kings,Curtis A. Sliwa,10
58,048,Kings,Eric L. Adams,2
58,048,Kings,Irene Estrada,0
58,048,Kings,Jim Walden,1
58,048,Kings,Joseph Hernandez,0
58,048,Kings,Zohran Kwame Mamdani,115
58,049,Kings,Andrew M. Cuomo,113
58,049,Kings,Curtis A. Sliwa,6
58,049,Kings,Eric L. Adams,1
58,049,Kings,Irene Estrada,0
58,049,Kings,Jim Walden,1
58,049,Kings,Joseph Hernandez,1
58,049,Kings,Zohran Kwame Mamdani,192
58,050,Kings,Andrew M. Cuomo,120
58,050,Kings,Curtis A. Sliwa,9
58,050,Kings,Eric L. Adams,1
58,050,Kings,Irene Estrada,0
58,050,Kings,Jim Walden,0
58,050,Kings,Joseph Hernandez,0
58,050,Kings,Zohran Kwame Mamdani,188
58,051,Kings,Andrew M. Cuomo,146
58,051,Kings,Curtis A. Sliwa,5
58,051,Kings,Eric L. Adams,2
58,051,Kings,Irene Estrada,0
58,051,Kings,Jim Walden,0
58,051,Kings,Joseph Hernandez,0
58,051,Kings,Zohran Kwame Mamdani,218
58,052,Kings,Andrew M. Cuomo,149
58,052,Kings,Curtis A. Sliwa,6
58,052,Kings,Eric L. Adams,1
58,052,Kings,Irene Estrada,1
58,052,Kings,Jim Walden,0
58,052,Kings,Joseph Hernandez,1
58,052,Kings,Zohran Kwame Mamdani,256
58,053,Kings,Andrew M. Cuomo,265
58,053,Kings,Curtis A. Sliwa,27
58,053,Kings,Eric L. Adams,10
58,053,Kings,Irene Estrada,2
58,053,Kings,Jim Walden,0
58,053,Kings,Joseph Hernandez,0
58,053,Kings,Zohran Kwame Mamdani,326
58,054,Kings,Andrew M. Cuomo,45
58,054,Kings,Curtis A. Sliwa,4
58,054,Kings,Eric L. Adams,0
58,054,Kings,Irene Estrada,0
58,054,Kings,Jim Walden,0
58,054,Kings,Joseph Hernandez,0
58,054,Kings,Zohran Kwame Mamdani,94
58,055,Kings,Andrew M. Cuomo,127
58,055,Kings,Curtis A. Sliwa,16
58,055,Kings,Eric L. Adams,4
58,055,Kings,Irene Estrada,3
58,055,Kings,Jim Walden,0
58,055,Kings,Joseph Hernandez,0
58,055,Kings,Zohran Kwame Mamdani,184
58,056,Kings,Andrew M. Cuomo,127
58,056,Kings,Curtis A. Sliwa,11
58,056,Kings,Eric L. Adams,1
58,056,Kings,Irene Estrada,3
58,056,Kings,Jim Walden,0
58,056,Kings,Joseph Hernandez,1
58,056,Kings,Zohran Kwame Mamdani,182
58,057,Kings,Andrew M. Cuomo,169
58,057,Kings,Curtis A. Sliwa,18
58,057,Kings,Eric L. Adams,4
58,057,Kings,Irene Estrada,0
58,057,Kings,Jim Walden,0
58,057,Kings,Joseph Hernandez,1
58,057,Kings,Zohran Kwame Mamdani,312
58,058,Kings,Andrew M. Cuomo,209
58,058,Kings,Curtis A. Sliwa,13
58,058,Kings,Eric L. Adams,2
58,058,Kings,Irene Estrada,1
58,058,Kings,Jim Walden,1
58,058,Kings,Joseph Hernandez,0
58,058,Kings,Zohran Kwame Mamdani,346
58,059,Kings,Andrew M. Cuomo,184
58,059,Kings,Curtis A. Sliwa,14
58,059,Kings,Eric L. Adams,3
58,059,Kings,Irene Estrada,0
58,059,Kings,Jim Walden,1
58,059,Kings,Joseph Hernandez,0
58,059,Kings,Zohran Kwame Mamdani,333
58,060,Kings,Andrew M. Cuomo,193
58,060,Kings,Curtis A. Sliwa,17
58,060,Kings,Eric L. Adams,1
58,060,Kings,Irene Estrada,0
58,060,Kings,Jim Walden,0
58,060,Kings,Joseph Hernandez,0
58,060,Kings,Zohran Kwame Mamdani,347
58,061,Kings,Andrew M. Cuomo,130
58,061,Kings,Curtis A. Sliwa,7
58,061,Kings,Eric L. Adams,0
58,061,Kings,Irene Estrada,2
58,061,Kings,Jim Walden,0
58,061,Kings,Joseph Hernandez,0
58,061,Kings,Zohran Kwame Mamdani,237
58,062,Kings,Andrew M. Cuomo,184
58,062,Kings,Curtis A. Sliwa,23
58,062,Kings,Eric L. Adams,4
58,062,Kings,Irene Estrada,3
58,062,Kings,Jim Walden,0
58,062,Kings,Joseph Hernandez,2
58,062,Kings,Zohran Kwame Mamdani,284
58,063,Kings,Andrew M. Cuomo,169
58,063,Kings,Curtis A. Sliwa,11
58,063,Kings,Eric L. Adams,3
58,063,Kings,Irene Estrada,0
58,063,Kings,Jim Walden,0
58,063,Kings,Joseph Hernandez,0
58,063,Kings,Zohran Kwame Mamdani,275
58,064,Kings,Andrew M. Cuomo,61
58,064,Kings,Curtis A. Sliwa,3
58,064,Kings,Eric L. Adams,0
58,064,Kings,Irene Estrada,0
58,064,Kings,Jim Walden,0
58,064,Kings,Joseph Hernandez,1
58,064,Kings,Zohran Kwame Mamdani,126
59,001,Kings,Andrew M. Cuomo,105
59,001,Kings,Curtis A. Sliwa,9
59,001,Kings,Eric L. Adams,2
59,001,Kings,Irene Estrada,0
59,001,Kings,Jim Walden,0
59,001,Kings,Joseph Hernandez,0
59,001,Kings,Zohran Kwame Mamdani,122
59,002,Kings,Andrew M. Cuomo,159
59,002,Kings,Curtis A. Sliwa,14
59,002,Kings,Eric L. Adams,0
59,002,Kings,Irene Estrada,0
59,002,Kings,Jim Walden,0
59,002,Kings,Joseph Hernandez,0
59,002,Kings,Zohran Kwame Mamdani,214
59,003,Kings,Andrew M. Cuomo,186
59,003,Kings,Curtis A. Sliwa,21
59,003,Kings,Eric L. Adams,1
59,003,Kings,Irene Estrada,0
59,003,Kings,Jim Walden,1
59,003,Kings,Joseph Hernandez,0
59,003,Kings,Zohran Kwame Mamdani,327
59,004,Kings,Andrew M. Cuomo,221
59,004,Kings,Curtis A. Sliwa,22
59,004,Kings,Eric L. Adams,1
59,004,Kings,Irene Estrada,0
59,004,Kings,Jim Walden,0
59,004,Kings,Joseph Hernandez,0
59,004,Kings,Zohran Kwame Mamdani,315
59,005,Kings,Andrew M. Cuomo,198
59,005,Kings,Curtis A. Sliwa,18
59,005,Kings,Eric L. Adams,2
59,005,Kings,Irene Estrada,0
59,005,Kings,Jim Walden,0
59,005,Kings,Joseph Hernandez,0
59,005,Kings,Zohran Kwame Mamdani,299
59,006,Kings,Andrew M. Cuomo,194
59,006,Kings,Curtis A. Sliwa,11
59,006,Kings,Eric L. Adams,2
59,006,Kings,Irene Estrada,0
59,006,Kings,Jim Walden,0
59,006,Kings,Joseph Hernandez,0
59,006,Kings,Zohran Kwame Mamdani,291
59,007,Kings,Andrew M. Cuomo,177
59,007,Kings,Curtis A. Sliwa,15
59,007,Kings,Eric L. Adams,2
59,007,Kings,Irene Estrada,1
59,007,Kings,Jim Walden,0
59,007,Kings,Joseph Hernandez,0
59,007,Kings,Zohran Kwame Mamdani,363
59,008,Kings,Andrew M. Cuomo,185
59,008,Kings,Curtis A. Sliwa,12
59,008,Kings,Eric L. Adams,1
59,008,Kings,Irene Estrada,0
59,008,Kings,Jim Walden,0
59,008,Kings,Joseph Hernandez,3
59,008,Kings,Zohran Kwame Mamdani,298
59,009,Kings,Andrew M. Cuomo,202
59,009,Kings,Curtis A. Sliwa,11
59,009,Kings,Eric L. Adams,2
59,009,Kings,Irene Estrada,0
59,009,Kings,Jim Walden,0
59,009,Kings,Joseph Hernandez,0
59,009,Kings,Zohran Kwame Mamdani,370
59,010,Kings,Andrew M. Cuomo,162
59,010,Kings,Curtis A. Sliwa,28
59,010,Kings,Eric L. Adams,5
59,010,Kings,Irene Estrada,0
59,010,Kings,Jim Walden,1
59,010,Kings,Joseph Hernandez,0
59,010,Kings,Zohran Kwame Mamdani,311
59,011,Kings,Andrew M. Cuomo,165
59,011,Kings,Curtis A. Sliwa,17
59,011,Kings,Eric L. Adams,0
59,011,Kings,Irene Estrada,0
59,011,Kings,Jim Walden,0
59,011,Kings,Joseph Hernandez,1
59,011,Kings,Zohran Kwame Mamdani,281
59,012,Kings,Andrew M. Cuomo,159
59,012,Kings,Curtis A. Sliwa,16
59,012,Kings,Eric L. Adams,1
59,012,Kings,Irene Estrada,0
59,012,Kings,Jim Walden,0
59,012,Kings,Joseph Hernandez,0
59,012,Kings,Zohran Kwame Mamdani,318
59,013,Kings,Andrew M. Cuomo,171
59,013,Kings,Curtis A. Sliwa,17
59,013,Kings,Eric L. Adams,2
59,013,Kings,Irene Estrada,2
59,013,Kings,Jim Walden,0
59,013,Kings,Joseph Hernandez,0
59,013,Kings,Zohran Kwame Mamdani,334
59,014,Kings,Andrew M. Cuomo,99
59,014,Kings,Curtis A. Sliwa,20
59,014,Kings,Eric L. Adams,4
59,014,Kings,Irene Estrada,0
59,014,Kings,Jim Walden,0
59,014,Kings,Joseph Hernandez,0
59,014,Kings,Zohran Kwame Mamdani,214
59,015,Kings,Andrew M. Cuomo,98
59,015,Kings,Curtis A. Sliwa,9
59,015,Kings,Eric L. Adams,0
59,015,Kings,Irene Estrada,0
59,015,Kings,Jim Walden,0
59,015,Kings,Joseph Hernandez,0
59,015,Kings,Zohran Kwame Mamdani,178
59,016,Kings,Andrew M. Cuomo,138
59,016,Kings,Curtis A. Sliwa,12
59,016,Kings,Eric L. Adams,3
59,016,Kings,Irene Estrada,0
59,016,Kings,Jim Walden,1
59,016,Kings,Joseph Hernandez,0
59,016,Kings,Zohran Kwame Mamdani,261
59,017,Kings,Andrew M. Cuomo,150
59,017,Kings,Curtis A. Sliwa,7
59,017,Kings,Eric L. Adams,3
59,017,Kings,Irene Estrada,1
59,017,Kings,Jim Walden,1
59,017,Kings,Joseph Hernandez,2
59,017,Kings,Zohran Kwame Mamdani,385
59,018,Kings,Andrew M. Cuomo,178
59,018,Kings,Curtis A. Sliwa,19
59,018,Kings,Eric L. Adams,3
59,018,Kings,Irene Estrada,0
59,018,Kings,Jim Walden,0
59,018,Kings,Joseph Hernandez,0
59,018,Kings,Zohran Kwame Mamdani,313
59,019,Kings,Andrew M. Cuomo,174
59,019,Kings,Curtis A. Sliwa,9
59,019,Kings,Eric L. Adams,4
59,019,Kings,Irene Estrada,0
59,019,Kings,Jim Walden,0
59,019,Kings,Joseph Hernandez,1
59,019,Kings,Zohran Kwame Mamdani,293
59,020,Kings,Andrew M. Cuomo,136
59,020,Kings,Curtis A. Sliwa,8
59,020,Kings,Eric L. Adams,1
59,020,Kings,Irene Estrada,1
59,020,Kings,Jim Walden,1
59,020,Kings,Joseph Hernandez,0
59,020,Kings,Zohran Kwame Mamdani,234
59,021,Kings,Andrew M. Cuomo,171
59,021,Kings,Curtis A. Sliwa,10
59,021,Kings,Eric L. Adams,0
59,021,Kings,Irene Estrada,1
59,021,Kings,Jim Walden,0
59,021,Kings,Joseph Hernandez,0
59,021,Kings,Zohran Kwame Mamdani,291
59,022,Kings,Andrew M. Cuomo,132
59,022,Kings,Curtis A. Sliwa,9
59,022,Kings,Eric L. Adams,1
59,022,Kings,Irene Estrada,0
59,022,Kings,Jim Walden,2
59,022,Kings,Joseph Hernandez,1
59,022,Kings,Zohran Kwame Mamdani,271
59,023,Kings,Andrew M. Cuomo,89
59,023,Kings,Curtis A. Sliwa,3
59,023,Kings,Eric L. Adams,0
59,023,Kings,Irene Estrada,0
59,023,Kings,Jim Walden,0
59,023,Kings,Joseph Hernandez,0
59,023,Kings,Zohran Kwame Mamdani,131
59,024,Kings,Andrew M. Cuomo,111
59,024,Kings,Curtis A. Sliwa,15
59,024,Kings,Eric L. Adams,3
59,024,Kings,Irene Estrada,0
59,024,Kings,Jim Walden,0
59,024,Kings,Joseph Hernandez,0
59,024,Kings,Zohran Kwame Mamdani,111
59,025,Kings,Andrew M. Cuomo,84
59,025,Kings,Curtis A. Sliwa,12
59,025,Kings,Eric L. Adams,0
59,025,Kings,Irene Estrada,0
59,025,Kings,Jim Walden,0
59,025,Kings,Joseph Hernandez,0
59,025,Kings,Zohran Kwame Mamdani,119
59,026,Kings,Andrew M. Cuomo,107
59,026,Kings,Curtis A. Sliwa,8
59,026,Kings,Eric L. Adams,0
59,026,Kings,Irene Estrada,0
59,026,Kings,Jim Walden,0
59,026,Kings,Joseph Hernandez,0
59,026,Kings,Zohran Kwame Mamdani,206
59,027,Kings,Andrew M. Cuomo,159
59,027,Kings,Curtis A. Sliwa,9
59,027,Kings,Eric L. Adams,1
59,027,Kings,Irene Estrada,0
59,027,Kings,Jim Walden,0
59,027,Kings,Joseph Hernandez,0
59,027,Kings,Zohran Kwame Mamdani,333
59,028,Kings,Andrew M. Cuomo,125
59,028,Kings,Curtis A. Sliwa,10
59,028,Kings,Eric L. Adams,1
59,028,Kings,Irene Estrada,1
59,028,Kings,Jim Walden,0
59,028,Kings,Joseph Hernandez,0
59,028,Kings,Zohran Kwame Mamdani,219
59,029,Kings,Andrew M. Cuomo,166
59,029,Kings,Curtis A. Sliwa,21
59,029,Kings,Eric L. Adams,4
59,029,Kings,Irene Estrada,2
59,029,Kings,Jim Walden,1
59,029,Kings,Joseph Hernandez,0
59,029,Kings,Zohran Kwame Mamdani,249
59,030,Kings,Andrew M. Cuomo,166
59,030,Kings,Curtis A. Sliwa,27
59,030,Kings,Eric L. Adams,1
59,030,Kings,Irene Estrada,1
59,030,Kings,Jim Walden,0
59,030,Kings,Joseph Hernandez,0
59,030,Kings,Zohran Kwame Mamdani,289
59,031,Kings,Andrew M. Cuomo,69
59,031,Kings,Curtis A. Sliwa,16
59,031,Kings,Eric L. Adams,0
59,031,Kings,Irene Estrada,0
59,031,Kings,Jim Walden,0
59,031,Kings,Joseph Hernandez,0
59,031,Kings,Zohran Kwame Mamdani,98
59,032,Kings,Andrew M. Cuomo,195
59,032,Kings,Curtis A. Sliwa,17
59,032,Kings,Eric L. Adams,1
59,032,Kings,Irene Estrada,0
59,032,Kings,Jim Walden,0
59,032,Kings,Joseph Hernandez,0
59,032,Kings,Zohran Kwame Mamdani,306
59,033,Kings,Andrew M. Cuomo,241
59,033,Kings,Curtis A. Sliwa,69
59,033,Kings,Eric L. Adams,2
59,033,Kings,Irene Estrada,1
59,033,Kings,Jim Walden,0
59,033,Kings,Joseph Hernandez,0
59,033,Kings,Zohran Kwame Mamdani,277
59,034,Kings,Andrew M. Cuomo,151
59,034,Kings,Curtis A. Sliwa,34
59,034,Kings,Eric L. Adams,3
59,034,Kings,Irene Estrada,0
59,034,Kings,Jim Walden,0
59,034,Kings,Joseph Hernandez,0
59,034,Kings,Zohran Kwame Mamdani,278
59,035,Kings,Andrew M. Cuomo,58
59,035,Kings,Curtis A. Sliwa,7
59,035,Kings,Eric L. Adams,2
59,035,Kings,Irene Estrada,0
59,035,Kings,Jim Walden,0
59,035,Kings,Joseph Hernandez,1
59,035,Kings,Zohran Kwame Mamdani,136
59,036,Kings,Andrew M. Cuomo,203
59,036,Kings,Curtis A. Sliwa,42
59,036,Kings,Eric L. Adams,2
59,036,Kings,Irene Estrada,1
59,036,Kings,Jim Walden,0
59,036,Kings,Joseph Hernandez,0
59,036,Kings,Zohran Kwame Mamdani,302
59,037,Kings,Andrew M. Cuomo,262
59,037,Kings,Curtis A. Sliwa,43
59,037,Kings,Eric L. Adams,2
59,037,Kings,Irene Estrada,3
59,037,Kings,Jim Walden,0
59,037,Kings,Joseph Hernandez,0
59,037,Kings,Zohran Kwame Mamdani,333
59,038,Kings,Andrew M. Cuomo,173
59,038,Kings,Curtis A. Sliwa,80
59,038,Kings,Eric L. Adams,6
59,038,Kings,Irene Estrada,0
59,038,Kings,Jim Walden,2
59,038,Kings,Joseph Hernandez,0
59,038,Kings,Zohran Kwame Mamdani,278
59,039,Kings,Andrew M. Cuomo,242
59,039,Kings,Curtis A. Sliwa,61
59,039,Kings,Eric L. Adams,4
59,039,Kings,Irene Estrada,1
59,039,Kings,Jim Walden,1
59,039,Kings,Joseph Hernandez,0
59,039,Kings,Zohran Kwame Mamdani,313
59,040,Kings,Andrew M. Cuomo,131
59,040,Kings,Curtis A. Sliwa,36
59,040,Kings,Eric L. Adams,0
59,040,Kings,Irene Estrada,0
59,040,Kings,Jim Walden,0
59,040,Kings,Joseph Hernandez,0
59,040,Kings,Zohran Kwame Mamdani,21
59,041,Kings,Andrew M. Cuomo,262
59,041,Kings,Curtis A. Sliwa,47
59,041,Kings,Eric L. Adams,0
59,041,Kings,Irene Estrada,0
59,041,Kings,Jim Walden,1
59,041,Kings,Joseph Hernandez,0
59,041,Kings,Zohran Kwame Mamdani,222
59,042,Kings,Andrew M. Cuomo,489
59,042,Kings,Curtis A. Sliwa,86
59,042,Kings,Eric L. Adams,2
59,042,Kings,Irene Estrada,1
59,042,Kings,Jim Walden,1
59,042,Kings,Joseph Hernandez,0
59,042,Kings,Zohran Kwame Mamdani,168
59,043,Kings,Andrew M. Cuomo,438
59,043,Kings,Curtis A. Sliwa,75
59,043,Kings,Eric L. Adams,0
59,043,Kings,Irene Estrada,0
59,043,Kings,Jim Walden,0
59,043,Kings,Joseph Hernandez,0
59,043,Kings,Zohran Kwame Mamdani,244
59,044,Kings,Andrew M. Cuomo,381
59,044,Kings,Curtis A. Sliwa,130
59,044,Kings,Eric L. Adams,2
59,044,Kings,Irene Estrada,0
59,044,Kings,Jim Walden,0
59,044,Kings,Joseph Hernandez,1
59,044,Kings,Zohran Kwame Mamdani,88
59,045,Kings,Andrew M. Cuomo,382
59,045,Kings,Curtis A. Sliwa,120
59,045,Kings,Eric L. Adams,1
59,045,Kings,Irene Estrada,2
59,045,Kings,Jim Walden,1
59,045,Kings,Joseph Hernandez,1
59,045,Kings,Zohran Kwame Mamdani,253
59,046,Kings,Andrew M. Cuomo,555
59,046,Kings,Curtis A. Sliwa,174
59,046,Kings,Eric L. Adams,1
59,046,Kings,Irene Estrada,2
59,046,Kings,Jim Walden,0
59,046,Kings,Joseph Hernandez,0
59,046,Kings,Zohran Kwame Mamdani,158
59,047,Kings,Andrew M. Cuomo,601
59,047,Kings,Curtis A. Sliwa,61
59,047,Kings,Eric L. Adams,0
59,047,Kings,Irene Estrada,0
59,047,Kings,Jim Walden,0
59,047,Kings,Joseph Hernandez,0
59,047,Kings,Zohran Kwame Mamdani,40
59,048,Kings,Andrew M. Cuomo,816
59,048,Kings,Curtis A. Sliwa,86
59,048,Kings,Eric L. Adams,2
59,048,Kings,Irene Estrada,1
59,048,Kings,Jim Walden,0
59,048,Kings,Joseph Hernandez,0
59,048,Kings,Zohran Kwame Mamdani,40
59,049,Kings,Andrew M. Cuomo,756
59,049,Kings,Curtis A. Sliwa,111
59,049,Kings,Eric L. Adams,0
59,049,Kings,Irene Estrada,0
59,049,Kings,Jim Walden,0
59,049,Kings,Joseph Hernandez,0
59,049,Kings,Zohran Kwame Mamdani,65
59,050,Kings,Andrew M. Cuomo,580
59,050,Kings,Curtis A. Sliwa,171
59,050,Kings,Eric L. Adams,1
59,050,Kings,Irene Estrada,1
59,050,Kings,Jim Walden,0
59,050,Kings,Joseph Hernandez,0
59,050,Kings,Zohran Kwame Mamdani,67
59,051,Kings,Andrew M. Cuomo,294
59,051,Kings,Curtis A. Sliwa,66
59,051,Kings,Eric L. Adams,1
59,051,Kings,Irene Estrada,1
59,051,Kings,Jim Walden,0
59,051,Kings,Joseph Hernandez,1
59,051,Kings,Zohran Kwame Mamdani,57
59,052,Kings,Andrew M. Cuomo,424
59,052,Kings,Curtis A. Sliwa,134
59,052,Kings,Eric L. Adams,2
59,052,Kings,Irene Estrada,0
59,052,Kings,Jim Walden,1
59,052,Kings,Joseph Hernandez,0
59,052,Kings,Zohran Kwame Mamdani,146
59,053,Kings,Andrew M. Cuomo,395
59,053,Kings,Curtis A. Sliwa,124
59,053,Kings,Eric L. Adams,1
59,053,Kings,Irene Estrada,0
59,053,Kings,Jim Walden,0
59,053,Kings,Joseph Hernandez,0
59,053,Kings,Zohran Kwame Mamdani,107
59,054,Kings,Andrew M. Cuomo,303
59,054,Kings,Curtis A. Sliwa,168
59,054,Kings,Eric L. Adams,1
59,054,Kings,Irene Estrada,1
59,054,Kings,Jim Walden,0
59,054,Kings,Joseph Hernandez,0
59,054,Kings,Zohran Kwame Mamdani,104
59,055,Kings,Andrew M. Cuomo,469
59,055,Kings,Curtis A. Sliwa,216
59,055,Kings,Eric L. Adams,2
59,055,Kings,Irene Estrada,1
59,055,Kings,Jim Walden,2
59,055,Kings,Joseph Hernandez,0
59,055,Kings,Zohran Kwame Mamdani,181
59,056,Kings,Andrew M. Cuomo,506
59,056,Kings,Curtis A. Sliwa,231
59,056,Kings,Eric L. Adams,2
59,056,Kings,Irene Estrada,3
59,056,Kings,Jim Walden,0
59,056,Kings,Joseph Hernandez,0
59,056,Kings,Zohran Kwame Mamdani,158
59,057,Kings,Andrew M. Cuomo,410
59,057,Kings,Curtis A. Sliwa,194
59,057,Kings,Eric L. Adams,3
59,057,Kings,Irene Estrada,1
59,057,Kings,Jim Walden,1
59,057,Kings,Joseph Hernandez,0
59,057,Kings,Zohran Kwame Mamdani,196
59,058,Kings,Andrew M. Cuomo,181
59,058,Kings,Curtis A. Sliwa,57
59,058,Kings,Eric L. Adams,1
59,058,Kings,Irene Estrada,2
59,058,Kings,Jim Walden,1
59,058,Kings,Joseph Hernandez,2
59,058,Kings,Zohran Kwame Mamdani,77
59,059,Kings,Andrew M. Cuomo,260
59,059,Kings,Curtis A. Sliwa,170
59,059,Kings,Eric L. Adams,2
59,059,Kings,Irene Estrada,0
59,059,Kings,Jim Walden,0
59,059,Kings,Joseph Hernandez,0
59,059,Kings,Zohran Kwame Mamdani,40
59,060,Kings,Andrew M. Cuomo,220
59,060,Kings,Curtis A. Sliwa,135
59,060,Kings,Eric L. Adams,1
59,060,Kings,Irene Estrada,0
59,060,Kings,Jim Walden,0
59,060,Kings,Joseph Hernandez,0
59,060,Kings,Zohran Kwame Mamdani,51
59,061,Kings,Andrew M. Cuomo,13
59,061,Kings,Curtis A. Sliwa,8
59,061,Kings,Eric L. Adams,2
59,061,Kings,Irene Estrada,1
59,061,Kings,Jim Walden,0
59,061,Kings,Joseph Hernandez,0
59,061,Kings,Zohran Kwame Mamdani,7
59,062,Kings,Andrew M. Cuomo,1
59,062,Kings,Curtis A. Sliwa,0
59,062,Kings,Eric L. Adams,0
59,062,Kings,Irene Estrada,0
59,062,Kings,Jim Walden,0
59,062,Kings,Joseph Hernandez,0
59,062,Kings,Zohran Kwame Mamdani,2
59,063,Kings,Andrew M. Cuomo,99
59,063,Kings,Curtis A. Sliwa,16
59,063,Kings,Eric L. Adams,3
59,063,Kings,Irene Estrada,1
59,063,Kings,Jim Walden,0
59,063,Kings,Joseph Hernandez,0
59,063,Kings,Zohran Kwame Mamdani,114
59,064,Kings,Andrew M. Cuomo,3
59,064,Kings,Curtis A. Sliwa,1
59,064,Kings,Eric L. Adams,0
59,064,Kings,Irene Estrada,0
59,064,Kings,Jim Walden,0
59,064,Kings,Joseph Hernandez,0
59,064,Kings,Zohran Kwame Mamdani,6
59,065,Kings,Andrew M. Cuomo,263
59,065,Kings,Curtis A. Sliwa,155
59,065,Kings,Eric L. Adams,2
59,065,Kings,Irene Estrada,0
59,065,Kings,Jim Walden,0
59,065,Kings,Joseph Hernandez,0
59,065,Kings,Zohran Kwame Mamdani,100
59,066,Kings,Andrew M. Cuomo,261
59,066,Kings,Curtis A. Sliwa,150
59,066,Kings,Eric L. Adams,1
59,066,Kings,Irene Estrada,0
59,066,Kings,Jim Walden,2
59,066,Kings,Joseph Hernandez,2
59,066,Kings,Zohran Kwame Mamdani,51
59,067,Kings,Andrew M. Cuomo,0
59,067,Kings,Curtis A. Sliwa,0
59,067,Kings,Eric L. Adams,0
59,067,Kings,Irene Estrada,0
59,067,Kings,Jim Walden,0
59,067,Kings,Joseph Hernandez,0
59,067,Kings,Zohran Kwame Mamdani,0
59,069,Kings,Andrew M. Cuomo,0
59,069,Kings,Curtis A. Sliwa,0
59,069,Kings,Eric L. Adams,0
59,069,Kings,Irene Estrada,0
59,069,Kings,Jim Walden,0
59,069,Kings,Joseph Hernandez,0
59,069,Kings,Zohran Kwame Mamdani,0
60,001,Kings,Andrew M. Cuomo,118
60,001,Kings,Curtis A. Sliwa,7
60,001,Kings,Eric L. Adams,3
60,001,Kings,Irene Estrada,1
60,001,Kings,Jim Walden,1
60,001,Kings,Joseph Hernandez,0
60,001,Kings,Zohran Kwame Mamdani,165
60,002,Kings,Andrew M. Cuomo,167
60,002,Kings,Curtis A. Sliwa,10
60,002,Kings,Eric L. Adams,3
60,002,Kings,Irene Estrada,1
60,002,Kings,Jim Walden,0
60,002,Kings,Joseph Hernandez,0
60,002,Kings,Zohran Kwame Mamdani,168
60,003,Kings,Andrew M. Cuomo,139
60,003,Kings,Curtis A. Sliwa,14
60,003,Kings,Eric L. Adams,2
60,003,Kings,Irene Estrada,1
60,003,Kings,Jim Walden,1
60,003,Kings,Joseph Hernandez,1
60,003,Kings,Zohran Kwame Mamdani,142
60,004,Kings,Andrew M. Cuomo,153
60,004,Kings,Curtis A. Sliwa,6
60,004,Kings,Eric L. Adams,4
60,004,Kings,Irene Estrada,0
60,004,Kings,Jim Walden,0
60,004,Kings,Joseph Hernandez,0
60,004,Kings,Zohran Kwame Mamdani,280
60,005,Kings,Andrew M. Cuomo,51
60,005,Kings,Curtis A. Sliwa,11
60,005,Kings,Eric L. Adams,0
60,005,Kings,Irene Estrada,0
60,005,Kings,Jim Walden,0
60,005,Kings,Joseph Hernandez,0
60,005,Kings,Zohran Kwame Mamdani,119
60,006,Kings,Andrew M. Cuomo,180
60,006,Kings,Curtis A. Sliwa,19
60,006,Kings,Eric L. Adams,1
60,006,Kings,Irene Estrada,0
60,006,Kings,Jim Walden,0
60,006,Kings,Joseph Hernandez,2
60,006,Kings,Zohran Kwame Mamdani,283
60,007,Kings,Andrew M. Cuomo,243
60,007,Kings,Curtis A. Sliwa,19
60,007,Kings,Eric L. Adams,5
60,007,Kings,Irene Estrada,2
60,007,Kings,Jim Walden,2
60,007,Kings,Joseph Hernandez,2
60,007,Kings,Zohran Kwame Mamdani,326
60,008,Kings,Andrew M. Cuomo,192
60,008,Kings,Curtis A. Sliwa,11
60,008,Kings,Eric L. Adams,4
60,008,Kings,Irene Estrada,1
60,008,Kings,Jim Walden,0
60,008,Kings,Joseph Hernandez,0
60,008,Kings,Zohran Kwame Mamdani,183
60,009,Kings,Andrew M. Cuomo,256
60,009,Kings,Curtis A. Sliwa,21
60,009,Kings,Eric L. Adams,5
60,009,Kings,Irene Estrada,1
60,009,Kings,Jim Walden,1
60,009,Kings,Joseph Hernandez,0
60,009,Kings,Zohran Kwame Mamdani,284
60,010,Kings,Andrew M. Cuomo,218
60,010,Kings,Curtis A. Sliwa,22
60,010,Kings,Eric L. Adams,8
60,010,Kings,Irene Estrada,2
60,010,Kings,Jim Walden,0
60,010,Kings,Joseph Hernandez,0
60,010,Kings,Zohran Kwame Mamdani,283
60,011,Kings,Andrew M. Cuomo,213
60,011,Kings,Curtis A. Sliwa,15
60,011,Kings,Eric L. Adams,4
60,011,Kings,Irene Estrada,0
60,011,Kings,Jim Walden,0
60,011,Kings,Joseph Hernandez,0
60,011,Kings,Zohran Kwame Mamdani,92
60,012,Kings,Andrew M. Cuomo,109
60,012,Kings,Curtis A. Sliwa,3
60,012,Kings,Eric L. Adams,3
60,012,Kings,Irene Estrada,0
60,012,Kings,Jim Walden,0
60,012,Kings,Joseph Hernandez,0
60,012,Kings,Zohran Kwame Mamdani,141
60,013,Kings,Andrew M. Cuomo,122
60,013,Kings,Curtis A. Sliwa,5
60,013,Kings,Eric L. Adams,2
60,013,Kings,Irene Estrada,0
60,013,Kings,Jim Walden,0
60,013,Kings,Joseph Hernandez,0
60,013,Kings,Zohran Kwame Mamdani,161
60,014,Kings,Andrew M. Cuomo,213
60,014,Kings,Curtis A. Sliwa,20
60,014,Kings,Eric L. Adams,3
60,014,Kings,Irene Estrada,1
60,014,Kings,Jim Walden,0
60,014,Kings,Joseph Hernandez,0
60,014,Kings,Zohran Kwame Mamdani,303
60,015,Kings,Andrew M. Cuomo,144
60,015,Kings,Curtis A. Sliwa,7
60,015,Kings,Eric L. Adams,5
60,015,Kings,Irene Estrada,1
60,015,Kings,Jim Walden,0
60,015,Kings,Joseph Hernandez,0
60,015,Kings,Zohran Kwame Mamdani,271
60,016,Kings,Andrew M. Cuomo,163
60,016,Kings,Curtis A. Sliwa,16
60,016,Kings,Eric L. Adams,4
60,016,Kings,Irene Estrada,0
60,016,Kings,Jim Walden,0
60,016,Kings,Joseph Hernandez,0
60,016,Kings,Zohran Kwame Mamdani,280
60,017,Kings,Andrew M. Cuomo,268
60,017,Kings,Curtis A. Sliwa,26
60,017,Kings,Eric L. Adams,4
60,017,Kings,Irene Estrada,0
60,017,Kings,Jim Walden,0
60,017,Kings,Joseph Hernandez,0
60,017,Kings,Zohran Kwame Mamdani,268
60,018,Kings,Andrew M. Cuomo,195
60,018,Kings,Curtis A. Sliwa,22
60,018,Kings,Eric L. Adams,1
60,018,Kings,Irene Estrada,0
60,018,Kings,Jim Walden,0
60,018,Kings,Joseph Hernandez,0
60,018,Kings,Zohran Kwame Mamdani,189
60,019,Kings,Andrew M. Cuomo,257
60,019,Kings,Curtis A. Sliwa,12
60,019,Kings,Eric L. Adams,1
60,019,Kings,Irene Estrada,1
60,019,Kings,Jim Walden,2
60,019,Kings,Joseph Hernandez,0
60,019,Kings,Zohran Kwame Mamdani,255
60,020,Kings,Andrew M. Cuomo,118
60,020,Kings,Curtis A. Sliwa,8
60,020,Kings,Eric L. Adams,4
60,020,Kings,Irene Estrada,0
60,020,Kings,Jim Walden,0
60,020,Kings,Joseph Hernandez,0
60,020,Kings,Zohran Kwame Mamdani,103
60,021,Kings,Andrew M. Cuomo,194
60,021,Kings,Curtis A. Sliwa,10
60,021,Kings,Eric L. Adams,4
60,021,Kings,Irene Estrada,2
60,021,Kings,Jim Walden,2
60,021,Kings,Joseph Hernandez,1
60,021,Kings,Zohran Kwame Mamdani,285
60,022,Kings,Andrew M. Cuomo,139
60,022,Kings,Curtis A. Sliwa,9
60,022,Kings,Eric L. Adams,2
60,022,Kings,Irene Estrada,1
60,022,Kings,Jim Walden,0
60,022,Kings,Joseph Hernandez,0
60,022,Kings,Zohran Kwame Mamdani,174
60,023,Kings,Andrew M. Cuomo,145
60,023,Kings,Curtis A. Sliwa,7
60,023,Kings,Eric L. Adams,5
60,023,Kings,Irene Estrada,1
60,023,Kings,Jim Walden,0
60,023,Kings,Joseph Hernandez,0
60,023,Kings,Zohran Kwame Mamdani,186
60,024,Kings,Andrew M. Cuomo,94
60,024,Kings,Curtis A. Sliwa,9
60,024,Kings,Eric L. Adams,2
60,024,Kings,Irene Estrada,0
60,024,Kings,Jim Walden,0
60,024,Kings,Joseph Hernandez,0
60,024,Kings,Zohran Kwame Mamdani,115
60,025,Kings,Andrew M. Cuomo,191
60,025,Kings,Curtis A. Sliwa,10
60,025,Kings,Eric L. Adams,2
60,025,Kings,Irene Estrada,2
60,025,Kings,Jim Walden,0
60,025,Kings,Joseph Hernandez,0
60,025,Kings,Zohran Kwame Mamdani,209
60,026,Kings,Andrew M. Cuomo,147
60,026,Kings,Curtis A. Sliwa,13
60,026,Kings,Eric L. Adams,10
60,026,Kings,Irene Estrada,1
60,026,Kings,Jim Walden,0
60,026,Kings,Joseph Hernandez,1
60,026,Kings,Zohran Kwame Mamdani,213
60,027,Kings,Andrew M. Cuomo,60
60,027,Kings,Curtis A. Sliwa,7
60,027,Kings,Eric L. Adams,2
60,027,Kings,Irene Estrada,0
60,027,Kings,Jim Walden,1
60,027,Kings,Joseph Hernandez,0
60,027,Kings,Zohran Kwame Mamdani,110
60,028,Kings,Andrew M. Cuomo,174
60,028,Kings,Curtis A. Sliwa,19
60,028,Kings,Eric L. Adams,2
60,028,Kings,Irene Estrada,0
60,028,Kings,Jim Walden,0
60,028,Kings,Joseph Hernandez,1
60,028,Kings,Zohran Kwame Mamdani,306
60,029,Kings,Andrew M. Cuomo,129
60,029,Kings,Curtis A. Sliwa,10
60,029,Kings,Eric L. Adams,3
60,029,Kings,Irene Estrada,0
60,029,Kings,Jim Walden,0
60,029,Kings,Joseph Hernandez,0
60,029,Kings,Zohran Kwame Mamdani,253
60,030,Kings,Andrew M. Cuomo,152
60,030,Kings,Curtis A. Sliwa,12
60,030,Kings,Eric L. Adams,3
60,030,Kings,Irene Estrada,3
60,030,Kings,Jim Walden,2
60,030,Kings,Joseph Hernandez,0
60,030,Kings,Zohran Kwame Mamdani,289
60,031,Kings,Andrew M. Cuomo,121
60,031,Kings,Curtis A. Sliwa,11
60,031,Kings,Eric L. Adams,1
60,031,Kings,Irene Estrada,0
60,031,Kings,Jim Walden,0
60,031,Kings,Joseph Hernandez,0
60,031,Kings,Zohran Kwame Mamdani,224
60,032,Kings,Andrew M. Cuomo,117
60,032,Kings,Curtis A. Sliwa,10
60,032,Kings,Eric L. Adams,3
60,032,Kings,Irene Estrada,0
60,032,Kings,Jim Walden,0
60,032,Kings,Joseph Hernandez,0
60,032,Kings,Zohran Kwame Mamdani,141
60,033,Kings,Andrew M. Cuomo,85
60,033,Kings,Curtis A. Sliwa,5
60,033,Kings,Eric L. Adams,1
60,033,Kings,Irene Estrada,0
60,033,Kings,Jim Walden,0
60,033,Kings,Joseph Hernandez,0
60,033,Kings,Zohran Kwame Mamdani,103
60,034,Kings,Andrew M. Cuomo,131
60,034,Kings,Curtis A. Sliwa,6
60,034,Kings,Eric L. Adams,3
60,034,Kings,Irene Estrada,0
60,034,Kings,Jim Walden,0
60,034,Kings,Joseph Hernandez,0
60,034,Kings,Zohran Kwame Mamdani,142
60,035,Kings,Andrew M. Cuomo,125
60,035,Kings,Curtis A. Sliwa,11
60,035,Kings,Eric L. Adams,6
60,035,Kings,Irene Estrada,0
60,035,Kings,Jim Walden,0
60,035,Kings,Joseph Hernandez,1
60,035,Kings,Zohran Kwame Mamdani,237
60,036,Kings,Andrew M. Cuomo,126
60,036,Kings,Curtis A. Sliwa,9
60,036,Kings,Eric L. Adams,5
60,036,Kings,Irene Estrada,0
60,036,Kings,Jim Walden,0
60,036,Kings,Joseph Hernandez,0
60,036,Kings,Zohran Kwame Mamdani,174
60,037,Kings,Andrew M. Cuomo,142
60,037,Kings,Curtis A. Sliwa,4
60,037,Kings,Eric L. Adams,8
60,037,Kings,Irene Estrada,0
60,037,Kings,Jim Walden,0
60,037,Kings,Joseph Hernandez,1
60,037,Kings,Zohran Kwame Mamdani,211
60,038,Kings,Andrew M. Cuomo,118
60,038,Kings,Curtis A. Sliwa,7
60,038,Kings,Eric L. Adams,1
60,038,Kings,Irene Estrada,0
60,038,Kings,Jim Walden,0
60,038,Kings,Joseph Hernandez,0
60,038,Kings,Zohran Kwame Mamdani,219
60,039,Kings,Andrew M. Cuomo,133
60,039,Kings,Curtis A. Sliwa,17
60,039,Kings,Eric L. Adams,1
60,039,Kings,Irene Estrada,5
60,039,Kings,Jim Walden,3
60,039,Kings,Joseph Hernandez,0
60,039,Kings,Zohran Kwame Mamdani,250
60,040,Kings,Andrew M. Cuomo,109
60,040,Kings,Curtis A. Sliwa,15
60,040,Kings,Eric L. Adams,5
60,040,Kings,Irene Estrada,0
60,040,Kings,Jim Walden,0
60,040,Kings,Joseph Hernandez,1
60,040,Kings,Zohran Kwame Mamdani,180
60,041,Kings,Andrew M. Cuomo,113
60,041,Kings,Curtis A. Sliwa,6
60,041,Kings,Eric L. Adams,3
60,041,Kings,Irene Estrada,0
60,041,Kings,Jim Walden,0
60,041,Kings,Joseph Hernandez,0
60,041,Kings,Zohran Kwame Mamdani,140
60,042,Kings,Andrew M. Cuomo,178
60,042,Kings,Curtis A. Sliwa,7
60,042,Kings,Eric L. Adams,4
60,042,Kings,Irene Estrada,1
60,042,Kings,Jim Walden,0
60,042,Kings,Joseph Hernandez,1
60,042,Kings,Zohran Kwame Mamdani,248
60,043,Kings,Andrew M. Cuomo,91
60,043,Kings,Curtis A. Sliwa,7
60,043,Kings,Eric L. Adams,6
60,043,Kings,Irene Estrada,0
60,043,Kings,Jim Walden,1
60,043,Kings,Joseph Hernandez,0
60,043,Kings,Zohran Kwame Mamdani,274
60,044,Kings,Andrew M. Cuomo,110
60,044,Kings,Curtis A. Sliwa,9
60,044,Kings,Eric L. Adams,3
60,044,Kings,Irene Estrada,0
60,044,Kings,Jim Walden,0
60,044,Kings,Joseph Hernandez,1
60,044,Kings,Zohran Kwame Mamdani,233
60,045,Kings,Andrew M. Cuomo,85
60,045,Kings,Curtis A. Sliwa,8
60,045,Kings,Eric L. Adams,1
60,045,Kings,Irene Estrada,0
60,045,Kings,Jim Walden,1
60,045,Kings,Joseph Hernandez,0
60,045,Kings,Zohran Kwame Mamdani,221
60,046,Kings,Andrew M. Cuomo,174
60,046,Kings,Curtis A. Sliwa,12
60,046,Kings,Eric L. Adams,1
60,046,Kings,Irene Estrada,0
60,046,Kings,Jim Walden,0
60,046,Kings,Joseph Hernandez,0
60,046,Kings,Zohran Kwame Mamdani,282
60,047,Kings,Andrew M. Cuomo,8
60,047,Kings,Curtis A. Sliwa,5
60,047,Kings,Eric L. Adams,0
60,047,Kings,Irene Estrada,0
60,047,Kings,Jim Walden,0
60,047,Kings,Joseph Hernandez,0
60,047,Kings,Zohran Kwame Mamdani,66
60,048,Kings,Andrew M. Cuomo,28
60,048,Kings,Curtis A. Sliwa,0
60,048,Kings,Eric L. Adams,1
60,048,Kings,Irene Estrada,0
60,048,Kings,Jim Walden,0
60,048,Kings,Joseph Hernandez,0
60,048,Kings,Zohran Kwame Mamdani,143
60,049,Kings,Andrew M. Cuomo,118
60,049,Kings,Curtis A. Sliwa,9
60,049,Kings,Eric L. Adams,3
60,049,Kings,Irene Estrada,1
60,049,Kings,Jim Walden,1
60,049,Kings,Joseph Hernandez,1
60,049,Kings,Zohran Kwame Mamdani,115
60,050,Kings,Andrew M. Cuomo,64
60,050,Kings,Curtis A. Sliwa,5
60,050,Kings,Eric L. Adams,0
60,050,Kings,Irene Estrada,2
60,050,Kings,Jim Walden,0
60,050,Kings,Joseph Hernandez,0
60,050,Kings,Zohran Kwame Mamdani,117
60,051,Kings,Andrew M. Cuomo,168
60,051,Kings,Curtis A. Sliwa,12
60,051,Kings,Eric L. Adams,2
60,051,Kings,Irene Estrada,1
60,051,Kings,Jim Walden,2
60,051,Kings,Joseph Hernandez,0
60,051,Kings,Zohran Kwame Mamdani,256
60,052,Kings,Andrew M. Cuomo,131
60,052,Kings,Curtis A. Sliwa,9
60,052,Kings,Eric L. Adams,4
60,052,Kings,Irene Estrada,0
60,052,Kings,Jim Walden,1
60,052,Kings,Joseph Hernandez,0
60,052,Kings,Zohran Kwame Mamdani,207
60,053,Kings,Andrew M. Cuomo,153
60,053,Kings,Curtis A. Sliwa,13
60,053,Kings,Eric L. Adams,0
60,053,Kings,Irene Estrada,0
60,053,Kings,Jim Walden,0
60,053,Kings,Joseph Hernandez,0
60,053,Kings,Zohran Kwame Mamdani,215
60,054,Kings,Andrew M. Cuomo,150
60,054,Kings,Curtis A. Sliwa,12
60,054,Kings,Eric L. Adams,6
60,054,Kings,Irene Estrada,1
60,054,Kings,Jim Walden,0
60,054,Kings,Joseph Hernandez,1
60,054,Kings,Zohran Kwame Mamdani,262
60,055,Kings,Andrew M. Cuomo,149
60,055,Kings,Curtis A. Sliwa,14
60,055,Kings,Eric L. Adams,3
60,055,Kings,Irene Estrada,0
60,055,Kings,Jim Walden,0
60,055,Kings,Joseph Hernandez,2
60,055,Kings,Zohran Kwame Mamdani,214
60,056,Kings,Andrew M. Cuomo,93
60,056,Kings,Curtis A. Sliwa,7
60,056,Kings,Eric L. Adams,1
60,056,Kings,Irene Estrada,0
60,056,Kings,Jim Walden,1
60,056,Kings,Joseph Hernandez,0
60,056,Kings,Zohran Kwame Mamdani,145
60,057,Kings,Andrew M. Cuomo,99
60,057,Kings,Curtis A. Sliwa,10
60,057,Kings,Eric L. Adams,1
60,057,Kings,Irene Estrada,1
60,057,Kings,Jim Walden,0
60,057,Kings,Joseph Hernandez,0
60,057,Kings,Zohran Kwame Mamdani,186
60,058,Kings,Andrew M. Cuomo,120
60,058,Kings,Curtis A. Sliwa,9
60,058,Kings,Eric L. Adams,1
60,058,Kings,Irene Estrada,4
60,058,Kings,Jim Walden,0
60,058,Kings,Joseph Hernandez,1
60,058,Kings,Zohran Kwame Mamdani,200
60,059,Kings,Andrew M. Cuomo,42
60,059,Kings,Curtis A. Sliwa,2
60,059,Kings,Eric L. Adams,0
60,059,Kings,Irene Estrada,1
60,059,Kings,Jim Walden,0
60,059,Kings,Joseph Hernandez,2
60,059,Kings,Zohran Kwame Mamdani,58
60,060,Kings,Andrew M. Cuomo,6
60,060,Kings,Curtis A. Sliwa,0
60,060,Kings,Eric L. Adams,1
60,060,Kings,Irene Estrada,0
60,060,Kings,Jim Walden,0
60,060,Kings,Joseph Hernandez,0
60,060,Kings,Zohran Kwame Mamdani,12
60,061,Kings,Andrew M. Cuomo,1
60,061,Kings,Curtis A. Sliwa,0
60,061,Kings,Eric L. Adams,0
60,061,Kings,Irene Estrada,0
60,061,Kings,Jim Walden,0
60,061,Kings,Joseph Hernandez,0
60,061,Kings,Zohran Kwame Mamdani,1
60,062,Kings,Andrew M. Cuomo,140
60,062,Kings,Curtis A. Sliwa,6
60,062,Kings,Eric L. Adams,4
60,062,Kings,Irene Estrada,0
60,062,Kings,Jim Walden,0
60,062,Kings,Joseph Hernandez,1
60,062,Kings,Zohran Kwame Mamdani,258
60,063,Kings,Andrew M. Cuomo,14
60,063,Kings,Curtis A. Sliwa,6
60,063,Kings,Eric L. Adams,1
60,063,Kings,Irene Estrada,0
60,063,Kings,Jim Walden,0
60,063,Kings,Joseph Hernandez,0
60,063,Kings,Zohran Kwame Mamdani,91
61,001,Richmond,Andrew M. Cuomo,173
61,001,Richmond,Curtis A. Sliwa,36
61,001,Richmond,Eric L. Adams,3
61,001,Richmond,Irene Estrada,0
61,001,Richmond,Jim Walden,0
61,001,Richmond,Joseph Hernandez,0
61,001,Richmond,Zohran Kwame Mamdani,305
61,002,Richmond,Andrew M. Cuomo,226
61,002,Richmond,Curtis A. Sliwa,43
61,002,Richmond,Eric L. Adams,4
61,002,Richmond,Irene Estrada,0
61,002,Richmond,Jim Walden,1
61,002,Richmond,Joseph Hernandez,0
61,002,Richmond,Zohran Kwame Mamdani,246
61,003,Richmond,Andrew M. Cuomo,133
61,003,Richmond,Curtis A. Sliwa,16
61,003,Richmond,Eric L. Adams,3
61,003,Richmond,Irene Estrada,0
61,003,Richmond,Jim Walden,0
61,003,Richmond,Joseph Hernandez,0
61,003,Richmond,Zohran Kwame Mamdani,267
61,004,Richmond,Andrew M. Cuomo,138
61,004,Richmond,Curtis A. Sliwa,14
61,004,Richmond,Eric L. Adams,4
61,004,Richmond,Irene Estrada,0
61,004,Richmond,Jim Walden,0
61,004,Richmond,Joseph Hernandez,0
61,004,Richmond,Zohran Kwame Mamdani,307
61,005,Richmond,Andrew M. Cuomo,220
61,005,Richmond,Curtis A. Sliwa,84
61,005,Richmond,Eric L. Adams,1
61,005,Richmond,Irene Estrada,4
61,005,Richmond,Jim Walden,3
61,005,Richmond,Joseph Hernandez,0
61,005,Richmond,Zohran Kwame Mamdani,242
61,006,Richmond,Andrew M. Cuomo,119
61,006,Richmond,Curtis A. Sliwa,21
61,006,Richmond,Eric L. Adams,1
61,006,Richmond,Irene Estrada,2
61,006,Richmond,Jim Walden,0
61,006,Richmond,Joseph Hernandez,1
61,006,Richmond,Zohran Kwame Mamdani,172
61,007,Richmond,Andrew M. Cuomo,135
61,007,Richmond,Curtis A. Sliwa,59
61,007,Richmond,Eric L. Adams,4
61,007,Richmond,Irene Estrada,2
61,007,Richmond,Jim Walden,1
61,007,Richmond,Joseph Hernandez,1
61,007,Richmond,Zohran Kwame Mamdani,229
61,008,Richmond,Andrew M. Cuomo,200
61,008,Richmond,Curtis A. Sliwa,49
61,008,Richmond,Eric L. Adams,4
61,008,Richmond,Irene Estrada,2
61,008,Richmond,Jim Walden,1
61,008,Richmond,Joseph Hernandez,0
61,008,Richmond,Zohran Kwame Mamdani,331
61,009,Richmond,Andrew M. Cuomo,196
61,009,Richmond,Curtis A. Sliwa,52
61,009,Richmond,Eric L. Adams,1
61,009,Richmond,Irene Estrada,1
61,009,Richmond,Jim Walden,0
61,009,Richmond,Joseph Hernandez,1
61,009,Richmond,Zohran Kwame Mamdani,253
61,010,Richmond,Andrew M. Cuomo,126
61,010,Richmond,Curtis A. Sliwa,52
61,010,Richmond,Eric L. Adams,1
61,010,Richmond,Irene Estrada,1
61,010,Richmond,Jim Walden,0
61,010,Richmond,Joseph Hernandez,1
61,010,Richmond,Zohran Kwame Mamdani,287
61,011,Richmond,Andrew M. Cuomo,291
61,011,Richmond,Curtis A. Sliwa,72
61,011,Richmond,Eric L. Adams,4
61,011,Richmond,Irene Estrada,1
61,011,Richmond,Jim Walden,1
61,011,Richmond,Joseph Hernandez,1
61,011,Richmond,Zohran Kwame Mamdani,374
61,012,Richmond,Andrew M. Cuomo,224
61,012,Richmond,Curtis A. Sliwa,57
61,012,Richmond,Eric L. Adams,3
61,012,Richmond,Irene Estrada,1
61,012,Richmond,Jim Walden,1
61,012,Richmond,Joseph Hernandez,0
61,012,Richmond,Zohran Kwame Mamdani,451
61,013,Richmond,Andrew M. Cuomo,219
61,013,Richmond,Curtis A. Sliwa,32
61,013,Richmond,Eric L. Adams,3
61,013,Richmond,Irene Estrada,1
61,013,Richmond,Jim Walden,0
61,013,Richmond,Joseph Hernandez,0
61,013,Richmond,Zohran Kwame Mamdani,373
61,014,Richmond,Andrew M. Cuomo,126
61,014,Richmond,Curtis A. Sliwa,20
61,014,Richmond,Eric L. Adams,3
61,014,Richmond,Irene Estrada,1
61,014,Richmond,Jim Walden,0
61,014,Richmond,Joseph Hernandez,0
61,014,Richmond,Zohran Kwame Mamdani,232
61,015,Richmond,Andrew M. Cuomo,121
61,015,Richmond,Curtis A. Sliwa,25
61,015,Richmond,Eric L. Adams,2
61,015,Richmond,Irene Estrada,2
61,015,Richmond,Jim Walden,0
61,015,Richmond,Joseph Hernandez,0
61,015,Richmond,Zohran Kwame Mamdani,277
61,016,Richmond,Andrew M. Cuomo,78
61,016,Richmond,Curtis A. Sliwa,32
61,016,Richmond,Eric L. Adams,2
61,016,Richmond,Irene Estrada,0
61,016,Richmond,Jim Walden,0
61,016,Richmond,Joseph Hernandez,0
61,016,Richmond,Zohran Kwame Mamdani,210
61,017,Richmond,Andrew M. Cuomo,300
61,017,Richmond,Curtis A. Sliwa,110
61,017,Richmond,Eric L. Adams,1
61,017,Richmond,Irene Estrada,1
61,017,Richmond,Jim Walden,0
61,017,Richmond,Joseph Hernandez,0
61,017,Richmond,Zohran Kwame Mamdani,150
61,018,Richmond,Andrew M. Cuomo,159
61,018,Richmond,Curtis A. Sliwa,43
61,018,Richmond,Eric L. Adams,6
61,018,Richmond,Irene Estrada,5
61,018,Richmond,Jim Walden,1
61,018,Richmond,Joseph Hernandez,1
61,018,Richmond,Zohran Kwame Mamdani,196
61,019,Richmond,Andrew M. Cuomo,165
61,019,Richmond,Curtis A. Sliwa,43
61,019,Richmond,Eric L. Adams,3
61,019,Richmond,Irene Estrada,1
61,019,Richmond,Jim Walden,0
61,019,Richmond,Joseph Hernandez,0
61,019,Richmond,Zohran Kwame Mamdani,255
61,020,Richmond,Andrew M. Cuomo,160
61,020,Richmond,Curtis A. Sliwa,58
61,020,Richmond,Eric L. Adams,2
61,020,Richmond,Irene Estrada,2
61,020,Richmond,Jim Walden,1
61,020,Richmond,Joseph Hernandez,0
61,020,Richmond,Zohran Kwame Mamdani,228
61,021,Richmond,Andrew M. Cuomo,335
61,021,Richmond,Curtis A. Sliwa,126
61,021,Richmond,Eric L. Adams,3
61,021,Richmond,Irene Estrada,0
61,021,Richmond,Jim Walden,1
61,021,Richmond,Joseph Hernandez,1
61,021,Richmond,Zohran Kwame Mamdani,303
61,022,Richmond,Andrew M. Cuomo,289
61,022,Richmond,Curtis A. Sliwa,94
61,022,Richmond,Eric L. Adams,2
61,022,Richmond,Irene Estrada,1
61,022,Richmond,Jim Walden,0
61,022,Richmond,Joseph Hernandez,0
61,022,Richmond,Zohran Kwame Mamdani,314
61,023,Richmond,Andrew M. Cuomo,168
61,023,Richmond,Curtis A. Sliwa,33
61,023,Richmond,Eric L. Adams,3
61,023,Richmond,Irene Estrada,5
61,023,Richmond,Jim Walden,0
61,023,Richmond,Joseph Hernandez,1
61,023,Richmond,Zohran Kwame Mamdani,255
61,024,Richmond,Andrew M. Cuomo,103
61,024,Richmond,Curtis A. Sliwa,29
61,024,Richmond,Eric L. Adams,3
61,024,Richmond,Irene Estrada,0
61,024,Richmond,Jim Walden,1
61,024,Richmond,Joseph Hernandez,1
61,024,Richmond,Zohran Kwame Mamdani,197
61,025,Richmond,Andrew M. Cuomo,156
61,025,Richmond,Curtis A. Sliwa,64
61,025,Richmond,Eric L. Adams,1
61,025,Richmond,Irene Estrada,1
61,025,Richmond,Jim Walden,1
61,025,Richmond,Joseph Hernandez,0
61,025,Richmond,Zohran Kwame Mamdani,196
61,026,Richmond,Andrew M. Cuomo,362
61,026,Richmond,Curtis A. Sliwa,156
61,026,Richmond,Eric L. Adams,1
61,026,Richmond,Irene Estrada,1
61,026,Richmond,Jim Walden,1
61,026,Richmond,Joseph Hernandez,0
61,026,Richmond,Zohran Kwame Mamdani,132
61,027,Richmond,Andrew M. Cuomo,256
61,027,Richmond,Curtis A. Sliwa,106
61,027,Richmond,Eric L. Adams,1
61,027,Richmond,Irene Estrada,0
61,027,Richmond,Jim Walden,1
61,027,Richmond,Joseph Hernandez,0
61,027,Richmond,Zohran Kwame Mamdani,110
61,028,Richmond,Andrew M. Cuomo,202
61,028,Richmond,Curtis A. Sliwa,82
61,028,Richmond,Eric L. Adams,1
61,028,Richmond,Irene Estrada,0
61,028,Richmond,Jim Walden,1
61,028,Richmond,Joseph Hernandez,0
61,028,Richmond,Zohran Kwame Mamdani,208
61,029,Richmond,Andrew M. Cuomo,200
61,029,Richmond,Curtis A. Sliwa,63
61,029,Richmond,Eric L. Adams,2
61,029,Richmond,Irene Estrada,0
61,029,Richmond,Jim Walden,0
61,029,Richmond,Joseph Hernandez,0
61,029,Richmond,Zohran Kwame Mamdani,330
61,030,Richmond,Andrew M. Cuomo,185
61,030,Richmond,Curtis A. Sliwa,48
61,030,Richmond,Eric L. Adams,6
61,030,Richmond,Irene Estrada,1
61,030,Richmond,Jim Walden,1
61,030,Richmond,Joseph Hernandez,0
61,030,Richmond,Zohran Kwame Mamdani,296
61,031,Richmond,Andrew M. Cuomo,272
61,031,Richmond,Curtis A. Sliwa,117
61,031,Richmond,Eric L. Adams,2
61,031,Richmond,Irene Estrada,2
61,031,Richmond,Jim Walden,1
61,031,Richmond,Joseph Hernandez,1
61,031,Richmond,Zohran Kwame Mamdani,269
61,032,Richmond,Andrew M. Cuomo,267
61,032,Richmond,Curtis A. Sliwa,114
61,032,Richmond,Eric L. Adams,1
61,032,Richmond,Irene Estrada,1
61,032,Richmond,Jim Walden,0
61,032,Richmond,Joseph Hernandez,0
61,032,Richmond,Zohran Kwame Mamdani,232
61,033,Richmond,Andrew M. Cuomo,168
61,033,Richmond,Curtis A. Sliwa,67
61,033,Richmond,Eric L. Adams,4
61,033,Richmond,Irene Estrada,1
61,033,Richmond,Jim Walden,2
61,033,Richmond,Joseph Hernandez,0
61,033,Richmond,Zohran Kwame Mamdani,275
61,034,Richmond,Andrew M. Cuomo,166
61,034,Richmond,Curtis A. Sliwa,47
61,034,Richmond,Eric L. Adams,2
61,034,Richmond,Irene Estrada,1
61,034,Richmond,Jim Walden,0
61,034,Richmond,Joseph Hernandez,0
61,034,Richmond,Zohran Kwame Mamdani,224
61,035,Richmond,Andrew M. Cuomo,179
61,035,Richmond,Curtis A. Sliwa,69
61,035,Richmond,Eric L. Adams,4
61,035,Richmond,Irene Estrada,2
61,035,Richmond,Jim Walden,1
61,035,Richmond,Joseph Hernandez,0
61,035,Richmond,Zohran Kwame Mamdani,275
61,036,Richmond,Andrew M. Cuomo,207
61,036,Richmond,Curtis A. Sliwa,71
61,036,Richmond,Eric L. Adams,3
61,036,Richmond,Irene Estrada,0
61,036,Richmond,Jim Walden,0
61,036,Richmond,Joseph Hernandez,1
61,036,Richmond,Zohran Kwame Mamdani,293
61,037,Richmond,Andrew M. Cuomo,212
61,037,Richmond,Curtis A. Sliwa,56
61,037,Richmond,Eric L. Adams,2
61,037,Richmond,Irene Estrada,2
61,037,Richmond,Jim Walden,3
61,037,Richmond,Joseph Hernandez,2
61,037,Richmond,Zohran Kwame Mamdani,323
61,038,Richmond,Andrew M. Cuomo,240
61,038,Richmond,Curtis A. Sliwa,96
61,038,Richmond,Eric L. Adams,6
61,038,Richmond,Irene Estrada,1
61,038,Richmond,Jim Walden,1
61,038,Richmond,Joseph Hernandez,1
61,038,Richmond,Zohran Kwame Mamdani,311
61,039,Richmond,Andrew M. Cuomo,261
61,039,Richmond,Curtis A. Sliwa,105
61,039,Richmond,Eric L. Adams,2
61,039,Richmond,Irene Estrada,0
61,039,Richmond,Jim Walden,1
61,039,Richmond,Joseph Hernandez,0
61,039,Richmond,Zohran Kwame Mamdani,267
61,040,Richmond,Andrew M. Cuomo,448
61,040,Richmond,Curtis A. Sliwa,230
61,040,Richmond,Eric L. Adams,0
61,040,Richmond,Irene Estrada,0
61,040,Richmond,Jim Walden,0
61,040,Richmond,Joseph Hernandez,0
61,040,Richmond,Zohran Kwame Mamdani,145
61,041,Richmond,Andrew M. Cuomo,485
61,041,Richmond,Curtis A. Sliwa,222
61,041,Richmond,Eric L. Adams,2
61,041,Richmond,Irene Estrada,0
61,041,Richmond,Jim Walden,0
61,041,Richmond,Joseph Hernandez,0
61,041,Richmond,Zohran Kwame Mamdani,181
61,042,Richmond,Andrew M. Cuomo,463
61,042,Richmond,Curtis A. Sliwa,227
61,042,Richmond,Eric L. Adams,1
61,042,Richmond,Irene Estrada,1
61,042,Richmond,Jim Walden,0
61,042,Richmond,Joseph Hernandez,1
61,042,Richmond,Zohran Kwame Mamdani,122
61,043,Richmond,Andrew M. Cuomo,452
61,043,Richmond,Curtis A. Sliwa,174
61,043,Richmond,Eric L. Adams,0
61,043,Richmond,Irene Estrada,1
61,043,Richmond,Jim Walden,0
61,043,Richmond,Joseph Hernandez,1
61,043,Richmond,Zohran Kwame Mamdani,143
61,044,Richmond,Andrew M. Cuomo,349
61,044,Richmond,Curtis A. Sliwa,168
61,044,Richmond,Eric L. Adams,1
61,044,Richmond,Irene Estrada,0
61,044,Richmond,Jim Walden,0
61,044,Richmond,Joseph Hernandez,0
61,044,Richmond,Zohran Kwame Mamdani,105
61,045,Richmond,Andrew M. Cuomo,154
61,045,Richmond,Curtis A. Sliwa,90
61,045,Richmond,Eric L. Adams,1
61,045,Richmond,Irene Estrada,0
61,045,Richmond,Jim Walden,1
61,045,Richmond,Joseph Hernandez,0
61,045,Richmond,Zohran Kwame Mamdani,116
61,046,Richmond,Andrew M. Cuomo,217
61,046,Richmond,Curtis A. Sliwa,85
61,046,Richmond,Eric L. Adams,0
61,046,Richmond,Irene Estrada,1
61,046,Richmond,Jim Walden,0
61,046,Richmond,Joseph Hernandez,0
61,046,Richmond,Zohran Kwame Mamdani,113
61,047,Richmond,Andrew M. Cuomo,19
61,047,Richmond,Curtis A. Sliwa,15
61,047,Richmond,Eric L. Adams,0
61,047,Richmond,Irene Estrada,0
61,047,Richmond,Jim Walden,0
61,047,Richmond,Joseph Hernandez,0
61,047,Richmond,Zohran Kwame Mamdani,47
61,048,Richmond,Andrew M. Cuomo,110
61,048,Richmond,Curtis A. Sliwa,41
61,048,Richmond,Eric L. Adams,0
61,048,Richmond,Irene Estrada,0
61,048,Richmond,Jim Walden,0
61,048,Richmond,Joseph Hernandez,0
61,048,Richmond,Zohran Kwame Mamdani,106
61,060,New York,Andrew M. Cuomo,279
61,060,New York,Curtis A. Sliwa,39
61,060,New York,Eric L. Adams,1
61,060,New York,Irene Estrada,1
61,060,New York,Jim Walden,0
61,060,New York,Joseph Hernandez,0
61,060,New York,Zohran Kwame Mamdani,315
61,061,New York,Andrew M. Cuomo,538
61,061,New York,Curtis A. Sliwa,32
61,061,New York,Eric L. Adams,2
61,061,New York,Irene Estrada,2
61,061,New York,Jim Walden,2
61,061,New York,Joseph Hernandez,1
61,061,New York,Zohran Kwame Mamdani,390
61,062,New York,Andrew M. Cuomo,452
61,062,New York,Curtis A. Sliwa,34
61,062,New York,Eric L. Adams,1
61,062,New York,Irene Estrada,0
61,062,New York,Jim Walden,3
61,062,New York,Joseph Hernandez,1
61,062,New York,Zohran Kwame Mamdani,316
61,063,New York,Andrew M. Cuomo,595
61,063,New York,Curtis A. Sliwa,47
61,063,New York,Eric L. Adams,0
61,063,New York,Irene Estrada,4
61,063,New York,Jim Walden,2
61,063,New York,Joseph Hernandez,0
61,063,New York,Zohran Kwame Mamdani,359
61,064,New York,Andrew M. Cuomo,288
61,064,New York,Curtis A. Sliwa,20
61,064,New York,Eric L. Adams,1
61,064,New York,Irene Estrada,0
61,064,New York,Jim Walden,0
61,064,New York,Joseph Hernandez,2
61,064,New York,Zohran Kwame Mamdani,226
61,065,New York,Andrew M. Cuomo,612
61,065,New York,Curtis A. Sliwa,29
61,065,New York,Eric L. Adams,3
61,065,New York,Irene Estrada,0
61,065,New York,Jim Walden,1
61,065,New York,Joseph Hernandez,0
61,065,New York,Zohran Kwame Mamdani,318
61,066,New York,Andrew M. Cuomo,633
61,066,New York,Curtis A. Sliwa,17
61,066,New York,Eric L. Adams,0
61,066,New York,Irene Estrada,0
61,066,New York,Jim Walden,0
61,066,New York,Joseph Hernandez,0
61,066,New York,Zohran Kwame Mamdani,228
61,067,New York,Andrew M. Cuomo,332
61,067,New York,Curtis A. Sliwa,45
61,067,New York,Eric L. Adams,1
61,067,New York,Irene Estrada,1
61,067,New York,Jim Walden,1
61,067,New York,Joseph Hernandez,1
61,067,New York,Zohran Kwame Mamdani,452
61,068,New York,Andrew M. Cuomo,465
61,068,New York,Curtis A. Sliwa,32
61,068,New York,Eric L. Adams,4
61,068,New York,Irene Estrada,0
61,068,New York,Jim Walden,1
61,068,New York,Joseph Hernandez,0
61,068,New York,Zohran Kwame Mamdani,481
61,100,Kings,Andrew M. Cuomo,0
61,100,Kings,Curtis A. Sliwa,0
61,100,Kings,Eric L. Adams,0
61,100,Kings,Irene Estrada,0
61,100,Kings,Jim Walden,0
61,100,Kings,Joseph Hernandez,0
61,100,Kings,Zohran Kwame Mamdani,2
61,102,Kings,Andrew M. Cuomo,0
61,102,Kings,Curtis A. Sliwa,0
61,102,Kings,Eric L. Adams,0
61,102,Kings,Irene Estrada,0
61,102,Kings,Jim Walden,0
61,102,Kings,Joseph Hernandez,0
61,102,Kings,Zohran Kwame Mamdani,0
61,103,Kings,Andrew M. Cuomo,0
61,103,Kings,Curtis A. Sliwa,0
61,103,Kings,Eric L. Adams,0
61,103,Kings,Irene Estrada,0
61,103,Kings,Jim Walden,0
61,103,Kings,Joseph Hernandez,0
61,103,Kings,Zohran Kwame Mamdani,0
61,105,Kings,Andrew M. Cuomo,0
61,105,Kings,Curtis A. Sliwa,0
61,105,Kings,Eric L. Adams,0
61,105,Kings,Irene Estrada,0
61,105,Kings,Jim Walden,0
61,105,Kings,Joseph Hernandez,0
61,105,Kings,Zohran Kwame Mamdani,0
61,109,Kings,Andrew M. Cuomo,0
61,109,Kings,Curtis A. Sliwa,0
61,109,Kings,Eric L. Adams,0
61,109,Kings,Irene Estrada,0
61,109,Kings,Jim Walden,0
61,109,Kings,Joseph Hernandez,0
61,109,Kings,Zohran Kwame Mamdani,0
61,113,Kings,Andrew M. Cuomo,0
61,113,Kings,Curtis A. Sliwa,0
61,113,Kings,Eric L. Adams,0
61,113,Kings,Irene Estrada,0
61,113,Kings,Jim Walden,0
61,113,Kings,Joseph Hernandez,0
61,113,Kings,Zohran Kwame Mamdani,0
62,001,Richmond,Andrew M. Cuomo,575
62,001,Richmond,Curtis A. Sliwa,302
62,001,Richmond,Eric L. Adams,0
62,001,Richmond,Irene Estrada,1
62,001,Richmond,Jim Walden,0
62,001,Richmond,Joseph Hernandez,0
62,001,Richmond,Zohran Kwame Mamdani,55
62,002,Richmond,Andrew M. Cuomo,640
62,002,Richmond,Curtis A. Sliwa,300
62,002,Richmond,Eric L. Adams,2
62,002,Richmond,Irene Estrada,1
62,002,Richmond,Jim Walden,0
62,002,Richmond,Joseph Hernandez,0
62,002,Richmond,Zohran Kwame Mamdani,76
62,003,Richmond,Andrew M. Cuomo,454
62,003,Richmond,Curtis A. Sliwa,303
62,003,Richmond,Eric L. Adams,1
62,003,Richmond,Irene Estrada,4
62,003,Richmond,Jim Walden,0
62,003,Richmond,Joseph Hernandez,0
62,003,Richmond,Zohran Kwame Mamdani,137
62,004,Richmond,Andrew M. Cuomo,541
62,004,Richmond,Curtis A. Sliwa,262
62,004,Richmond,Eric L. Adams,1
62,004,Richmond,Irene Estrada,0
62,004,Richmond,Jim Walden,0
62,004,Richmond,Joseph Hernandez,0
62,004,Richmond,Zohran Kwame Mamdani,70
62,005,Richmond,Andrew M. Cuomo,493
62,005,Richmond,Curtis A. Sliwa,291
62,005,Richmond,Eric L. Adams,1
62,005,Richmond,Irene Estrada,0
62,005,Richmond,Jim Walden,0
62,005,Richmond,Joseph Hernandez,0
62,005,Richmond,Zohran Kwame Mamdani,83
62,006,Richmond,Andrew M. Cuomo,487
62,006,Richmond,Curtis A. Sliwa,267
62,006,Richmond,Eric L. Adams,0
62,006,Richmond,Irene Estrada,2
62,006,Richmond,Jim Walden,1
62,006,Richmond,Joseph Hernandez,0
62,006,Richmond,Zohran Kwame Mamdani,89
62,007,Richmond,Andrew M. Cuomo,603
62,007,Richmond,Curtis A. Sliwa,253
62,007,Richmond,Eric L. Adams,1
62,007,Richmond,Irene Estrada,1
62,007,Richmond,Jim Walden,1
62,007,Richmond,Joseph Hernandez,0
62,007,Richmond,Zohran Kwame Mamdani,97
62,008,Richmond,Andrew M. Cuomo,550
62,008,Richmond,Curtis A. Sliwa,247
62,008,Richmond,Eric L. Adams,1
62,008,Richmond,Irene Estrada,0
62,008,Richmond,Jim Walden,0
62,008,Richmond,Joseph Hernandez,0
62,008,Richmond,Zohran Kwame Mamdani,94
62,009,Richmond,Andrew M. Cuomo,640
62,009,Richmond,Curtis A. Sliwa,236
62,009,Richmond,Eric L. Adams,3
62,009,Richmond,Irene Estrada,1
62,009,Richmond,Jim Walden,0
62,009,Richmond,Joseph Hernandez,0
62,009,Richmond,Zohran Kwame Mamdani,83
62,010,Richmond,Andrew M. Cuomo,589
62,010,Richmond,Curtis A. Sliwa,226
62,010,Richmond,Eric L. Adams,0
62,010,Richmond,Irene Estrada,1
62,010,Richmond,Jim Walden,0
62,010,Richmond,Joseph Hernandez,0
62,010,Richmond,Zohran Kwame Mamdani,103
62,011,Richmond,Andrew M. Cuomo,578
62,011,Richmond,Curtis A. Sliwa,156
62,011,Richmond,Eric L. Adams,1
62,011,Richmond,Irene Estrada,0
62,011,Richmond,Jim Walden,0
62,011,Richmond,Joseph Hernandez,0
62,011,Richmond,Zohran Kwame Mamdani,109
62,012,Richmond,Andrew M. Cuomo,591
62,012,Richmond,Curtis A. Sliwa,182
62,012,Richmond,Eric L. Adams,1
62,012,Richmond,Irene Estrada,0
62,012,Richmond,Jim Walden,0
62,012,Richmond,Joseph Hernandez,0
62,012,Richmond,Zohran Kwame Mamdani,108
62,013,Richmond,Andrew M. Cuomo,551
62,013,Richmond,Curtis A. Sliwa,260
62,013,Richmond,Eric L. Adams,1
62,013,Richmond,Irene Estrada,0
62,013,Richmond,Jim Walden,0
62,013,Richmond,Joseph Hernandez,1
62,013,Richmond,Zohran Kwame Mamdani,94
62,014,Richmond,Andrew M. Cuomo,636
62,014,Richmond,Curtis A. Sliwa,195
62,014,Richmond,Eric L. Adams,1
62,014,Richmond,Irene Estrada,0
62,014,Richmond,Jim Walden,0
62,014,Richmond,Joseph Hernandez,0
62,014,Richmond,Zohran Kwame Mamdani,84
62,015,Richmond,Andrew M. Cuomo,642
62,015,Richmond,Curtis A. Sliwa,229
62,015,Richmond,Eric L. Adams,1
62,015,Richmond,Irene Estrada,0
62,015,Richmond,Jim Walden,2
62,015,Richmond,Joseph Hernandez,0
62,015,Richmond,Zohran Kwame Mamdani,94
62,016,Richmond,Andrew M. Cuomo,584
62,016,Richmond,Curtis A. Sliwa,289
62,016,Richmond,Eric L. Adams,1
62,016,Richmond,Irene Estrada,2
62,016,Richmond,Jim Walden,0
62,016,Richmond,Joseph Hernandez,0
62,016,Richmond,Zohran Kwame Mamdani,109
62,017,Richmond,Andrew M. Cuomo,498
62,017,Richmond,Curtis A. Sliwa,270
62,017,Richmond,Eric L. Adams,0
62,017,Richmond,Irene Estrada,3
62,017,Richmond,Jim Walden,1
62,017,Richmond,Joseph Hernandez,0
62,017,Richmond,Zohran Kwame Mamdani,106
62,018,Richmond,Andrew M. Cuomo,577
62,018,Richmond,Curtis A. Sliwa,275
62,018,Richmond,Eric L. Adams,2
62,018,Richmond,Irene Estrada,0
62,018,Richmond,Jim Walden,1
62,018,Richmond,Joseph Hernandez,0
62,018,Richmond,Zohran Kwame Mamdani,96
62,019,Richmond,Andrew M. Cuomo,555
62,019,Richmond,Curtis A. Sliwa,286
62,019,Richmond,Eric L. Adams,1
62,019,Richmond,Irene Estrada,0
62,019,Richmond,Jim Walden,0
62,019,Richmond,Joseph Hernandez,0
62,019,Richmond,Zohran Kwame Mamdani,108
62,020,Richmond,Andrew M. Cuomo,585
62,020,Richmond,Curtis A. Sliwa,231
62,020,Richmond,Eric L. Adams,0
62,020,Richmond,Irene Estrada,0
62,020,Richmond,Jim Walden,0
62,020,Richmond,Joseph Hernandez,1
62,020,Richmond,Zohran Kwame Mamdani,120
62,021,Richmond,Andrew M. Cuomo,595
62,021,Richmond,Curtis A. Sliwa,268
62,021,Richmond,Eric L. Adams,2
62,021,Richmond,Irene Estrada,0
62,021,Richmond,Jim Walden,0
62,021,Richmond,Joseph Hernandez,2
62,021,Richmond,Zohran Kwame Mamdani,87
62,022,Richmond,Andrew M. Cuomo,538
62,022,Richmond,Curtis A. Sliwa,254
62,022,Richmond,Eric L. Adams,1
62,022,Richmond,Irene Estrada,3
62,022,Richmond,Jim Walden,0
62,022,Richmond,Joseph Hernandez,0
62,022,Richmond,Zohran Kwame Mamdani,106
62,023,Richmond,Andrew M. Cuomo,571
62,023,Richmond,Curtis A. Sliwa,265
62,023,Richmond,Eric L. Adams,0
62,023,Richmond,Irene Estrada,0
62,023,Richmond,Jim Walden,0
62,023,Richmond,Joseph Hernandez,0
62,023,Richmond,Zohran Kwame Mamdani,95
62,024,Richmond,Andrew M. Cuomo,517
62,024,Richmond,Curtis A. Sliwa,229
62,024,Richmond,Eric L. Adams,2
62,024,Richmond,Irene Estrada,1
62,024,Richmond,Jim Walden,0
62,024,Richmond,Joseph Hernandez,3
62,024,Richmond,Zohran Kwame Mamdani,104
62,025,Richmond,Andrew M. Cuomo,528
62,025,Richmond,Curtis A. Sliwa,206
62,025,Richmond,Eric L. Adams,2
62,025,Richmond,Irene Estrada,0
62,025,Richmond,Jim Walden,0
62,025,Richmond,Joseph Hernandez,1
62,025,Richmond,Zohran Kwame Mamdani,107
62,026,Richmond,Andrew M. Cuomo,496
62,026,Richmond,Curtis A. Sliwa,249
62,026,Richmond,Eric L. Adams,2
62,026,Richmond,Irene Estrada,1
62,026,Richmond,Jim Walden,1
62,026,Richmond,Joseph Hernandez,0
62,026,Richmond,Zohran Kwame Mamdani,111
62,027,Richmond,Andrew M. Cuomo,600
62,027,Richmond,Curtis A. Sliwa,200
62,027,Richmond,Eric L. Adams,1
62,027,Richmond,Irene Estrada,1
62,027,Richmond,Jim Walden,0
62,027,Richmond,Joseph Hernandez,0
62,027,Richmond,Zohran Kwame Mamdani,110
62,028,Richmond,Andrew M. Cuomo,538
62,028,Richmond,Curtis A. Sliwa,180
62,028,Richmond,Eric L. Adams,0
62,028,Richmond,Irene Estrada,0
62,028,Richmond,Jim Walden,0
62,028,Richmond,Joseph Hernandez,0
62,028,Richmond,Zohran Kwame Mamdani,110
62,029,Richmond,Andrew M. Cuomo,550
62,029,Richmond,Curtis A. Sliwa,206
62,029,Richmond,Eric L. Adams,0
62,029,Richmond,Irene Estrada,0
62,029,Richmond,Jim Walden,0
62,029,Richmond,Joseph Hernandez,0
62,029,Richmond,Zohran Kwame Mamdani,134
62,030,Richmond,Andrew M. Cuomo,458
62,030,Richmond,Curtis A. Sliwa,183
62,030,Richmond,Eric L. Adams,2
62,030,Richmond,Irene Estrada,2
62,030,Richmond,Jim Walden,2
62,030,Richmond,Joseph Hernandez,0
62,030,Richmond,Zohran Kwame Mamdani,111
62,031,Richmond,Andrew M. Cuomo,623
62,031,Richmond,Curtis A. Sliwa,207
62,031,Richmond,Eric L. Adams,1
62,031,Richmond,Irene Estrada,0
62,031,Richmond,Jim Walden,1
62,031,Richmond,Joseph Hernandez,0
62,031,Richmond,Zohran Kwame Mamdani,108
62,032,Richmond,Andrew M. Cuomo,512
62,032,Richmond,Curtis A. Sliwa,218
62,032,Richmond,Eric L. Adams,0
62,032,Richmond,Irene Estrada,0
62,032,Richmond,Jim Walden,1
62,032,Richmond,Joseph Hernandez,0
62,032,Richmond,Zohran Kwame Mamdani,119
62,033,Richmond,Andrew M. Cuomo,548
62,033,Richmond,Curtis A. Sliwa,172
62,033,Richmond,Eric L. Adams,0
62,033,Richmond,Irene Estrada,0
62,033,Richmond,Jim Walden,0
62,033,Richmond,Joseph Hernandez,0
62,033,Richmond,Zohran Kwame Mamdani,73
62,034,Richmond,Andrew M. Cuomo,520
62,034,Richmond,Curtis A. Sliwa,213
62,034,Richmond,Eric L. Adams,0
62,034,Richmond,Irene Estrada,1
62,034,Richmond,Jim Walden,0
62,034,Richmond,Joseph Hernandez,0
62,034,Richmond,Zohran Kwame Mamdani,102
62,035,Richmond,Andrew M. Cuomo,204
62,035,Richmond,Curtis A. Sliwa,75
62,035,Richmond,Eric L. Adams,0
62,035,Richmond,Irene Estrada,1
62,035,Richmond,Jim Walden,0
62,035,Richmond,Joseph Hernandez,0
62,035,Richmond,Zohran Kwame Mamdani,29
62,036,Richmond,Andrew M. Cuomo,554
62,036,Richmond,Curtis A. Sliwa,203
62,036,Richmond,Eric L. Adams,1
62,036,Richmond,Irene Estrada,1
62,036,Richmond,Jim Walden,2
62,036,Richmond,Joseph Hernandez,0
62,036,Richmond,Zohran Kwame Mamdani,70
62,037,Richmond,Andrew M. Cuomo,448
62,037,Richmond,Curtis A. Sliwa,181
62,037,Richmond,Eric L. Adams,0
62,037,Richmond,Irene Estrada,0
62,037,Richmond,Jim Walden,0
62,037,Richmond,Joseph Hernandez,0
62,037,Richmond,Zohran Kwame Mamdani,76
62,038,Richmond,Andrew M. Cuomo,579
62,038,Richmond,Curtis A. Sliwa,212
62,038,Richmond,Eric L. Adams,0
62,038,Richmond,Irene Estrada,1
62,038,Richmond,Jim Walden,0
62,038,Richmond,Joseph Hernandez,0
62,038,Richmond,Zohran Kwame Mamdani,97
62,039,Richmond,Andrew M. Cuomo,522
62,039,Richmond,Curtis A. Sliwa,172
62,039,Richmond,Eric L. Adams,0
62,039,Richmond,Irene Estrada,0
62,039,Richmond,Jim Walden,1
62,039,Richmond,Joseph Hernandez,0
62,039,Richmond,Zohran Kwame Mamdani,53
62,040,Richmond,Andrew M. Cuomo,516
62,040,Richmond,Curtis A. Sliwa,211
62,040,Richmond,Eric L. Adams,0
62,040,Richmond,Irene Estrada,1
62,040,Richmond,Jim Walden,0
62,040,Richmond,Joseph Hernandez,0
62,040,Richmond,Zohran Kwame Mamdani,64
62,041,Richmond,Andrew M. Cuomo,648
62,041,Richmond,Curtis A. Sliwa,223
62,041,Richmond,Eric L. Adams,3
62,041,Richmond,Irene Estrada,0
62,041,Richmond,Jim Walden,1
62,041,Richmond,Joseph Hernandez,0
62,041,Richmond,Zohran Kwame Mamdani,83
62,042,Richmond,Andrew M. Cuomo,594
62,042,Richmond,Curtis A. Sliwa,228
62,042,Richmond,Eric L. Adams,0
62,042,Richmond,Irene Estrada,0
62,042,Richmond,Jim Walden,0
62,042,Richmond,Joseph Hernandez,0
62,042,Richmond,Zohran Kwame Mamdani,94
62,043,Richmond,Andrew M. Cuomo,644
62,043,Richmond,Curtis A. Sliwa,237
62,043,Richmond,Eric L. Adams,0
62,043,Richmond,Irene Estrada,0
62,043,Richmond,Jim Walden,0
62,043,Richmond,Joseph Hernandez,0
62,043,Richmond,Zohran Kwame Mamdani,84
62,044,Richmond,Andrew M. Cuomo,337
62,044,Richmond,Curtis A. Sliwa,167
62,044,Richmond,Eric L. Adams,2
62,044,Richmond,Irene Estrada,1
62,044,Richmond,Jim Walden,0
62,044,Richmond,Joseph Hernandez,1
62,044,Richmond,Zohran Kwame Mamdani,173
62,045,Richmond,Andrew M. Cuomo,503
62,045,Richmond,Curtis A. Sliwa,178
62,045,Richmond,Eric L. Adams,2
62,045,Richmond,Irene Estrada,1
62,045,Richmond,Jim Walden,1
62,045,Richmond,Joseph Hernandez,0
62,045,Richmond,Zohran Kwame Mamdani,128
62,046,Richmond,Andrew M. Cuomo,534
62,046,Richmond,Curtis A. Sliwa,257
62,046,Richmond,Eric L. Adams,0
62,046,Richmond,Irene Estrada,3
62,046,Richmond,Jim Walden,1
62,046,Richmond,Joseph Hernandez,1
62,046,Richmond,Zohran Kwame Mamdani,112
62,047,Richmond,Andrew M. Cuomo,419
62,047,Richmond,Curtis A. Sliwa,182
62,047,Richmond,Eric L. Adams,1
62,047,Richmond,Irene Estrada,3
62,047,Richmond,Jim Walden,0
62,047,Richmond,Joseph Hernandez,0
62,047,Richmond,Zohran Kwame Mamdani,133
62,048,Richmond,Andrew M. Cuomo,557
62,048,Richmond,Curtis A. Sliwa,215
62,048,Richmond,Eric L. Adams,1
62,048,Richmond,Irene Estrada,2
62,048,Richmond,Jim Walden,0
62,048,Richmond,Joseph Hernandez,0
62,048,Richmond,Zohran Kwame Mamdani,80
62,049,Richmond,Andrew M. Cuomo,543
62,049,Richmond,Curtis A. Sliwa,216
62,049,Richmond,Eric L. Adams,0
62,049,Richmond,Irene Estrada,0
62,049,Richmond,Jim Walden,1
62,049,Richmond,Joseph Hernandez,3
62,049,Richmond,Zohran Kwame Mamdani,109
62,050,Richmond,Andrew M. Cuomo,512
62,050,Richmond,Curtis A. Sliwa,226
62,050,Richmond,Eric L. Adams,2
62,050,Richmond,Irene Estrada,1
62,050,Richmond,Jim Walden,0
62,050,Richmond,Joseph Hernandez,0
62,050,Richmond,Zohran Kwame Mamdani,117
62,051,Richmond,Andrew M. Cuomo,513
62,051,Richmond,Curtis A. Sliwa,188
62,051,Richmond,Eric L. Adams,1
62,051,Richmond,Irene Estrada,1
62,051,Richmond,Jim Walden,0
62,051,Richmond,Joseph Hernandez,0
62,051,Richmond,Zohran Kwame Mamdani,89
62,052,Richmond,Andrew M. Cuomo,473
62,052,Richmond,Curtis A. Sliwa,196
62,052,Richmond,Eric L. Adams,1
62,052,Richmond,Irene Estrada,1
62,052,Richmond,Jim Walden,2
62,052,Richmond,Joseph Hernandez,0
62,052,Richmond,Zohran Kwame Mamdani,97
62,053,Richmond,Andrew M. Cuomo,559
62,053,Richmond,Curtis A. Sliwa,214
62,053,Richmond,Eric L. Adams,1
62,053,Richmond,Irene Estrada,0
62,053,Richmond,Jim Walden,1
62,053,Richmond,Joseph Hernandez,0
62,053,Richmond,Zohran Kwame Mamdani,99
62,054,Richmond,Andrew M. Cuomo,539
62,054,Richmond,Curtis A. Sliwa,175
62,054,Richmond,Eric L. Adams,0
62,054,Richmond,Irene Estrada,0
62,054,Richmond,Jim Walden,0
62,054,Richmond,Joseph Hernandez,0
62,054,Richmond,Zohran Kwame Mamdani,106
62,055,Richmond,Andrew M. Cuomo,492
62,055,Richmond,Curtis A. Sliwa,191
62,055,Richmond,Eric L. Adams,0
62,055,Richmond,Irene Estrada,2
62,055,Richmond,Jim Walden,1
62,055,Richmond,Joseph Hernandez,0
62,055,Richmond,Zohran Kwame Mamdani,102
62,056,Richmond,Andrew M. Cuomo,417
62,056,Richmond,Curtis A. Sliwa,191
62,056,Richmond,Eric L. Adams,2
62,056,Richmond,Irene Estrada,2
62,056,Richmond,Jim Walden,0
62,056,Richmond,Joseph Hernandez,0
62,056,Richmond,Zohran Kwame Mamdani,161
62,057,Richmond,Andrew M. Cuomo,163
62,057,Richmond,Curtis A. Sliwa,100
62,057,Richmond,Eric L. Adams,1
62,057,Richmond,Irene Estrada,0
62,057,Richmond,Jim Walden,1
62,057,Richmond,Joseph Hernandez,0
62,057,Richmond,Zohran Kwame Mamdani,74
62,058,Richmond,Andrew M. Cuomo,253
62,058,Richmond,Curtis A. Sliwa,90
62,058,Richmond,Eric L. Adams,0
62,058,Richmond,Irene Estrada,0
62,058,Richmond,Jim Walden,0
62,058,Richmond,Joseph Hernandez,0
62,058,Richmond,Zohran Kwame Mamdani,74
62,059,Richmond,Andrew M. Cuomo,643
62,059,Richmond,Curtis A. Sliwa,156
62,059,Richmond,Eric L. Adams,1
62,059,Richmond,Irene Estrada,2
62,059,Richmond,Jim Walden,0
62,059,Richmond,Joseph Hernandez,0
62,059,Richmond,Zohran Kwame Mamdani,85
62,060,Richmond,Andrew M. Cuomo,562
62,060,Richmond,Curtis A. Sliwa,234
62,060,Richmond,Eric L. Adams,3
62,060,Richmond,Irene Estrada,1
62,060,Richmond,Jim Walden,1
62,060,Richmond,Joseph Hernandez,0
62,060,Richmond,Zohran Kwame Mamdani,95
62,061,Richmond,Andrew M. Cuomo,414
62,061,Richmond,Curtis A. Sliwa,164
62,061,Richmond,Eric L. Adams,0
62,061,Richmond,Irene Estrada,0
62,061,Richmond,Jim Walden,1
62,061,Richmond,Joseph Hernandez,0
62,061,Richmond,Zohran Kwame Mamdani,120
62,062,Richmond,Andrew M. Cuomo,492
62,062,Richmond,Curtis A. Sliwa,234
62,062,Richmond,Eric L. Adams,0
62,062,Richmond,Irene Estrada,1
62,062,Richmond,Jim Walden,0
62,062,Richmond,Joseph Hernandez,0
62,062,Richmond,Zohran Kwame Mamdani,69
63,001,Richmond,Andrew M. Cuomo,171
63,001,Richmond,Curtis A. Sliwa,45
63,001,Richmond,Eric L. Adams,9
63,001,Richmond,Irene Estrada,3
63,001,Richmond,Jim Walden,4
63,001,Richmond,Joseph Hernandez,1
63,001,Richmond,Zohran Kwame Mamdani,258
63,002,Richmond,Andrew M. Cuomo,175
63,002,Richmond,Curtis A. Sliwa,52
63,002,Richmond,Eric L. Adams,4
63,002,Richmond,Irene Estrada,1
63,002,Richmond,Jim Walden,0
63,002,Richmond,Joseph Hernandez,0
63,002,Richmond,Zohran Kwame Mamdani,258
63,003,Richmond,Andrew M. Cuomo,230
63,003,Richmond,Curtis A. Sliwa,78
63,003,Richmond,Eric L. Adams,3
63,003,Richmond,Irene Estrada,1
63,003,Richmond,Jim Walden,0
63,003,Richmond,Joseph Hernandez,1
63,003,Richmond,Zohran Kwame Mamdani,147
63,004,Richmond,Andrew M. Cuomo,260
63,004,Richmond,Curtis A. Sliwa,129
63,004,Richmond,Eric L. Adams,0
63,004,Richmond,Irene Estrada,0
63,004,Richmond,Jim Walden,0
63,004,Richmond,Joseph Hernandez,0
63,004,Richmond,Zohran Kwame Mamdani,242
63,005,Richmond,Andrew M. Cuomo,225
63,005,Richmond,Curtis A. Sliwa,84
63,005,Richmond,Eric L. Adams,1
63,005,Richmond,Irene Estrada,0
63,005,Richmond,Jim Walden,0
63,005,Richmond,Joseph Hernandez,1
63,005,Richmond,Zohran Kwame Mamdani,211
63,006,Richmond,Andrew M. Cuomo,341
63,006,Richmond,Curtis A. Sliwa,151
63,006,Richmond,Eric L. Adams,1
63,006,Richmond,Irene Estrada,0
63,006,Richmond,Jim Walden,1
63,006,Richmond,Joseph Hernandez,0
63,006,Richmond,Zohran Kwame Mamdani,238
63,007,Richmond,Andrew M. Cuomo,278
63,007,Richmond,Curtis A. Sliwa,100
63,007,Richmond,Eric L. Adams,1
63,007,Richmond,Irene Estrada,1
63,007,Richmond,Jim Walden,1
63,007,Richmond,Joseph Hernandez,0
63,007,Richmond,Zohran Kwame Mamdani,118
63,008,Richmond,Andrew M. Cuomo,116
63,008,Richmond,Curtis A. Sliwa,53
63,008,Richmond,Eric L. Adams,2
63,008,Richmond,Irene Estrada,0
63,008,Richmond,Jim Walden,0
63,008,Richmond,Joseph Hernandez,0
63,008,Richmond,Zohran Kwame Mamdani,77
63,009,Richmond,Andrew M. Cuomo,90
63,009,Richmond,Curtis A. Sliwa,30
63,009,Richmond,Eric L. Adams,1
63,009,Richmond,Irene Estrada,0
63,009,Richmond,Jim Walden,0
63,009,Richmond,Joseph Hernandez,1
63,009,Richmond,Zohran Kwame Mamdani,34
63,010,Richmond,Andrew M. Cuomo,261
63,010,Richmond,Curtis A. Sliwa,67
63,010,Richmond,Eric L. Adams,3
63,010,Richmond,Irene Estrada,1
63,010,Richmond,Jim Walden,1
63,010,Richmond,Joseph Hernandez,0
63,010,Richmond,Zohran Kwame Mamdani,252
63,011,Richmond,Andrew M. Cuomo,278
63,011,Richmond,Curtis A. Sliwa,116
63,011,Richmond,Eric L. Adams,3
63,011,Richmond,Irene Estrada,1
63,011,Richmond,Jim Walden,0
63,011,Richmond,Joseph Hernandez,0
63,011,Richmond,Zohran Kwame Mamdani,166
63,012,Richmond,Andrew M. Cuomo,275
63,012,Richmond,Curtis A. Sliwa,79
63,012,Richmond,Eric L. Adams,1
63,012,Richmond,Irene Estrada,1
63,012,Richmond,Jim Walden,1
63,012,Richmond,Joseph Hernandez,0
63,012,Richmond,Zohran Kwame Mamdani,185
63,013,Richmond,Andrew M. Cuomo,148
63,013,Richmond,Curtis A. Sliwa,22
63,013,Richmond,Eric L. Adams,2
63,013,Richmond,Irene Estrada,0
63,013,Richmond,Jim Walden,0
63,013,Richmond,Joseph Hernandez,0
63,013,Richmond,Zohran Kwame Mamdani,162
63,014,Richmond,Andrew M. Cuomo,379
63,014,Richmond,Curtis A. Sliwa,151
63,014,Richmond,Eric L. Adams,0
63,014,Richmond,Irene Estrada,1
63,014,Richmond,Jim Walden,0
63,014,Richmond,Joseph Hernandez,0
63,014,Richmond,Zohran Kwame Mamdani,201
63,015,Richmond,Andrew M. Cuomo,341
63,015,Richmond,Curtis A. Sliwa,102
63,015,Richmond,Eric L. Adams,2
63,015,Richmond,Irene Estrada,1
63,015,Richmond,Jim Walden,2
63,015,Richmond,Joseph Hernandez,0
63,015,Richmond,Zohran Kwame Mamdani,152
63,016,Richmond,Andrew M. Cuomo,333
63,016,Richmond,Curtis A. Sliwa,149
63,016,Richmond,Eric L. Adams,3
63,016,Richmond,Irene Estrada,0
63,016,Richmond,Jim Walden,0
63,016,Richmond,Joseph Hernandez,0
63,016,Richmond,Zohran Kwame Mamdani,265
63,017,Richmond,Andrew M. Cuomo,507
63,017,Richmond,Curtis A. Sliwa,194
63,017,Richmond,Eric L. Adams,3
63,017,Richmond,Irene Estrada,0
63,017,Richmond,Jim Walden,1
63,017,Richmond,Joseph Hernandez,0
63,017,Richmond,Zohran Kwame Mamdani,142
63,018,Richmond,Andrew M. Cuomo,516
63,018,Richmond,Curtis A. Sliwa,200
63,018,Richmond,Eric L. Adams,0
63,018,Richmond,Irene Estrada,0
63,018,Richmond,Jim Walden,1
63,018,Richmond,Joseph Hernandez,0
63,018,Richmond,Zohran Kwame Mamdani,162
63,019,Richmond,Andrew M. Cuomo,145
63,019,Richmond,Curtis A. Sliwa,65
63,019,Richmond,Eric L. Adams,0
63,019,Richmond,Irene Estrada,1
63,019,Richmond,Jim Walden,0
63,019,Richmond,Joseph Hernandez,0
63,019,Richmond,Zohran Kwame Mamdani,57
63,020,Richmond,Andrew M. Cuomo,244
63,020,Richmond,Curtis A. Sliwa,109
63,020,Richmond,Eric L. Adams,0
63,020,Richmond,Irene Estrada,0
63,020,Richmond,Jim Walden,1
63,020,Richmond,Joseph Hernandez,0
63,020,Richmond,Zohran Kwame Mamdani,130
63,021,Richmond,Andrew M. Cuomo,263
63,021,Richmond,Curtis A. Sliwa,94
63,021,Richmond,Eric L. Adams,2
63,021,Richmond,Irene Estrada,1
63,021,Richmond,Jim Walden,1
63,021,Richmond,Joseph Hernandez,0
63,021,Richmond,Zohran Kwame Mamdani,130
63,022,Richmond,Andrew M. Cuomo,57
63,022,Richmond,Curtis A. Sliwa,28
63,022,Richmond,Eric L. Adams,2
63,022,Richmond,Irene Estrada,1
63,022,Richmond,Jim Walden,0
63,022,Richmond,Joseph Hernandez,0
63,022,Richmond,Zohran Kwame Mamdani,91
63,023,Richmond,Andrew M. Cuomo,203
63,023,Richmond,Curtis A. Sliwa,68
63,023,Richmond,Eric L. Adams,1
63,023,Richmond,Irene Estrada,1
63,023,Richmond,Jim Walden,0
63,023,Richmond,Joseph Hernandez,0
63,023,Richmond,Zohran Kwame Mamdani,153
63,024,Richmond,Andrew M. Cuomo,414
63,024,Richmond,Curtis A. Sliwa,91
63,024,Richmond,Eric L. Adams,3
63,024,Richmond,Irene Estrada,1
63,024,Richmond,Jim Walden,2
63,024,Richmond,Joseph Hernandez,0
63,024,Richmond,Zohran Kwame Mamdani,268
63,025,Richmond,Andrew M. Cuomo,520
63,025,Richmond,Curtis A. Sliwa,32
63,025,Richmond,Eric L. Adams,4
63,025,Richmond,Irene Estrada,0
63,025,Richmond,Jim Walden,0
63,025,Richmond,Joseph Hernandez,0
63,025,Richmond,Zohran Kwame Mamdani,47
63,026,Richmond,Andrew M. Cuomo,480
63,026,Richmond,Curtis A. Sliwa,51
63,026,Richmond,Eric L. Adams,5
63,026,Richmond,Irene Estrada,1
63,026,Richmond,Jim Walden,0
63,026,Richmond,Joseph Hernandez,0
63,026,Richmond,Zohran Kwame Mamdani,105
63,027,Richmond,Andrew M. Cuomo,314
63,027,Richmond,Curtis A. Sliwa,120
63,027,Richmond,Eric L. Adams,2
63,027,Richmond,Irene Estrada,0
63,027,Richmond,Jim Walden,0
63,027,Richmond,Joseph Hernandez,1
63,027,Richmond,Zohran Kwame Mamdani,161
63,028,Richmond,Andrew M. Cuomo,479
63,028,Richmond,Curtis A. Sliwa,211
63,028,Richmond,Eric L. Adams,6
63,028,Richmond,Irene Estrada,4
63,028,Richmond,Jim Walden,0
63,028,Richmond,Joseph Hernandez,0
63,028,Richmond,Zohran Kwame Mamdani,208
63,029,Richmond,Andrew M. Cuomo,455
63,029,Richmond,Curtis A. Sliwa,202
63,029,Richmond,Eric L. Adams,0
63,029,Richmond,Irene Estrada,0
63,029,Richmond,Jim Walden,0
63,029,Richmond,Joseph Hernandez,1
63,029,Richmond,Zohran Kwame Mamdani,164
63,030,Richmond,Andrew M. Cuomo,442
63,030,Richmond,Curtis A. Sliwa,233
63,030,Richmond,Eric L. Adams,1
63,030,Richmond,Irene Estrada,0
63,030,Richmond,Jim Walden,2
63,030,Richmond,Joseph Hernandez,0
63,030,Richmond,Zohran Kwame Mamdani,156
63,031,Richmond,Andrew M. Cuomo,452
63,031,Richmond,Curtis A. Sliwa,214
63,031,Richmond,Eric L. Adams,0
63,031,Richmond,Irene Estrada,0
63,031,Richmond,Jim Walden,1
63,031,Richmond,Joseph Hernandez,0
63,031,Richmond,Zohran Kwame Mamdani,190
63,032,Richmond,Andrew M. Cuomo,510
63,032,Richmond,Curtis A. Sliwa,209
63,032,Richmond,Eric L. Adams,1
63,032,Richmond,Irene Estrada,2
63,032,Richmond,Jim Walden,2
63,032,Richmond,Joseph Hernandez,0
63,032,Richmond,Zohran Kwame Mamdani,161
63,033,Richmond,Andrew M. Cuomo,289
63,033,Richmond,Curtis A. Sliwa,126
63,033,Richmond,Eric L. Adams,0
63,033,Richmond,Irene Estrada,0
63,033,Richmond,Jim Walden,2
63,033,Richmond,Joseph Hernandez,1
63,033,Richmond,Zohran Kwame Mamdani,103
63,034,Richmond,Andrew M. Cuomo,458
63,034,Richmond,Curtis A. Sliwa,140
63,034,Richmond,Eric L. Adams,7
63,034,Richmond,Irene Estrada,0
63,034,Richmond,Jim Walden,0
63,034,Richmond,Joseph Hernandez,0
63,034,Richmond,Zohran Kwame Mamdani,183
63,035,Richmond,Andrew M. Cuomo,419
63,035,Richmond,Curtis A. Sliwa,150
63,035,Richmond,Eric L. Adams,5
63,035,Richmond,Irene Estrada,1
63,035,Richmond,Jim Walden,0
63,035,Richmond,Joseph Hernandez,1
63,035,Richmond,Zohran Kwame Mamdani,244
63,036,Richmond,Andrew M. Cuomo,183
63,036,Richmond,Curtis A. Sliwa,34
63,036,Richmond,Eric L. Adams,4
63,036,Richmond,Irene Estrada,0
63,036,Richmond,Jim Walden,1
63,036,Richmond,Joseph Hernandez,1
63,036,Richmond,Zohran Kwame Mamdani,291
63,037,Richmond,Andrew M. Cuomo,154
63,037,Richmond,Curtis A. Sliwa,39
63,037,Richmond,Eric L. Adams,3
63,037,Richmond,Irene Estrada,2
63,037,Richmond,Jim Walden,1
63,037,Richmond,Joseph Hernandez,1
63,037,Richmond,Zohran Kwame Mamdani,293
63,038,Richmond,Andrew M. Cuomo,93
63,038,Richmond,Curtis A. Sliwa,7
63,038,Richmond,Eric L. Adams,2
63,038,Richmond,Irene Estrada,0
63,038,Richmond,Jim Walden,0
63,038,Richmond,Joseph Hernandez,0
63,038,Richmond,Zohran Kwame Mamdani,130
63,039,Richmond,Andrew M. Cuomo,182
63,039,Richmond,Curtis A. Sliwa,42
63,039,Richmond,Eric L. Adams,2
63,039,Richmond,Irene Estrada,2
63,039,Richmond,Jim Walden,0
63,039,Richmond,Joseph Hernandez,0
63,039,Richmond,Zohran Kwame Mamdani,240
63,040,Richmond,Andrew M. Cuomo,130
63,040,Richmond,Curtis A. Sliwa,54
63,040,Richmond,Eric L. Adams,0
63,040,Richmond,Irene Estrada,0
63,040,Richmond,Jim Walden,2
63,040,Richmond,Joseph Hernandez,1
63,040,Richmond,Zohran Kwame Mamdani,383
63,041,Richmond,Andrew M. Cuomo,228
63,041,Richmond,Curtis A. Sliwa,75
63,041,Richmond,Eric L. Adams,3
63,041,Richmond,Irene Estrada,2
63,041,Richmond,Jim Walden,0
63,041,Richmond,Joseph Hernandez,0
63,041,Richmond,Zohran Kwame Mamdani,325
63,042,Richmond,Andrew M. Cuomo,282
63,042,Richmond,Curtis A. Sliwa,114
63,042,Richmond,Eric L. Adams,3
63,042,Richmond,Irene Estrada,0
63,042,Richmond,Jim Walden,0
63,042,Richmond,Joseph Hernandez,0
63,042,Richmond,Zohran Kwame Mamdani,181
63,043,Richmond,Andrew M. Cuomo,237
63,043,Richmond,Curtis A. Sliwa,95
63,043,Richmond,Eric L. Adams,0
63,043,Richmond,Irene Estrada,1
63,043,Richmond,Jim Walden,1
63,043,Richmond,Joseph Hernandez,0
63,043,Richmond,Zohran Kwame Mamdani,276
63,044,Richmond,Andrew M. Cuomo,437
63,044,Richmond,Curtis A. Sliwa,130
63,044,Richmond,Eric L. Adams,3
63,044,Richmond,Irene Estrada,3
63,044,Richmond,Jim Walden,0
63,044,Richmond,Joseph Hernandez,0
63,044,Richmond,Zohran Kwame Mamdani,154
63,045,Richmond,Andrew M. Cuomo,388
63,045,Richmond,Curtis A. Sliwa,123
63,045,Richmond,Eric L. Adams,1
63,045,Richmond,Irene Estrada,0
63,045,Richmond,Jim Walden,1
63,045,Richmond,Joseph Hernandez,0
63,045,Richmond,Zohran Kwame Mamdani,146
63,046,Richmond,Andrew M. Cuomo,374
63,046,Richmond,Curtis A. Sliwa,158
63,046,Richmond,Eric L. Adams,0
63,046,Richmond,Irene Estrada,0
63,046,Richmond,Jim Walden,1
63,046,Richmond,Joseph Hernandez,0
63,046,Richmond,Zohran Kwame Mamdani,149
63,047,Richmond,Andrew M. Cuomo,325
63,047,Richmond,Curtis A. Sliwa,104
63,047,Richmond,Eric L. Adams,2
63,047,Richmond,Irene Estrada,2
63,047,Richmond,Jim Walden,0
63,047,Richmond,Joseph Hernandez,0
63,047,Richmond,Zohran Kwame Mamdani,168
63,048,Richmond,Andrew M. Cuomo,248
63,048,Richmond,Curtis A. Sliwa,99
63,048,Richmond,Eric L. Adams,3
63,048,Richmond,Irene Estrada,0
63,048,Richmond,Jim Walden,0
63,048,Richmond,Joseph Hernandez,1
63,048,Richmond,Zohran Kwame Mamdani,158
63,049,Richmond,Andrew M. Cuomo,303
63,049,Richmond,Curtis A. Sliwa,91
63,049,Richmond,Eric L. Adams,0
63,049,Richmond,Irene Estrada,1
63,049,Richmond,Jim Walden,0
63,049,Richmond,Joseph Hernandez,0
63,049,Richmond,Zohran Kwame Mamdani,127
63,050,Richmond,Andrew M. Cuomo,22
63,050,Richmond,Curtis A. Sliwa,10
63,050,Richmond,Eric L. Adams,0
63,050,Richmond,Irene Estrada,0
63,050,Richmond,Jim Walden,0
63,050,Richmond,Joseph Hernandez,0
63,050,Richmond,Zohran Kwame Mamdani,6
63,051,Richmond,Andrew M. Cuomo,344
63,051,Richmond,Curtis A. Sliwa,196
63,051,Richmond,Eric L. Adams,0
63,051,Richmond,Irene Estrada,1
63,051,Richmond,Jim Walden,1
63,051,Richmond,Joseph Hernandez,0
63,051,Richmond,Zohran Kwame Mamdani,153
63,052,Richmond,Andrew M. Cuomo,440
63,052,Richmond,Curtis A. Sliwa,202
63,052,Richmond,Eric L. Adams,1
63,052,Richmond,Irene Estrada,0
63,052,Richmond,Jim Walden,0
63,052,Richmond,Joseph Hernandez,0
63,052,Richmond,Zohran Kwame Mamdani,186
63,053,Richmond,Andrew M. Cuomo,214
63,053,Richmond,Curtis A. Sliwa,93
63,053,Richmond,Eric L. Adams,2
63,053,Richmond,Irene Estrada,1
63,053,Richmond,Jim Walden,1
63,053,Richmond,Joseph Hernandez,0
63,053,Richmond,Zohran Kwame Mamdani,218
63,054,Richmond,Andrew M. Cuomo,369
63,054,Richmond,Curtis A. Sliwa,151
63,054,Richmond,Eric L. Adams,0
63,054,Richmond,Irene Estrada,2
63,054,Richmond,Jim Walden,0
63,054,Richmond,Joseph Hernandez,1
63,054,Richmond,Zohran Kwame Mamdani,160
63,055,Richmond,Andrew M. Cuomo,356
63,055,Richmond,Curtis A. Sliwa,135
63,055,Richmond,Eric L. Adams,1
63,055,Richmond,Irene Estrada,0
63,055,Richmond,Jim Walden,1
63,055,Richmond,Joseph Hernandez,0
63,055,Richmond,Zohran Kwame Mamdani,97
63,056,Richmond,Andrew M. Cuomo,359
63,056,Richmond,Curtis A. Sliwa,142
63,056,Richmond,Eric L. Adams,2
63,056,Richmond,Irene Estrada,1
63,056,Richmond,Jim Walden,1
63,056,Richmond,Joseph Hernandez,1
63,056,Richmond,Zohran Kwame Mamdani,152
63,057,Richmond,Andrew M. Cuomo,331
63,057,Richmond,Curtis A. Sliwa,135
63,057,Richmond,Eric L. Adams,1
63,057,Richmond,Irene Estrada,2
63,057,Richmond,Jim Walden,0
63,057,Richmond,Joseph Hernandez,0
63,057,Richmond,Zohran Kwame Mamdani,127
63,058,Richmond,Andrew M. Cuomo,289
63,058,Richmond,Curtis A. Sliwa,122
63,058,Richmond,Eric L. Adams,2
63,058,Richmond,Irene Estrada,0
63,058,Richmond,Jim Walden,0
63,058,Richmond,Joseph Hernandez,0
63,058,Richmond,Zohran Kwame Mamdani,131
63,059,Richmond,Andrew M. Cuomo,524
63,059,Richmond,Curtis A. Sliwa,95
63,059,Richmond,Eric L. Adams,1
63,059,Richmond,Irene Estrada,0
63,059,Richmond,Jim Walden,1
63,059,Richmond,Joseph Hernandez,0
63,059,Richmond,Zohran Kwame Mamdani,135
63,060,Richmond,Andrew M. Cuomo,785
63,060,Richmond,Curtis A. Sliwa,62
63,060,Richmond,Eric L. Adams,4
63,060,Richmond,Irene Estrada,0
63,060,Richmond,Jim Walden,0
63,060,Richmond,Joseph Hernandez,0
63,060,Richmond,Zohran Kwame Mamdani,87
63,061,Richmond,Andrew M. Cuomo,435
63,061,Richmond,Curtis A. Sliwa,161
63,061,Richmond,Eric L. Adams,2
63,061,Richmond,Irene Estrada,1
63,061,Richmond,Jim Walden,0
63,061,Richmond,Joseph Hernandez,1
63,061,Richmond,Zohran Kwame Mamdani,154
63,062,Richmond,Andrew M. Cuomo,289
63,062,Richmond,Curtis A. Sliwa,109
63,062,Richmond,Eric L. Adams,1
63,062,Richmond,Irene Estrada,2
63,062,Richmond,Jim Walden,0
63,062,Richmond,Joseph Hernandez,0
63,062,Richmond,Zohran Kwame Mamdani,103
63,063,Richmond,Andrew M. Cuomo,317
63,063,Richmond,Curtis A. Sliwa,98
63,063,Richmond,Eric L. Adams,1
63,063,Richmond,Irene Estrada,1
63,063,Richmond,Jim Walden,1
63,063,Richmond,Joseph Hernandez,0
63,063,Richmond,Zohran Kwame Mamdani,103
63,064,Richmond,Andrew M. Cuomo,313
63,064,Richmond,Curtis A. Sliwa,110
63,064,Richmond,Eric L. Adams,1
63,064,Richmond,Irene Estrada,1
63,064,Richmond,Jim Walden,1
63,064,Richmond,Joseph Hernandez,0
63,064,Richmond,Zohran Kwame Mamdani,110
63,065,Richmond,Andrew M. Cuomo,268
63,065,Richmond,Curtis A. Sliwa,82
63,065,Richmond,Eric L. Adams,0
63,065,Richmond,Irene Estrada,0
63,065,Richmond,Jim Walden,1
63,065,Richmond,Joseph Hernandez,0
63,065,Richmond,Zohran Kwame Mamdani,42
63,066,Richmond,Andrew M. Cuomo,237
63,066,Richmond,Curtis A. Sliwa,96
63,066,Richmond,Eric L. Adams,0
63,066,Richmond,Irene Estrada,2
63,066,Richmond,Jim Walden,0
63,066,Richmond,Joseph Hernandez,1
63,066,Richmond,Zohran Kwame Mamdani,99
63,067,Richmond,Andrew M. Cuomo,220
63,067,Richmond,Curtis A. Sliwa,92
63,067,Richmond,Eric L. Adams,0
63,067,Richmond,Irene Estrada,2
63,067,Richmond,Jim Walden,0
63,067,Richmond,Joseph Hernandez,1
63,067,Richmond,Zohran Kwame Mamdani,162
63,068,Richmond,Andrew M. Cuomo,221
63,068,Richmond,Curtis A. Sliwa,125
63,068,Richmond,Eric L. Adams,0
63,068,Richmond,Irene Estrada,0
63,068,Richmond,Jim Walden,0
63,068,Richmond,Joseph Hernandez,0
63,068,Richmond,Zohran Kwame Mamdani,88
63,069,Richmond,Andrew M. Cuomo,449
63,069,Richmond,Curtis A. Sliwa,153
63,069,Richmond,Eric L. Adams,1
63,069,Richmond,Irene Estrada,0
63,069,Richmond,Jim Walden,2
63,069,Richmond,Joseph Hernandez,0
63,069,Richmond,Zohran Kwame Mamdani,248
64,001,Richmond,Andrew M. Cuomo,521
64,001,Richmond,Curtis A. Sliwa,229
64,001,Richmond,Eric L. Adams,0
64,001,Richmond,Irene Estrada,1
64,001,Richmond,Jim Walden,0
64,001,Richmond,Joseph Hernandez,0
64,001,Richmond,Zohran Kwame Mamdani,106
64,002,Richmond,Andrew M. Cuomo,563
64,002,Richmond,Curtis A. Sliwa,250
64,002,Richmond,Eric L. Adams,0
64,002,Richmond,Irene Estrada,1
64,002,Richmond,Jim Walden,1
64,002,Richmond,Joseph Hernandez,0
64,002,Richmond,Zohran Kwame Mamdani,113
64,003,Richmond,Andrew M. Cuomo,600
64,003,Richmond,Curtis A. Sliwa,284
64,003,Richmond,Eric L. Adams,2
64,003,Richmond,Irene Estrada,4
64,003,Richmond,Jim Walden,1
64,003,Richmond,Joseph Hernandez,0
64,003,Richmond,Zohran Kwame Mamdani,113
64,004,Richmond,Andrew M. Cuomo,475
64,004,Richmond,Curtis A. Sliwa,174
64,004,Richmond,Eric L. Adams,1
64,004,Richmond,Irene Estrada,1
64,004,Richmond,Jim Walden,0
64,004,Richmond,Joseph Hernandez,0
64,004,Richmond,Zohran Kwame Mamdani,116
64,005,Richmond,Andrew M. Cuomo,580
64,005,Richmond,Curtis A. Sliwa,259
64,005,Richmond,Eric L. Adams,0
64,005,Richmond,Irene Estrada,1
64,005,Richmond,Jim Walden,0
64,005,Richmond,Joseph Hernandez,0
64,005,Richmond,Zohran Kwame Mamdani,105
64,006,Richmond,Andrew M. Cuomo,587
64,006,Richmond,Curtis A. Sliwa,202
64,006,Richmond,Eric L. Adams,2
64,006,Richmond,Irene Estrada,0
64,006,Richmond,Jim Walden,1
64,006,Richmond,Joseph Hernandez,0
64,006,Richmond,Zohran Kwame Mamdani,116
64,007,Richmond,Andrew M. Cuomo,510
64,007,Richmond,Curtis A. Sliwa,190
64,007,Richmond,Eric L. Adams,1
64,007,Richmond,Irene Estrada,1
64,007,Richmond,Jim Walden,0
64,007,Richmond,Joseph Hernandez,0
64,007,Richmond,Zohran Kwame Mamdani,128
64,008,Richmond,Andrew M. Cuomo,469
64,008,Richmond,Curtis A. Sliwa,224
64,008,Richmond,Eric L. Adams,1
64,008,Richmond,Irene Estrada,1
64,008,Richmond,Jim Walden,1
64,008,Richmond,Joseph Hernandez,2
64,008,Richmond,Zohran Kwame Mamdani,130
64,009,Richmond,Andrew M. Cuomo,580
64,009,Richmond,Curtis A. Sliwa,265
64,009,Richmond,Eric L. Adams,2
64,009,Richmond,Irene Estrada,0
64,009,Richmond,Jim Walden,1
64,009,Richmond,Joseph Hernandez,0
64,009,Richmond,Zohran Kwame Mamdani,110
64,010,Richmond,Andrew M. Cuomo,458
64,010,Richmond,Curtis A. Sliwa,162
64,010,Richmond,Eric L. Adams,0
64,010,Richmond,Irene Estrada,0
64,010,Richmond,Jim Walden,0
64,010,Richmond,Joseph Hernandez,1
64,010,Richmond,Zohran Kwame Mamdani,106
64,011,Richmond,Andrew M. Cuomo,409
64,011,Richmond,Curtis A. Sliwa,211
64,011,Richmond,Eric L. Adams,2
64,011,Richmond,Irene Estrada,1
64,011,Richmond,Jim Walden,0
64,011,Richmond,Joseph Hernandez,0
64,011,Richmond,Zohran Kwame Mamdani,122
64,012,Richmond,Andrew M. Cuomo,305
64,012,Richmond,Curtis A. Sliwa,159
64,012,Richmond,Eric L. Adams,1
64,012,Richmond,Irene Estrada,1
64,012,Richmond,Jim Walden,0
64,012,Richmond,Joseph Hernandez,0
64,012,Richmond,Zohran Kwame Mamdani,191
64,013,Richmond,Andrew M. Cuomo,390
64,013,Richmond,Curtis A. Sliwa,188
64,013,Richmond,Eric L. Adams,2
64,013,Richmond,Irene Estrada,0
64,013,Richmond,Jim Walden,0
64,013,Richmond,Joseph Hernandez,1
64,013,Richmond,Zohran Kwame Mamdani,150
64,014,Richmond,Andrew M. Cuomo,391
64,014,Richmond,Curtis A. Sliwa,200
64,014,Richmond,Eric L. Adams,2
64,014,Richmond,Irene Estrada,2
64,014,Richmond,Jim Walden,1
64,014,Richmond,Joseph Hernandez,1
64,014,Richmond,Zohran Kwame Mamdani,149
64,015,Richmond,Andrew M. Cuomo,505
64,015,Richmond,Curtis A. Sliwa,214
64,015,Richmond,Eric L. Adams,0
64,015,Richmond,Irene Estrada,2
64,015,Richmond,Jim Walden,1
64,015,Richmond,Joseph Hernandez,0
64,015,Richmond,Zohran Kwame Mamdani,146
64,016,Richmond,Andrew M. Cuomo,517
64,016,Richmond,Curtis A. Sliwa,231
64,016,Richmond,Eric L. Adams,0
64,016,Richmond,Irene Estrada,0
64,016,Richmond,Jim Walden,3
64,016,Richmond,Joseph Hernandez,0
64,016,Richmond,Zohran Kwame Mamdani,138
64,017,Richmond,Andrew M. Cuomo,512
64,017,Richmond,Curtis A. Sliwa,228
64,017,Richmond,Eric L. Adams,2
64,017,Richmond,Irene Estrada,0
64,017,Richmond,Jim Walden,1
64,017,Richmond,Joseph Hernandez,0
64,017,Richmond,Zohran Kwame Mamdani,128
64,018,Richmond,Andrew M. Cuomo,524
64,018,Richmond,Curtis A. Sliwa,205
64,018,Richmond,Eric L. Adams,2
64,018,Richmond,Irene Estrada,0
64,018,Richmond,Jim Walden,1
64,018,Richmond,Joseph Hernandez,0
64,018,Richmond,Zohran Kwame Mamdani,142
64,019,Richmond,Andrew M. Cuomo,263
64,019,Richmond,Curtis A. Sliwa,62
64,019,Richmond,Eric L. Adams,1
64,019,Richmond,Irene Estrada,0
64,019,Richmond,Jim Walden,0
64,019,Richmond,Joseph Hernandez,0
64,019,Richmond,Zohran Kwame Mamdani,68
64,020,Richmond,Andrew M. Cuomo,22
64,020,Richmond,Curtis A. Sliwa,7
64,020,Richmond,Eric L. Adams,0
64,020,Richmond,Irene Estrada,0
64,020,Richmond,Jim Walden,0
64,020,Richmond,Joseph Hernandez,0
64,020,Richmond,Zohran Kwame Mamdani,4
64,021,Richmond,Andrew M. Cuomo,633
64,021,Richmond,Curtis A. Sliwa,97
64,021,Richmond,Eric L. Adams,0
64,021,Richmond,Irene Estrada,0
64,021,Richmond,Jim Walden,0
64,021,Richmond,Joseph Hernandez,0
64,021,Richmond,Zohran Kwame Mamdani,137
64,022,Richmond,Andrew M. Cuomo,445
64,022,Richmond,Curtis A. Sliwa,173
64,022,Richmond,Eric L. Adams,1
64,022,Richmond,Irene Estrada,1
64,022,Richmond,Jim Walden,2
64,022,Richmond,Joseph Hernandez,0
64,022,Richmond,Zohran Kwame Mamdani,127
64,023,Richmond,Andrew M. Cuomo,371
64,023,Richmond,Curtis A. Sliwa,125
64,023,Richmond,Eric L. Adams,1
64,023,Richmond,Irene Estrada,0
64,023,Richmond,Jim Walden,0
64,023,Richmond,Joseph Hernandez,0
64,023,Richmond,Zohran Kwame Mamdani,147
64,024,Richmond,Andrew M. Cuomo,481
64,024,Richmond,Curtis A. Sliwa,209
64,024,Richmond,Eric L. Adams,0
64,024,Richmond,Irene Estrada,0
64,024,Richmond,Jim Walden,1
64,024,Richmond,Joseph Hernandez,0
64,024,Richmond,Zohran Kwame Mamdani,149
64,025,Richmond,Andrew M. Cuomo,353
64,025,Richmond,Curtis A. Sliwa,149
64,025,Richmond,Eric L. Adams,0
64,025,Richmond,Irene Estrada,2
64,025,Richmond,Jim Walden,0
64,025,Richmond,Joseph Hernandez,0
64,025,Richmond,Zohran Kwame Mamdani,106
64,026,Richmond,Andrew M. Cuomo,135
64,026,Richmond,Curtis A. Sliwa,43
64,026,Richmond,Eric L. Adams,0
64,026,Richmond,Irene Estrada,1
64,026,Richmond,Jim Walden,0
64,026,Richmond,Joseph Hernandez,0
64,026,Richmond,Zohran Kwame Mamdani,125
64,027,Richmond,Andrew M. Cuomo,368
64,027,Richmond,Curtis A. Sliwa,144
64,027,Richmond,Eric L. Adams,0
64,027,Richmond,Irene Estrada,1
64,027,Richmond,Jim Walden,0
64,027,Richmond,Joseph Hernandez,0
64,027,Richmond,Zohran Kwame Mamdani,141
64,028,Richmond,Andrew M. Cuomo,360
64,028,Richmond,Curtis A. Sliwa,152
64,028,Richmond,Eric L. Adams,1
64,028,Richmond,Irene Estrada,3
64,028,Richmond,Jim Walden,1
64,028,Richmond,Joseph Hernandez,0
64,028,Richmond,Zohran Kwame Mamdani,175
64,029,Richmond,Andrew M. Cuomo,437
64,029,Richmond,Curtis A. Sliwa,141
64,029,Richmond,Eric L. Adams,3
64,029,Richmond,Irene Estrada,1
64,029,Richmond,Jim Walden,1
64,029,Richmond,Joseph Hernandez,1
64,029,Richmond,Zohran Kwame Mamdani,154
64,030,Richmond,Andrew M. Cuomo,175
64,030,Richmond,Curtis A. Sliwa,84
64,030,Richmond,Eric L. Adams,0
64,030,Richmond,Irene Estrada,0
64,030,Richmond,Jim Walden,1
64,030,Richmond,Joseph Hernandez,0
64,030,Richmond,Zohran Kwame Mamdani,72
64,031,Richmond,Andrew M. Cuomo,367
64,031,Richmond,Curtis A. Sliwa,153
64,031,Richmond,Eric L. Adams,0
64,031,Richmond,Irene Estrada,0
64,031,Richmond,Jim Walden,0
64,031,Richmond,Joseph Hernandez,0
64,031,Richmond,Zohran Kwame Mamdani,148
64,032,Richmond,Andrew M. Cuomo,398
64,032,Richmond,Curtis A. Sliwa,172
64,032,Richmond,Eric L. Adams,0
64,032,Richmond,Irene Estrada,0
64,032,Richmond,Jim Walden,0
64,032,Richmond,Joseph Hernandez,0
64,032,Richmond,Zohran Kwame Mamdani,155
64,033,Richmond,Andrew M. Cuomo,300
64,033,Richmond,Curtis A. Sliwa,146
64,033,Richmond,Eric L. Adams,1
64,033,Richmond,Irene Estrada,0
64,033,Richmond,Jim Walden,0
64,033,Richmond,Joseph Hernandez,0
64,033,Richmond,Zohran Kwame Mamdani,142
64,034,Richmond,Andrew M. Cuomo,408
64,034,Richmond,Curtis A. Sliwa,107
64,034,Richmond,Eric L. Adams,0
64,034,Richmond,Irene Estrada,0
64,034,Richmond,Jim Walden,0
64,034,Richmond,Joseph Hernandez,0
64,034,Richmond,Zohran Kwame Mamdani,164
64,035,Richmond,Andrew M. Cuomo,363
64,035,Richmond,Curtis A. Sliwa,82
64,035,Richmond,Eric L. Adams,0
64,035,Richmond,Irene Estrada,0
64,035,Richmond,Jim Walden,1
64,035,Richmond,Joseph Hernandez,0
64,035,Richmond,Zohran Kwame Mamdani,96
64,036,Richmond,Andrew M. Cuomo,407
64,036,Richmond,Curtis A. Sliwa,132
64,036,Richmond,Eric L. Adams,1
64,036,Richmond,Irene Estrada,0
64,036,Richmond,Jim Walden,1
64,036,Richmond,Joseph Hernandez,0
64,036,Richmond,Zohran Kwame Mamdani,130
64,037,Richmond,Andrew M. Cuomo,535
64,037,Richmond,Curtis A. Sliwa,161
64,037,Richmond,Eric L. Adams,1
64,037,Richmond,Irene Estrada,0
64,037,Richmond,Jim Walden,0
64,037,Richmond,Joseph Hernandez,0
64,037,Richmond,Zohran Kwame Mamdani,180
64,038,Richmond,Andrew M. Cuomo,321
64,038,Richmond,Curtis A. Sliwa,120
64,038,Richmond,Eric L. Adams,1
64,038,Richmond,Irene Estrada,0
64,038,Richmond,Jim Walden,0
64,038,Richmond,Joseph Hernandez,0
64,038,Richmond,Zohran Kwame Mamdani,96
64,039,Richmond,Andrew M. Cuomo,561
64,039,Richmond,Curtis A. Sliwa,130
64,039,Richmond,Eric L. Adams,0
64,039,Richmond,Irene Estrada,1
64,039,Richmond,Jim Walden,0
64,039,Richmond,Joseph Hernandez,0
64,039,Richmond,Zohran Kwame Mamdani,114
64,040,Richmond,Andrew M. Cuomo,160
64,040,Richmond,Curtis A. Sliwa,55
64,040,Richmond,Eric L. Adams,4
64,040,Richmond,Irene Estrada,0
64,040,Richmond,Jim Walden,0
64,040,Richmond,Joseph Hernandez,1
64,040,Richmond,Zohran Kwame Mamdani,136
64,041,Richmond,Andrew M. Cuomo,364
64,041,Richmond,Curtis A. Sliwa,129
64,041,Richmond,Eric L. Adams,1
64,041,Richmond,Irene Estrada,0
64,041,Richmond,Jim Walden,0
64,041,Richmond,Joseph Hernandez,0
64,041,Richmond,Zohran Kwame Mamdani,167
64,042,Richmond,Andrew M. Cuomo,302
64,042,Richmond,Curtis A. Sliwa,126
64,042,Richmond,Eric L. Adams,3
64,042,Richmond,Irene Estrada,0
64,042,Richmond,Jim Walden,1
64,042,Richmond,Joseph Hernandez,0
64,042,Richmond,Zohran Kwame Mamdani,126
64,043,Richmond,Andrew M. Cuomo,392
64,043,Richmond,Curtis A. Sliwa,140
64,043,Richmond,Eric L. Adams,1
64,043,Richmond,Irene Estrada,1
64,043,Richmond,Jim Walden,0
64,043,Richmond,Joseph Hernandez,0
64,043,Richmond,Zohran Kwame Mamdani,133
64,044,Richmond,Andrew M. Cuomo,363
64,044,Richmond,Curtis A. Sliwa,117
64,044,Richmond,Eric L. Adams,2
64,044,Richmond,Irene Estrada,2
64,044,Richmond,Jim Walden,1
64,044,Richmond,Joseph Hernandez,0
64,044,Richmond,Zohran Kwame Mamdani,170
64,045,Richmond,Andrew M. Cuomo,413
64,045,Richmond,Curtis A. Sliwa,170
64,045,Richmond,Eric L. Adams,2
64,045,Richmond,Irene Estrada,2
64,045,Richmond,Jim Walden,1
64,045,Richmond,Joseph Hernandez,0
64,045,Richmond,Zohran Kwame Mamdani,210
64,046,Richmond,Andrew M. Cuomo,192
64,046,Richmond,Curtis A. Sliwa,87
64,046,Richmond,Eric L. Adams,1
64,046,Richmond,Irene Estrada,0
64,046,Richmond,Jim Walden,1
64,046,Richmond,Joseph Hernandez,1
64,046,Richmond,Zohran Kwame Mamdani,186
64,047,Richmond,Andrew M. Cuomo,193
64,047,Richmond,Curtis A. Sliwa,104
64,047,Richmond,Eric L. Adams,2
64,047,Richmond,Irene Estrada,1
64,047,Richmond,Jim Walden,0
64,047,Richmond,Joseph Hernandez,1
64,047,Richmond,Zohran Kwame Mamdani,102
64,048,Richmond,Andrew M. Cuomo,261
64,048,Richmond,Curtis A. Sliwa,101
64,048,Richmond,Eric L. Adams,3
64,048,Richmond,Irene Estrada,0
64,048,Richmond,Jim Walden,0
64,048,Richmond,Joseph Hernandez,0
64,048,Richmond,Zohran Kwame Mamdani,100
64,049,Richmond,Andrew M. Cuomo,353
64,049,Richmond,Curtis A. Sliwa,109
64,049,Richmond,Eric L. Adams,1
64,049,Richmond,Irene Estrada,0
64,049,Richmond,Jim Walden,1
64,049,Richmond,Joseph Hernandez,0
64,049,Richmond,Zohran Kwame Mamdani,104
64,050,Richmond,Andrew M. Cuomo,179
64,050,Richmond,Curtis A. Sliwa,73
64,050,Richmond,Eric L. Adams,1
64,050,Richmond,Irene Estrada,1
64,050,Richmond,Jim Walden,0
64,050,Richmond,Joseph Hernandez,0
64,050,Richmond,Zohran Kwame Mamdani,75
64,051,Richmond,Andrew M. Cuomo,41
64,051,Richmond,Curtis A. Sliwa,10
64,051,Richmond,Eric L. Adams,0
64,051,Richmond,Irene Estrada,0
64,051,Richmond,Jim Walden,0
64,051,Richmond,Joseph Hernandez,1
64,051,Richmond,Zohran Kwame Mamdani,35
64,075,Kings,Andrew M. Cuomo,343
64,075,Kings,Curtis A. Sliwa,105
64,075,Kings,Eric L. Adams,0
64,075,Kings,Irene Estrada,1
64,075,Kings,Jim Walden,6
64,075,Kings,Joseph Hernandez,0
64,075,Kings,Zohran Kwame Mamdani,368
64,076,Kings,Andrew M. Cuomo,63
64,076,Kings,Curtis A. Sliwa,18
64,076,Kings,Eric L. Adams,0
64,076,Kings,Irene Estrada,0
64,076,Kings,Jim Walden,0
64,076,Kings,Joseph Hernandez,0
64,076,Kings,Zohran Kwame Mamdani,183
64,077,Kings,Andrew M. Cuomo,220
64,077,Kings,Curtis A. Sliwa,59
64,077,Kings,Eric L. Adams,3
64,077,Kings,Irene Estrada,1
64,077,Kings,Jim Walden,3
64,077,Kings,Joseph Hernandez,2
64,077,Kings,Zohran Kwame Mamdani,462
64,078,Kings,Andrew M. Cuomo,183
64,078,Kings,Curtis A. Sliwa,56
64,078,Kings,Eric L. Adams,2
64,078,Kings,Irene Estrada,1
64,078,Kings,Jim Walden,1
64,078,Kings,Joseph Hernandez,0
64,078,Kings,Zohran Kwame Mamdani,302
64,079,Kings,Andrew M. Cuomo,193
64,079,Kings,Curtis A. Sliwa,33
64,079,Kings,Eric L. Adams,0
64,079,Kings,Irene Estrada,0
64,079,Kings,Jim Walden,2
64,079,Kings,Joseph Hernandez,1
64,079,Kings,Zohran Kwame Mamdani,314
64,080,Kings,Andrew M. Cuomo,226
64,080,Kings,Curtis A. Sliwa,98
64,080,Kings,Eric L. Adams,2
64,080,Kings,Irene Estrada,1
64,080,Kings,Jim Walden,3
64,080,Kings,Joseph Hernandez,0
64,080,Kings,Zohran Kwame Mamdani,424
64,081,Kings,Andrew M. Cuomo,336
64,081,Kings,Curtis A. Sliwa,112
64,081,Kings,Eric L. Adams,0
64,081,Kings,Irene Estrada,0
64,081,Kings,Jim Walden,3
64,081,Kings,Joseph Hernandez,1
64,081,Kings,Zohran Kwame Mamdani,528
64,082,Kings,Andrew M. Cuomo,406
64,082,Kings,Curtis A. Sliwa,104
64,082,Kings,Eric L. Adams,0
64,082,Kings,Irene Estrada,3
64,082,Kings,Jim Walden,2
64,082,Kings,Joseph Hernandez,0
64,082,Kings,Zohran Kwame Mamdani,375
64,083,Kings,Andrew M. Cuomo,424
64,083,Kings,Curtis A. Sliwa,124
64,083,Kings,Eric L. Adams,1
64,083,Kings,Irene Estrada,1
64,083,Kings,Jim Walden,1
64,083,Kings,Joseph Hernandez,0
64,083,Kings,Zohran Kwame Mamdani,382
64,084,Kings,Andrew M. Cuomo,424
64,084,Kings,Curtis A. Sliwa,119
64,084,Kings,Eric L. Adams,1
64,084,Kings,Irene Estrada,0
64,084,Kings,Jim Walden,2
64,084,Kings,Joseph Hernandez,0
64,084,Kings,Zohran Kwame Mamdani,185
64,085,Kings,Andrew M. Cuomo,334
64,085,Kings,Curtis A. Sliwa,83
64,085,Kings,Eric L. Adams,1
64,085,Kings,Irene Estrada,2
64,085,Kings,Jim Walden,4
64,085,Kings,Joseph Hernandez,1
64,085,Kings,Zohran Kwame Mamdani,157
64,086,Kings,Andrew M. Cuomo,404
64,086,Kings,Curtis A. Sliwa,86
64,086,Kings,Eric L. Adams,0
64,086,Kings,Irene Estrada,0
64,086,Kings,Jim Walden,1
64,086,Kings,Joseph Hernandez,0
64,086,Kings,Zohran Kwame Mamdani,130
64,087,Kings,Andrew M. Cuomo,99
64,087,Kings,Curtis A. Sliwa,26
64,087,Kings,Eric L. Adams,0
64,087,Kings,Irene Estrada,2
64,087,Kings,Jim Walden,0
64,087,Kings,Joseph Hernandez,1
64,087,Kings,Zohran Kwame Mamdani,201
64,090,Kings,Andrew M. Cuomo,0
64,090,Kings,Curtis A. Sliwa,0
64,090,Kings,Eric L. Adams,0
64,090,Kings,Irene Estrada,0
64,090,Kings,Jim Walden,0
64,090,Kings,Joseph Hernandez,0
64,090,Kings,Zohran Kwame Mamdani,0
65,001,New York,Andrew M. Cuomo,403
65,001,New York,Curtis A. Sliwa,43
65,001,New York,Eric L. Adams,2
65,001,New York,Irene Estrada,2
65,001,New York,Jim Walden,2
65,001,New York,Joseph Hernandez,1
65,001,New York,Zohran Kwame Mamdani,465
65,002,New York,Andrew M. Cuomo,345
65,002,New York,Curtis A. Sliwa,13
65,002,New York,Eric L. Adams,1
65,002,New York,Irene Estrada,1
65,002,New York,Jim Walden,1
65,002,New York,Joseph Hernandez,1
65,002,New York,Zohran Kwame Mamdani,414
65,003,New York,Andrew M. Cuomo,443
65,003,New York,Curtis A. Sliwa,37
65,003,New York,Eric L. Adams,1
65,003,New York,Irene Estrada,0
65,003,New York,Jim Walden,1
65,003,New York,Joseph Hernandez,3
65,003,New York,Zohran Kwame Mamdani,479
65,004,New York,Andrew M. Cuomo,402
65,004,New York,Curtis A. Sliwa,29
65,004,New York,Eric L. Adams,1
65,004,New York,Irene Estrada,0
65,004,New York,Jim Walden,0
65,004,New York,Joseph Hernandez,0
65,004,New York,Zohran Kwame Mamdani,401
65,005,New York,Andrew M. Cuomo,286
65,005,New York,Curtis A. Sliwa,36
65,005,New York,Eric L. Adams,0
65,005,New York,Irene Estrada,2
65,005,New York,Jim Walden,1
65,005,New York,Joseph Hernandez,1
65,005,New York,Zohran Kwame Mamdani,379
65,006,New York,Andrew M. Cuomo,295
65,006,New York,Curtis A. Sliwa,15
65,006,New York,Eric L. Adams,0
65,006,New York,Irene Estrada,0
65,006,New York,Jim Walden,1
65,006,New York,Joseph Hernandez,4
65,006,New York,Zohran Kwame Mamdani,396
65,007,New York,Andrew M. Cuomo,450
65,007,New York,Curtis A. Sliwa,120
65,007,New York,Eric L. Adams,0
65,007,New York,Irene Estrada,2
65,007,New York,Jim Walden,3
65,007,New York,Joseph Hernandez,1
65,007,New York,Zohran Kwame Mamdani,338
65,008,New York,Andrew M. Cuomo,329
65,008,New York,Curtis A. Sliwa,68
65,008,New York,Eric L. Adams,0
65,008,New York,Irene Estrada,1
65,008,New York,Jim Walden,0
65,008,New York,Joseph Hernandez,3
65,008,New York,Zohran Kwame Mamdani,240
65,009,New York,Andrew M. Cuomo,358
65,009,New York,Curtis A. Sliwa,20
65,009,New York,Eric L. Adams,2
65,009,New York,Irene Estrada,1
65,009,New York,Jim Walden,3
65,009,New York,Joseph Hernandez,1
65,009,New York,Zohran Kwame Mamdani,492
65,010,New York,Andrew M. Cuomo,328
65,010,New York,Curtis A. Sliwa,24
65,010,New York,Eric L. Adams,1
65,010,New York,Irene Estrada,1
65,010,New York,Jim Walden,0
65,010,New York,Joseph Hernandez,2
65,010,New York,Zohran Kwame Mamdani,390
65,011,New York,Andrew M. Cuomo,135
65,011,New York,Curtis A. Sliwa,14
65,011,New York,Eric L. Adams,2
65,011,New York,Irene Estrada,0
65,011,New York,Jim Walden,0
65,011,New York,Joseph Hernandez,0
65,011,New York,Zohran Kwame Mamdani,232
65,012,New York,Andrew M. Cuomo,149
65,012,New York,Curtis A. Sliwa,44
65,012,New York,Eric L. Adams,2
65,012,New York,Irene Estrada,3
65,012,New York,Jim Walden,0
65,012,New York,Joseph Hernandez,2
65,012,New York,Zohran Kwame Mamdani,106
65,013,New York,Andrew M. Cuomo,237
65,013,New York,Curtis A. Sliwa,24
65,013,New York,Eric L. Adams,3
65,013,New York,Irene Estrada,0
65,013,New York,Jim Walden,2
65,013,New York,Joseph Hernandez,2
65,013,New York,Zohran Kwame Mamdani,262
65,014,New York,Andrew M. Cuomo,103
65,014,New York,Curtis A. Sliwa,25
65,014,New York,Eric L. Adams,0
65,014,New York,Irene Estrada,1
65,014,New York,Jim Walden,0
65,014,New York,Joseph Hernandez,2
65,014,New York,Zohran Kwame Mamdani,172
65,015,New York,Andrew M. Cuomo,216
65,015,New York,Curtis A. Sliwa,51
65,015,New York,Eric L. Adams,0
65,015,New York,Irene Estrada,2
65,015,New York,Jim Walden,0
65,015,New York,Joseph Hernandez,0
65,015,New York,Zohran Kwame Mamdani,207
65,016,New York,Andrew M. Cuomo,223
65,016,New York,Curtis A. Sliwa,69
65,016,New York,Eric L. Adams,0
65,016,New York,Irene Estrada,1
65,016,New York,Jim Walden,0
65,016,New York,Joseph Hernandez,1
65,016,New York,Zohran Kwame Mamdani,105
65,017,New York,Andrew M. Cuomo,131
65,017,New York,Curtis A. Sliwa,33
65,017,New York,Eric L. Adams,1
65,017,New York,Irene Estrada,1
65,017,New York,Jim Walden,0
65,017,New York,Joseph Hernandez,1
65,017,New York,Zohran Kwame Mamdani,299
65,018,New York,Andrew M. Cuomo,160
65,018,New York,Curtis A. Sliwa,41
65,018,New York,Eric L. Adams,5
65,018,New York,Irene Estrada,1
65,018,New York,Jim Walden,2
65,018,New York,Joseph Hernandez,0
65,018,New York,Zohran Kwame Mamdani,172
65,019,New York,Andrew M. Cuomo,303
65,019,New York,Curtis A. Sliwa,59
65,019,New York,Eric L. Adams,2
65,019,New York,Irene Estrada,3
65,019,New York,Jim Walden,2
65,019,New York,Joseph Hernandez,1
65,019,New York,Zohran Kwame Mamdani,290
65,020,New York,Andrew M. Cuomo,146
65,020,New York,Curtis A. Sliwa,17
65,020,New York,Eric L. Adams,0
65,020,New York,Irene Estrada,0
65,020,New York,Jim Walden,0
65,020,New York,Joseph Hernandez,0
65,020,New York,Zohran Kwame Mamdani,264
65,021,New York,Andrew M. Cuomo,155
65,021,New York,Curtis A. Sliwa,39
65,021,New York,Eric L. Adams,2
65,021,New York,Irene Estrada,2
65,021,New York,Jim Walden,1
65,021,New York,Joseph Hernandez,0
65,021,New York,Zohran Kwame Mamdani,341
65,022,New York,Andrew M. Cuomo,145
65,022,New York,Curtis A. Sliwa,3
65,022,New York,Eric L. Adams,0
65,022,New York,Irene Estrada,0
65,022,New York,Jim Walden,0
65,022,New York,Joseph Hernandez,0
65,022,New York,Zohran Kwame Mamdani,204
65,023,New York,Andrew M. Cuomo,201
65,023,New York,Curtis A. Sliwa,25
65,023,New York,Eric L. Adams,1
65,023,New York,Irene Estrada,1
65,023,New York,Jim Walden,0
65,023,New York,Joseph Hernandez,1
65,023,New York,Zohran Kwame Mamdani,220
65,024,New York,Andrew M. Cuomo,143
65,024,New York,Curtis A. Sliwa,19
65,024,New York,Eric L. Adams,1
65,024,New York,Irene Estrada,0
65,024,New York,Jim Walden,0
65,024,New York,Joseph Hernandez,0
65,024,New York,Zohran Kwame Mamdani,118
65,025,New York,Andrew M. Cuomo,125
65,025,New York,Curtis A. Sliwa,20
65,025,New York,Eric L. Adams,2
65,025,New York,Irene Estrada,3
65,025,New York,Jim Walden,0
65,025,New York,Joseph Hernandez,0
65,025,New York,Zohran Kwame Mamdani,223
65,026,New York,Andrew M. Cuomo,294
65,026,New York,Curtis A. Sliwa,55
65,026,New York,Eric L. Adams,3
65,026,New York,Irene Estrada,2
65,026,New York,Jim Walden,1
65,026,New York,Joseph Hernandez,0
65,026,New York,Zohran Kwame Mamdani,278
65,027,New York,Andrew M. Cuomo,152
65,027,New York,Curtis A. Sliwa,17
65,027,New York,Eric L. Adams,1
65,027,New York,Irene Estrada,1
65,027,New York,Jim Walden,0
65,027,New York,Joseph Hernandez,0
65,027,New York,Zohran Kwame Mamdani,243
65,028,New York,Andrew M. Cuomo,378
65,028,New York,Curtis A. Sliwa,31
65,028,New York,Eric L. Adams,3
65,028,New York,Irene Estrada,0
65,028,New York,Jim Walden,2
65,028,New York,Joseph Hernandez,0
65,028,New York,Zohran Kwame Mamdani,374
65,029,New York,Andrew M. Cuomo,408
65,029,New York,Curtis A. Sliwa,36
65,029,New York,Eric L. Adams,3
65,029,New York,Irene Estrada,2
65,029,New York,Jim Walden,1
65,029,New York,Joseph Hernandez,0
65,029,New York,Zohran Kwame Mamdani,544
65,030,New York,Andrew M. Cuomo,193
65,030,New York,Curtis A. Sliwa,22
65,030,New York,Eric L. Adams,0
65,030,New York,Irene Estrada,2
65,030,New York,Jim Walden,0
65,030,New York,Joseph Hernandez,0
65,030,New York,Zohran Kwame Mamdani,171
65,031,New York,Andrew M. Cuomo,267
65,031,New York,Curtis A. Sliwa,28
65,031,New York,Eric L. Adams,0
65,031,New York,Irene Estrada,0
65,031,New York,Jim Walden,1
65,031,New York,Joseph Hernandez,0
65,031,New York,Zohran Kwame Mamdani,356
65,032,New York,Andrew M. Cuomo,237
65,032,New York,Curtis A. Sliwa,31
65,032,New York,Eric L. Adams,1
65,032,New York,Irene Estrada,1
65,032,New York,Jim Walden,2
65,032,New York,Joseph Hernandez,0
65,032,New York,Zohran Kwame Mamdani,371
65,033,New York,Andrew M. Cuomo,395
65,033,New York,Curtis A. Sliwa,39
65,033,New York,Eric L. Adams,0
65,033,New York,Irene Estrada,1
65,033,New York,Jim Walden,0
65,033,New York,Joseph Hernandez,0
65,033,New York,Zohran Kwame Mamdani,480
65,034,New York,Andrew M. Cuomo,84
65,034,New York,Curtis A. Sliwa,19
65,034,New York,Eric L. Adams,1
65,034,New York,Irene Estrada,0
65,034,New York,Jim Walden,0
65,034,New York,Joseph Hernandez,0
65,034,New York,Zohran Kwame Mamdani,271
65,035,New York,Andrew M. Cuomo,197
65,035,New York,Curtis A. Sliwa,34
65,035,New York,Eric L. Adams,1
65,035,New York,Irene Estrada,2
65,035,New York,Jim Walden,1
65,035,New York,Joseph Hernandez,1
65,035,New York,Zohran Kwame Mamdani,552
65,036,New York,Andrew M. Cuomo,139
65,036,New York,Curtis A. Sliwa,11
65,036,New York,Eric L. Adams,0
65,036,New York,Irene Estrada,0
65,036,New York,Jim Walden,2
65,036,New York,Joseph Hernandez,0
65,036,New York,Zohran Kwame Mamdani,185
65,037,New York,Andrew M. Cuomo,37
65,037,New York,Curtis A. Sliwa,8
65,037,New York,Eric L. Adams,0
65,037,New York,Irene Estrada,0
65,037,New York,Jim Walden,0
65,037,New York,Joseph Hernandez,0
65,037,New York,Zohran Kwame Mamdani,86
65,038,New York,Andrew M. Cuomo,79
65,038,New York,Curtis A. Sliwa,11
65,038,New York,Eric L. Adams,1
65,038,New York,Irene Estrada,0
65,038,New York,Jim Walden,0
65,038,New York,Joseph Hernandez,0
65,038,New York,Zohran Kwame Mamdani,149
65,039,New York,Andrew M. Cuomo,56
65,039,New York,Curtis A. Sliwa,16
65,039,New York,Eric L. Adams,2
65,039,New York,Irene Estrada,0
65,039,New York,Jim Walden,0
65,039,New York,Joseph Hernandez,0
65,039,New York,Zohran Kwame Mamdani,180
65,040,New York,Andrew M. Cuomo,181
65,040,New York,Curtis A. Sliwa,29
65,040,New York,Eric L. Adams,1
65,040,New York,Irene Estrada,0
65,040,New York,Jim Walden,1
65,040,New York,Joseph Hernandez,0
65,040,New York,Zohran Kwame Mamdani,546
65,041,New York,Andrew M. Cuomo,111
65,041,New York,Curtis A. Sliwa,22
65,041,New York,Eric L. Adams,0
65,041,New York,Irene Estrada,0
65,041,New York,Jim Walden,1
65,041,New York,Joseph Hernandez,0
65,041,New York,Zohran Kwame Mamdani,504
65,042,New York,Andrew M. Cuomo,144
65,042,New York,Curtis A. Sliwa,32
65,042,New York,Eric L. Adams,2
65,042,New York,Irene Estrada,0
65,042,New York,Jim Walden,0
65,042,New York,Joseph Hernandez,0
65,042,New York,Zohran Kwame Mamdani,336
65,043,New York,Andrew M. Cuomo,169
65,043,New York,Curtis A. Sliwa,22
65,043,New York,Eric L. Adams,1
65,043,New York,Irene Estrada,1
65,043,New York,Jim Walden,1
65,043,New York,Joseph Hernandez,1
65,043,New York,Zohran Kwame Mamdani,433
65,044,New York,Andrew M. Cuomo,275
65,044,New York,Curtis A. Sliwa,31
65,044,New York,Eric L. Adams,4
65,044,New York,Irene Estrada,2
65,044,New York,Jim Walden,3
65,044,New York,Joseph Hernandez,0
65,044,New York,Zohran Kwame Mamdani,392
65,045,New York,Andrew M. Cuomo,294
65,045,New York,Curtis A. Sliwa,22
65,045,New York,Eric L. Adams,1
65,045,New York,Irene Estrada,0
65,045,New York,Jim Walden,2
65,045,New York,Joseph Hernandez,0
65,045,New York,Zohran Kwame Mamdani,325
65,046,New York,Andrew M. Cuomo,418
65,046,New York,Curtis A. Sliwa,44
65,046,New York,Eric L. Adams,4
65,046,New York,Irene Estrada,1
65,046,New York,Jim Walden,0
65,046,New York,Joseph Hernandez,2
65,046,New York,Zohran Kwame Mamdani,418
65,047,New York,Andrew M. Cuomo,156
65,047,New York,Curtis A. Sliwa,22
65,047,New York,Eric L. Adams,3
65,047,New York,Irene Estrada,0
65,047,New York,Jim Walden,1
65,047,New York,Joseph Hernandez,0
65,047,New York,Zohran Kwame Mamdani,198
65,048,New York,Andrew M. Cuomo,105
65,048,New York,Curtis A. Sliwa,27
65,048,New York,Eric L. Adams,1
65,048,New York,Irene Estrada,0
65,048,New York,Jim Walden,1
65,048,New York,Joseph Hernandez,1
65,048,New York,Zohran Kwame Mamdani,145
65,049,New York,Andrew M. Cuomo,245
65,049,New York,Curtis A. Sliwa,40
65,049,New York,Eric L. Adams,2
65,049,New York,Irene Estrada,0
65,049,New York,Jim Walden,0
65,049,New York,Joseph Hernandez,0
65,049,New York,Zohran Kwame Mamdani,449
65,050,New York,Andrew M. Cuomo,188
65,050,New York,Curtis A. Sliwa,30
65,050,New York,Eric L. Adams,1
65,050,New York,Irene Estrada,0
65,050,New York,Jim Walden,0
65,050,New York,Joseph Hernandez,0
65,050,New York,Zohran Kwame Mamdani,357
65,051,New York,Andrew M. Cuomo,159
65,051,New York,Curtis A. Sliwa,26
65,051,New York,Eric L. Adams,1
65,051,New York,Irene Estrada,0
65,051,New York,Jim Walden,0
65,051,New York,Joseph Hernandez,0
65,051,New York,Zohran Kwame Mamdani,371
65,052,New York,Andrew M. Cuomo,102
65,052,New York,Curtis A. Sliwa,10
65,052,New York,Eric L. Adams,2
65,052,New York,Irene Estrada,1
65,052,New York,Jim Walden,1
65,052,New York,Joseph Hernandez,0
65,052,New York,Zohran Kwame Mamdani,403
65,053,New York,Andrew M. Cuomo,101
65,053,New York,Curtis A. Sliwa,29
65,053,New York,Eric L. Adams,1
65,053,New York,Irene Estrada,0
65,053,New York,Jim Walden,2
65,053,New York,Joseph Hernandez,0
65,053,New York,Zohran Kwame Mamdani,358
65,054,New York,Andrew M. Cuomo,115
65,054,New York,Curtis A. Sliwa,27
65,054,New York,Eric L. Adams,0
65,054,New York,Irene Estrada,2
65,054,New York,Jim Walden,0
65,054,New York,Joseph Hernandez,0
65,054,New York,Zohran Kwame Mamdani,351
65,055,New York,Andrew M. Cuomo,213
65,055,New York,Curtis A. Sliwa,22
65,055,New York,Eric L. Adams,0
65,055,New York,Irene Estrada,1
65,055,New York,Jim Walden,0
65,055,New York,Joseph Hernandez,0
65,055,New York,Zohran Kwame Mamdani,220
65,056,New York,Andrew M. Cuomo,280
65,056,New York,Curtis A. Sliwa,21
65,056,New York,Eric L. Adams,1
65,056,New York,Irene Estrada,0
65,056,New York,Jim Walden,0
65,056,New York,Joseph Hernandez,0
65,056,New York,Zohran Kwame Mamdani,113
65,057,New York,Andrew M. Cuomo,183
65,057,New York,Curtis A. Sliwa,29
65,057,New York,Eric L. Adams,1
65,057,New York,Irene Estrada,0
65,057,New York,Jim Walden,1
65,057,New York,Joseph Hernandez,1
65,057,New York,Zohran Kwame Mamdani,793
65,058,New York,Andrew M. Cuomo,161
65,058,New York,Curtis A. Sliwa,17
65,058,New York,Eric L. Adams,1
65,058,New York,Irene Estrada,1
65,058,New York,Jim Walden,0
65,058,New York,Joseph Hernandez,0
65,058,New York,Zohran Kwame Mamdani,469
65,059,New York,Andrew M. Cuomo,130
65,059,New York,Curtis A. Sliwa,27
65,059,New York,Eric L. Adams,0
65,059,New York,Irene Estrada,0
65,059,New York,Jim Walden,0
65,059,New York,Joseph Hernandez,1
65,059,New York,Zohran Kwame Mamdani,499
65,060,New York,Andrew M. Cuomo,157
65,060,New York,Curtis A. Sliwa,28
65,060,New York,Eric L. Adams,0
65,060,New York,Irene Estrada,1
65,060,New York,Jim Walden,1
65,060,New York,Joseph Hernandez,0
65,060,New York,Zohran Kwame Mamdani,543
65,061,New York,Andrew M. Cuomo,139
65,061,New York,Curtis A. Sliwa,28
65,061,New York,Eric L. Adams,3
65,061,New York,Irene Estrada,1
65,061,New York,Jim Walden,0
65,061,New York,Joseph Hernandez,0
65,061,New York,Zohran Kwame Mamdani,255
65,062,New York,Andrew M. Cuomo,188
65,062,New York,Curtis A. Sliwa,27
65,062,New York,Eric L. Adams,0
65,062,New York,Irene Estrada,0
65,062,New York,Jim Walden,1
65,062,New York,Joseph Hernandez,1
65,062,New York,Zohran Kwame Mamdani,199
65,063,New York,Andrew M. Cuomo,186
65,063,New York,Curtis A. Sliwa,40
65,063,New York,Eric L. Adams,2
65,063,New York,Irene Estrada,2
65,063,New York,Jim Walden,0
65,063,New York,Joseph Hernandez,1
65,063,New York,Zohran Kwame Mamdani,211
65,064,New York,Andrew M. Cuomo,149
65,064,New York,Curtis A. Sliwa,31
65,064,New York,Eric L. Adams,2
65,064,New York,Irene Estrada,2
65,064,New York,Jim Walden,1
65,064,New York,Joseph Hernandez,0
65,064,New York,Zohran Kwame Mamdani,548
65,065,New York,Andrew M. Cuomo,189
65,065,New York,Curtis A. Sliwa,19
65,065,New York,Eric L. Adams,2
65,065,New York,Irene Estrada,1
65,065,New York,Jim Walden,0
65,065,New York,Joseph Hernandez,1
65,065,New York,Zohran Kwame Mamdani,178
65,066,New York,Andrew M. Cuomo,156
65,066,New York,Curtis A. Sliwa,19
65,066,New York,Eric L. Adams,1
65,066,New York,Irene Estrada,2
65,066,New York,Jim Walden,0
65,066,New York,Joseph Hernandez,0
65,066,New York,Zohran Kwame Mamdani,192
65,067,New York,Andrew M. Cuomo,156
65,067,New York,Curtis A. Sliwa,10
65,067,New York,Eric L. Adams,1
65,067,New York,Irene Estrada,0
65,067,New York,Jim Walden,0
65,067,New York,Joseph Hernandez,0
65,067,New York,Zohran Kwame Mamdani,206
66,002,New York,Andrew M. Cuomo,257
66,002,New York,Curtis A. Sliwa,24
66,002,New York,Eric L. Adams,1
66,002,New York,Irene Estrada,0
66,002,New York,Jim Walden,3
66,002,New York,Joseph Hernandez,0
66,002,New York,Zohran Kwame Mamdani,401
66,003,New York,Andrew M. Cuomo,195
66,003,New York,Curtis A. Sliwa,16
66,003,New York,Eric L. Adams,2
66,003,New York,Irene Estrada,0
66,003,New York,Jim Walden,1
66,003,New York,Joseph Hernandez,0
66,003,New York,Zohran Kwame Mamdani,379
66,004,New York,Andrew M. Cuomo,483
66,004,New York,Curtis A. Sliwa,22
66,004,New York,Eric L. Adams,1
66,004,New York,Irene Estrada,1
66,004,New York,Jim Walden,3
66,004,New York,Joseph Hernandez,0
66,004,New York,Zohran Kwame Mamdani,472
66,005,New York,Andrew M. Cuomo,324
66,005,New York,Curtis A. Sliwa,17
66,005,New York,Eric L. Adams,0
66,005,New York,Irene Estrada,0
66,005,New York,Jim Walden,0
66,005,New York,Joseph Hernandez,0
66,005,New York,Zohran Kwame Mamdani,267
66,006,New York,Andrew M. Cuomo,457
66,006,New York,Curtis A. Sliwa,30
66,006,New York,Eric L. Adams,0
66,006,New York,Irene Estrada,2
66,006,New York,Jim Walden,1
66,006,New York,Joseph Hernandez,0
66,006,New York,Zohran Kwame Mamdani,332
66,007,New York,Andrew M. Cuomo,377
66,007,New York,Curtis A. Sliwa,15
66,007,New York,Eric L. Adams,0
66,007,New York,Irene Estrada,0
66,007,New York,Jim Walden,0
66,007,New York,Joseph Hernandez,0
66,007,New York,Zohran Kwame Mamdani,358
66,008,New York,Andrew M. Cuomo,424
66,008,New York,Curtis A. Sliwa,13
66,008,New York,Eric L. Adams,1
66,008,New York,Irene Estrada,0
66,008,New York,Jim Walden,2
66,008,New York,Joseph Hernandez,1
66,008,New York,Zohran Kwame Mamdani,315
66,009,New York,Andrew M. Cuomo,286
66,009,New York,Curtis A. Sliwa,12
66,009,New York,Eric L. Adams,0
66,009,New York,Irene Estrada,0
66,009,New York,Jim Walden,0
66,009,New York,Joseph Hernandez,0
66,009,New York,Zohran Kwame Mamdani,411
66,010,New York,Andrew M. Cuomo,312
66,010,New York,Curtis A. Sliwa,18
66,010,New York,Eric L. Adams,1
66,010,New York,Irene Estrada,1
66,010,New York,Jim Walden,0
66,010,New York,Joseph Hernandez,1
66,010,New York,Zohran Kwame Mamdani,395
66,011,New York,Andrew M. Cuomo,406
66,011,New York,Curtis A. Sliwa,20
66,011,New York,Eric L. Adams,1
66,011,New York,Irene Estrada,1
66,011,New York,Jim Walden,0
66,011,New York,Joseph Hernandez,0
66,011,New York,Zohran Kwame Mamdani,343
66,012,New York,Andrew M. Cuomo,605
66,012,New York,Curtis A. Sliwa,21
66,012,New York,Eric L. Adams,0
66,012,New York,Irene Estrada,0
66,012,New York,Jim Walden,0
66,012,New York,Joseph Hernandez,0
66,012,New York,Zohran Kwame Mamdani,399
66,013,New York,Andrew M. Cuomo,336
66,013,New York,Curtis A. Sliwa,14
66,013,New York,Eric L. Adams,0
66,013,New York,Irene Estrada,0
66,013,New York,Jim Walden,1
66,013,New York,Joseph Hernandez,0
66,013,New York,Zohran Kwame Mamdani,194
66,014,New York,Andrew M. Cuomo,306
66,014,New York,Curtis A. Sliwa,15
66,014,New York,Eric L. Adams,1
66,014,New York,Irene Estrada,1
66,014,New York,Jim Walden,2
66,014,New York,Joseph Hernandez,0
66,014,New York,Zohran Kwame Mamdani,435
66,015,New York,Andrew M. Cuomo,350
66,015,New York,Curtis A. Sliwa,21
66,015,New York,Eric L. Adams,1
66,015,New York,Irene Estrada,0
66,015,New York,Jim Walden,0
66,015,New York,Joseph Hernandez,0
66,015,New York,Zohran Kwame Mamdani,444
66,016,New York,Andrew M. Cuomo,472
66,016,New York,Curtis A. Sliwa,14
66,016,New York,Eric L. Adams,1
66,016,New York,Irene Estrada,0
66,016,New York,Jim Walden,1
66,016,New York,Joseph Hernandez,0
66,016,New York,Zohran Kwame Mamdani,522
66,017,New York,Andrew M. Cuomo,274
66,017,New York,Curtis A. Sliwa,24
66,017,New York,Eric L. Adams,4
66,017,New York,Irene Estrada,3
66,017,New York,Jim Walden,0
66,017,New York,Joseph Hernandez,1
66,017,New York,Zohran Kwame Mamdani,313
66,018,New York,Andrew M. Cuomo,316
66,018,New York,Curtis A. Sliwa,31
66,018,New York,Eric L. Adams,1
66,018,New York,Irene Estrada,1
66,018,New York,Jim Walden,0
66,018,New York,Joseph Hernandez,0
66,018,New York,Zohran Kwame Mamdani,379
66,019,New York,Andrew M. Cuomo,335
66,019,New York,Curtis A. Sliwa,18
66,019,New York,Eric L. Adams,2
66,019,New York,Irene Estrada,0
66,019,New York,Jim Walden,2
66,019,New York,Joseph Hernandez,1
66,019,New York,Zohran Kwame Mamdani,492
66,020,New York,Andrew M. Cuomo,317
66,020,New York,Curtis A. Sliwa,19
66,020,New York,Eric L. Adams,0
66,020,New York,Irene Estrada,0
66,020,New York,Jim Walden,2
66,020,New York,Joseph Hernandez,0
66,020,New York,Zohran Kwame Mamdani,334
66,021,New York,Andrew M. Cuomo,452
66,021,New York,Curtis A. Sliwa,23
66,021,New York,Eric L. Adams,0
66,021,New York,Irene Estrada,1
66,021,New York,Jim Walden,0
66,021,New York,Joseph Hernandez,1
66,021,New York,Zohran Kwame Mamdani,361
66,022,New York,Andrew M. Cuomo,31
66,022,New York,Curtis A. Sliwa,3
66,022,New York,Eric L. Adams,0
66,022,New York,Irene Estrada,0
66,022,New York,Jim Walden,0
66,022,New York,Joseph Hernandez,0
66,022,New York,Zohran Kwame Mamdani,39
66,023,New York,Andrew M. Cuomo,439
66,023,New York,Curtis A. Sliwa,23
66,023,New York,Eric L. Adams,1
66,023,New York,Irene Estrada,1
66,023,New York,Jim Walden,0
66,023,New York,Joseph Hernandez,0
66,023,New York,Zohran Kwame Mamdani,412
66,024,New York,Andrew M. Cuomo,459
66,024,New York,Curtis A. Sliwa,13
66,024,New York,Eric L. Adams,0
66,024,New York,Irene Estrada,0
66,024,New York,Jim Walden,0
66,024,New York,Joseph Hernandez,0
66,024,New York,Zohran Kwame Mamdani,367
66,025,New York,Andrew M. Cuomo,523
66,025,New York,Curtis A. Sliwa,23
66,025,New York,Eric L. Adams,1
66,025,New York,Irene Estrada,0
66,025,New York,Jim Walden,1
66,025,New York,Joseph Hernandez,0
66,025,New York,Zohran Kwame Mamdani,400
66,026,New York,Andrew M. Cuomo,337
66,026,New York,Curtis A. Sliwa,15
66,026,New York,Eric L. Adams,2
66,026,New York,Irene Estrada,0
66,026,New York,Jim Walden,1
66,026,New York,Joseph Hernandez,0
66,026,New York,Zohran Kwame Mamdani,340
66,027,New York,Andrew M. Cuomo,224
66,027,New York,Curtis A. Sliwa,12
66,027,New York,Eric L. Adams,0
66,027,New York,Irene Estrada,1
66,027,New York,Jim Walden,1
66,027,New York,Joseph Hernandez,0
66,027,New York,Zohran Kwame Mamdani,273
66,028,New York,Andrew M. Cuomo,355
66,028,New York,Curtis A. Sliwa,16
66,028,New York,Eric L. Adams,0
66,028,New York,Irene Estrada,1
66,028,New York,Jim Walden,1
66,028,New York,Joseph Hernandez,0
66,028,New York,Zohran Kwame Mamdani,362
66,029,New York,Andrew M. Cuomo,265
66,029,New York,Curtis A. Sliwa,16
66,029,New York,Eric L. Adams,0
66,029,New York,Irene Estrada,1
66,029,New York,Jim Walden,2
66,029,New York,Joseph Hernandez,0
66,029,New York,Zohran Kwame Mamdani,351
66,030,New York,Andrew M. Cuomo,165
66,030,New York,Curtis A. Sliwa,15
66,030,New York,Eric L. Adams,0
66,030,New York,Irene Estrada,1
66,030,New York,Jim Walden,0
66,030,New York,Joseph Hernandez,0
66,030,New York,Zohran Kwame Mamdani,276
66,031,New York,Andrew M. Cuomo,271
66,031,New York,Curtis A. Sliwa,34
66,031,New York,Eric L. Adams,0
66,031,New York,Irene Estrada,2
66,031,New York,Jim Walden,3
66,031,New York,Joseph Hernandez,2
66,031,New York,Zohran Kwame Mamdani,428
66,032,New York,Andrew M. Cuomo,327
66,032,New York,Curtis A. Sliwa,34
66,032,New York,Eric L. Adams,0
66,032,New York,Irene Estrada,0
66,032,New York,Jim Walden,1
66,032,New York,Joseph Hernandez,0
66,032,New York,Zohran Kwame Mamdani,512
66,033,New York,Andrew M. Cuomo,262
66,033,New York,Curtis A. Sliwa,20
66,033,New York,Eric L. Adams,2
66,033,New York,Irene Estrada,0
66,033,New York,Jim Walden,1
66,033,New York,Joseph Hernandez,0
66,033,New York,Zohran Kwame Mamdani,343
66,034,New York,Andrew M. Cuomo,241
66,034,New York,Curtis A. Sliwa,17
66,034,New York,Eric L. Adams,0
66,034,New York,Irene Estrada,1
66,034,New York,Jim Walden,2
66,034,New York,Joseph Hernandez,1
66,034,New York,Zohran Kwame Mamdani,335
66,035,New York,Andrew M. Cuomo,408
66,035,New York,Curtis A. Sliwa,9
66,035,New York,Eric L. Adams,1
66,035,New York,Irene Estrada,0
66,035,New York,Jim Walden,0
66,035,New York,Joseph Hernandez,2
66,035,New York,Zohran Kwame Mamdani,367
66,036,New York,Andrew M. Cuomo,457
66,036,New York,Curtis A. Sliwa,17
66,036,New York,Eric L. Adams,3
66,036,New York,Irene Estrada,0
66,036,New York,Jim Walden,0
66,036,New York,Joseph Hernandez,0
66,036,New York,Zohran Kwame Mamdani,447
66,037,New York,Andrew M. Cuomo,503
66,037,New York,Curtis A. Sliwa,19
66,037,New York,Eric L. Adams,0
66,037,New York,Irene Estrada,0
66,037,New York,Jim Walden,2
66,037,New York,Joseph Hernandez,0
66,037,New York,Zohran Kwame Mamdani,361
66,038,New York,Andrew M. Cuomo,504
66,038,New York,Curtis A. Sliwa,20
66,038,New York,Eric L. Adams,0
66,038,New York,Irene Estrada,1
66,038,New York,Jim Walden,1
66,038,New York,Joseph Hernandez,0
66,038,New York,Zohran Kwame Mamdani,321
66,039,New York,Andrew M. Cuomo,126
66,039,New York,Curtis A. Sliwa,3
66,039,New York,Eric L. Adams,1
66,039,New York,Irene Estrada,0
66,039,New York,Jim Walden,0
66,039,New York,Joseph Hernandez,2
66,039,New York,Zohran Kwame Mamdani,113
66,040,New York,Andrew M. Cuomo,171
66,040,New York,Curtis A. Sliwa,12
66,040,New York,Eric L. Adams,1
66,040,New York,Irene Estrada,0
66,040,New York,Jim Walden,0
66,040,New York,Joseph Hernandez,0
66,040,New York,Zohran Kwame Mamdani,340
66,041,New York,Andrew M. Cuomo,360
66,041,New York,Curtis A. Sliwa,12
66,041,New York,Eric L. Adams,1
66,041,New York,Irene Estrada,0
66,041,New York,Jim Walden,3
66,041,New York,Joseph Hernandez,2
66,041,New York,Zohran Kwame Mamdani,391
66,042,New York,Andrew M. Cuomo,559
66,042,New York,Curtis A. Sliwa,20
66,042,New York,Eric L. Adams,1
66,042,New York,Irene Estrada,0
66,042,New York,Jim Walden,4
66,042,New York,Joseph Hernandez,0
66,042,New York,Zohran Kwame Mamdani,358
66,043,New York,Andrew M. Cuomo,227
66,043,New York,Curtis A. Sliwa,17
66,043,New York,Eric L. Adams,1
66,043,New York,Irene Estrada,0
66,043,New York,Jim Walden,0
66,043,New York,Joseph Hernandez,1
66,043,New York,Zohran Kwame Mamdani,371
66,044,New York,Andrew M. Cuomo,269
66,044,New York,Curtis A. Sliwa,16
66,044,New York,Eric L. Adams,4
66,044,New York,Irene Estrada,2
66,044,New York,Jim Walden,1
66,044,New York,Joseph Hernandez,0
66,044,New York,Zohran Kwame Mamdani,459
66,045,New York,Andrew M. Cuomo,190
66,045,New York,Curtis A. Sliwa,25
66,045,New York,Eric L. Adams,1
66,045,New York,Irene Estrada,0
66,045,New York,Jim Walden,2
66,045,New York,Joseph Hernandez,0
66,045,New York,Zohran Kwame Mamdani,512
66,046,New York,Andrew M. Cuomo,145
66,046,New York,Curtis A. Sliwa,9
66,046,New York,Eric L. Adams,0
66,046,New York,Irene Estrada,1
66,046,New York,Jim Walden,1
66,046,New York,Joseph Hernandez,0
66,046,New York,Zohran Kwame Mamdani,250
66,047,New York,Andrew M. Cuomo,244
66,047,New York,Curtis A. Sliwa,20
66,047,New York,Eric L. Adams,2
66,047,New York,Irene Estrada,0
66,047,New York,Jim Walden,0
66,047,New York,Joseph Hernandez,0
66,047,New York,Zohran Kwame Mamdani,503
66,048,New York,Andrew M. Cuomo,194
66,048,New York,Curtis A. Sliwa,25
66,048,New York,Eric L. Adams,0
66,048,New York,Irene Estrada,0
66,048,New York,Jim Walden,0
66,048,New York,Joseph Hernandez,0
66,048,New York,Zohran Kwame Mamdani,562
66,049,New York,Andrew M. Cuomo,264
66,049,New York,Curtis A. Sliwa,40
66,049,New York,Eric L. Adams,2
66,049,New York,Irene Estrada,1
66,049,New York,Jim Walden,2
66,049,New York,Joseph Hernandez,0
66,049,New York,Zohran Kwame Mamdani,668
66,050,New York,Andrew M. Cuomo,186
66,050,New York,Curtis A. Sliwa,23
66,050,New York,Eric L. Adams,1
66,050,New York,Irene Estrada,0
66,050,New York,Jim Walden,2
66,050,New York,Joseph Hernandez,0
66,050,New York,Zohran Kwame Mamdani,621
66,051,New York,Andrew M. Cuomo,254
66,051,New York,Curtis A. Sliwa,29
66,051,New York,Eric L. Adams,1
66,051,New York,Irene Estrada,1
66,051,New York,Jim Walden,0
66,051,New York,Joseph Hernandez,0
66,051,New York,Zohran Kwame Mamdani,714
66,052,New York,Andrew M. Cuomo,186
66,052,New York,Curtis A. Sliwa,23
66,052,New York,Eric L. Adams,0
66,052,New York,Irene Estrada,3
66,052,New York,Jim Walden,0
66,052,New York,Joseph Hernandez,0
66,052,New York,Zohran Kwame Mamdani,287
66,053,New York,Andrew M. Cuomo,128
66,053,New York,Curtis A. Sliwa,21
66,053,New York,Eric L. Adams,1
66,053,New York,Irene Estrada,0
66,053,New York,Jim Walden,4
66,053,New York,Joseph Hernandez,1
66,053,New York,Zohran Kwame Mamdani,420
66,054,New York,Andrew M. Cuomo,212
66,054,New York,Curtis A. Sliwa,20
66,054,New York,Eric L. Adams,0
66,054,New York,Irene Estrada,3
66,054,New York,Jim Walden,0
66,054,New York,Joseph Hernandez,0
66,054,New York,Zohran Kwame Mamdani,456
66,055,New York,Andrew M. Cuomo,229
66,055,New York,Curtis A. Sliwa,35
66,055,New York,Eric L. Adams,0
66,055,New York,Irene Estrada,1
66,055,New York,Jim Walden,0
66,055,New York,Joseph Hernandez,0
66,055,New York,Zohran Kwame Mamdani,289
66,056,New York,Andrew M. Cuomo,136
66,056,New York,Curtis A. Sliwa,5
66,056,New York,Eric L. Adams,1
66,056,New York,Irene Estrada,1
66,056,New York,Jim Walden,0
66,056,New York,Joseph Hernandez,0
66,056,New York,Zohran Kwame Mamdani,507
66,057,New York,Andrew M. Cuomo,257
66,057,New York,Curtis A. Sliwa,10
66,057,New York,Eric L. Adams,2
66,057,New York,Irene Estrada,1
66,057,New York,Jim Walden,6
66,057,New York,Joseph Hernandez,1
66,057,New York,Zohran Kwame Mamdani,514
66,058,New York,Andrew M. Cuomo,406
66,058,New York,Curtis A. Sliwa,9
66,058,New York,Eric L. Adams,0
66,058,New York,Irene Estrada,1
66,058,New York,Jim Walden,1
66,058,New York,Joseph Hernandez,0
66,058,New York,Zohran Kwame Mamdani,368
66,059,New York,Andrew M. Cuomo,258
66,059,New York,Curtis A. Sliwa,7
66,059,New York,Eric L. Adams,0
66,059,New York,Irene Estrada,0
66,059,New York,Jim Walden,0
66,059,New York,Joseph Hernandez,0
66,059,New York,Zohran Kwame Mamdani,252
66,060,New York,Andrew M. Cuomo,269
66,060,New York,Curtis A. Sliwa,10
66,060,New York,Eric L. Adams,1
66,060,New York,Irene Estrada,1
66,060,New York,Jim Walden,2
66,060,New York,Joseph Hernandez,0
66,060,New York,Zohran Kwame Mamdani,292
66,061,New York,Andrew M. Cuomo,249
66,061,New York,Curtis A. Sliwa,17
66,061,New York,Eric L. Adams,0
66,061,New York,Irene Estrada,1
66,061,New York,Jim Walden,1
66,061,New York,Joseph Hernandez,1
66,061,New York,Zohran Kwame Mamdani,333
66,063,New York,Andrew M. Cuomo,490
66,063,New York,Curtis A. Sliwa,17
66,063,New York,Eric L. Adams,2
66,063,New York,Irene Estrada,0
66,063,New York,Jim Walden,1
66,063,New York,Joseph Hernandez,0
66,063,New York,Zohran Kwame Mamdani,190
66,064,New York,Andrew M. Cuomo,462
66,064,New York,Curtis A. Sliwa,19
66,064,New York,Eric L. Adams,3
66,064,New York,Irene Estrada,0
66,064,New York,Jim Walden,0
66,064,New York,Joseph Hernandez,1
66,064,New York,Zohran Kwame Mamdani,382
66,065,New York,Andrew M. Cuomo,260
66,065,New York,Curtis A. Sliwa,7
66,065,New York,Eric L. Adams,1
66,065,New York,Irene Estrada,1
66,065,New York,Jim Walden,2
66,065,New York,Joseph Hernandez,0
66,065,New York,Zohran Kwame Mamdani,329
66,066,New York,Andrew M. Cuomo,767
66,066,New York,Curtis A. Sliwa,17
66,066,New York,Eric L. Adams,2
66,066,New York,Irene Estrada,0
66,066,New York,Jim Walden,0
66,066,New York,Joseph Hernandez,0
66,066,New York,Zohran Kwame Mamdani,283
66,067,New York,Andrew M. Cuomo,754
66,067,New York,Curtis A. Sliwa,11
66,067,New York,Eric L. Adams,1
66,067,New York,Irene Estrada,0
66,067,New York,Jim Walden,3
66,067,New York,Joseph Hernandez,1
66,067,New York,Zohran Kwame Mamdani,315
66,068,New York,Andrew M. Cuomo,591
66,068,New York,Curtis A. Sliwa,21
66,068,New York,Eric L. Adams,0
66,068,New York,Irene Estrada,0
66,068,New York,Jim Walden,2
66,068,New York,Joseph Hernandez,1
66,068,New York,Zohran Kwame Mamdani,348
66,069,New York,Andrew M. Cuomo,422
66,069,New York,Curtis A. Sliwa,11
66,069,New York,Eric L. Adams,0
66,069,New York,Irene Estrada,0
66,069,New York,Jim Walden,1
66,069,New York,Joseph Hernandez,0
66,069,New York,Zohran Kwame Mamdani,342
66,070,New York,Andrew M. Cuomo,492
66,070,New York,Curtis A. Sliwa,30
66,070,New York,Eric L. Adams,4
66,070,New York,Irene Estrada,1
66,070,New York,Jim Walden,1
66,070,New York,Joseph Hernandez,0
66,070,New York,Zohran Kwame Mamdani,297
66,071,New York,Andrew M. Cuomo,481
66,071,New York,Curtis A. Sliwa,23
66,071,New York,Eric L. Adams,3
66,071,New York,Irene Estrada,0
66,071,New York,Jim Walden,1
66,071,New York,Joseph Hernandez,0
66,071,New York,Zohran Kwame Mamdani,319
66,072,New York,Andrew M. Cuomo,304
66,072,New York,Curtis A. Sliwa,5
66,072,New York,Eric L. Adams,0
66,072,New York,Irene Estrada,0
66,072,New York,Jim Walden,1
66,072,New York,Joseph Hernandez,0
66,072,New York,Zohran Kwame Mamdani,113
66,073,New York,Andrew M. Cuomo,513
66,073,New York,Curtis A. Sliwa,23
66,073,New York,Eric L. Adams,0
66,073,New York,Irene Estrada,0
66,073,New York,Jim Walden,2
66,073,New York,Joseph Hernandez,0
66,073,New York,Zohran Kwame Mamdani,336
66,074,New York,Andrew M. Cuomo,21
66,074,New York,Curtis A. Sliwa,2
66,074,New York,Eric L. Adams,0
66,074,New York,Irene Estrada,0
66,074,New York,Jim Walden,1
66,074,New York,Joseph Hernandez,0
66,074,New York,Zohran Kwame Mamdani,80
67,001,New York,Andrew M. Cuomo,414
67,001,New York,Curtis A. Sliwa,21
67,001,New York,Eric L. Adams,0
67,001,New York,Irene Estrada,0
67,001,New York,Jim Walden,0
67,001,New York,Joseph Hernandez,0
67,001,New York,Zohran Kwame Mamdani,481
67,002,New York,Andrew M. Cuomo,250
67,002,New York,Curtis A. Sliwa,12
67,002,New York,Eric L. Adams,0
67,002,New York,Irene Estrada,0
67,002,New York,Jim Walden,0
67,002,New York,Joseph Hernandez,0
67,002,New York,Zohran Kwame Mamdani,306
67,003,New York,Andrew M. Cuomo,475
67,003,New York,Curtis A. Sliwa,11
67,003,New York,Eric L. Adams,1
67,003,New York,Irene Estrada,0
67,003,New York,Jim Walden,5
67,003,New York,Joseph Hernandez,0
67,003,New York,Zohran Kwame Mamdani,377
67,004,New York,Andrew M. Cuomo,444
67,004,New York,Curtis A. Sliwa,23
67,004,New York,Eric L. Adams,2
67,004,New York,Irene Estrada,0
67,004,New York,Jim Walden,2
67,004,New York,Joseph Hernandez,1
67,004,New York,Zohran Kwame Mamdani,445
67,005,New York,Andrew M. Cuomo,469
67,005,New York,Curtis A. Sliwa,16
67,005,New York,Eric L. Adams,1
67,005,New York,Irene Estrada,0
67,005,New York,Jim Walden,1
67,005,New York,Joseph Hernandez,1
67,005,New York,Zohran Kwame Mamdani,518
67,006,New York,Andrew M. Cuomo,132
67,006,New York,Curtis A. Sliwa,3
67,006,New York,Eric L. Adams,1
67,006,New York,Irene Estrada,0
67,006,New York,Jim Walden,1
67,006,New York,Joseph Hernandez,0
67,006,New York,Zohran Kwame Mamdani,87
67,007,New York,Andrew M. Cuomo,536
67,007,New York,Curtis A. Sliwa,39
67,007,New York,Eric L. Adams,2
67,007,New York,Irene Estrada,1
67,007,New York,Jim Walden,3
67,007,New York,Joseph Hernandez,0
67,007,New York,Zohran Kwame Mamdani,490
67,008,New York,Andrew M. Cuomo,511
67,008,New York,Curtis A. Sliwa,26
67,008,New York,Eric L. Adams,4
67,008,New York,Irene Estrada,0
67,008,New York,Jim Walden,1
67,008,New York,Joseph Hernandez,0
67,008,New York,Zohran Kwame Mamdani,433
67,009,New York,Andrew M. Cuomo,310
67,009,New York,Curtis A. Sliwa,22
67,009,New York,Eric L. Adams,0
67,009,New York,Irene Estrada,0
67,009,New York,Jim Walden,3
67,009,New York,Joseph Hernandez,1
67,009,New York,Zohran Kwame Mamdani,427
67,010,New York,Andrew M. Cuomo,464
67,010,New York,Curtis A. Sliwa,23
67,010,New York,Eric L. Adams,0
67,010,New York,Irene Estrada,1
67,010,New York,Jim Walden,1
67,010,New York,Joseph Hernandez,1
67,010,New York,Zohran Kwame Mamdani,403
67,011,New York,Andrew M. Cuomo,457
67,011,New York,Curtis A. Sliwa,16
67,011,New York,Eric L. Adams,0
67,011,New York,Irene Estrada,1
67,011,New York,Jim Walden,1
67,011,New York,Joseph Hernandez,0
67,011,New York,Zohran Kwame Mamdani,428
67,012,New York,Andrew M. Cuomo,573
67,012,New York,Curtis A. Sliwa,24
67,012,New York,Eric L. Adams,0
67,012,New York,Irene Estrada,1
67,012,New York,Jim Walden,0
67,012,New York,Joseph Hernandez,2
67,012,New York,Zohran Kwame Mamdani,531
67,013,New York,Andrew M. Cuomo,552
67,013,New York,Curtis A. Sliwa,15
67,013,New York,Eric L. Adams,2
67,013,New York,Irene Estrada,0
67,013,New York,Jim Walden,1
67,013,New York,Joseph Hernandez,2
67,013,New York,Zohran Kwame Mamdani,407
67,014,New York,Andrew M. Cuomo,423
67,014,New York,Curtis A. Sliwa,6
67,014,New York,Eric L. Adams,3
67,014,New York,Irene Estrada,0
67,014,New York,Jim Walden,2
67,014,New York,Joseph Hernandez,0
67,014,New York,Zohran Kwame Mamdani,285
67,015,New York,Andrew M. Cuomo,458
67,015,New York,Curtis A. Sliwa,24
67,015,New York,Eric L. Adams,0
67,015,New York,Irene Estrada,1
67,015,New York,Jim Walden,1
67,015,New York,Joseph Hernandez,0
67,015,New York,Zohran Kwame Mamdani,350
67,016,New York,Andrew M. Cuomo,624
67,016,New York,Curtis A. Sliwa,16
67,016,New York,Eric L. Adams,3
67,016,New York,Irene Estrada,0
67,016,New York,Jim Walden,2
67,016,New York,Joseph Hernandez,0
67,016,New York,Zohran Kwame Mamdani,448
67,017,New York,Andrew M. Cuomo,445
67,017,New York,Curtis A. Sliwa,31
67,017,New York,Eric L. Adams,0
67,017,New York,Irene Estrada,1
67,017,New York,Jim Walden,1
67,017,New York,Joseph Hernandez,0
67,017,New York,Zohran Kwame Mamdani,534
67,018,New York,Andrew M. Cuomo,474
67,018,New York,Curtis A. Sliwa,25
67,018,New York,Eric L. Adams,0
67,018,New York,Irene Estrada,2
67,018,New York,Jim Walden,1
67,018,New York,Joseph Hernandez,0
67,018,New York,Zohran Kwame Mamdani,483
67,019,New York,Andrew M. Cuomo,453
67,019,New York,Curtis A. Sliwa,27
67,019,New York,Eric L. Adams,1
67,019,New York,Irene Estrada,0
67,019,New York,Jim Walden,3
67,019,New York,Joseph Hernandez,0
67,019,New York,Zohran Kwame Mamdani,486
67,020,New York,Andrew M. Cuomo,433
67,020,New York,Curtis A. Sliwa,29
67,020,New York,Eric L. Adams,0
67,020,New York,Irene Estrada,3
67,020,New York,Jim Walden,0
67,020,New York,Joseph Hernandez,1
67,020,New York,Zohran Kwame Mamdani,517
67,021,New York,Andrew M. Cuomo,524
67,021,New York,Curtis A. Sliwa,34
67,021,New York,Eric L. Adams,1
67,021,New York,Irene Estrada,0
67,021,New York,Jim Walden,0
67,021,New York,Joseph Hernandez,1
67,021,New York,Zohran Kwame Mamdani,317
67,022,New York,Andrew M. Cuomo,511
67,022,New York,Curtis A. Sliwa,17
67,022,New York,Eric L. Adams,1
67,022,New York,Irene Estrada,0
67,022,New York,Jim Walden,0
67,022,New York,Joseph Hernandez,1
67,022,New York,Zohran Kwame Mamdani,340
67,023,New York,Andrew M. Cuomo,204
67,023,New York,Curtis A. Sliwa,14
67,023,New York,Eric L. Adams,0
67,023,New York,Irene Estrada,0
67,023,New York,Jim Walden,0
67,023,New York,Joseph Hernandez,0
67,023,New York,Zohran Kwame Mamdani,182
67,024,New York,Andrew M. Cuomo,463
67,024,New York,Curtis A. Sliwa,25
67,024,New York,Eric L. Adams,2
67,024,New York,Irene Estrada,0
67,024,New York,Jim Walden,3
67,024,New York,Joseph Hernandez,0
67,024,New York,Zohran Kwame Mamdani,488
67,025,New York,Andrew M. Cuomo,393
67,025,New York,Curtis A. Sliwa,10
67,025,New York,Eric L. Adams,0
67,025,New York,Irene Estrada,1
67,025,New York,Jim Walden,0
67,025,New York,Joseph Hernandez,0
67,025,New York,Zohran Kwame Mamdani,285
67,026,New York,Andrew M. Cuomo,434
67,026,New York,Curtis A. Sliwa,30
67,026,New York,Eric L. Adams,1
67,026,New York,Irene Estrada,0
67,026,New York,Jim Walden,1
67,026,New York,Joseph Hernandez,2
67,026,New York,Zohran Kwame Mamdani,682
67,027,New York,Andrew M. Cuomo,279
67,027,New York,Curtis A. Sliwa,22
67,027,New York,Eric L. Adams,0
67,027,New York,Irene Estrada,0
67,027,New York,Jim Walden,0
67,027,New York,Joseph Hernandez,0
67,027,New York,Zohran Kwame Mamdani,347
67,028,New York,Andrew M. Cuomo,261
67,028,New York,Curtis A. Sliwa,15
67,028,New York,Eric L. Adams,0
67,028,New York,Irene Estrada,1
67,028,New York,Jim Walden,1
67,028,New York,Joseph Hernandez,1
67,028,New York,Zohran Kwame Mamdani,352
67,029,New York,Andrew M. Cuomo,276
67,029,New York,Curtis A. Sliwa,24
67,029,New York,Eric L. Adams,0
67,029,New York,Irene Estrada,0
67,029,New York,Jim Walden,0
67,029,New York,Joseph Hernandez,1
67,029,New York,Zohran Kwame Mamdani,362
67,030,New York,Andrew M. Cuomo,497
67,030,New York,Curtis A. Sliwa,28
67,030,New York,Eric L. Adams,1
67,030,New York,Irene Estrada,0
67,030,New York,Jim Walden,2
67,030,New York,Joseph Hernandez,0
67,030,New York,Zohran Kwame Mamdani,573
67,031,New York,Andrew M. Cuomo,334
67,031,New York,Curtis A. Sliwa,14
67,031,New York,Eric L. Adams,0
67,031,New York,Irene Estrada,0
67,031,New York,Jim Walden,2
67,031,New York,Joseph Hernandez,0
67,031,New York,Zohran Kwame Mamdani,237
67,032,New York,Andrew M. Cuomo,542
67,032,New York,Curtis A. Sliwa,20
67,032,New York,Eric L. Adams,0
67,032,New York,Irene Estrada,0
67,032,New York,Jim Walden,2
67,032,New York,Joseph Hernandez,0
67,032,New York,Zohran Kwame Mamdani,298
67,033,New York,Andrew M. Cuomo,411
67,033,New York,Curtis A. Sliwa,12
67,033,New York,Eric L. Adams,1
67,033,New York,Irene Estrada,0
67,033,New York,Jim Walden,0
67,033,New York,Joseph Hernandez,0
67,033,New York,Zohran Kwame Mamdani,275
67,034,New York,Andrew M. Cuomo,527
67,034,New York,Curtis A. Sliwa,27
67,034,New York,Eric L. Adams,0
67,034,New York,Irene Estrada,1
67,034,New York,Jim Walden,2
67,034,New York,Joseph Hernandez,0
67,034,New York,Zohran Kwame Mamdani,488
67,035,New York,Andrew M. Cuomo,357
67,035,New York,Curtis A. Sliwa,22
67,035,New York,Eric L. Adams,1
67,035,New York,Irene Estrada,2
67,035,New York,Jim Walden,3
67,035,New York,Joseph Hernandez,0
67,035,New York,Zohran Kwame Mamdani,396
67,036,New York,Andrew M. Cuomo,551
67,036,New York,Curtis A. Sliwa,15
67,036,New York,Eric L. Adams,2
67,036,New York,Irene Estrada,0
67,036,New York,Jim Walden,0
67,036,New York,Joseph Hernandez,4
67,036,New York,Zohran Kwame Mamdani,404
67,037,New York,Andrew M. Cuomo,505
67,037,New York,Curtis A. Sliwa,40
67,037,New York,Eric L. Adams,2
67,037,New York,Irene Estrada,0
67,037,New York,Jim Walden,0
67,037,New York,Joseph Hernandez,0
67,037,New York,Zohran Kwame Mamdani,547
67,038,New York,Andrew M. Cuomo,653
67,038,New York,Curtis A. Sliwa,30
67,038,New York,Eric L. Adams,1
67,038,New York,Irene Estrada,1
67,038,New York,Jim Walden,3
67,038,New York,Joseph Hernandez,1
67,038,New York,Zohran Kwame Mamdani,576
67,039,New York,Andrew M. Cuomo,728
67,039,New York,Curtis A. Sliwa,22
67,039,New York,Eric L. Adams,1
67,039,New York,Irene Estrada,0
67,039,New York,Jim Walden,1
67,039,New York,Joseph Hernandez,0
67,039,New York,Zohran Kwame Mamdani,418
67,040,New York,Andrew M. Cuomo,652
67,040,New York,Curtis A. Sliwa,30
67,040,New York,Eric L. Adams,1
67,040,New York,Irene Estrada,1
67,040,New York,Jim Walden,1
67,040,New York,Joseph Hernandez,0
67,040,New York,Zohran Kwame Mamdani,423
67,041,New York,Andrew M. Cuomo,608
67,041,New York,Curtis A. Sliwa,30
67,041,New York,Eric L. Adams,1
67,041,New York,Irene Estrada,0
67,041,New York,Jim Walden,2
67,041,New York,Joseph Hernandez,2
67,041,New York,Zohran Kwame Mamdani,378
67,042,New York,Andrew M. Cuomo,581
67,042,New York,Curtis A. Sliwa,22
67,042,New York,Eric L. Adams,0
67,042,New York,Irene Estrada,2
67,042,New York,Jim Walden,1
67,042,New York,Joseph Hernandez,0
67,042,New York,Zohran Kwame Mamdani,389
67,043,New York,Andrew M. Cuomo,360
67,043,New York,Curtis A. Sliwa,21
67,043,New York,Eric L. Adams,0
67,043,New York,Irene Estrada,2
67,043,New York,Jim Walden,2
67,043,New York,Joseph Hernandez,0
67,043,New York,Zohran Kwame Mamdani,204
67,044,New York,Andrew M. Cuomo,650
67,044,New York,Curtis A. Sliwa,32
67,044,New York,Eric L. Adams,1
67,044,New York,Irene Estrada,0
67,044,New York,Jim Walden,2
67,044,New York,Joseph Hernandez,0
67,044,New York,Zohran Kwame Mamdani,376
67,045,New York,Andrew M. Cuomo,321
67,045,New York,Curtis A. Sliwa,21
67,045,New York,Eric L. Adams,0
67,045,New York,Irene Estrada,0
67,045,New York,Jim Walden,0
67,045,New York,Joseph Hernandez,0
67,045,New York,Zohran Kwame Mamdani,248
67,046,New York,Andrew M. Cuomo,164
67,046,New York,Curtis A. Sliwa,10
67,046,New York,Eric L. Adams,0
67,046,New York,Irene Estrada,0
67,046,New York,Jim Walden,1
67,046,New York,Joseph Hernandez,0
67,046,New York,Zohran Kwame Mamdani,165
67,047,New York,Andrew M. Cuomo,655
67,047,New York,Curtis A. Sliwa,30
67,047,New York,Eric L. Adams,4
67,047,New York,Irene Estrada,0
67,047,New York,Jim Walden,0
67,047,New York,Joseph Hernandez,0
67,047,New York,Zohran Kwame Mamdani,323
67,048,New York,Andrew M. Cuomo,423
67,048,New York,Curtis A. Sliwa,24
67,048,New York,Eric L. Adams,4
67,048,New York,Irene Estrada,0
67,048,New York,Jim Walden,4
67,048,New York,Joseph Hernandez,0
67,048,New York,Zohran Kwame Mamdani,345
67,049,New York,Andrew M. Cuomo,355
67,049,New York,Curtis A. Sliwa,41
67,049,New York,Eric L. Adams,1
67,049,New York,Irene Estrada,0
67,049,New York,Jim Walden,2
67,049,New York,Joseph Hernandez,1
67,049,New York,Zohran Kwame Mamdani,333
67,050,New York,Andrew M. Cuomo,158
67,050,New York,Curtis A. Sliwa,26
67,050,New York,Eric L. Adams,3
67,050,New York,Irene Estrada,0
67,050,New York,Jim Walden,0
67,050,New York,Joseph Hernandez,0
67,050,New York,Zohran Kwame Mamdani,379
67,051,New York,Andrew M. Cuomo,133
67,051,New York,Curtis A. Sliwa,22
67,051,New York,Eric L. Adams,1
67,051,New York,Irene Estrada,1
67,051,New York,Jim Walden,0
67,051,New York,Joseph Hernandez,0
67,051,New York,Zohran Kwame Mamdani,206
67,052,New York,Andrew M. Cuomo,449
67,052,New York,Curtis A. Sliwa,30
67,052,New York,Eric L. Adams,1
67,052,New York,Irene Estrada,0
67,052,New York,Jim Walden,1
67,052,New York,Joseph Hernandez,0
67,052,New York,Zohran Kwame Mamdani,409
67,053,New York,Andrew M. Cuomo,195
67,053,New York,Curtis A. Sliwa,23
67,053,New York,Eric L. Adams,1
67,053,New York,Irene Estrada,0
67,053,New York,Jim Walden,2
67,053,New York,Joseph Hernandez,0
67,053,New York,Zohran Kwame Mamdani,305
67,054,New York,Andrew M. Cuomo,216
67,054,New York,Curtis A. Sliwa,50
67,054,New York,Eric L. Adams,1
67,054,New York,Irene Estrada,2
67,054,New York,Jim Walden,0
67,054,New York,Joseph Hernandez,0
67,054,New York,Zohran Kwame Mamdani,396
67,055,New York,Andrew M. Cuomo,179
67,055,New York,Curtis A. Sliwa,26
67,055,New York,Eric L. Adams,5
67,055,New York,Irene Estrada,1
67,055,New York,Jim Walden,1
67,055,New York,Joseph Hernandez,0
67,055,New York,Zohran Kwame Mamdani,278
67,056,New York,Andrew M. Cuomo,413
67,056,New York,Curtis A. Sliwa,19
67,056,New York,Eric L. Adams,4
67,056,New York,Irene Estrada,2
67,056,New York,Jim Walden,3
67,056,New York,Joseph Hernandez,0
67,056,New York,Zohran Kwame Mamdani,403
67,057,New York,Andrew M. Cuomo,392
67,057,New York,Curtis A. Sliwa,39
67,057,New York,Eric L. Adams,3
67,057,New York,Irene Estrada,2
67,057,New York,Jim Walden,0
67,057,New York,Joseph Hernandez,0
67,057,New York,Zohran Kwame Mamdani,599
67,058,New York,Andrew M. Cuomo,152
67,058,New York,Curtis A. Sliwa,32
67,058,New York,Eric L. Adams,0
67,058,New York,Irene Estrada,2
67,058,New York,Jim Walden,0
67,058,New York,Joseph Hernandez,0
67,058,New York,Zohran Kwame Mamdani,378
67,059,New York,Andrew M. Cuomo,298
67,059,New York,Curtis A. Sliwa,50
67,059,New York,Eric L. Adams,2
67,059,New York,Irene Estrada,0
67,059,New York,Jim Walden,1
67,059,New York,Joseph Hernandez,0
67,059,New York,Zohran Kwame Mamdani,567
67,060,New York,Andrew M. Cuomo,358
67,060,New York,Curtis A. Sliwa,48
67,060,New York,Eric L. Adams,3
67,060,New York,Irene Estrada,0
67,060,New York,Jim Walden,1
67,060,New York,Joseph Hernandez,3
67,060,New York,Zohran Kwame Mamdani,597
67,061,New York,Andrew M. Cuomo,193
67,061,New York,Curtis A. Sliwa,38
67,061,New York,Eric L. Adams,1
67,061,New York,Irene Estrada,0
67,061,New York,Jim Walden,1
67,061,New York,Joseph Hernandez,1
67,061,New York,Zohran Kwame Mamdani,334
67,062,New York,Andrew M. Cuomo,226
67,062,New York,Curtis A. Sliwa,31
67,062,New York,Eric L. Adams,4
67,062,New York,Irene Estrada,0
67,062,New York,Jim Walden,2
67,062,New York,Joseph Hernandez,0
67,062,New York,Zohran Kwame Mamdani,595
67,063,New York,Andrew M. Cuomo,237
67,063,New York,Curtis A. Sliwa,31
67,063,New York,Eric L. Adams,2
67,063,New York,Irene Estrada,2
67,063,New York,Jim Walden,2
67,063,New York,Joseph Hernandez,0
67,063,New York,Zohran Kwame Mamdani,572
67,064,New York,Andrew M. Cuomo,221
67,064,New York,Curtis A. Sliwa,29
67,064,New York,Eric L. Adams,0
67,064,New York,Irene Estrada,1
67,064,New York,Jim Walden,0
67,064,New York,Joseph Hernandez,0
67,064,New York,Zohran Kwame Mamdani,426
67,065,New York,Andrew M. Cuomo,348
67,065,New York,Curtis A. Sliwa,36
67,065,New York,Eric L. Adams,2
67,065,New York,Irene Estrada,0
67,065,New York,Jim Walden,0
67,065,New York,Joseph Hernandez,3
67,065,New York,Zohran Kwame Mamdani,439
67,066,New York,Andrew M. Cuomo,135
67,066,New York,Curtis A. Sliwa,21
67,066,New York,Eric L. Adams,0
67,066,New York,Irene Estrada,0
67,066,New York,Jim Walden,0
67,066,New York,Joseph Hernandez,1
67,066,New York,Zohran Kwame Mamdani,208
67,067,New York,Andrew M. Cuomo,255
67,067,New York,Curtis A. Sliwa,22
67,067,New York,Eric L. Adams,1
67,067,New York,Irene Estrada,0
67,067,New York,Jim Walden,0
67,067,New York,Joseph Hernandez,1
67,067,New York,Zohran Kwame Mamdani,475
67,068,New York,Andrew M. Cuomo,125
67,068,New York,Curtis A. Sliwa,24
67,068,New York,Eric L. Adams,0
67,068,New York,Irene Estrada,1
67,068,New York,Jim Walden,0
67,068,New York,Joseph Hernandez,1
67,068,New York,Zohran Kwame Mamdani,423
68,001,New York,Andrew M. Cuomo,90
68,001,New York,Curtis A. Sliwa,17
68,001,New York,Eric L. Adams,1
68,001,New York,Irene Estrada,0
68,001,New York,Jim Walden,0
68,001,New York,Joseph Hernandez,0
68,001,New York,Zohran Kwame Mamdani,297
68,002,New York,Andrew M. Cuomo,143
68,002,New York,Curtis A. Sliwa,16
68,002,New York,Eric L. Adams,2
68,002,New York,Irene Estrada,0
68,002,New York,Jim Walden,0
68,002,New York,Joseph Hernandez,1
68,002,New York,Zohran Kwame Mamdani,202
68,003,New York,Andrew M. Cuomo,90
68,003,New York,Curtis A. Sliwa,9
68,003,New York,Eric L. Adams,1
68,003,New York,Irene Estrada,0
68,003,New York,Jim Walden,0
68,003,New York,Joseph Hernandez,2
68,003,New York,Zohran Kwame Mamdani,93
68,004,New York,Andrew M. Cuomo,142
68,004,New York,Curtis A. Sliwa,12
68,004,New York,Eric L. Adams,0
68,004,New York,Irene Estrada,2
68,004,New York,Jim Walden,0
68,004,New York,Joseph Hernandez,0
68,004,New York,Zohran Kwame Mamdani,393
68,005,New York,Andrew M. Cuomo,89
68,005,New York,Curtis A. Sliwa,5
68,005,New York,Eric L. Adams,1
68,005,New York,Irene Estrada,0
68,005,New York,Jim Walden,0
68,005,New York,Joseph Hernandez,0
68,005,New York,Zohran Kwame Mamdani,335
68,006,New York,Andrew M. Cuomo,113
68,006,New York,Curtis A. Sliwa,17
68,006,New York,Eric L. Adams,3
68,006,New York,Irene Estrada,1
68,006,New York,Jim Walden,0
68,006,New York,Joseph Hernandez,1
68,006,New York,Zohran Kwame Mamdani,269
68,007,New York,Andrew M. Cuomo,123
68,007,New York,Curtis A. Sliwa,8
68,007,New York,Eric L. Adams,2
68,007,New York,Irene Estrada,3
68,007,New York,Jim Walden,0
68,007,New York,Joseph Hernandez,0
68,007,New York,Zohran Kwame Mamdani,120
68,008,New York,Andrew M. Cuomo,239
68,008,New York,Curtis A. Sliwa,34
68,008,New York,Eric L. Adams,1
68,008,New York,Irene Estrada,1
68,008,New York,Jim Walden,0
68,008,New York,Joseph Hernandez,1
68,008,New York,Zohran Kwame Mamdani,630
68,009,New York,Andrew M. Cuomo,62
68,009,New York,Curtis A. Sliwa,3
68,009,New York,Eric L. Adams,0
68,009,New York,Irene Estrada,0
68,009,New York,Jim Walden,0
68,009,New York,Joseph Hernandez,1
68,009,New York,Zohran Kwame Mamdani,156
68,010,New York,Andrew M. Cuomo,124
68,010,New York,Curtis A. Sliwa,9
68,010,New York,Eric L. Adams,3
68,010,New York,Irene Estrada,0
68,010,New York,Jim Walden,0
68,010,New York,Joseph Hernandez,1
68,010,New York,Zohran Kwame Mamdani,135
68,011,New York,Andrew M. Cuomo,155
68,011,New York,Curtis A. Sliwa,4
68,011,New York,Eric L. Adams,4
68,011,New York,Irene Estrada,0
68,011,New York,Jim Walden,0
68,011,New York,Joseph Hernandez,0
68,011,New York,Zohran Kwame Mamdani,366
68,012,New York,Andrew M. Cuomo,161
68,012,New York,Curtis A. Sliwa,10
68,012,New York,Eric L. Adams,2
68,012,New York,Irene Estrada,1
68,012,New York,Jim Walden,1
68,012,New York,Joseph Hernandez,0
68,012,New York,Zohran Kwame Mamdani,368
68,013,New York,Andrew M. Cuomo,179
68,013,New York,Curtis A. Sliwa,18
68,013,New York,Eric L. Adams,4
68,013,New York,Irene Estrada,0
68,013,New York,Jim Walden,0
68,013,New York,Joseph Hernandez,1
68,013,New York,Zohran Kwame Mamdani,380
68,014,New York,Andrew M. Cuomo,81
68,014,New York,Curtis A. Sliwa,7
68,014,New York,Eric L. Adams,1
68,014,New York,Irene Estrada,0
68,014,New York,Jim Walden,1
68,014,New York,Joseph Hernandez,1
68,014,New York,Zohran Kwame Mamdani,218
68,015,New York,Andrew M. Cuomo,109
68,015,New York,Curtis A. Sliwa,14
68,015,New York,Eric L. Adams,1
68,015,New York,Irene Estrada,1
68,015,New York,Jim Walden,0
68,015,New York,Joseph Hernandez,0
68,015,New York,Zohran Kwame Mamdani,107
68,016,New York,Andrew M. Cuomo,105
68,016,New York,Curtis A. Sliwa,11
68,016,New York,Eric L. Adams,2
68,016,New York,Irene Estrada,1
68,016,New York,Jim Walden,0
68,016,New York,Joseph Hernandez,0
68,016,New York,Zohran Kwame Mamdani,123
68,017,New York,Andrew M. Cuomo,139
68,017,New York,Curtis A. Sliwa,11
68,017,New York,Eric L. Adams,3
68,017,New York,Irene Estrada,1
68,017,New York,Jim Walden,0
68,017,New York,Joseph Hernandez,0
68,017,New York,Zohran Kwame Mamdani,337
68,018,New York,Andrew M. Cuomo,123
68,018,New York,Curtis A. Sliwa,11
68,018,New York,Eric L. Adams,2
68,018,New York,Irene Estrada,1
68,018,New York,Jim Walden,0
68,018,New York,Joseph Hernandez,0
68,018,New York,Zohran Kwame Mamdani,204
68,019,New York,Andrew M. Cuomo,119
68,019,New York,Curtis A. Sliwa,16
68,019,New York,Eric L. Adams,2
68,019,New York,Irene Estrada,1
68,019,New York,Jim Walden,0
68,019,New York,Joseph Hernandez,0
68,019,New York,Zohran Kwame Mamdani,219
68,020,New York,Andrew M. Cuomo,122
68,020,New York,Curtis A. Sliwa,16
68,020,New York,Eric L. Adams,2
68,020,New York,Irene Estrada,2
68,020,New York,Jim Walden,1
68,020,New York,Joseph Hernandez,1
68,020,New York,Zohran Kwame Mamdani,240
68,021,New York,Andrew M. Cuomo,174
68,021,New York,Curtis A. Sliwa,15
68,021,New York,Eric L. Adams,0
68,021,New York,Irene Estrada,0
68,021,New York,Jim Walden,0
68,021,New York,Joseph Hernandez,1
68,021,New York,Zohran Kwame Mamdani,390
68,022,New York,Andrew M. Cuomo,82
68,022,New York,Curtis A. Sliwa,11
68,022,New York,Eric L. Adams,2
68,022,New York,Irene Estrada,2
68,022,New York,Jim Walden,0
68,022,New York,Joseph Hernandez,1
68,022,New York,Zohran Kwame Mamdani,188
68,023,New York,Andrew M. Cuomo,129
68,023,New York,Curtis A. Sliwa,16
68,023,New York,Eric L. Adams,2
68,023,New York,Irene Estrada,1
68,023,New York,Jim Walden,0
68,023,New York,Joseph Hernandez,1
68,023,New York,Zohran Kwame Mamdani,143
68,024,New York,Andrew M. Cuomo,17
68,024,New York,Curtis A. Sliwa,7
68,024,New York,Eric L. Adams,0
68,024,New York,Irene Estrada,0
68,024,New York,Jim Walden,0
68,024,New York,Joseph Hernandez,0
68,024,New York,Zohran Kwame Mamdani,8
68,025,New York,Andrew M. Cuomo,130
68,025,New York,Curtis A. Sliwa,21
68,025,New York,Eric L. Adams,3
68,025,New York,Irene Estrada,1
68,025,New York,Jim Walden,0
68,025,New York,Joseph Hernandez,0
68,025,New York,Zohran Kwame Mamdani,298
68,026,New York,Andrew M. Cuomo,97
68,026,New York,Curtis A. Sliwa,10
68,026,New York,Eric L. Adams,2
68,026,New York,Irene Estrada,3
68,026,New York,Jim Walden,0
68,026,New York,Joseph Hernandez,0
68,026,New York,Zohran Kwame Mamdani,199
68,027,New York,Andrew M. Cuomo,125
68,027,New York,Curtis A. Sliwa,12
68,027,New York,Eric L. Adams,0
68,027,New York,Irene Estrada,1
68,027,New York,Jim Walden,0
68,027,New York,Joseph Hernandez,0
68,027,New York,Zohran Kwame Mamdani,120
68,028,New York,Andrew M. Cuomo,156
68,028,New York,Curtis A. Sliwa,19
68,028,New York,Eric L. Adams,3
68,028,New York,Irene Estrada,2
68,028,New York,Jim Walden,0
68,028,New York,Joseph Hernandez,1
68,028,New York,Zohran Kwame Mamdani,507
68,029,New York,Andrew M. Cuomo,135
68,029,New York,Curtis A. Sliwa,20
68,029,New York,Eric L. Adams,2
68,029,New York,Irene Estrada,0
68,029,New York,Jim Walden,0
68,029,New York,Joseph Hernandez,0
68,029,New York,Zohran Kwame Mamdani,390
68,030,New York,Andrew M. Cuomo,97
68,030,New York,Curtis A. Sliwa,12
68,030,New York,Eric L. Adams,2
68,030,New York,Irene Estrada,1
68,030,New York,Jim Walden,1
68,030,New York,Joseph Hernandez,1
68,030,New York,Zohran Kwame Mamdani,107
68,031,New York,Andrew M. Cuomo,96
68,031,New York,Curtis A. Sliwa,22
68,031,New York,Eric L. Adams,0
68,031,New York,Irene Estrada,0
68,031,New York,Jim Walden,0
68,031,New York,Joseph Hernandez,0
68,031,New York,Zohran Kwame Mamdani,316
68,032,New York,Andrew M. Cuomo,140
68,032,New York,Curtis A. Sliwa,31
68,032,New York,Eric L. Adams,3
68,032,New York,Irene Estrada,1
68,032,New York,Jim Walden,0
68,032,New York,Joseph Hernandez,0
68,032,New York,Zohran Kwame Mamdani,460
68,033,New York,Andrew M. Cuomo,142
68,033,New York,Curtis A. Sliwa,31
68,033,New York,Eric L. Adams,1
68,033,New York,Irene Estrada,1
68,033,New York,Jim Walden,0
68,033,New York,Joseph Hernandez,0
68,033,New York,Zohran Kwame Mamdani,472
68,034,New York,Andrew M. Cuomo,166
68,034,New York,Curtis A. Sliwa,24
68,034,New York,Eric L. Adams,4
68,034,New York,Irene Estrada,1
68,034,New York,Jim Walden,1
68,034,New York,Joseph Hernandez,1
68,034,New York,Zohran Kwame Mamdani,230
68,035,New York,Andrew M. Cuomo,169
68,035,New York,Curtis A. Sliwa,16
68,035,New York,Eric L. Adams,1
68,035,New York,Irene Estrada,5
68,035,New York,Jim Walden,0
68,035,New York,Joseph Hernandez,0
68,035,New York,Zohran Kwame Mamdani,292
68,036,New York,Andrew M. Cuomo,87
68,036,New York,Curtis A. Sliwa,12
68,036,New York,Eric L. Adams,3
68,036,New York,Irene Estrada,0
68,036,New York,Jim Walden,0
68,036,New York,Joseph Hernandez,0
68,036,New York,Zohran Kwame Mamdani,237
68,037,New York,Andrew M. Cuomo,305
68,037,New York,Curtis A. Sliwa,38
68,037,New York,Eric L. Adams,2
68,037,New York,Irene Estrada,1
68,037,New York,Jim Walden,0
68,037,New York,Joseph Hernandez,1
68,037,New York,Zohran Kwame Mamdani,318
68,038,New York,Andrew M. Cuomo,181
68,038,New York,Curtis A. Sliwa,28
68,038,New York,Eric L. Adams,3
68,038,New York,Irene Estrada,1
68,038,New York,Jim Walden,0
68,038,New York,Joseph Hernandez,0
68,038,New York,Zohran Kwame Mamdani,434
68,039,New York,Andrew M. Cuomo,121
68,039,New York,Curtis A. Sliwa,12
68,039,New York,Eric L. Adams,0
68,039,New York,Irene Estrada,0
68,039,New York,Jim Walden,1
68,039,New York,Joseph Hernandez,2
68,039,New York,Zohran Kwame Mamdani,147
68,040,New York,Andrew M. Cuomo,144
68,040,New York,Curtis A. Sliwa,19
68,040,New York,Eric L. Adams,2
68,040,New York,Irene Estrada,0
68,040,New York,Jim Walden,0
68,040,New York,Joseph Hernandez,0
68,040,New York,Zohran Kwame Mamdani,181
68,041,New York,Andrew M. Cuomo,145
68,041,New York,Curtis A. Sliwa,21
68,041,New York,Eric L. Adams,4
68,041,New York,Irene Estrada,0
68,041,New York,Jim Walden,0
68,041,New York,Joseph Hernandez,1
68,041,New York,Zohran Kwame Mamdani,225
68,042,New York,Andrew M. Cuomo,119
68,042,New York,Curtis A. Sliwa,13
68,042,New York,Eric L. Adams,0
68,042,New York,Irene Estrada,1
68,042,New York,Jim Walden,0
68,042,New York,Joseph Hernandez,0
68,042,New York,Zohran Kwame Mamdani,175
68,043,New York,Andrew M. Cuomo,147
68,043,New York,Curtis A. Sliwa,22
68,043,New York,Eric L. Adams,2
68,043,New York,Irene Estrada,1
68,043,New York,Jim Walden,0
68,043,New York,Joseph Hernandez,0
68,043,New York,Zohran Kwame Mamdani,475
68,044,New York,Andrew M. Cuomo,199
68,044,New York,Curtis A. Sliwa,34
68,044,New York,Eric L. Adams,0
68,044,New York,Irene Estrada,1
68,044,New York,Jim Walden,1
68,044,New York,Joseph Hernandez,0
68,044,New York,Zohran Kwame Mamdani,471
68,045,New York,Andrew M. Cuomo,135
68,045,New York,Curtis A. Sliwa,42
68,045,New York,Eric L. Adams,3
68,045,New York,Irene Estrada,2
68,045,New York,Jim Walden,1
68,045,New York,Joseph Hernandez,0
68,045,New York,Zohran Kwame Mamdani,264
68,046,New York,Andrew M. Cuomo,172
68,046,New York,Curtis A. Sliwa,25
68,046,New York,Eric L. Adams,3
68,046,New York,Irene Estrada,1
68,046,New York,Jim Walden,0
68,046,New York,Joseph Hernandez,1
68,046,New York,Zohran Kwame Mamdani,334
68,047,New York,Andrew M. Cuomo,223
68,047,New York,Curtis A. Sliwa,33
68,047,New York,Eric L. Adams,3
68,047,New York,Irene Estrada,0
68,047,New York,Jim Walden,1
68,047,New York,Joseph Hernandez,1
68,047,New York,Zohran Kwame Mamdani,333
68,048,New York,Andrew M. Cuomo,244
68,048,New York,Curtis A. Sliwa,34
68,048,New York,Eric L. Adams,4
68,048,New York,Irene Estrada,0
68,048,New York,Jim Walden,0
68,048,New York,Joseph Hernandez,1
68,048,New York,Zohran Kwame Mamdani,313
68,049,New York,Andrew M. Cuomo,74
68,049,New York,Curtis A. Sliwa,8
68,049,New York,Eric L. Adams,0
68,049,New York,Irene Estrada,0
68,049,New York,Jim Walden,0
68,049,New York,Joseph Hernandez,0
68,049,New York,Zohran Kwame Mamdani,133
68,050,New York,Andrew M. Cuomo,85
68,050,New York,Curtis A. Sliwa,19
68,050,New York,Eric L. Adams,0
68,050,New York,Irene Estrada,1
68,050,New York,Jim Walden,0
68,050,New York,Joseph Hernandez,0
68,050,New York,Zohran Kwame Mamdani,105
68,051,New York,Andrew M. Cuomo,288
68,051,New York,Curtis A. Sliwa,18
68,051,New York,Eric L. Adams,2
68,051,New York,Irene Estrada,3
68,051,New York,Jim Walden,2
68,051,New York,Joseph Hernandez,1
68,051,New York,Zohran Kwame Mamdani,270
68,052,New York,Andrew M. Cuomo,401
68,052,New York,Curtis A. Sliwa,12
68,052,New York,Eric L. Adams,1
68,052,New York,Irene Estrada,0
68,052,New York,Jim Walden,1
68,052,New York,Joseph Hernandez,0
68,052,New York,Zohran Kwame Mamdani,263
68,053,New York,Andrew M. Cuomo,145
68,053,New York,Curtis A. Sliwa,22
68,053,New York,Eric L. Adams,2
68,053,New York,Irene Estrada,0
68,053,New York,Jim Walden,0
68,053,New York,Joseph Hernandez,0
68,053,New York,Zohran Kwame Mamdani,309
68,054,New York,Andrew M. Cuomo,416
68,054,New York,Curtis A. Sliwa,10
68,054,New York,Eric L. Adams,1
68,054,New York,Irene Estrada,0
68,054,New York,Jim Walden,4
68,054,New York,Joseph Hernandez,1
68,054,New York,Zohran Kwame Mamdani,195
68,055,New York,Andrew M. Cuomo,594
68,055,New York,Curtis A. Sliwa,23
68,055,New York,Eric L. Adams,1
68,055,New York,Irene Estrada,0
68,055,New York,Jim Walden,4
68,055,New York,Joseph Hernandez,0
68,055,New York,Zohran Kwame Mamdani,376
68,056,New York,Andrew M. Cuomo,90
68,056,New York,Curtis A. Sliwa,20
68,056,New York,Eric L. Adams,0
68,056,New York,Irene Estrada,0
68,056,New York,Jim Walden,0
68,056,New York,Joseph Hernandez,0
68,056,New York,Zohran Kwame Mamdani,228
68,057,New York,Andrew M. Cuomo,108
68,057,New York,Curtis A. Sliwa,9
68,057,New York,Eric L. Adams,1
68,057,New York,Irene Estrada,0
68,057,New York,Jim Walden,1
68,057,New York,Joseph Hernandez,0
68,057,New York,Zohran Kwame Mamdani,271
68,058,New York,Andrew M. Cuomo,161
68,058,New York,Curtis A. Sliwa,19
68,058,New York,Eric L. Adams,1
68,058,New York,Irene Estrada,3
68,058,New York,Jim Walden,3
68,058,New York,Joseph Hernandez,1
68,058,New York,Zohran Kwame Mamdani,222
68,059,New York,Andrew M. Cuomo,84
68,059,New York,Curtis A. Sliwa,13
68,059,New York,Eric L. Adams,3
68,059,New York,Irene Estrada,0
68,059,New York,Jim Walden,1
68,059,New York,Joseph Hernandez,0
68,059,New York,Zohran Kwame Mamdani,204
68,060,New York,Andrew M. Cuomo,106
68,060,New York,Curtis A. Sliwa,16
68,060,New York,Eric L. Adams,1
68,060,New York,Irene Estrada,1
68,060,New York,Jim Walden,2
68,060,New York,Joseph Hernandez,0
68,060,New York,Zohran Kwame Mamdani,274
68,061,New York,Andrew M. Cuomo,86
68,061,New York,Curtis A. Sliwa,6
68,061,New York,Eric L. Adams,0
68,061,New York,Irene Estrada,0
68,061,New York,Jim Walden,1
68,061,New York,Joseph Hernandez,0
68,061,New York,Zohran Kwame Mamdani,112
68,062,New York,Andrew M. Cuomo,234
68,062,New York,Curtis A. Sliwa,39
68,062,New York,Eric L. Adams,1
68,062,New York,Irene Estrada,1
68,062,New York,Jim Walden,1
68,062,New York,Joseph Hernandez,1
68,062,New York,Zohran Kwame Mamdani,550
68,063,New York,Andrew M. Cuomo,288
68,063,New York,Curtis A. Sliwa,22
68,063,New York,Eric L. Adams,1
68,063,New York,Irene Estrada,3
68,063,New York,Jim Walden,3
68,063,New York,Joseph Hernandez,1
68,063,New York,Zohran Kwame Mamdani,400
68,064,New York,Andrew M. Cuomo,230
68,064,New York,Curtis A. Sliwa,14
68,064,New York,Eric L. Adams,1
68,064,New York,Irene Estrada,0
68,064,New York,Jim Walden,2
68,064,New York,Joseph Hernandez,0
68,064,New York,Zohran Kwame Mamdani,200
68,065,New York,Andrew M. Cuomo,405
68,065,New York,Curtis A. Sliwa,25
68,065,New York,Eric L. Adams,0
68,065,New York,Irene Estrada,0
68,065,New York,Jim Walden,0
68,065,New York,Joseph Hernandez,0
68,065,New York,Zohran Kwame Mamdani,501
68,066,New York,Andrew M. Cuomo,606
68,066,New York,Curtis A. Sliwa,37
68,066,New York,Eric L. Adams,1
68,066,New York,Irene Estrada,1
68,066,New York,Jim Walden,1
68,066,New York,Joseph Hernandez,0
68,066,New York,Zohran Kwame Mamdani,580
68,067,New York,Andrew M. Cuomo,335
68,067,New York,Curtis A. Sliwa,57
68,067,New York,Eric L. Adams,1
68,067,New York,Irene Estrada,0
68,067,New York,Jim Walden,2
68,067,New York,Joseph Hernandez,0
68,067,New York,Zohran Kwame Mamdani,310
68,068,New York,Andrew M. Cuomo,95
68,068,New York,Curtis A. Sliwa,7
68,068,New York,Eric L. Adams,1
68,068,New York,Irene Estrada,0
68,068,New York,Jim Walden,1
68,068,New York,Joseph Hernandez,1
68,068,New York,Zohran Kwame Mamdani,194
68,069,New York,Andrew M. Cuomo,134
68,069,New York,Curtis A. Sliwa,19
68,069,New York,Eric L. Adams,2
68,069,New York,Irene Estrada,2
68,069,New York,Jim Walden,1
68,069,New York,Joseph Hernandez,0
68,069,New York,Zohran Kwame Mamdani,160
68,070,New York,Andrew M. Cuomo,311
68,070,New York,Curtis A. Sliwa,24
68,070,New York,Eric L. Adams,0
68,070,New York,Irene Estrada,1
68,070,New York,Jim Walden,1
68,070,New York,Joseph Hernandez,0
68,070,New York,Zohran Kwame Mamdani,415
68,071,New York,Andrew M. Cuomo,182
68,071,New York,Curtis A. Sliwa,25
68,071,New York,Eric L. Adams,1
68,071,New York,Irene Estrada,1
68,071,New York,Jim Walden,0
68,071,New York,Joseph Hernandez,0
68,071,New York,Zohran Kwame Mamdani,200
68,072,New York,Andrew M. Cuomo,32
68,072,New York,Curtis A. Sliwa,7
68,072,New York,Eric L. Adams,0
68,072,New York,Irene Estrada,0
68,072,New York,Jim Walden,1
68,072,New York,Joseph Hernandez,0
68,072,New York,Zohran Kwame Mamdani,88
68,073,New York,Andrew M. Cuomo,69
68,073,New York,Curtis A. Sliwa,5
68,073,New York,Eric L. Adams,2
68,073,New York,Irene Estrada,0
68,073,New York,Jim Walden,1
68,073,New York,Joseph Hernandez,0
68,073,New York,Zohran Kwame Mamdani,105
68,074,New York,Andrew M. Cuomo,144
68,074,New York,Curtis A. Sliwa,12
68,074,New York,Eric L. Adams,2
68,074,New York,Irene Estrada,0
68,074,New York,Jim Walden,0
68,074,New York,Joseph Hernandez,0
68,074,New York,Zohran Kwame Mamdani,286
68,075,New York,Andrew M. Cuomo,192
68,075,New York,Curtis A. Sliwa,3
68,075,New York,Eric L. Adams,0
68,075,New York,Irene Estrada,0
68,075,New York,Jim Walden,0
68,075,New York,Joseph Hernandez,0
68,075,New York,Zohran Kwame Mamdani,81
68,077,New York,Andrew M. Cuomo,197
68,077,New York,Curtis A. Sliwa,14
68,077,New York,Eric L. Adams,0
68,077,New York,Irene Estrada,0
68,077,New York,Jim Walden,3
68,077,New York,Joseph Hernandez,0
68,077,New York,Zohran Kwame Mamdani,286
69,001,New York,Andrew M. Cuomo,108
69,001,New York,Curtis A. Sliwa,8
69,001,New York,Eric L. Adams,2
69,001,New York,Irene Estrada,0
69,001,New York,Jim Walden,0
69,001,New York,Joseph Hernandez,0
69,001,New York,Zohran Kwame Mamdani,102
69,002,New York,Andrew M. Cuomo,172
69,002,New York,Curtis A. Sliwa,20
69,002,New York,Eric L. Adams,1
69,002,New York,Irene Estrada,0
69,002,New York,Jim Walden,0
69,002,New York,Joseph Hernandez,1
69,002,New York,Zohran Kwame Mamdani,420
69,003,New York,Andrew M. Cuomo,135
69,003,New York,Curtis A. Sliwa,12
69,003,New York,Eric L. Adams,6
69,003,New York,Irene Estrada,3
69,003,New York,Jim Walden,0
69,003,New York,Joseph Hernandez,0
69,003,New York,Zohran Kwame Mamdani,166
69,004,New York,Andrew M. Cuomo,96
69,004,New York,Curtis A. Sliwa,10
69,004,New York,Eric L. Adams,3
69,004,New York,Irene Estrada,2
69,004,New York,Jim Walden,1
69,004,New York,Joseph Hernandez,0
69,004,New York,Zohran Kwame Mamdani,122
69,005,New York,Andrew M. Cuomo,134
69,005,New York,Curtis A. Sliwa,10
69,005,New York,Eric L. Adams,3
69,005,New York,Irene Estrada,0
69,005,New York,Jim Walden,1
69,005,New York,Joseph Hernandez,1
69,005,New York,Zohran Kwame Mamdani,526
69,006,New York,Andrew M. Cuomo,222
69,006,New York,Curtis A. Sliwa,12
69,006,New York,Eric L. Adams,0
69,006,New York,Irene Estrada,1
69,006,New York,Jim Walden,0
69,006,New York,Joseph Hernandez,0
69,006,New York,Zohran Kwame Mamdani,769
69,007,New York,Andrew M. Cuomo,196
69,007,New York,Curtis A. Sliwa,13
69,007,New York,Eric L. Adams,1
69,007,New York,Irene Estrada,1
69,007,New York,Jim Walden,0
69,007,New York,Joseph Hernandez,0
69,007,New York,Zohran Kwame Mamdani,662
69,008,New York,Andrew M. Cuomo,84
69,008,New York,Curtis A. Sliwa,8
69,008,New York,Eric L. Adams,0
69,008,New York,Irene Estrada,1
69,008,New York,Jim Walden,2
69,008,New York,Joseph Hernandez,0
69,008,New York,Zohran Kwame Mamdani,566
69,009,New York,Andrew M. Cuomo,133
69,009,New York,Curtis A. Sliwa,11
69,009,New York,Eric L. Adams,0
69,009,New York,Irene Estrada,2
69,009,New York,Jim Walden,1
69,009,New York,Joseph Hernandez,0
69,009,New York,Zohran Kwame Mamdani,620
69,010,New York,Andrew M. Cuomo,65
69,010,New York,Curtis A. Sliwa,5
69,010,New York,Eric L. Adams,0
69,010,New York,Irene Estrada,0
69,010,New York,Jim Walden,0
69,010,New York,Joseph Hernandez,0
69,010,New York,Zohran Kwame Mamdani,320
69,011,New York,Andrew M. Cuomo,210
69,011,New York,Curtis A. Sliwa,13
69,011,New York,Eric L. Adams,1
69,011,New York,Irene Estrada,0
69,011,New York,Jim Walden,0
69,011,New York,Joseph Hernandez,1
69,011,New York,Zohran Kwame Mamdani,654
69,012,New York,Andrew M. Cuomo,289
69,012,New York,Curtis A. Sliwa,16
69,012,New York,Eric L. Adams,2
69,012,New York,Irene Estrada,1
69,012,New York,Jim Walden,8
69,012,New York,Joseph Hernandez,0
69,012,New York,Zohran Kwame Mamdani,743
69,013,New York,Andrew M. Cuomo,205
69,013,New York,Curtis A. Sliwa,8
69,013,New York,Eric L. Adams,0
69,013,New York,Irene Estrada,0
69,013,New York,Jim Walden,2
69,013,New York,Joseph Hernandez,1
69,013,New York,Zohran Kwame Mamdani,477
69,014,New York,Andrew M. Cuomo,176
69,014,New York,Curtis A. Sliwa,19
69,014,New York,Eric L. Adams,1
69,014,New York,Irene Estrada,1
69,014,New York,Jim Walden,1
69,014,New York,Joseph Hernandez,0
69,014,New York,Zohran Kwame Mamdani,692
69,015,New York,Andrew M. Cuomo,230
69,015,New York,Curtis A. Sliwa,26
69,015,New York,Eric L. Adams,1
69,015,New York,Irene Estrada,0
69,015,New York,Jim Walden,0
69,015,New York,Joseph Hernandez,0
69,015,New York,Zohran Kwame Mamdani,452
69,016,New York,Andrew M. Cuomo,175
69,016,New York,Curtis A. Sliwa,5
69,016,New York,Eric L. Adams,1
69,016,New York,Irene Estrada,0
69,016,New York,Jim Walden,0
69,016,New York,Joseph Hernandez,0
69,016,New York,Zohran Kwame Mamdani,223
69,017,New York,Andrew M. Cuomo,111
69,017,New York,Curtis A. Sliwa,8
69,017,New York,Eric L. Adams,1
69,017,New York,Irene Estrada,0
69,017,New York,Jim Walden,3
69,017,New York,Joseph Hernandez,0
69,017,New York,Zohran Kwame Mamdani,353
69,018,New York,Andrew M. Cuomo,234
69,018,New York,Curtis A. Sliwa,30
69,018,New York,Eric L. Adams,4
69,018,New York,Irene Estrada,1
69,018,New York,Jim Walden,0
69,018,New York,Joseph Hernandez,0
69,018,New York,Zohran Kwame Mamdani,575
69,019,New York,Andrew M. Cuomo,141
69,019,New York,Curtis A. Sliwa,12
69,019,New York,Eric L. Adams,1
69,019,New York,Irene Estrada,2
69,019,New York,Jim Walden,0
69,019,New York,Joseph Hernandez,1
69,019,New York,Zohran Kwame Mamdani,309
69,020,New York,Andrew M. Cuomo,146
69,020,New York,Curtis A. Sliwa,18
69,020,New York,Eric L. Adams,1
69,020,New York,Irene Estrada,3
69,020,New York,Jim Walden,1
69,020,New York,Joseph Hernandez,1
69,020,New York,Zohran Kwame Mamdani,531
69,021,New York,Andrew M. Cuomo,104
69,021,New York,Curtis A. Sliwa,6
69,021,New York,Eric L. Adams,1
69,021,New York,Irene Estrada,0
69,021,New York,Jim Walden,2
69,021,New York,Joseph Hernandez,0
69,021,New York,Zohran Kwame Mamdani,335
69,022,New York,Andrew M. Cuomo,236
69,022,New York,Curtis A. Sliwa,14
69,022,New York,Eric L. Adams,1
69,022,New York,Irene Estrada,1
69,022,New York,Jim Walden,2
69,022,New York,Joseph Hernandez,1
69,022,New York,Zohran Kwame Mamdani,557
69,023,New York,Andrew M. Cuomo,229
69,023,New York,Curtis A. Sliwa,29
69,023,New York,Eric L. Adams,3
69,023,New York,Irene Estrada,0
69,023,New York,Jim Walden,2
69,023,New York,Joseph Hernandez,1
69,023,New York,Zohran Kwame Mamdani,493
69,024,New York,Andrew M. Cuomo,175
69,024,New York,Curtis A. Sliwa,29
69,024,New York,Eric L. Adams,4
69,024,New York,Irene Estrada,0
69,024,New York,Jim Walden,1
69,024,New York,Joseph Hernandez,1
69,024,New York,Zohran Kwame Mamdani,171
69,025,New York,Andrew M. Cuomo,185
69,025,New York,Curtis A. Sliwa,21
69,025,New York,Eric L. Adams,4
69,025,New York,Irene Estrada,1
69,025,New York,Jim Walden,0
69,025,New York,Joseph Hernandez,1
69,025,New York,Zohran Kwame Mamdani,327
69,026,New York,Andrew M. Cuomo,105
69,026,New York,Curtis A. Sliwa,13
69,026,New York,Eric L. Adams,1
69,026,New York,Irene Estrada,0
69,026,New York,Jim Walden,1
69,026,New York,Joseph Hernandez,0
69,026,New York,Zohran Kwame Mamdani,128
69,027,New York,Andrew M. Cuomo,164
69,027,New York,Curtis A. Sliwa,27
69,027,New York,Eric L. Adams,2
69,027,New York,Irene Estrada,0
69,027,New York,Jim Walden,0
69,027,New York,Joseph Hernandez,1
69,027,New York,Zohran Kwame Mamdani,461
69,028,New York,Andrew M. Cuomo,196
69,028,New York,Curtis A. Sliwa,12
69,028,New York,Eric L. Adams,0
69,028,New York,Irene Estrada,0
69,028,New York,Jim Walden,1
69,028,New York,Joseph Hernandez,0
69,028,New York,Zohran Kwame Mamdani,388
69,029,New York,Andrew M. Cuomo,259
69,029,New York,Curtis A. Sliwa,27
69,029,New York,Eric L. Adams,1
69,029,New York,Irene Estrada,1
69,029,New York,Jim Walden,0
69,029,New York,Joseph Hernandez,0
69,029,New York,Zohran Kwame Mamdani,709
69,030,New York,Andrew M. Cuomo,257
69,030,New York,Curtis A. Sliwa,18
69,030,New York,Eric L. Adams,2
69,030,New York,Irene Estrada,0
69,030,New York,Jim Walden,0
69,030,New York,Joseph Hernandez,0
69,030,New York,Zohran Kwame Mamdani,652
69,031,New York,Andrew M. Cuomo,125
69,031,New York,Curtis A. Sliwa,7
69,031,New York,Eric L. Adams,1
69,031,New York,Irene Estrada,0
69,031,New York,Jim Walden,0
69,031,New York,Joseph Hernandez,0
69,031,New York,Zohran Kwame Mamdani,331
69,032,New York,Andrew M. Cuomo,145
69,032,New York,Curtis A. Sliwa,14
69,032,New York,Eric L. Adams,0
69,032,New York,Irene Estrada,1
69,032,New York,Jim Walden,0
69,032,New York,Joseph Hernandez,1
69,032,New York,Zohran Kwame Mamdani,140
69,033,New York,Andrew M. Cuomo,323
69,033,New York,Curtis A. Sliwa,15
69,033,New York,Eric L. Adams,0
69,033,New York,Irene Estrada,1
69,033,New York,Jim Walden,1
69,033,New York,Joseph Hernandez,0
69,033,New York,Zohran Kwame Mamdani,538
69,034,New York,Andrew M. Cuomo,292
69,034,New York,Curtis A. Sliwa,12
69,034,New York,Eric L. Adams,0
69,034,New York,Irene Estrada,1
69,034,New York,Jim Walden,0
69,034,New York,Joseph Hernandez,0
69,034,New York,Zohran Kwame Mamdani,393
69,035,New York,Andrew M. Cuomo,293
69,035,New York,Curtis A. Sliwa,9
69,035,New York,Eric L. Adams,3
69,035,New York,Irene Estrada,1
69,035,New York,Jim Walden,2
69,035,New York,Joseph Hernandez,0
69,035,New York,Zohran Kwame Mamdani,323
69,036,New York,Andrew M. Cuomo,339
69,036,New York,Curtis A. Sliwa,22
69,036,New York,Eric L. Adams,4
69,036,New York,Irene Estrada,0
69,036,New York,Jim Walden,0
69,036,New York,Joseph Hernandez,0
69,036,New York,Zohran Kwame Mamdani,395
69,037,New York,Andrew M. Cuomo,355
69,037,New York,Curtis A. Sliwa,25
69,037,New York,Eric L. Adams,2
69,037,New York,Irene Estrada,2
69,037,New York,Jim Walden,1
69,037,New York,Joseph Hernandez,0
69,037,New York,Zohran Kwame Mamdani,432
69,038,New York,Andrew M. Cuomo,349
69,038,New York,Curtis A. Sliwa,23
69,038,New York,Eric L. Adams,2
69,038,New York,Irene Estrada,0
69,038,New York,Jim Walden,1
69,038,New York,Joseph Hernandez,0
69,038,New York,Zohran Kwame Mamdani,461
69,039,New York,Andrew M. Cuomo,282
69,039,New York,Curtis A. Sliwa,25
69,039,New York,Eric L. Adams,0
69,039,New York,Irene Estrada,0
69,039,New York,Jim Walden,3
69,039,New York,Joseph Hernandez,0
69,039,New York,Zohran Kwame Mamdani,621
69,040,New York,Andrew M. Cuomo,185
69,040,New York,Curtis A. Sliwa,19
69,040,New York,Eric L. Adams,0
69,040,New York,Irene Estrada,2
69,040,New York,Jim Walden,2
69,040,New York,Joseph Hernandez,0
69,040,New York,Zohran Kwame Mamdani,368
69,041,New York,Andrew M. Cuomo,333
69,041,New York,Curtis A. Sliwa,22
69,041,New York,Eric L. Adams,1
69,041,New York,Irene Estrada,1
69,041,New York,Jim Walden,1
69,041,New York,Joseph Hernandez,0
69,041,New York,Zohran Kwame Mamdani,603
69,042,New York,Andrew M. Cuomo,323
69,042,New York,Curtis A. Sliwa,22
69,042,New York,Eric L. Adams,3
69,042,New York,Irene Estrada,0
69,042,New York,Jim Walden,2
69,042,New York,Joseph Hernandez,0
69,042,New York,Zohran Kwame Mamdani,662
69,043,New York,Andrew M. Cuomo,346
69,043,New York,Curtis A. Sliwa,12
69,043,New York,Eric L. Adams,1
69,043,New York,Irene Estrada,0
69,043,New York,Jim Walden,0
69,043,New York,Joseph Hernandez,1
69,043,New York,Zohran Kwame Mamdani,599
69,044,New York,Andrew M. Cuomo,174
69,044,New York,Curtis A. Sliwa,17
69,044,New York,Eric L. Adams,0
69,044,New York,Irene Estrada,0
69,044,New York,Jim Walden,2
69,044,New York,Joseph Hernandez,0
69,044,New York,Zohran Kwame Mamdani,311
69,045,New York,Andrew M. Cuomo,380
69,045,New York,Curtis A. Sliwa,24
69,045,New York,Eric L. Adams,1
69,045,New York,Irene Estrada,0
69,045,New York,Jim Walden,2
69,045,New York,Joseph Hernandez,2
69,045,New York,Zohran Kwame Mamdani,714
69,046,New York,Andrew M. Cuomo,336
69,046,New York,Curtis A. Sliwa,17
69,046,New York,Eric L. Adams,1
69,046,New York,Irene Estrada,0
69,046,New York,Jim Walden,3
69,046,New York,Joseph Hernandez,0
69,046,New York,Zohran Kwame Mamdani,498
69,047,New York,Andrew M. Cuomo,305
69,047,New York,Curtis A. Sliwa,29
69,047,New York,Eric L. Adams,0
69,047,New York,Irene Estrada,0
69,047,New York,Jim Walden,0
69,047,New York,Joseph Hernandez,1
69,047,New York,Zohran Kwame Mamdani,400
69,048,New York,Andrew M. Cuomo,472
69,048,New York,Curtis A. Sliwa,19
69,048,New York,Eric L. Adams,1
69,048,New York,Irene Estrada,2
69,048,New York,Jim Walden,2
69,048,New York,Joseph Hernandez,2
69,048,New York,Zohran Kwame Mamdani,466
69,049,New York,Andrew M. Cuomo,248
69,049,New York,Curtis A. Sliwa,24
69,049,New York,Eric L. Adams,2
69,049,New York,Irene Estrada,0
69,049,New York,Jim Walden,1
69,049,New York,Joseph Hernandez,0
69,049,New York,Zohran Kwame Mamdani,412
69,050,New York,Andrew M. Cuomo,406
69,050,New York,Curtis A. Sliwa,19
69,050,New York,Eric L. Adams,0
69,050,New York,Irene Estrada,0
69,050,New York,Jim Walden,3
69,050,New York,Joseph Hernandez,0
69,050,New York,Zohran Kwame Mamdani,554
69,051,New York,Andrew M. Cuomo,299
69,051,New York,Curtis A. Sliwa,19
69,051,New York,Eric L. Adams,0
69,051,New York,Irene Estrada,3
69,051,New York,Jim Walden,0
69,051,New York,Joseph Hernandez,1
69,051,New York,Zohran Kwame Mamdani,445
69,052,New York,Andrew M. Cuomo,391
69,052,New York,Curtis A. Sliwa,24
69,052,New York,Eric L. Adams,0
69,052,New York,Irene Estrada,3
69,052,New York,Jim Walden,2
69,052,New York,Joseph Hernandez,0
69,052,New York,Zohran Kwame Mamdani,557
69,053,New York,Andrew M. Cuomo,333
69,053,New York,Curtis A. Sliwa,12
69,053,New York,Eric L. Adams,2
69,053,New York,Irene Estrada,0
69,053,New York,Jim Walden,2
69,053,New York,Joseph Hernandez,0
69,053,New York,Zohran Kwame Mamdani,309
69,054,New York,Andrew M. Cuomo,392
69,054,New York,Curtis A. Sliwa,25
69,054,New York,Eric L. Adams,1
69,054,New York,Irene Estrada,0
69,054,New York,Jim Walden,0
69,054,New York,Joseph Hernandez,1
69,054,New York,Zohran Kwame Mamdani,481
69,055,New York,Andrew M. Cuomo,131
69,055,New York,Curtis A. Sliwa,15
69,055,New York,Eric L. Adams,0
69,055,New York,Irene Estrada,0
69,055,New York,Jim Walden,0
69,055,New York,Joseph Hernandez,0
69,055,New York,Zohran Kwame Mamdani,290
69,056,New York,Andrew M. Cuomo,319
69,056,New York,Curtis A. Sliwa,15
69,056,New York,Eric L. Adams,1
69,056,New York,Irene Estrada,0
69,056,New York,Jim Walden,1
69,056,New York,Joseph Hernandez,0
69,056,New York,Zohran Kwame Mamdani,374
69,057,New York,Andrew M. Cuomo,210
69,057,New York,Curtis A. Sliwa,12
69,057,New York,Eric L. Adams,1
69,057,New York,Irene Estrada,0
69,057,New York,Jim Walden,0
69,057,New York,Joseph Hernandez,0
69,057,New York,Zohran Kwame Mamdani,290
69,058,New York,Andrew M. Cuomo,390
69,058,New York,Curtis A. Sliwa,44
69,058,New York,Eric L. Adams,1
69,058,New York,Irene Estrada,2
69,058,New York,Jim Walden,0
69,058,New York,Joseph Hernandez,1
69,058,New York,Zohran Kwame Mamdani,581
69,059,New York,Andrew M. Cuomo,295
69,059,New York,Curtis A. Sliwa,28
69,059,New York,Eric L. Adams,1
69,059,New York,Irene Estrada,0
69,059,New York,Jim Walden,2
69,059,New York,Joseph Hernandez,0
69,059,New York,Zohran Kwame Mamdani,476
69,060,New York,Andrew M. Cuomo,415
69,060,New York,Curtis A. Sliwa,24
69,060,New York,Eric L. Adams,1
69,060,New York,Irene Estrada,0
69,060,New York,Jim Walden,0
69,060,New York,Joseph Hernandez,0
69,060,New York,Zohran Kwame Mamdani,449
69,061,New York,Andrew M. Cuomo,257
69,061,New York,Curtis A. Sliwa,15
69,061,New York,Eric L. Adams,3
69,061,New York,Irene Estrada,0
69,061,New York,Jim Walden,2
69,061,New York,Joseph Hernandez,0
69,061,New York,Zohran Kwame Mamdani,324
69,062,New York,Andrew M. Cuomo,281
69,062,New York,Curtis A. Sliwa,8
69,062,New York,Eric L. Adams,0
69,062,New York,Irene Estrada,0
69,062,New York,Jim Walden,0
69,062,New York,Joseph Hernandez,0
69,062,New York,Zohran Kwame Mamdani,296
69,063,New York,Andrew M. Cuomo,175
69,063,New York,Curtis A. Sliwa,14
69,063,New York,Eric L. Adams,3
69,063,New York,Irene Estrada,0
69,063,New York,Jim Walden,2
69,063,New York,Joseph Hernandez,1
69,063,New York,Zohran Kwame Mamdani,290
69,064,New York,Andrew M. Cuomo,172
69,064,New York,Curtis A. Sliwa,10
69,064,New York,Eric L. Adams,0
69,064,New York,Irene Estrada,0
69,064,New York,Jim Walden,2
69,064,New York,Joseph Hernandez,1
69,064,New York,Zohran Kwame Mamdani,193
69,065,New York,Andrew M. Cuomo,321
69,065,New York,Curtis A. Sliwa,20
69,065,New York,Eric L. Adams,0
69,065,New York,Irene Estrada,0
69,065,New York,Jim Walden,2
69,065,New York,Joseph Hernandez,0
69,065,New York,Zohran Kwame Mamdani,301
69,066,New York,Andrew M. Cuomo,419
69,066,New York,Curtis A. Sliwa,29
69,066,New York,Eric L. Adams,2
69,066,New York,Irene Estrada,0
69,066,New York,Jim Walden,6
69,066,New York,Joseph Hernandez,0
69,066,New York,Zohran Kwame Mamdani,501
69,067,New York,Andrew M. Cuomo,298
69,067,New York,Curtis A. Sliwa,28
69,067,New York,Eric L. Adams,3
69,067,New York,Irene Estrada,0
69,067,New York,Jim Walden,0
69,067,New York,Joseph Hernandez,2
69,067,New York,Zohran Kwame Mamdani,313
69,068,New York,Andrew M. Cuomo,375
69,068,New York,Curtis A. Sliwa,17
69,068,New York,Eric L. Adams,2
69,068,New York,Irene Estrada,0
69,068,New York,Jim Walden,0
69,068,New York,Joseph Hernandez,0
69,068,New York,Zohran Kwame Mamdani,398
69,069,New York,Andrew M. Cuomo,360
69,069,New York,Curtis A. Sliwa,21
69,069,New York,Eric L. Adams,0
69,069,New York,Irene Estrada,0
69,069,New York,Jim Walden,0
69,069,New York,Joseph Hernandez,0
69,069,New York,Zohran Kwame Mamdani,304
69,070,New York,Andrew M. Cuomo,296
69,070,New York,Curtis A. Sliwa,23
69,070,New York,Eric L. Adams,3
69,070,New York,Irene Estrada,0
69,070,New York,Jim Walden,2
69,070,New York,Joseph Hernandez,0
69,070,New York,Zohran Kwame Mamdani,334
69,071,New York,Andrew M. Cuomo,388
69,071,New York,Curtis A. Sliwa,32
69,071,New York,Eric L. Adams,1
69,071,New York,Irene Estrada,0
69,071,New York,Jim Walden,1
69,071,New York,Joseph Hernandez,0
69,071,New York,Zohran Kwame Mamdani,509
69,072,New York,Andrew M. Cuomo,296
69,072,New York,Curtis A. Sliwa,8
69,072,New York,Eric L. Adams,0
69,072,New York,Irene Estrada,1
69,072,New York,Jim Walden,1
69,072,New York,Joseph Hernandez,3
69,072,New York,Zohran Kwame Mamdani,327
69,073,New York,Andrew M. Cuomo,499
69,073,New York,Curtis A. Sliwa,27
69,073,New York,Eric L. Adams,3
69,073,New York,Irene Estrada,0
69,073,New York,Jim Walden,3
69,073,New York,Joseph Hernandez,0
69,073,New York,Zohran Kwame Mamdani,538
69,074,New York,Andrew M. Cuomo,245
69,074,New York,Curtis A. Sliwa,19
69,074,New York,Eric L. Adams,1
69,074,New York,Irene Estrada,0
69,074,New York,Jim Walden,0
69,074,New York,Joseph Hernandez,0
69,074,New York,Zohran Kwame Mamdani,360
69,075,New York,Andrew M. Cuomo,421
69,075,New York,Curtis A. Sliwa,15
69,075,New York,Eric L. Adams,1
69,075,New York,Irene Estrada,0
69,075,New York,Jim Walden,2
69,075,New York,Joseph Hernandez,0
69,075,New York,Zohran Kwame Mamdani,252
69,076,New York,Andrew M. Cuomo,200
69,076,New York,Curtis A. Sliwa,25
69,076,New York,Eric L. Adams,0
69,076,New York,Irene Estrada,0
69,076,New York,Jim Walden,0
69,076,New York,Joseph Hernandez,0
69,076,New York,Zohran Kwame Mamdani,396
70,001,New York,Andrew M. Cuomo,164
70,001,New York,Curtis A. Sliwa,14
70,001,New York,Eric L. Adams,1
70,001,New York,Irene Estrada,1
70,001,New York,Jim Walden,0
70,001,New York,Joseph Hernandez,0
70,001,New York,Zohran Kwame Mamdani,409
70,002,New York,Andrew M. Cuomo,106
70,002,New York,Curtis A. Sliwa,19
70,002,New York,Eric L. Adams,0
70,002,New York,Irene Estrada,0
70,002,New York,Jim Walden,1
70,002,New York,Joseph Hernandez,1
70,002,New York,Zohran Kwame Mamdani,242
70,003,New York,Andrew M. Cuomo,178
70,003,New York,Curtis A. Sliwa,22
70,003,New York,Eric L. Adams,1
70,003,New York,Irene Estrada,2
70,003,New York,Jim Walden,0
70,003,New York,Joseph Hernandez,2
70,003,New York,Zohran Kwame Mamdani,322
70,004,New York,Andrew M. Cuomo,155
70,004,New York,Curtis A. Sliwa,19
70,004,New York,Eric L. Adams,2
70,004,New York,Irene Estrada,0
70,004,New York,Jim Walden,2
70,004,New York,Joseph Hernandez,1
70,004,New York,Zohran Kwame Mamdani,427
70,005,New York,Andrew M. Cuomo,114
70,005,New York,Curtis A. Sliwa,13
70,005,New York,Eric L. Adams,0
70,005,New York,Irene Estrada,0
70,005,New York,Jim Walden,1
70,005,New York,Joseph Hernandez,2
70,005,New York,Zohran Kwame Mamdani,292
70,006,New York,Andrew M. Cuomo,126
70,006,New York,Curtis A. Sliwa,8
70,006,New York,Eric L. Adams,0
70,006,New York,Irene Estrada,0
70,006,New York,Jim Walden,0
70,006,New York,Joseph Hernandez,0
70,006,New York,Zohran Kwame Mamdani,257
70,007,New York,Andrew M. Cuomo,108
70,007,New York,Curtis A. Sliwa,10
70,007,New York,Eric L. Adams,1
70,007,New York,Irene Estrada,0
70,007,New York,Jim Walden,0
70,007,New York,Joseph Hernandez,0
70,007,New York,Zohran Kwame Mamdani,215
70,008,New York,Andrew M. Cuomo,90
70,008,New York,Curtis A. Sliwa,8
70,008,New York,Eric L. Adams,2
70,008,New York,Irene Estrada,0
70,008,New York,Jim Walden,1
70,008,New York,Joseph Hernandez,0
70,008,New York,Zohran Kwame Mamdani,251
70,009,New York,Andrew M. Cuomo,103
70,009,New York,Curtis A. Sliwa,13
70,009,New York,Eric L. Adams,1
70,009,New York,Irene Estrada,0
70,009,New York,Jim Walden,0
70,009,New York,Joseph Hernandez,2
70,009,New York,Zohran Kwame Mamdani,263
70,010,New York,Andrew M. Cuomo,115
70,010,New York,Curtis A. Sliwa,14
70,010,New York,Eric L. Adams,1
70,010,New York,Irene Estrada,0
70,010,New York,Jim Walden,0
70,010,New York,Joseph Hernandez,1
70,010,New York,Zohran Kwame Mamdani,248
70,011,New York,Andrew M. Cuomo,144
70,011,New York,Curtis A. Sliwa,17
70,011,New York,Eric L. Adams,4
70,011,New York,Irene Estrada,2
70,011,New York,Jim Walden,1
70,011,New York,Joseph Hernandez,1
70,011,New York,Zohran Kwame Mamdani,200
70,012,New York,Andrew M. Cuomo,101
70,012,New York,Curtis A. Sliwa,7
70,012,New York,Eric L. Adams,2
70,012,New York,Irene Estrada,1
70,012,New York,Jim Walden,0
70,012,New York,Joseph Hernandez,0
70,012,New York,Zohran Kwame Mamdani,202
70,013,New York,Andrew M. Cuomo,145
70,013,New York,Curtis A. Sliwa,28
70,013,New York,Eric L. Adams,3
70,013,New York,Irene Estrada,0
70,013,New York,Jim Walden,3
70,013,New York,Joseph Hernandez,1
70,013,New York,Zohran Kwame Mamdani,686
70,014,New York,Andrew M. Cuomo,129
70,014,New York,Curtis A. Sliwa,8
70,014,New York,Eric L. Adams,2
70,014,New York,Irene Estrada,0
70,014,New York,Jim Walden,0
70,014,New York,Joseph Hernandez,0
70,014,New York,Zohran Kwame Mamdani,357
70,015,New York,Andrew M. Cuomo,120
70,015,New York,Curtis A. Sliwa,19
70,015,New York,Eric L. Adams,2
70,015,New York,Irene Estrada,0
70,015,New York,Jim Walden,0
70,015,New York,Joseph Hernandez,0
70,015,New York,Zohran Kwame Mamdani,274
70,016,New York,Andrew M. Cuomo,154
70,016,New York,Curtis A. Sliwa,12
70,016,New York,Eric L. Adams,3
70,016,New York,Irene Estrada,1
70,016,New York,Jim Walden,0
70,016,New York,Joseph Hernandez,2
70,016,New York,Zohran Kwame Mamdani,743
70,017,New York,Andrew M. Cuomo,62
70,017,New York,Curtis A. Sliwa,13
70,017,New York,Eric L. Adams,1
70,017,New York,Irene Estrada,0
70,017,New York,Jim Walden,0
70,017,New York,Joseph Hernandez,0
70,017,New York,Zohran Kwame Mamdani,196
70,018,New York,Andrew M. Cuomo,105
70,018,New York,Curtis A. Sliwa,7
70,018,New York,Eric L. Adams,2
70,018,New York,Irene Estrada,0
70,018,New York,Jim Walden,0
70,018,New York,Joseph Hernandez,0
70,018,New York,Zohran Kwame Mamdani,506
70,019,New York,Andrew M. Cuomo,101
70,019,New York,Curtis A. Sliwa,18
70,019,New York,Eric L. Adams,2
70,019,New York,Irene Estrada,0
70,019,New York,Jim Walden,0
70,019,New York,Joseph Hernandez,1
70,019,New York,Zohran Kwame Mamdani,382
70,020,New York,Andrew M. Cuomo,160
70,020,New York,Curtis A. Sliwa,14
70,020,New York,Eric L. Adams,2
70,020,New York,Irene Estrada,0
70,020,New York,Jim Walden,3
70,020,New York,Joseph Hernandez,1
70,020,New York,Zohran Kwame Mamdani,660
70,021,New York,Andrew M. Cuomo,136
70,021,New York,Curtis A. Sliwa,14
70,021,New York,Eric L. Adams,3
70,021,New York,Irene Estrada,0
70,021,New York,Jim Walden,0
70,021,New York,Joseph Hernandez,0
70,021,New York,Zohran Kwame Mamdani,488
70,022,New York,Andrew M. Cuomo,190
70,022,New York,Curtis A. Sliwa,21
70,022,New York,Eric L. Adams,3
70,022,New York,Irene Estrada,0
70,022,New York,Jim Walden,1
70,022,New York,Joseph Hernandez,1
70,022,New York,Zohran Kwame Mamdani,474
70,023,New York,Andrew M. Cuomo,159
70,023,New York,Curtis A. Sliwa,3
70,023,New York,Eric L. Adams,4
70,023,New York,Irene Estrada,0
70,023,New York,Jim Walden,3
70,023,New York,Joseph Hernandez,2
70,023,New York,Zohran Kwame Mamdani,253
70,024,New York,Andrew M. Cuomo,141
70,024,New York,Curtis A. Sliwa,11
70,024,New York,Eric L. Adams,3
70,024,New York,Irene Estrada,0
70,024,New York,Jim Walden,1
70,024,New York,Joseph Hernandez,0
70,024,New York,Zohran Kwame Mamdani,263
70,025,New York,Andrew M. Cuomo,111
70,025,New York,Curtis A. Sliwa,10
70,025,New York,Eric L. Adams,3
70,025,New York,Irene Estrada,0
70,025,New York,Jim Walden,0
70,025,New York,Joseph Hernandez,0
70,025,New York,Zohran Kwame Mamdani,232
70,026,New York,Andrew M. Cuomo,142
70,026,New York,Curtis A. Sliwa,7
70,026,New York,Eric L. Adams,2
70,026,New York,Irene Estrada,2
70,026,New York,Jim Walden,0
70,026,New York,Joseph Hernandez,1
70,026,New York,Zohran Kwame Mamdani,537
70,027,New York,Andrew M. Cuomo,135
70,027,New York,Curtis A. Sliwa,11
70,027,New York,Eric L. Adams,3
70,027,New York,Irene Estrada,0
70,027,New York,Jim Walden,0
70,027,New York,Joseph Hernandez,0
70,027,New York,Zohran Kwame Mamdani,498
70,028,New York,Andrew M. Cuomo,136
70,028,New York,Curtis A. Sliwa,13
70,028,New York,Eric L. Adams,3
70,028,New York,Irene Estrada,0
70,028,New York,Jim Walden,0
70,028,New York,Joseph Hernandez,2
70,028,New York,Zohran Kwame Mamdani,456
70,029,New York,Andrew M. Cuomo,229
70,029,New York,Curtis A. Sliwa,16
70,029,New York,Eric L. Adams,3
70,029,New York,Irene Estrada,1
70,029,New York,Jim Walden,1
70,029,New York,Joseph Hernandez,0
70,029,New York,Zohran Kwame Mamdani,696
70,030,New York,Andrew M. Cuomo,211
70,030,New York,Curtis A. Sliwa,15
70,030,New York,Eric L. Adams,2
70,030,New York,Irene Estrada,0
70,030,New York,Jim Walden,2
70,030,New York,Joseph Hernandez,1
70,030,New York,Zohran Kwame Mamdani,596
70,031,New York,Andrew M. Cuomo,152
70,031,New York,Curtis A. Sliwa,18
70,031,New York,Eric L. Adams,1
70,031,New York,Irene Estrada,1
70,031,New York,Jim Walden,1
70,031,New York,Joseph Hernandez,0
70,031,New York,Zohran Kwame Mamdani,515
70,032,New York,Andrew M. Cuomo,124
70,032,New York,Curtis A. Sliwa,8
70,032,New York,Eric L. Adams,2
70,032,New York,Irene Estrada,0
70,032,New York,Jim Walden,0
70,032,New York,Joseph Hernandez,0
70,032,New York,Zohran Kwame Mamdani,392
70,033,New York,Andrew M. Cuomo,133
70,033,New York,Curtis A. Sliwa,9
70,033,New York,Eric L. Adams,4
70,033,New York,Irene Estrada,1
70,033,New York,Jim Walden,0
70,033,New York,Joseph Hernandez,2
70,033,New York,Zohran Kwame Mamdani,474
70,034,New York,Andrew M. Cuomo,134
70,034,New York,Curtis A. Sliwa,18
70,034,New York,Eric L. Adams,1
70,034,New York,Irene Estrada,0
70,034,New York,Jim Walden,0
70,034,New York,Joseph Hernandez,1
70,034,New York,Zohran Kwame Mamdani,465
70,035,New York,Andrew M. Cuomo,176
70,035,New York,Curtis A. Sliwa,18
70,035,New York,Eric L. Adams,1
70,035,New York,Irene Estrada,2
70,035,New York,Jim Walden,1
70,035,New York,Joseph Hernandez,1
70,035,New York,Zohran Kwame Mamdani,538
70,036,New York,Andrew M. Cuomo,177
70,036,New York,Curtis A. Sliwa,13
70,036,New York,Eric L. Adams,4
70,036,New York,Irene Estrada,2
70,036,New York,Jim Walden,0
70,036,New York,Joseph Hernandez,0
70,036,New York,Zohran Kwame Mamdani,354
70,037,New York,Andrew M. Cuomo,67
70,037,New York,Curtis A. Sliwa,5
70,037,New York,Eric L. Adams,2
70,037,New York,Irene Estrada,0
70,037,New York,Jim Walden,1
70,037,New York,Joseph Hernandez,0
70,037,New York,Zohran Kwame Mamdani,200
70,038,New York,Andrew M. Cuomo,120
70,038,New York,Curtis A. Sliwa,6
70,038,New York,Eric L. Adams,0
70,038,New York,Irene Estrada,1
70,038,New York,Jim Walden,2
70,038,New York,Joseph Hernandez,0
70,038,New York,Zohran Kwame Mamdani,308
70,039,New York,Andrew M. Cuomo,119
70,039,New York,Curtis A. Sliwa,10
70,039,New York,Eric L. Adams,5
70,039,New York,Irene Estrada,0
70,039,New York,Jim Walden,1
70,039,New York,Joseph Hernandez,1
70,039,New York,Zohran Kwame Mamdani,451
70,040,New York,Andrew M. Cuomo,108
70,040,New York,Curtis A. Sliwa,8
70,040,New York,Eric L. Adams,2
70,040,New York,Irene Estrada,1
70,040,New York,Jim Walden,0
70,040,New York,Joseph Hernandez,0
70,040,New York,Zohran Kwame Mamdani,284
70,041,New York,Andrew M. Cuomo,230
70,041,New York,Curtis A. Sliwa,13
70,041,New York,Eric L. Adams,2
70,041,New York,Irene Estrada,0
70,041,New York,Jim Walden,1
70,041,New York,Joseph Hernandez,0
70,041,New York,Zohran Kwame Mamdani,467
70,042,New York,Andrew M. Cuomo,90
70,042,New York,Curtis A. Sliwa,9
70,042,New York,Eric L. Adams,1
70,042,New York,Irene Estrada,0
70,042,New York,Jim Walden,0
70,042,New York,Joseph Hernandez,0
70,042,New York,Zohran Kwame Mamdani,146
70,043,New York,Andrew M. Cuomo,193
70,043,New York,Curtis A. Sliwa,14
70,043,New York,Eric L. Adams,6
70,043,New York,Irene Estrada,2
70,043,New York,Jim Walden,1
70,043,New York,Joseph Hernandez,0
70,043,New York,Zohran Kwame Mamdani,230
70,044,New York,Andrew M. Cuomo,272
70,044,New York,Curtis A. Sliwa,20
70,044,New York,Eric L. Adams,4
70,044,New York,Irene Estrada,1
70,044,New York,Jim Walden,0
70,044,New York,Joseph Hernandez,1
70,044,New York,Zohran Kwame Mamdani,515
70,045,New York,Andrew M. Cuomo,106
70,045,New York,Curtis A. Sliwa,12
70,045,New York,Eric L. Adams,0
70,045,New York,Irene Estrada,0
70,045,New York,Jim Walden,0
70,045,New York,Joseph Hernandez,0
70,045,New York,Zohran Kwame Mamdani,129
70,046,New York,Andrew M. Cuomo,130
70,046,New York,Curtis A. Sliwa,10
70,046,New York,Eric L. Adams,2
70,046,New York,Irene Estrada,1
70,046,New York,Jim Walden,0
70,046,New York,Joseph Hernandez,1
70,046,New York,Zohran Kwame Mamdani,141
70,047,New York,Andrew M. Cuomo,117
70,047,New York,Curtis A. Sliwa,17
70,047,New York,Eric L. Adams,1
70,047,New York,Irene Estrada,0
70,047,New York,Jim Walden,0
70,047,New York,Joseph Hernandez,2
70,047,New York,Zohran Kwame Mamdani,399
70,048,New York,Andrew M. Cuomo,100
70,048,New York,Curtis A. Sliwa,6
70,048,New York,Eric L. Adams,3
70,048,New York,Irene Estrada,1
70,048,New York,Jim Walden,0
70,048,New York,Joseph Hernandez,0
70,048,New York,Zohran Kwame Mamdani,350
70,049,New York,Andrew M. Cuomo,119
70,049,New York,Curtis A. Sliwa,8
70,049,New York,Eric L. Adams,2
70,049,New York,Irene Estrada,0
70,049,New York,Jim Walden,1
70,049,New York,Joseph Hernandez,3
70,049,New York,Zohran Kwame Mamdani,338
70,050,New York,Andrew M. Cuomo,105
70,050,New York,Curtis A. Sliwa,11
70,050,New York,Eric L. Adams,0
70,050,New York,Irene Estrada,0
70,050,New York,Jim Walden,0
70,050,New York,Joseph Hernandez,0
70,050,New York,Zohran Kwame Mamdani,288
70,051,New York,Andrew M. Cuomo,108
70,051,New York,Curtis A. Sliwa,7
70,051,New York,Eric L. Adams,5
70,051,New York,Irene Estrada,0
70,051,New York,Jim Walden,0
70,051,New York,Joseph Hernandez,0
70,051,New York,Zohran Kwame Mamdani,137
70,052,New York,Andrew M. Cuomo,106
70,052,New York,Curtis A. Sliwa,6
70,052,New York,Eric L. Adams,1
70,052,New York,Irene Estrada,1
70,052,New York,Jim Walden,0
70,052,New York,Joseph Hernandez,1
70,052,New York,Zohran Kwame Mamdani,139
70,053,New York,Andrew M. Cuomo,194
70,053,New York,Curtis A. Sliwa,12
70,053,New York,Eric L. Adams,5
70,053,New York,Irene Estrada,0
70,053,New York,Jim Walden,0
70,053,New York,Joseph Hernandez,0
70,053,New York,Zohran Kwame Mamdani,395
70,054,New York,Andrew M. Cuomo,141
70,054,New York,Curtis A. Sliwa,11
70,054,New York,Eric L. Adams,3
70,054,New York,Irene Estrada,1
70,054,New York,Jim Walden,1
70,054,New York,Joseph Hernandez,1
70,054,New York,Zohran Kwame Mamdani,629
70,055,New York,Andrew M. Cuomo,137
70,055,New York,Curtis A. Sliwa,13
70,055,New York,Eric L. Adams,5
70,055,New York,Irene Estrada,0
70,055,New York,Jim Walden,1
70,055,New York,Joseph Hernandez,0
70,055,New York,Zohran Kwame Mamdani,515
70,056,New York,Andrew M. Cuomo,125
70,056,New York,Curtis A. Sliwa,8
70,056,New York,Eric L. Adams,1
70,056,New York,Irene Estrada,0
70,056,New York,Jim Walden,0
70,056,New York,Joseph Hernandez,1
70,056,New York,Zohran Kwame Mamdani,485
70,057,New York,Andrew M. Cuomo,93
70,057,New York,Curtis A. Sliwa,8
70,057,New York,Eric L. Adams,3
70,057,New York,Irene Estrada,0
70,057,New York,Jim Walden,2
70,057,New York,Joseph Hernandez,2
70,057,New York,Zohran Kwame Mamdani,342
70,058,New York,Andrew M. Cuomo,164
70,058,New York,Curtis A. Sliwa,16
70,058,New York,Eric L. Adams,4
70,058,New York,Irene Estrada,1
70,058,New York,Jim Walden,1
70,058,New York,Joseph Hernandez,1
70,058,New York,Zohran Kwame Mamdani,571
70,059,New York,Andrew M. Cuomo,139
70,059,New York,Curtis A. Sliwa,22
70,059,New York,Eric L. Adams,3
70,059,New York,Irene Estrada,1
70,059,New York,Jim Walden,2
70,059,New York,Joseph Hernandez,1
70,059,New York,Zohran Kwame Mamdani,458
70,060,New York,Andrew M. Cuomo,183
70,060,New York,Curtis A. Sliwa,12
70,060,New York,Eric L. Adams,2
70,060,New York,Irene Estrada,1
70,060,New York,Jim Walden,2
70,060,New York,Joseph Hernandez,1
70,060,New York,Zohran Kwame Mamdani,630
70,061,New York,Andrew M. Cuomo,144
70,061,New York,Curtis A. Sliwa,12
70,061,New York,Eric L. Adams,0
70,061,New York,Irene Estrada,0
70,061,New York,Jim Walden,0
70,061,New York,Joseph Hernandez,0
70,061,New York,Zohran Kwame Mamdani,462
70,062,New York,Andrew M. Cuomo,179
70,062,New York,Curtis A. Sliwa,16
70,062,New York,Eric L. Adams,4
70,062,New York,Irene Estrada,1
70,062,New York,Jim Walden,0
70,062,New York,Joseph Hernandez,0
70,062,New York,Zohran Kwame Mamdani,570
70,063,New York,Andrew M. Cuomo,168
70,063,New York,Curtis A. Sliwa,14
70,063,New York,Eric L. Adams,3
70,063,New York,Irene Estrada,2
70,063,New York,Jim Walden,0
70,063,New York,Joseph Hernandez,0
70,063,New York,Zohran Kwame Mamdani,345
70,064,New York,Andrew M. Cuomo,188
70,064,New York,Curtis A. Sliwa,20
70,064,New York,Eric L. Adams,3
70,064,New York,Irene Estrada,0
70,064,New York,Jim Walden,3
70,064,New York,Joseph Hernandez,1
70,064,New York,Zohran Kwame Mamdani,577
70,065,New York,Andrew M. Cuomo,173
70,065,New York,Curtis A. Sliwa,23
70,065,New York,Eric L. Adams,5
70,065,New York,Irene Estrada,1
70,065,New York,Jim Walden,0
70,065,New York,Joseph Hernandez,0
70,065,New York,Zohran Kwame Mamdani,463
70,066,New York,Andrew M. Cuomo,253
70,066,New York,Curtis A. Sliwa,18
70,066,New York,Eric L. Adams,0
70,066,New York,Irene Estrada,3
70,066,New York,Jim Walden,2
70,066,New York,Joseph Hernandez,1
70,066,New York,Zohran Kwame Mamdani,619
70,067,New York,Andrew M. Cuomo,138
70,067,New York,Curtis A. Sliwa,13
70,067,New York,Eric L. Adams,1
70,067,New York,Irene Estrada,1
70,067,New York,Jim Walden,0
70,067,New York,Joseph Hernandez,0
70,067,New York,Zohran Kwame Mamdani,220
70,068,New York,Andrew M. Cuomo,116
70,068,New York,Curtis A. Sliwa,7
70,068,New York,Eric L. Adams,2
70,068,New York,Irene Estrada,1
70,068,New York,Jim Walden,0
70,068,New York,Joseph Hernandez,0
70,068,New York,Zohran Kwame Mamdani,211
70,069,New York,Andrew M. Cuomo,198
70,069,New York,Curtis A. Sliwa,8
70,069,New York,Eric L. Adams,3
70,069,New York,Irene Estrada,1
70,069,New York,Jim Walden,0
70,069,New York,Joseph Hernandez,0
70,069,New York,Zohran Kwame Mamdani,488
70,070,New York,Andrew M. Cuomo,87
70,070,New York,Curtis A. Sliwa,11
70,070,New York,Eric L. Adams,2
70,070,New York,Irene Estrada,0
70,070,New York,Jim Walden,0
70,070,New York,Joseph Hernandez,1
70,070,New York,Zohran Kwame Mamdani,193
70,071,New York,Andrew M. Cuomo,157
70,071,New York,Curtis A. Sliwa,17
70,071,New York,Eric L. Adams,7
70,071,New York,Irene Estrada,2
70,071,New York,Jim Walden,2
70,071,New York,Joseph Hernandez,1
70,071,New York,Zohran Kwame Mamdani,344
71,001,New York,Andrew M. Cuomo,171
71,001,New York,Curtis A. Sliwa,25
71,001,New York,Eric L. Adams,0
71,001,New York,Irene Estrada,1
71,001,New York,Jim Walden,0
71,001,New York,Joseph Hernandez,2
71,001,New York,Zohran Kwame Mamdani,623
71,002,New York,Andrew M. Cuomo,164
71,002,New York,Curtis A. Sliwa,32
71,002,New York,Eric L. Adams,0
71,002,New York,Irene Estrada,0
71,002,New York,Jim Walden,0
71,002,New York,Joseph Hernandez,0
71,002,New York,Zohran Kwame Mamdani,555
71,003,New York,Andrew M. Cuomo,354
71,003,New York,Curtis A. Sliwa,40
71,003,New York,Eric L. Adams,3
71,003,New York,Irene Estrada,1
71,003,New York,Jim Walden,5
71,003,New York,Joseph Hernandez,1
71,003,New York,Zohran Kwame Mamdani,746
71,004,New York,Andrew M. Cuomo,282
71,004,New York,Curtis A. Sliwa,32
71,004,New York,Eric L. Adams,3
71,004,New York,Irene Estrada,2
71,004,New York,Jim Walden,0
71,004,New York,Joseph Hernandez,1
71,004,New York,Zohran Kwame Mamdani,927
71,005,New York,Andrew M. Cuomo,227
71,005,New York,Curtis A. Sliwa,23
71,005,New York,Eric L. Adams,1
71,005,New York,Irene Estrada,0
71,005,New York,Jim Walden,0
71,005,New York,Joseph Hernandez,0
71,005,New York,Zohran Kwame Mamdani,760
71,006,New York,Andrew M. Cuomo,270
71,006,New York,Curtis A. Sliwa,20
71,006,New York,Eric L. Adams,1
71,006,New York,Irene Estrada,0
71,006,New York,Jim Walden,3
71,006,New York,Joseph Hernandez,1
71,006,New York,Zohran Kwame Mamdani,671
71,007,New York,Andrew M. Cuomo,197
71,007,New York,Curtis A. Sliwa,32
71,007,New York,Eric L. Adams,1
71,007,New York,Irene Estrada,1
71,007,New York,Jim Walden,1
71,007,New York,Joseph Hernandez,0
71,007,New York,Zohran Kwame Mamdani,645
71,008,New York,Andrew M. Cuomo,241
71,008,New York,Curtis A. Sliwa,27
71,008,New York,Eric L. Adams,0
71,008,New York,Irene Estrada,0
71,008,New York,Jim Walden,3
71,008,New York,Joseph Hernandez,1
71,008,New York,Zohran Kwame Mamdani,479
71,009,New York,Andrew M. Cuomo,218
71,009,New York,Curtis A. Sliwa,29
71,009,New York,Eric L. Adams,1
71,009,New York,Irene Estrada,3
71,009,New York,Jim Walden,0
71,009,New York,Joseph Hernandez,0
71,009,New York,Zohran Kwame Mamdani,591
71,010,New York,Andrew M. Cuomo,114
71,010,New York,Curtis A. Sliwa,26
71,010,New York,Eric L. Adams,0
71,010,New York,Irene Estrada,0
71,010,New York,Jim Walden,0
71,010,New York,Joseph Hernandez,0
71,010,New York,Zohran Kwame Mamdani,491
71,011,New York,Andrew M. Cuomo,101
71,011,New York,Curtis A. Sliwa,10
71,011,New York,Eric L. Adams,1
71,011,New York,Irene Estrada,0
71,011,New York,Jim Walden,1
71,011,New York,Joseph Hernandez,1
71,011,New York,Zohran Kwame Mamdani,370
71,012,New York,Andrew M. Cuomo,149
71,012,New York,Curtis A. Sliwa,20
71,012,New York,Eric L. Adams,0
71,012,New York,Irene Estrada,0
71,012,New York,Jim Walden,2
71,012,New York,Joseph Hernandez,1
71,012,New York,Zohran Kwame Mamdani,317
71,013,New York,Andrew M. Cuomo,157
71,013,New York,Curtis A. Sliwa,25
71,013,New York,Eric L. Adams,0
71,013,New York,Irene Estrada,0
71,013,New York,Jim Walden,0
71,013,New York,Joseph Hernandez,0
71,013,New York,Zohran Kwame Mamdani,371
71,014,New York,Andrew M. Cuomo,147
71,014,New York,Curtis A. Sliwa,18
71,014,New York,Eric L. Adams,0
71,014,New York,Irene Estrada,0
71,014,New York,Jim Walden,2
71,014,New York,Joseph Hernandez,0
71,014,New York,Zohran Kwame Mamdani,329
71,015,New York,Andrew M. Cuomo,127
71,015,New York,Curtis A. Sliwa,15
71,015,New York,Eric L. Adams,1
71,015,New York,Irene Estrada,0
71,015,New York,Jim Walden,3
71,015,New York,Joseph Hernandez,0
71,015,New York,Zohran Kwame Mamdani,382
71,016,New York,Andrew M. Cuomo,121
71,016,New York,Curtis A. Sliwa,13
71,016,New York,Eric L. Adams,2
71,016,New York,Irene Estrada,1
71,016,New York,Jim Walden,1
71,016,New York,Joseph Hernandez,1
71,016,New York,Zohran Kwame Mamdani,358
71,017,New York,Andrew M. Cuomo,149
71,017,New York,Curtis A. Sliwa,22
71,017,New York,Eric L. Adams,4
71,017,New York,Irene Estrada,1
71,017,New York,Jim Walden,1
71,017,New York,Joseph Hernandez,2
71,017,New York,Zohran Kwame Mamdani,449
71,018,New York,Andrew M. Cuomo,138
71,018,New York,Curtis A. Sliwa,19
71,018,New York,Eric L. Adams,0
71,018,New York,Irene Estrada,0
71,018,New York,Jim Walden,0
71,018,New York,Joseph Hernandez,0
71,018,New York,Zohran Kwame Mamdani,397
71,019,New York,Andrew M. Cuomo,77
71,019,New York,Curtis A. Sliwa,8
71,019,New York,Eric L. Adams,1
71,019,New York,Irene Estrada,0
71,019,New York,Jim Walden,0
71,019,New York,Joseph Hernandez,0
71,019,New York,Zohran Kwame Mamdani,383
71,020,New York,Andrew M. Cuomo,170
71,020,New York,Curtis A. Sliwa,12
71,020,New York,Eric L. Adams,1
71,020,New York,Irene Estrada,1
71,020,New York,Jim Walden,2
71,020,New York,Joseph Hernandez,0
71,020,New York,Zohran Kwame Mamdani,278
71,021,New York,Andrew M. Cuomo,145
71,021,New York,Curtis A. Sliwa,22
71,021,New York,Eric L. Adams,1
71,021,New York,Irene Estrada,0
71,021,New York,Jim Walden,2
71,021,New York,Joseph Hernandez,0
71,021,New York,Zohran Kwame Mamdani,338
71,022,New York,Andrew M. Cuomo,150
71,022,New York,Curtis A. Sliwa,26
71,022,New York,Eric L. Adams,3
71,022,New York,Irene Estrada,1
71,022,New York,Jim Walden,0
71,022,New York,Joseph Hernandez,0
71,022,New York,Zohran Kwame Mamdani,279
71,023,New York,Andrew M. Cuomo,181
71,023,New York,Curtis A. Sliwa,16
71,023,New York,Eric L. Adams,2
71,023,New York,Irene Estrada,1
71,023,New York,Jim Walden,0
71,023,New York,Joseph Hernandez,1
71,023,New York,Zohran Kwame Mamdani,333
71,024,New York,Andrew M. Cuomo,276
71,024,New York,Curtis A. Sliwa,22
71,024,New York,Eric L. Adams,5
71,024,New York,Irene Estrada,1
71,024,New York,Jim Walden,2
71,024,New York,Joseph Hernandez,2
71,024,New York,Zohran Kwame Mamdani,575
71,025,New York,Andrew M. Cuomo,87
71,025,New York,Curtis A. Sliwa,12
71,025,New York,Eric L. Adams,2
71,025,New York,Irene Estrada,2
71,025,New York,Jim Walden,1
71,025,New York,Joseph Hernandez,0
71,025,New York,Zohran Kwame Mamdani,268
71,026,New York,Andrew M. Cuomo,108
71,026,New York,Curtis A. Sliwa,4
71,026,New York,Eric L. Adams,0
71,026,New York,Irene Estrada,0
71,026,New York,Jim Walden,1
71,026,New York,Joseph Hernandez,3
71,026,New York,Zohran Kwame Mamdani,368
71,027,New York,Andrew M. Cuomo,153
71,027,New York,Curtis A. Sliwa,12
71,027,New York,Eric L. Adams,0
71,027,New York,Irene Estrada,1
71,027,New York,Jim Walden,0
71,027,New York,Joseph Hernandez,0
71,027,New York,Zohran Kwame Mamdani,399
71,028,New York,Andrew M. Cuomo,135
71,028,New York,Curtis A. Sliwa,15
71,028,New York,Eric L. Adams,1
71,028,New York,Irene Estrada,1
71,028,New York,Jim Walden,0
71,028,New York,Joseph Hernandez,1
71,028,New York,Zohran Kwame Mamdani,370
71,029,New York,Andrew M. Cuomo,148
71,029,New York,Curtis A. Sliwa,11
71,029,New York,Eric L. Adams,1
71,029,New York,Irene Estrada,1
71,029,New York,Jim Walden,2
71,029,New York,Joseph Hernandez,0
71,029,New York,Zohran Kwame Mamdani,326
71,030,New York,Andrew M. Cuomo,148
71,030,New York,Curtis A. Sliwa,10
71,030,New York,Eric L. Adams,1
71,030,New York,Irene Estrada,0
71,030,New York,Jim Walden,1
71,030,New York,Joseph Hernandez,0
71,030,New York,Zohran Kwame Mamdani,340
71,031,New York,Andrew M. Cuomo,94
71,031,New York,Curtis A. Sliwa,4
71,031,New York,Eric L. Adams,0
71,031,New York,Irene Estrada,1
71,031,New York,Jim Walden,3
71,031,New York,Joseph Hernandez,0
71,031,New York,Zohran Kwame Mamdani,144
71,032,New York,Andrew M. Cuomo,159
71,032,New York,Curtis A. Sliwa,12
71,032,New York,Eric L. Adams,3
71,032,New York,Irene Estrada,2
71,032,New York,Jim Walden,2
71,032,New York,Joseph Hernandez,0
71,032,New York,Zohran Kwame Mamdani,219
71,033,New York,Andrew M. Cuomo,41
71,033,New York,Curtis A. Sliwa,7
71,033,New York,Eric L. Adams,0
71,033,New York,Irene Estrada,0
71,033,New York,Jim Walden,0
71,033,New York,Joseph Hernandez,0
71,033,New York,Zohran Kwame Mamdani,38
71,034,New York,Andrew M. Cuomo,130
71,034,New York,Curtis A. Sliwa,19
71,034,New York,Eric L. Adams,3
71,034,New York,Irene Estrada,1
71,034,New York,Jim Walden,0
71,034,New York,Joseph Hernandez,1
71,034,New York,Zohran Kwame Mamdani,168
71,035,New York,Andrew M. Cuomo,128
71,035,New York,Curtis A. Sliwa,16
71,035,New York,Eric L. Adams,2
71,035,New York,Irene Estrada,0
71,035,New York,Jim Walden,2
71,035,New York,Joseph Hernandez,1
71,035,New York,Zohran Kwame Mamdani,399
71,036,New York,Andrew M. Cuomo,150
71,036,New York,Curtis A. Sliwa,17
71,036,New York,Eric L. Adams,3
71,036,New York,Irene Estrada,0
71,036,New York,Jim Walden,0
71,036,New York,Joseph Hernandez,0
71,036,New York,Zohran Kwame Mamdani,454
71,037,New York,Andrew M. Cuomo,179
71,037,New York,Curtis A. Sliwa,15
71,037,New York,Eric L. Adams,1
71,037,New York,Irene Estrada,0
71,037,New York,Jim Walden,0
71,037,New York,Joseph Hernandez,0
71,037,New York,Zohran Kwame Mamdani,341
71,038,New York,Andrew M. Cuomo,112
71,038,New York,Curtis A. Sliwa,21
71,038,New York,Eric L. Adams,1
71,038,New York,Irene Estrada,1
71,038,New York,Jim Walden,0
71,038,New York,Joseph Hernandez,0
71,038,New York,Zohran Kwame Mamdani,497
71,039,New York,Andrew M. Cuomo,153
71,039,New York,Curtis A. Sliwa,14
71,039,New York,Eric L. Adams,0
71,039,New York,Irene Estrada,0
71,039,New York,Jim Walden,0
71,039,New York,Joseph Hernandez,0
71,039,New York,Zohran Kwame Mamdani,445
71,040,New York,Andrew M. Cuomo,134
71,040,New York,Curtis A. Sliwa,10
71,040,New York,Eric L. Adams,3
71,040,New York,Irene Estrada,2
71,040,New York,Jim Walden,0
71,040,New York,Joseph Hernandez,0
71,040,New York,Zohran Kwame Mamdani,393
71,041,New York,Andrew M. Cuomo,129
71,041,New York,Curtis A. Sliwa,16
71,041,New York,Eric L. Adams,3
71,041,New York,Irene Estrada,0
71,041,New York,Jim Walden,0
71,041,New York,Joseph Hernandez,0
71,041,New York,Zohran Kwame Mamdani,475
71,042,New York,Andrew M. Cuomo,150
71,042,New York,Curtis A. Sliwa,12
71,042,New York,Eric L. Adams,1
71,042,New York,Irene Estrada,1
71,042,New York,Jim Walden,0
71,042,New York,Joseph Hernandez,1
71,042,New York,Zohran Kwame Mamdani,514
71,043,New York,Andrew M. Cuomo,97
71,043,New York,Curtis A. Sliwa,10
71,043,New York,Eric L. Adams,0
71,043,New York,Irene Estrada,1
71,043,New York,Jim Walden,0
71,043,New York,Joseph Hernandez,0
71,043,New York,Zohran Kwame Mamdani,282
71,044,New York,Andrew M. Cuomo,134
71,044,New York,Curtis A. Sliwa,14
71,044,New York,Eric L. Adams,2
71,044,New York,Irene Estrada,0
71,044,New York,Jim Walden,0
71,044,New York,Joseph Hernandez,0
71,044,New York,Zohran Kwame Mamdani,301
71,045,New York,Andrew M. Cuomo,116
71,045,New York,Curtis A. Sliwa,12
71,045,New York,Eric L. Adams,1
71,045,New York,Irene Estrada,0
71,045,New York,Jim Walden,0
71,045,New York,Joseph Hernandez,0
71,045,New York,Zohran Kwame Mamdani,287
71,046,New York,Andrew M. Cuomo,132
71,046,New York,Curtis A. Sliwa,21
71,046,New York,Eric L. Adams,1
71,046,New York,Irene Estrada,0
71,046,New York,Jim Walden,1
71,046,New York,Joseph Hernandez,1
71,046,New York,Zohran Kwame Mamdani,388
71,047,New York,Andrew M. Cuomo,109
71,047,New York,Curtis A. Sliwa,5
71,047,New York,Eric L. Adams,4
71,047,New York,Irene Estrada,2
71,047,New York,Jim Walden,0
71,047,New York,Joseph Hernandez,0
71,047,New York,Zohran Kwame Mamdani,238
71,048,New York,Andrew M. Cuomo,149
71,048,New York,Curtis A. Sliwa,11
71,048,New York,Eric L. Adams,1
71,048,New York,Irene Estrada,0
71,048,New York,Jim Walden,1
71,048,New York,Joseph Hernandez,1
71,048,New York,Zohran Kwame Mamdani,450
71,049,New York,Andrew M. Cuomo,148
71,049,New York,Curtis A. Sliwa,15
71,049,New York,Eric L. Adams,2
71,049,New York,Irene Estrada,0
71,049,New York,Jim Walden,2
71,049,New York,Joseph Hernandez,0
71,049,New York,Zohran Kwame Mamdani,487
71,050,New York,Andrew M. Cuomo,117
71,050,New York,Curtis A. Sliwa,19
71,050,New York,Eric L. Adams,6
71,050,New York,Irene Estrada,0
71,050,New York,Jim Walden,1
71,050,New York,Joseph Hernandez,0
71,050,New York,Zohran Kwame Mamdani,311
71,051,New York,Andrew M. Cuomo,141
71,051,New York,Curtis A. Sliwa,14
71,051,New York,Eric L. Adams,4
71,051,New York,Irene Estrada,1
71,051,New York,Jim Walden,0
71,051,New York,Joseph Hernandez,2
71,051,New York,Zohran Kwame Mamdani,595
71,052,New York,Andrew M. Cuomo,169
71,052,New York,Curtis A. Sliwa,22
71,052,New York,Eric L. Adams,5
71,052,New York,Irene Estrada,2
71,052,New York,Jim Walden,1
71,052,New York,Joseph Hernandez,0
71,052,New York,Zohran Kwame Mamdani,630
71,053,New York,Andrew M. Cuomo,98
71,053,New York,Curtis A. Sliwa,8
71,053,New York,Eric L. Adams,4
71,053,New York,Irene Estrada,1
71,053,New York,Jim Walden,0
71,053,New York,Joseph Hernandez,0
71,053,New York,Zohran Kwame Mamdani,229
71,054,New York,Andrew M. Cuomo,156
71,054,New York,Curtis A. Sliwa,17
71,054,New York,Eric L. Adams,4
71,054,New York,Irene Estrada,0
71,054,New York,Jim Walden,0
71,054,New York,Joseph Hernandez,2
71,054,New York,Zohran Kwame Mamdani,255
71,055,New York,Andrew M. Cuomo,191
71,055,New York,Curtis A. Sliwa,23
71,055,New York,Eric L. Adams,4
71,055,New York,Irene Estrada,5
71,055,New York,Jim Walden,1
71,055,New York,Joseph Hernandez,0
71,055,New York,Zohran Kwame Mamdani,543
71,056,New York,Andrew M. Cuomo,129
71,056,New York,Curtis A. Sliwa,13
71,056,New York,Eric L. Adams,3
71,056,New York,Irene Estrada,0
71,056,New York,Jim Walden,0
71,056,New York,Joseph Hernandez,0
71,056,New York,Zohran Kwame Mamdani,418
71,057,New York,Andrew M. Cuomo,139
71,057,New York,Curtis A. Sliwa,10
71,057,New York,Eric L. Adams,2
71,057,New York,Irene Estrada,1
71,057,New York,Jim Walden,1
71,057,New York,Joseph Hernandez,0
71,057,New York,Zohran Kwame Mamdani,411
71,058,New York,Andrew M. Cuomo,132
71,058,New York,Curtis A. Sliwa,8
71,058,New York,Eric L. Adams,0
71,058,New York,Irene Estrada,1
71,058,New York,Jim Walden,0
71,058,New York,Joseph Hernandez,0
71,058,New York,Zohran Kwame Mamdani,411
71,059,New York,Andrew M. Cuomo,182
71,059,New York,Curtis A. Sliwa,18
71,059,New York,Eric L. Adams,0
71,059,New York,Irene Estrada,1
71,059,New York,Jim Walden,1
71,059,New York,Joseph Hernandez,0
71,059,New York,Zohran Kwame Mamdani,534
71,060,New York,Andrew M. Cuomo,153
71,060,New York,Curtis A. Sliwa,8
71,060,New York,Eric L. Adams,5
71,060,New York,Irene Estrada,1
71,060,New York,Jim Walden,2
71,060,New York,Joseph Hernandez,0
71,060,New York,Zohran Kwame Mamdani,324
71,061,New York,Andrew M. Cuomo,321
71,061,New York,Curtis A. Sliwa,12
71,061,New York,Eric L. Adams,5
71,061,New York,Irene Estrada,2
71,061,New York,Jim Walden,0
71,061,New York,Joseph Hernandez,0
71,061,New York,Zohran Kwame Mamdani,452
71,062,New York,Andrew M. Cuomo,205
71,062,New York,Curtis A. Sliwa,8
71,062,New York,Eric L. Adams,3
71,062,New York,Irene Estrada,2
71,062,New York,Jim Walden,1
71,062,New York,Joseph Hernandez,0
71,062,New York,Zohran Kwame Mamdani,272
71,063,New York,Andrew M. Cuomo,175
71,063,New York,Curtis A. Sliwa,11
71,063,New York,Eric L. Adams,4
71,063,New York,Irene Estrada,0
71,063,New York,Jim Walden,0
71,063,New York,Joseph Hernandez,0
71,063,New York,Zohran Kwame Mamdani,251
71,064,New York,Andrew M. Cuomo,173
71,064,New York,Curtis A. Sliwa,12
71,064,New York,Eric L. Adams,3
71,064,New York,Irene Estrada,1
71,064,New York,Jim Walden,1
71,064,New York,Joseph Hernandez,0
71,064,New York,Zohran Kwame Mamdani,282
71,065,New York,Andrew M. Cuomo,74
71,065,New York,Curtis A. Sliwa,5
71,065,New York,Eric L. Adams,2
71,065,New York,Irene Estrada,0
71,065,New York,Jim Walden,0
71,065,New York,Joseph Hernandez,0
71,065,New York,Zohran Kwame Mamdani,31
72,001,New York,Andrew M. Cuomo,182
72,001,New York,Curtis A. Sliwa,12
72,001,New York,Eric L. Adams,3
72,001,New York,Irene Estrada,1
72,001,New York,Jim Walden,1
72,001,New York,Joseph Hernandez,1
72,001,New York,Zohran Kwame Mamdani,178
72,002,New York,Andrew M. Cuomo,171
72,002,New York,Curtis A. Sliwa,33
72,002,New York,Eric L. Adams,0
72,002,New York,Irene Estrada,1
72,002,New York,Jim Walden,0
72,002,New York,Joseph Hernandez,0
72,002,New York,Zohran Kwame Mamdani,231
72,003,New York,Andrew M. Cuomo,131
72,003,New York,Curtis A. Sliwa,23
72,003,New York,Eric L. Adams,1
72,003,New York,Irene Estrada,1
72,003,New York,Jim Walden,1
72,003,New York,Joseph Hernandez,0
72,003,New York,Zohran Kwame Mamdani,317
72,004,New York,Andrew M. Cuomo,197
72,004,New York,Curtis A. Sliwa,23
72,004,New York,Eric L. Adams,1
72,004,New York,Irene Estrada,1
72,004,New York,Jim Walden,4
72,004,New York,Joseph Hernandez,0
72,004,New York,Zohran Kwame Mamdani,686
72,005,New York,Andrew M. Cuomo,175
72,005,New York,Curtis A. Sliwa,44
72,005,New York,Eric L. Adams,1
72,005,New York,Irene Estrada,3
72,005,New York,Jim Walden,1
72,005,New York,Joseph Hernandez,1
72,005,New York,Zohran Kwame Mamdani,683
72,006,New York,Andrew M. Cuomo,153
72,006,New York,Curtis A. Sliwa,40
72,006,New York,Eric L. Adams,2
72,006,New York,Irene Estrada,2
72,006,New York,Jim Walden,2
72,006,New York,Joseph Hernandez,0
72,006,New York,Zohran Kwame Mamdani,488
72,007,New York,Andrew M. Cuomo,157
72,007,New York,Curtis A. Sliwa,19
72,007,New York,Eric L. Adams,1
72,007,New York,Irene Estrada,1
72,007,New York,Jim Walden,0
72,007,New York,Joseph Hernandez,0
72,007,New York,Zohran Kwame Mamdani,255
72,008,New York,Andrew M. Cuomo,127
72,008,New York,Curtis A. Sliwa,18
72,008,New York,Eric L. Adams,0
72,008,New York,Irene Estrada,1
72,008,New York,Jim Walden,1
72,008,New York,Joseph Hernandez,0
72,008,New York,Zohran Kwame Mamdani,464
72,009,New York,Andrew M. Cuomo,161
72,009,New York,Curtis A. Sliwa,36
72,009,New York,Eric L. Adams,2
72,009,New York,Irene Estrada,1
72,009,New York,Jim Walden,2
72,009,New York,Joseph Hernandez,1
72,009,New York,Zohran Kwame Mamdani,613
72,010,New York,Andrew M. Cuomo,155
72,010,New York,Curtis A. Sliwa,25
72,010,New York,Eric L. Adams,0
72,010,New York,Irene Estrada,1
72,010,New York,Jim Walden,0
72,010,New York,Joseph Hernandez,1
72,010,New York,Zohran Kwame Mamdani,482
72,011,New York,Andrew M. Cuomo,190
72,011,New York,Curtis A. Sliwa,15
72,011,New York,Eric L. Adams,1
72,011,New York,Irene Estrada,2
72,011,New York,Jim Walden,0
72,011,New York,Joseph Hernandez,0
72,011,New York,Zohran Kwame Mamdani,231
72,012,New York,Andrew M. Cuomo,194
72,012,New York,Curtis A. Sliwa,22
72,012,New York,Eric L. Adams,1
72,012,New York,Irene Estrada,0
72,012,New York,Jim Walden,0
72,012,New York,Joseph Hernandez,0
72,012,New York,Zohran Kwame Mamdani,225
72,013,New York,Andrew M. Cuomo,196
72,013,New York,Curtis A. Sliwa,13
72,013,New York,Eric L. Adams,1
72,013,New York,Irene Estrada,0
72,013,New York,Jim Walden,0
72,013,New York,Joseph Hernandez,0
72,013,New York,Zohran Kwame Mamdani,207
72,014,New York,Andrew M. Cuomo,154
72,014,New York,Curtis A. Sliwa,17
72,014,New York,Eric L. Adams,1
72,014,New York,Irene Estrada,2
72,014,New York,Jim Walden,0
72,014,New York,Joseph Hernandez,0
72,014,New York,Zohran Kwame Mamdani,311
72,015,New York,Andrew M. Cuomo,200
72,015,New York,Curtis A. Sliwa,25
72,015,New York,Eric L. Adams,1
72,015,New York,Irene Estrada,1
72,015,New York,Jim Walden,3
72,015,New York,Joseph Hernandez,1
72,015,New York,Zohran Kwame Mamdani,312
72,016,New York,Andrew M. Cuomo,134
72,016,New York,Curtis A. Sliwa,13
72,016,New York,Eric L. Adams,1
72,016,New York,Irene Estrada,0
72,016,New York,Jim Walden,0
72,016,New York,Joseph Hernandez,0
72,016,New York,Zohran Kwame Mamdani,153
72,017,New York,Andrew M. Cuomo,154
72,017,New York,Curtis A. Sliwa,15
72,017,New York,Eric L. Adams,1
72,017,New York,Irene Estrada,0
72,017,New York,Jim Walden,0
72,017,New York,Joseph Hernandez,0
72,017,New York,Zohran Kwame Mamdani,174
72,018,New York,Andrew M. Cuomo,106
72,018,New York,Curtis A. Sliwa,16
72,018,New York,Eric L. Adams,2
72,018,New York,Irene Estrada,0
72,018,New York,Jim Walden,0
72,018,New York,Joseph Hernandez,0
72,018,New York,Zohran Kwame Mamdani,292
72,019,New York,Andrew M. Cuomo,127
72,019,New York,Curtis A. Sliwa,10
72,019,New York,Eric L. Adams,2
72,019,New York,Irene Estrada,0
72,019,New York,Jim Walden,1
72,019,New York,Joseph Hernandez,0
72,019,New York,Zohran Kwame Mamdani,351
72,020,New York,Andrew M. Cuomo,139
72,020,New York,Curtis A. Sliwa,15
72,020,New York,Eric L. Adams,3
72,020,New York,Irene Estrada,1
72,020,New York,Jim Walden,0
72,020,New York,Joseph Hernandez,1
72,020,New York,Zohran Kwame Mamdani,206
72,021,New York,Andrew M. Cuomo,134
72,021,New York,Curtis A. Sliwa,10
72,021,New York,Eric L. Adams,4
72,021,New York,Irene Estrada,1
72,021,New York,Jim Walden,0
72,021,New York,Joseph Hernandez,2
72,021,New York,Zohran Kwame Mamdani,134
72,022,New York,Andrew M. Cuomo,110
72,022,New York,Curtis A. Sliwa,14
72,022,New York,Eric L. Adams,1
72,022,New York,Irene Estrada,1
72,022,New York,Jim Walden,0
72,022,New York,Joseph Hernandez,0
72,022,New York,Zohran Kwame Mamdani,146
72,023,New York,Andrew M. Cuomo,155
72,023,New York,Curtis A. Sliwa,26
72,023,New York,Eric L. Adams,1
72,023,New York,Irene Estrada,0
72,023,New York,Jim Walden,0
72,023,New York,Joseph Hernandez,0
72,023,New York,Zohran Kwame Mamdani,237
72,024,New York,Andrew M. Cuomo,131
72,024,New York,Curtis A. Sliwa,13
72,024,New York,Eric L. Adams,1
72,024,New York,Irene Estrada,3
72,024,New York,Jim Walden,0
72,024,New York,Joseph Hernandez,0
72,024,New York,Zohran Kwame Mamdani,228
72,025,New York,Andrew M. Cuomo,256
72,025,New York,Curtis A. Sliwa,40
72,025,New York,Eric L. Adams,4
72,025,New York,Irene Estrada,0
72,025,New York,Jim Walden,2
72,025,New York,Joseph Hernandez,2
72,025,New York,Zohran Kwame Mamdani,264
72,026,New York,Andrew M. Cuomo,219
72,026,New York,Curtis A. Sliwa,32
72,026,New York,Eric L. Adams,3
72,026,New York,Irene Estrada,1
72,026,New York,Jim Walden,1
72,026,New York,Joseph Hernandez,1
72,026,New York,Zohran Kwame Mamdani,525
72,027,New York,Andrew M. Cuomo,159
72,027,New York,Curtis A. Sliwa,30
72,027,New York,Eric L. Adams,2
72,027,New York,Irene Estrada,0
72,027,New York,Jim Walden,0
72,027,New York,Joseph Hernandez,1
72,027,New York,Zohran Kwame Mamdani,278
72,028,New York,Andrew M. Cuomo,74
72,028,New York,Curtis A. Sliwa,11
72,028,New York,Eric L. Adams,2
72,028,New York,Irene Estrada,0
72,028,New York,Jim Walden,0
72,028,New York,Joseph Hernandez,0
72,028,New York,Zohran Kwame Mamdani,159
72,029,New York,Andrew M. Cuomo,146
72,029,New York,Curtis A. Sliwa,20
72,029,New York,Eric L. Adams,2
72,029,New York,Irene Estrada,0
72,029,New York,Jim Walden,0
72,029,New York,Joseph Hernandez,0
72,029,New York,Zohran Kwame Mamdani,352
72,030,New York,Andrew M. Cuomo,135
72,030,New York,Curtis A. Sliwa,21
72,030,New York,Eric L. Adams,2
72,030,New York,Irene Estrada,0
72,030,New York,Jim Walden,0
72,030,New York,Joseph Hernandez,0
72,030,New York,Zohran Kwame Mamdani,334
72,031,New York,Andrew M. Cuomo,145
72,031,New York,Curtis A. Sliwa,9
72,031,New York,Eric L. Adams,1
72,031,New York,Irene Estrada,0
72,031,New York,Jim Walden,0
72,031,New York,Joseph Hernandez,0
72,031,New York,Zohran Kwame Mamdani,215
72,032,New York,Andrew M. Cuomo,174
72,032,New York,Curtis A. Sliwa,15
72,032,New York,Eric L. Adams,4
72,032,New York,Irene Estrada,0
72,032,New York,Jim Walden,1
72,032,New York,Joseph Hernandez,1
72,032,New York,Zohran Kwame Mamdani,322
72,033,New York,Andrew M. Cuomo,181
72,033,New York,Curtis A. Sliwa,8
72,033,New York,Eric L. Adams,1
72,033,New York,Irene Estrada,1
72,033,New York,Jim Walden,3
72,033,New York,Joseph Hernandez,2
72,033,New York,Zohran Kwame Mamdani,280
72,034,New York,Andrew M. Cuomo,113
72,034,New York,Curtis A. Sliwa,12
72,034,New York,Eric L. Adams,0
72,034,New York,Irene Estrada,0
72,034,New York,Jim Walden,1
72,034,New York,Joseph Hernandez,0
72,034,New York,Zohran Kwame Mamdani,125
72,035,New York,Andrew M. Cuomo,114
72,035,New York,Curtis A. Sliwa,6
72,035,New York,Eric L. Adams,0
72,035,New York,Irene Estrada,1
72,035,New York,Jim Walden,0
72,035,New York,Joseph Hernandez,1
72,035,New York,Zohran Kwame Mamdani,227
72,036,New York,Andrew M. Cuomo,107
72,036,New York,Curtis A. Sliwa,13
72,036,New York,Eric L. Adams,0
72,036,New York,Irene Estrada,0
72,036,New York,Jim Walden,2
72,036,New York,Joseph Hernandez,0
72,036,New York,Zohran Kwame Mamdani,181
72,037,New York,Andrew M. Cuomo,247
72,037,New York,Curtis A. Sliwa,30
72,037,New York,Eric L. Adams,2
72,037,New York,Irene Estrada,0
72,037,New York,Jim Walden,1
72,037,New York,Joseph Hernandez,0
72,037,New York,Zohran Kwame Mamdani,257
72,038,New York,Andrew M. Cuomo,444
72,038,New York,Curtis A. Sliwa,13
72,038,New York,Eric L. Adams,1
72,038,New York,Irene Estrada,2
72,038,New York,Jim Walden,0
72,038,New York,Joseph Hernandez,0
72,038,New York,Zohran Kwame Mamdani,177
72,039,New York,Andrew M. Cuomo,162
72,039,New York,Curtis A. Sliwa,22
72,039,New York,Eric L. Adams,0
72,039,New York,Irene Estrada,1
72,039,New York,Jim Walden,0
72,039,New York,Joseph Hernandez,0
72,039,New York,Zohran Kwame Mamdani,255
72,040,New York,Andrew M. Cuomo,164
72,040,New York,Curtis A. Sliwa,17
72,040,New York,Eric L. Adams,2
72,040,New York,Irene Estrada,0
72,040,New York,Jim Walden,0
72,040,New York,Joseph Hernandez,0
72,040,New York,Zohran Kwame Mamdani,193
72,041,New York,Andrew M. Cuomo,196
72,041,New York,Curtis A. Sliwa,26
72,041,New York,Eric L. Adams,1
72,041,New York,Irene Estrada,0
72,041,New York,Jim Walden,1
72,041,New York,Joseph Hernandez,0
72,041,New York,Zohran Kwame Mamdani,383
72,042,New York,Andrew M. Cuomo,208
72,042,New York,Curtis A. Sliwa,24
72,042,New York,Eric L. Adams,1
72,042,New York,Irene Estrada,0
72,042,New York,Jim Walden,1
72,042,New York,Joseph Hernandez,0
72,042,New York,Zohran Kwame Mamdani,206
72,043,New York,Andrew M. Cuomo,165
72,043,New York,Curtis A. Sliwa,10
72,043,New York,Eric L. Adams,1
72,043,New York,Irene Estrada,0
72,043,New York,Jim Walden,0
72,043,New York,Joseph Hernandez,1
72,043,New York,Zohran Kwame Mamdani,286
72,044,New York,Andrew M. Cuomo,165
72,044,New York,Curtis A. Sliwa,11
72,044,New York,Eric L. Adams,1
72,044,New York,Irene Estrada,2
72,044,New York,Jim Walden,0
72,044,New York,Joseph Hernandez,0
72,044,New York,Zohran Kwame Mamdani,239
72,045,New York,Andrew M. Cuomo,113
72,045,New York,Curtis A. Sliwa,7
72,045,New York,Eric L. Adams,1
72,045,New York,Irene Estrada,0
72,045,New York,Jim Walden,1
72,045,New York,Joseph Hernandez,0
72,045,New York,Zohran Kwame Mamdani,151
72,046,New York,Andrew M. Cuomo,201
72,046,New York,Curtis A. Sliwa,15
72,046,New York,Eric L. Adams,3
72,046,New York,Irene Estrada,1
72,046,New York,Jim Walden,1
72,046,New York,Joseph Hernandez,0
72,046,New York,Zohran Kwame Mamdani,179
72,047,New York,Andrew M. Cuomo,103
72,047,New York,Curtis A. Sliwa,12
72,047,New York,Eric L. Adams,0
72,047,New York,Irene Estrada,1
72,047,New York,Jim Walden,2
72,047,New York,Joseph Hernandez,0
72,047,New York,Zohran Kwame Mamdani,172
72,048,New York,Andrew M. Cuomo,121
72,048,New York,Curtis A. Sliwa,15
72,048,New York,Eric L. Adams,0
72,048,New York,Irene Estrada,3
72,048,New York,Jim Walden,0
72,048,New York,Joseph Hernandez,0
72,048,New York,Zohran Kwame Mamdani,229
72,049,New York,Andrew M. Cuomo,134
72,049,New York,Curtis A. Sliwa,17
72,049,New York,Eric L. Adams,0
72,049,New York,Irene Estrada,0
72,049,New York,Jim Walden,0
72,049,New York,Joseph Hernandez,0
72,049,New York,Zohran Kwame Mamdani,180
72,050,New York,Andrew M. Cuomo,113
72,050,New York,Curtis A. Sliwa,20
72,050,New York,Eric L. Adams,1
72,050,New York,Irene Estrada,0
72,050,New York,Jim Walden,1
72,050,New York,Joseph Hernandez,0
72,050,New York,Zohran Kwame Mamdani,184
72,051,New York,Andrew M. Cuomo,101
72,051,New York,Curtis A. Sliwa,17
72,051,New York,Eric L. Adams,0
72,051,New York,Irene Estrada,1
72,051,New York,Jim Walden,0
72,051,New York,Joseph Hernandez,0
72,051,New York,Zohran Kwame Mamdani,185
72,052,New York,Andrew M. Cuomo,159
72,052,New York,Curtis A. Sliwa,15
72,052,New York,Eric L. Adams,0
72,052,New York,Irene Estrada,0
72,052,New York,Jim Walden,0
72,052,New York,Joseph Hernandez,1
72,052,New York,Zohran Kwame Mamdani,250
72,053,New York,Andrew M. Cuomo,147
72,053,New York,Curtis A. Sliwa,19
72,053,New York,Eric L. Adams,0
72,053,New York,Irene Estrada,0
72,053,New York,Jim Walden,0
72,053,New York,Joseph Hernandez,1
72,053,New York,Zohran Kwame Mamdani,215
72,054,New York,Andrew M. Cuomo,136
72,054,New York,Curtis A. Sliwa,13
72,054,New York,Eric L. Adams,0
72,054,New York,Irene Estrada,0
72,054,New York,Jim Walden,0
72,054,New York,Joseph Hernandez,1
72,054,New York,Zohran Kwame Mamdani,158
72,055,New York,Andrew M. Cuomo,123
72,055,New York,Curtis A. Sliwa,12
72,055,New York,Eric L. Adams,0
72,055,New York,Irene Estrada,2
72,055,New York,Jim Walden,0
72,055,New York,Joseph Hernandez,1
72,055,New York,Zohran Kwame Mamdani,300
72,056,New York,Andrew M. Cuomo,105
72,056,New York,Curtis A. Sliwa,18
72,056,New York,Eric L. Adams,3
72,056,New York,Irene Estrada,2
72,056,New York,Jim Walden,0
72,056,New York,Joseph Hernandez,0
72,056,New York,Zohran Kwame Mamdani,260
72,057,New York,Andrew M. Cuomo,130
72,057,New York,Curtis A. Sliwa,14
72,057,New York,Eric L. Adams,2
72,057,New York,Irene Estrada,1
72,057,New York,Jim Walden,0
72,057,New York,Joseph Hernandez,0
72,057,New York,Zohran Kwame Mamdani,261
72,058,New York,Andrew M. Cuomo,127
72,058,New York,Curtis A. Sliwa,22
72,058,New York,Eric L. Adams,1
72,058,New York,Irene Estrada,0
72,058,New York,Jim Walden,0
72,058,New York,Joseph Hernandez,6
72,058,New York,Zohran Kwame Mamdani,538
72,059,New York,Andrew M. Cuomo,142
72,059,New York,Curtis A. Sliwa,20
72,059,New York,Eric L. Adams,1
72,059,New York,Irene Estrada,0
72,059,New York,Jim Walden,0
72,059,New York,Joseph Hernandez,0
72,059,New York,Zohran Kwame Mamdani,265
72,060,New York,Andrew M. Cuomo,121
72,060,New York,Curtis A. Sliwa,18
72,060,New York,Eric L. Adams,0
72,060,New York,Irene Estrada,0
72,060,New York,Jim Walden,0
72,060,New York,Joseph Hernandez,0
72,060,New York,Zohran Kwame Mamdani,231
72,061,New York,Andrew M. Cuomo,106
72,061,New York,Curtis A. Sliwa,16
72,061,New York,Eric L. Adams,0
72,061,New York,Irene Estrada,2
72,061,New York,Jim Walden,0
72,061,New York,Joseph Hernandez,0
72,061,New York,Zohran Kwame Mamdani,234
72,062,New York,Andrew M. Cuomo,136
72,062,New York,Curtis A. Sliwa,19
72,062,New York,Eric L. Adams,2
72,062,New York,Irene Estrada,1
72,062,New York,Jim Walden,0
72,062,New York,Joseph Hernandez,0
72,062,New York,Zohran Kwame Mamdani,200
72,063,New York,Andrew M. Cuomo,98
72,063,New York,Curtis A. Sliwa,11
72,063,New York,Eric L. Adams,2
72,063,New York,Irene Estrada,0
72,063,New York,Jim Walden,0
72,063,New York,Joseph Hernandez,0
72,063,New York,Zohran Kwame Mamdani,201
73,001,New York,Andrew M. Cuomo,669
73,001,New York,Curtis A. Sliwa,49
73,001,New York,Eric L. Adams,3
73,001,New York,Irene Estrada,1
73,001,New York,Jim Walden,1
73,001,New York,Joseph Hernandez,1
73,001,New York,Zohran Kwame Mamdani,419
73,002,New York,Andrew M. Cuomo,198
73,002,New York,Curtis A. Sliwa,11
73,002,New York,Eric L. Adams,0
73,002,New York,Irene Estrada,0
73,002,New York,Jim Walden,0
73,002,New York,Joseph Hernandez,0
73,002,New York,Zohran Kwame Mamdani,79
73,003,New York,Andrew M. Cuomo,447
73,003,New York,Curtis A. Sliwa,35
73,003,New York,Eric L. Adams,1
73,003,New York,Irene Estrada,2
73,003,New York,Jim Walden,3
73,003,New York,Joseph Hernandez,0
73,003,New York,Zohran Kwame Mamdani,321
73,004,New York,Andrew M. Cuomo,561
73,004,New York,Curtis A. Sliwa,28
73,004,New York,Eric L. Adams,3
73,004,New York,Irene Estrada,0
73,004,New York,Jim Walden,1
73,004,New York,Joseph Hernandez,0
73,004,New York,Zohran Kwame Mamdani,507
73,005,New York,Andrew M. Cuomo,265
73,005,New York,Curtis A. Sliwa,9
73,005,New York,Eric L. Adams,0
73,005,New York,Irene Estrada,0
73,005,New York,Jim Walden,1
73,005,New York,Joseph Hernandez,0
73,005,New York,Zohran Kwame Mamdani,265
73,006,New York,Andrew M. Cuomo,523
73,006,New York,Curtis A. Sliwa,47
73,006,New York,Eric L. Adams,3
73,006,New York,Irene Estrada,0
73,006,New York,Jim Walden,3
73,006,New York,Joseph Hernandez,0
73,006,New York,Zohran Kwame Mamdani,308
73,007,New York,Andrew M. Cuomo,374
73,007,New York,Curtis A. Sliwa,31
73,007,New York,Eric L. Adams,0
73,007,New York,Irene Estrada,1
73,007,New York,Jim Walden,2
73,007,New York,Joseph Hernandez,0
73,007,New York,Zohran Kwame Mamdani,296
73,008,New York,Andrew M. Cuomo,170
73,008,New York,Curtis A. Sliwa,13
73,008,New York,Eric L. Adams,2
73,008,New York,Irene Estrada,0
73,008,New York,Jim Walden,1
73,008,New York,Joseph Hernandez,0
73,008,New York,Zohran Kwame Mamdani,91
73,009,New York,Andrew M. Cuomo,371
73,009,New York,Curtis A. Sliwa,36
73,009,New York,Eric L. Adams,2
73,009,New York,Irene Estrada,2
73,009,New York,Jim Walden,1
73,009,New York,Joseph Hernandez,0
73,009,New York,Zohran Kwame Mamdani,138
73,010,New York,Andrew M. Cuomo,426
73,010,New York,Curtis A. Sliwa,12
73,010,New York,Eric L. Adams,0
73,010,New York,Irene Estrada,0
73,010,New York,Jim Walden,0
73,010,New York,Joseph Hernandez,0
73,010,New York,Zohran Kwame Mamdani,61
73,011,New York,Andrew M. Cuomo,636
73,011,New York,Curtis A. Sliwa,33
73,011,New York,Eric L. Adams,1
73,011,New York,Irene Estrada,0
73,011,New York,Jim Walden,1
73,011,New York,Joseph Hernandez,0
73,011,New York,Zohran Kwame Mamdani,198
73,012,New York,Andrew M. Cuomo,478
73,012,New York,Curtis A. Sliwa,28
73,012,New York,Eric L. Adams,1
73,012,New York,Irene Estrada,1
73,012,New York,Jim Walden,2
73,012,New York,Joseph Hernandez,0
73,012,New York,Zohran Kwame Mamdani,461
73,013,New York,Andrew M. Cuomo,442
73,013,New York,Curtis A. Sliwa,26
73,013,New York,Eric L. Adams,0
73,013,New York,Irene Estrada,0
73,013,New York,Jim Walden,3
73,013,New York,Joseph Hernandez,1
73,013,New York,Zohran Kwame Mamdani,341
73,014,New York,Andrew M. Cuomo,250
73,014,New York,Curtis A. Sliwa,32
73,014,New York,Eric L. Adams,0
73,014,New York,Irene Estrada,2
73,014,New York,Jim Walden,1
73,014,New York,Joseph Hernandez,0
73,014,New York,Zohran Kwame Mamdani,270
73,015,New York,Andrew M. Cuomo,544
73,015,New York,Curtis A. Sliwa,32
73,015,New York,Eric L. Adams,1
73,015,New York,Irene Estrada,0
73,015,New York,Jim Walden,2
73,015,New York,Joseph Hernandez,0
73,015,New York,Zohran Kwame Mamdani,421
73,016,New York,Andrew M. Cuomo,346
73,016,New York,Curtis A. Sliwa,25
73,016,New York,Eric L. Adams,2
73,016,New York,Irene Estrada,3
73,016,New York,Jim Walden,1
73,016,New York,Joseph Hernandez,0
73,016,New York,Zohran Kwame Mamdani,359
73,017,New York,Andrew M. Cuomo,455
73,017,New York,Curtis A. Sliwa,38
73,017,New York,Eric L. Adams,2
73,017,New York,Irene Estrada,1
73,017,New York,Jim Walden,3
73,017,New York,Joseph Hernandez,1
73,017,New York,Zohran Kwame Mamdani,270
73,018,New York,Andrew M. Cuomo,167
73,018,New York,Curtis A. Sliwa,4
73,018,New York,Eric L. Adams,2
73,018,New York,Irene Estrada,0
73,018,New York,Jim Walden,1
73,018,New York,Joseph Hernandez,0
73,018,New York,Zohran Kwame Mamdani,71
73,019,New York,Andrew M. Cuomo,574
73,019,New York,Curtis A. Sliwa,55
73,019,New York,Eric L. Adams,1
73,019,New York,Irene Estrada,1
73,019,New York,Jim Walden,0
73,019,New York,Joseph Hernandez,1
73,019,New York,Zohran Kwame Mamdani,442
73,020,New York,Andrew M. Cuomo,776
73,020,New York,Curtis A. Sliwa,43
73,020,New York,Eric L. Adams,0
73,020,New York,Irene Estrada,1
73,020,New York,Jim Walden,1
73,020,New York,Joseph Hernandez,0
73,020,New York,Zohran Kwame Mamdani,371
73,021,New York,Andrew M. Cuomo,381
73,021,New York,Curtis A. Sliwa,37
73,021,New York,Eric L. Adams,1
73,021,New York,Irene Estrada,0
73,021,New York,Jim Walden,2
73,021,New York,Joseph Hernandez,1
73,021,New York,Zohran Kwame Mamdani,440
73,022,New York,Andrew M. Cuomo,607
73,022,New York,Curtis A. Sliwa,32
73,022,New York,Eric L. Adams,0
73,022,New York,Irene Estrada,0
73,022,New York,Jim Walden,2
73,022,New York,Joseph Hernandez,0
73,022,New York,Zohran Kwame Mamdani,178
73,023,New York,Andrew M. Cuomo,480
73,023,New York,Curtis A. Sliwa,32
73,023,New York,Eric L. Adams,0
73,023,New York,Irene Estrada,0
73,023,New York,Jim Walden,1
73,023,New York,Joseph Hernandez,0
73,023,New York,Zohran Kwame Mamdani,242
73,024,New York,Andrew M. Cuomo,396
73,024,New York,Curtis A. Sliwa,22
73,024,New York,Eric L. Adams,2
73,024,New York,Irene Estrada,0
73,024,New York,Jim Walden,1
73,024,New York,Joseph Hernandez,0
73,024,New York,Zohran Kwame Mamdani,287
73,025,New York,Andrew M. Cuomo,500
73,025,New York,Curtis A. Sliwa,36
73,025,New York,Eric L. Adams,2
73,025,New York,Irene Estrada,1
73,025,New York,Jim Walden,2
73,025,New York,Joseph Hernandez,0
73,025,New York,Zohran Kwame Mamdani,388
73,026,New York,Andrew M. Cuomo,462
73,026,New York,Curtis A. Sliwa,31
73,026,New York,Eric L. Adams,1
73,026,New York,Irene Estrada,1
73,026,New York,Jim Walden,0
73,026,New York,Joseph Hernandez,1
73,026,New York,Zohran Kwame Mamdani,289
73,027,New York,Andrew M. Cuomo,541
73,027,New York,Curtis A. Sliwa,50
73,027,New York,Eric L. Adams,1
73,027,New York,Irene Estrada,0
73,027,New York,Jim Walden,1
73,027,New York,Joseph Hernandez,0
73,027,New York,Zohran Kwame Mamdani,375
73,028,New York,Andrew M. Cuomo,393
73,028,New York,Curtis A. Sliwa,20
73,028,New York,Eric L. Adams,1
73,028,New York,Irene Estrada,0
73,028,New York,Jim Walden,2
73,028,New York,Joseph Hernandez,1
73,028,New York,Zohran Kwame Mamdani,223
73,029,New York,Andrew M. Cuomo,629
73,029,New York,Curtis A. Sliwa,29
73,029,New York,Eric L. Adams,0
73,029,New York,Irene Estrada,1
73,029,New York,Jim Walden,1
73,029,New York,Joseph Hernandez,0
73,029,New York,Zohran Kwame Mamdani,230
73,030,New York,Andrew M. Cuomo,610
73,030,New York,Curtis A. Sliwa,47
73,030,New York,Eric L. Adams,1
73,030,New York,Irene Estrada,1
73,030,New York,Jim Walden,2
73,030,New York,Joseph Hernandez,0
73,030,New York,Zohran Kwame Mamdani,375
73,031,New York,Andrew M. Cuomo,603
73,031,New York,Curtis A. Sliwa,13
73,031,New York,Eric L. Adams,1
73,031,New York,Irene Estrada,1
73,031,New York,Jim Walden,0
73,031,New York,Joseph Hernandez,2
73,031,New York,Zohran Kwame Mamdani,139
73,032,New York,Andrew M. Cuomo,544
73,032,New York,Curtis A. Sliwa,33
73,032,New York,Eric L. Adams,1
73,032,New York,Irene Estrada,0
73,032,New York,Jim Walden,2
73,032,New York,Joseph Hernandez,0
73,032,New York,Zohran Kwame Mamdani,302
73,033,New York,Andrew M. Cuomo,573
73,033,New York,Curtis A. Sliwa,28
73,033,New York,Eric L. Adams,1
73,033,New York,Irene Estrada,0
73,033,New York,Jim Walden,0
73,033,New York,Joseph Hernandez,3
73,033,New York,Zohran Kwame Mamdani,230
73,034,New York,Andrew M. Cuomo,836
73,034,New York,Curtis A. Sliwa,26
73,034,New York,Eric L. Adams,1
73,034,New York,Irene Estrada,0
73,034,New York,Jim Walden,2
73,034,New York,Joseph Hernandez,0
73,034,New York,Zohran Kwame Mamdani,335
73,035,New York,Andrew M. Cuomo,236
73,035,New York,Curtis A. Sliwa,7
73,035,New York,Eric L. Adams,0
73,035,New York,Irene Estrada,0
73,035,New York,Jim Walden,1
73,035,New York,Joseph Hernandez,0
73,035,New York,Zohran Kwame Mamdani,152
73,036,New York,Andrew M. Cuomo,477
73,036,New York,Curtis A. Sliwa,20
73,036,New York,Eric L. Adams,1
73,036,New York,Irene Estrada,0
73,036,New York,Jim Walden,1
73,036,New York,Joseph Hernandez,0
73,036,New York,Zohran Kwame Mamdani,156
73,037,New York,Andrew M. Cuomo,621
73,037,New York,Curtis A. Sliwa,26
73,037,New York,Eric L. Adams,3
73,037,New York,Irene Estrada,0
73,037,New York,Jim Walden,0
73,037,New York,Joseph Hernandez,0
73,037,New York,Zohran Kwame Mamdani,326
73,038,New York,Andrew M. Cuomo,912
73,038,New York,Curtis A. Sliwa,25
73,038,New York,Eric L. Adams,1
73,038,New York,Irene Estrada,0
73,038,New York,Jim Walden,1
73,038,New York,Joseph Hernandez,1
73,038,New York,Zohran Kwame Mamdani,237
73,039,New York,Andrew M. Cuomo,759
73,039,New York,Curtis A. Sliwa,19
73,039,New York,Eric L. Adams,1
73,039,New York,Irene Estrada,0
73,039,New York,Jim Walden,0
73,039,New York,Joseph Hernandez,0
73,039,New York,Zohran Kwame Mamdani,203
73,040,New York,Andrew M. Cuomo,575
73,040,New York,Curtis A. Sliwa,22
73,040,New York,Eric L. Adams,0
73,040,New York,Irene Estrada,0
73,040,New York,Jim Walden,0
73,040,New York,Joseph Hernandez,0
73,040,New York,Zohran Kwame Mamdani,170
73,041,New York,Andrew M. Cuomo,533
73,041,New York,Curtis A. Sliwa,24
73,041,New York,Eric L. Adams,1
73,041,New York,Irene Estrada,0
73,041,New York,Jim Walden,0
73,041,New York,Joseph Hernandez,0
73,041,New York,Zohran Kwame Mamdani,128
73,042,New York,Andrew M. Cuomo,593
73,042,New York,Curtis A. Sliwa,15
73,042,New York,Eric L. Adams,0
73,042,New York,Irene Estrada,0
73,042,New York,Jim Walden,0
73,042,New York,Joseph Hernandez,1
73,042,New York,Zohran Kwame Mamdani,107
73,043,New York,Andrew M. Cuomo,748
73,043,New York,Curtis A. Sliwa,18
73,043,New York,Eric L. Adams,0
73,043,New York,Irene Estrada,0
73,043,New York,Jim Walden,2
73,043,New York,Joseph Hernandez,1
73,043,New York,Zohran Kwame Mamdani,163
73,044,New York,Andrew M. Cuomo,650
73,044,New York,Curtis A. Sliwa,14
73,044,New York,Eric L. Adams,0
73,044,New York,Irene Estrada,0
73,044,New York,Jim Walden,1
73,044,New York,Joseph Hernandez,0
73,044,New York,Zohran Kwame Mamdani,188
73,045,New York,Andrew M. Cuomo,706
73,045,New York,Curtis A. Sliwa,25
73,045,New York,Eric L. Adams,0
73,045,New York,Irene Estrada,1
73,045,New York,Jim Walden,1
73,045,New York,Joseph Hernandez,1
73,045,New York,Zohran Kwame Mamdani,252
73,046,New York,Andrew M. Cuomo,710
73,046,New York,Curtis A. Sliwa,23
73,046,New York,Eric L. Adams,4
73,046,New York,Irene Estrada,0
73,046,New York,Jim Walden,3
73,046,New York,Joseph Hernandez,0
73,046,New York,Zohran Kwame Mamdani,147
73,047,New York,Andrew M. Cuomo,581
73,047,New York,Curtis A. Sliwa,29
73,047,New York,Eric L. Adams,0
73,047,New York,Irene Estrada,0
73,047,New York,Jim Walden,1
73,047,New York,Joseph Hernandez,0
73,047,New York,Zohran Kwame Mamdani,154
73,048,New York,Andrew M. Cuomo,805
73,048,New York,Curtis A. Sliwa,25
73,048,New York,Eric L. Adams,1
73,048,New York,Irene Estrada,0
73,048,New York,Jim Walden,0
73,048,New York,Joseph Hernandez,0
73,048,New York,Zohran Kwame Mamdani,155
73,049,New York,Andrew M. Cuomo,549
73,049,New York,Curtis A. Sliwa,27
73,049,New York,Eric L. Adams,1
73,049,New York,Irene Estrada,0
73,049,New York,Jim Walden,0
73,049,New York,Joseph Hernandez,1
73,049,New York,Zohran Kwame Mamdani,118
73,050,New York,Andrew M. Cuomo,856
73,050,New York,Curtis A. Sliwa,30
73,050,New York,Eric L. Adams,2
73,050,New York,Irene Estrada,0
73,050,New York,Jim Walden,2
73,050,New York,Joseph Hernandez,0
73,050,New York,Zohran Kwame Mamdani,195
73,051,New York,Andrew M. Cuomo,778
73,051,New York,Curtis A. Sliwa,27
73,051,New York,Eric L. Adams,1
73,051,New York,Irene Estrada,0
73,051,New York,Jim Walden,1
73,051,New York,Joseph Hernandez,0
73,051,New York,Zohran Kwame Mamdani,213
73,052,New York,Andrew M. Cuomo,594
73,052,New York,Curtis A. Sliwa,24
73,052,New York,Eric L. Adams,0
73,052,New York,Irene Estrada,0
73,052,New York,Jim Walden,0
73,052,New York,Joseph Hernandez,0
73,052,New York,Zohran Kwame Mamdani,195
73,053,New York,Andrew M. Cuomo,629
73,053,New York,Curtis A. Sliwa,23
73,053,New York,Eric L. Adams,1
73,053,New York,Irene Estrada,1
73,053,New York,Jim Walden,3
73,053,New York,Joseph Hernandez,1
73,053,New York,Zohran Kwame Mamdani,187
73,054,New York,Andrew M. Cuomo,845
73,054,New York,Curtis A. Sliwa,21
73,054,New York,Eric L. Adams,1
73,054,New York,Irene Estrada,0
73,054,New York,Jim Walden,1
73,054,New York,Joseph Hernandez,1
73,054,New York,Zohran Kwame Mamdani,243
73,055,New York,Andrew M. Cuomo,608
73,055,New York,Curtis A. Sliwa,7
73,055,New York,Eric L. Adams,0
73,055,New York,Irene Estrada,1
73,055,New York,Jim Walden,0
73,055,New York,Joseph Hernandez,2
73,055,New York,Zohran Kwame Mamdani,170
73,056,New York,Andrew M. Cuomo,514
73,056,New York,Curtis A. Sliwa,20
73,056,New York,Eric L. Adams,1
73,056,New York,Irene Estrada,0
73,056,New York,Jim Walden,2
73,056,New York,Joseph Hernandez,0
73,056,New York,Zohran Kwame Mamdani,121
73,057,New York,Andrew M. Cuomo,625
73,057,New York,Curtis A. Sliwa,17
73,057,New York,Eric L. Adams,0
73,057,New York,Irene Estrada,1
73,057,New York,Jim Walden,1
73,057,New York,Joseph Hernandez,0
73,057,New York,Zohran Kwame Mamdani,112
73,058,New York,Andrew M. Cuomo,521
73,058,New York,Curtis A. Sliwa,17
73,058,New York,Eric L. Adams,1
73,058,New York,Irene Estrada,0
73,058,New York,Jim Walden,0
73,058,New York,Joseph Hernandez,0
73,058,New York,Zohran Kwame Mamdani,187
73,059,New York,Andrew M. Cuomo,736
73,059,New York,Curtis A. Sliwa,38
73,059,New York,Eric L. Adams,1
73,059,New York,Irene Estrada,3
73,059,New York,Jim Walden,3
73,059,New York,Joseph Hernandez,1
73,059,New York,Zohran Kwame Mamdani,410
73,060,New York,Andrew M. Cuomo,207
73,060,New York,Curtis A. Sliwa,31
73,060,New York,Eric L. Adams,2
73,060,New York,Irene Estrada,2
73,060,New York,Jim Walden,1
73,060,New York,Joseph Hernandez,0
73,060,New York,Zohran Kwame Mamdani,219
73,061,New York,Andrew M. Cuomo,193
73,061,New York,Curtis A. Sliwa,19
73,061,New York,Eric L. Adams,0
73,061,New York,Irene Estrada,0
73,061,New York,Jim Walden,1
73,061,New York,Joseph Hernandez,0
73,061,New York,Zohran Kwame Mamdani,276
73,062,New York,Andrew M. Cuomo,572
73,062,New York,Curtis A. Sliwa,48
73,062,New York,Eric L. Adams,3
73,062,New York,Irene Estrada,1
73,062,New York,Jim Walden,1
73,062,New York,Joseph Hernandez,0
73,062,New York,Zohran Kwame Mamdani,561
73,063,New York,Andrew M. Cuomo,702
73,063,New York,Curtis A. Sliwa,16
73,063,New York,Eric L. Adams,1
73,063,New York,Irene Estrada,0
73,063,New York,Jim Walden,0
73,063,New York,Joseph Hernandez,0
73,063,New York,Zohran Kwame Mamdani,182
73,064,New York,Andrew M. Cuomo,794
73,064,New York,Curtis A. Sliwa,23
73,064,New York,Eric L. Adams,0
73,064,New York,Irene Estrada,3
73,064,New York,Jim Walden,3
73,064,New York,Joseph Hernandez,0
73,064,New York,Zohran Kwame Mamdani,309
73,065,New York,Andrew M. Cuomo,460
73,065,New York,Curtis A. Sliwa,17
73,065,New York,Eric L. Adams,0
73,065,New York,Irene Estrada,0
73,065,New York,Jim Walden,0
73,065,New York,Joseph Hernandez,0
73,065,New York,Zohran Kwame Mamdani,222
73,066,New York,Andrew M. Cuomo,678
73,066,New York,Curtis A. Sliwa,26
73,066,New York,Eric L. Adams,2
73,066,New York,Irene Estrada,1
73,066,New York,Jim Walden,0
73,066,New York,Joseph Hernandez,0
73,066,New York,Zohran Kwame Mamdani,348
73,067,New York,Andrew M. Cuomo,568
73,067,New York,Curtis A. Sliwa,32
73,067,New York,Eric L. Adams,2
73,067,New York,Irene Estrada,0
73,067,New York,Jim Walden,1
73,067,New York,Joseph Hernandez,1
73,067,New York,Zohran Kwame Mamdani,296
73,068,New York,Andrew M. Cuomo,613
73,068,New York,Curtis A. Sliwa,22
73,068,New York,Eric L. Adams,0
73,068,New York,Irene Estrada,2
73,068,New York,Jim Walden,0
73,068,New York,Joseph Hernandez,1
73,068,New York,Zohran Kwame Mamdani,169
73,069,New York,Andrew M. Cuomo,409
73,069,New York,Curtis A. Sliwa,40
73,069,New York,Eric L. Adams,2
73,069,New York,Irene Estrada,1
73,069,New York,Jim Walden,0
73,069,New York,Joseph Hernandez,0
73,069,New York,Zohran Kwame Mamdani,559
73,072,New York,Andrew M. Cuomo,0
73,072,New York,Curtis A. Sliwa,0
73,072,New York,Eric L. Adams,0
73,072,New York,Irene Estrada,0
73,072,New York,Jim Walden,0
73,072,New York,Joseph Hernandez,0
73,072,New York,Zohran Kwame Mamdani,0
74,001,New York,Andrew M. Cuomo,436
74,001,New York,Curtis A. Sliwa,39
74,001,New York,Eric L. Adams,0
74,001,New York,Irene Estrada,0
74,001,New York,Jim Walden,1
74,001,New York,Joseph Hernandez,1
74,001,New York,Zohran Kwame Mamdani,390
74,002,New York,Andrew M. Cuomo,433
74,002,New York,Curtis A. Sliwa,48
74,002,New York,Eric L. Adams,0
74,002,New York,Irene Estrada,0
74,002,New York,Jim Walden,0
74,002,New York,Joseph Hernandez,0
74,002,New York,Zohran Kwame Mamdani,504
74,003,New York,Andrew M. Cuomo,402
74,003,New York,Curtis A. Sliwa,47
74,003,New York,Eric L. Adams,3
74,003,New York,Irene Estrada,2
74,003,New York,Jim Walden,1
74,003,New York,Joseph Hernandez,2
74,003,New York,Zohran Kwame Mamdani,375
74,004,New York,Andrew M. Cuomo,446
74,004,New York,Curtis A. Sliwa,29
74,004,New York,Eric L. Adams,1
74,004,New York,Irene Estrada,0
74,004,New York,Jim Walden,1
74,004,New York,Joseph Hernandez,0
74,004,New York,Zohran Kwame Mamdani,366
74,005,New York,Andrew M. Cuomo,357
74,005,New York,Curtis A. Sliwa,26
74,005,New York,Eric L. Adams,1
74,005,New York,Irene Estrada,0
74,005,New York,Jim Walden,0
74,005,New York,Joseph Hernandez,1
74,005,New York,Zohran Kwame Mamdani,291
74,006,New York,Andrew M. Cuomo,384
74,006,New York,Curtis A. Sliwa,40
74,006,New York,Eric L. Adams,1
74,006,New York,Irene Estrada,0
74,006,New York,Jim Walden,0
74,006,New York,Joseph Hernandez,0
74,006,New York,Zohran Kwame Mamdani,378
74,007,New York,Andrew M. Cuomo,306
74,007,New York,Curtis A. Sliwa,32
74,007,New York,Eric L. Adams,1
74,007,New York,Irene Estrada,1
74,007,New York,Jim Walden,0
74,007,New York,Joseph Hernandez,1
74,007,New York,Zohran Kwame Mamdani,361
74,008,New York,Andrew M. Cuomo,535
74,008,New York,Curtis A. Sliwa,30
74,008,New York,Eric L. Adams,2
74,008,New York,Irene Estrada,0
74,008,New York,Jim Walden,1
74,008,New York,Joseph Hernandez,0
74,008,New York,Zohran Kwame Mamdani,468
74,009,New York,Andrew M. Cuomo,195
74,009,New York,Curtis A. Sliwa,24
74,009,New York,Eric L. Adams,0
74,009,New York,Irene Estrada,1
74,009,New York,Jim Walden,0
74,009,New York,Joseph Hernandez,0
74,009,New York,Zohran Kwame Mamdani,216
74,010,New York,Andrew M. Cuomo,539
74,010,New York,Curtis A. Sliwa,35
74,010,New York,Eric L. Adams,4
74,010,New York,Irene Estrada,1
74,010,New York,Jim Walden,0
74,010,New York,Joseph Hernandez,1
74,010,New York,Zohran Kwame Mamdani,506
74,011,New York,Andrew M. Cuomo,456
74,011,New York,Curtis A. Sliwa,49
74,011,New York,Eric L. Adams,2
74,011,New York,Irene Estrada,1
74,011,New York,Jim Walden,4
74,011,New York,Joseph Hernandez,2
74,011,New York,Zohran Kwame Mamdani,499
74,012,New York,Andrew M. Cuomo,478
74,012,New York,Curtis A. Sliwa,43
74,012,New York,Eric L. Adams,3
74,012,New York,Irene Estrada,1
74,012,New York,Jim Walden,5
74,012,New York,Joseph Hernandez,0
74,012,New York,Zohran Kwame Mamdani,550
74,013,New York,Andrew M. Cuomo,366
74,013,New York,Curtis A. Sliwa,32
74,013,New York,Eric L. Adams,0
74,013,New York,Irene Estrada,2
74,013,New York,Jim Walden,3
74,013,New York,Joseph Hernandez,0
74,013,New York,Zohran Kwame Mamdani,440
74,014,New York,Andrew M. Cuomo,364
74,014,New York,Curtis A. Sliwa,38
74,014,New York,Eric L. Adams,0
74,014,New York,Irene Estrada,0
74,014,New York,Jim Walden,4
74,014,New York,Joseph Hernandez,0
74,014,New York,Zohran Kwame Mamdani,445
74,015,New York,Andrew M. Cuomo,519
74,015,New York,Curtis A. Sliwa,50
74,015,New York,Eric L. Adams,3
74,015,New York,Irene Estrada,2
74,015,New York,Jim Walden,2
74,015,New York,Joseph Hernandez,0
74,015,New York,Zohran Kwame Mamdani,487
74,016,New York,Andrew M. Cuomo,504
74,016,New York,Curtis A. Sliwa,43
74,016,New York,Eric L. Adams,4
74,016,New York,Irene Estrada,0
74,016,New York,Jim Walden,2
74,016,New York,Joseph Hernandez,2
74,016,New York,Zohran Kwame Mamdani,631
74,017,New York,Andrew M. Cuomo,315
74,017,New York,Curtis A. Sliwa,53
74,017,New York,Eric L. Adams,1
74,017,New York,Irene Estrada,2
74,017,New York,Jim Walden,1
74,017,New York,Joseph Hernandez,0
74,017,New York,Zohran Kwame Mamdani,721
74,018,New York,Andrew M. Cuomo,377
74,018,New York,Curtis A. Sliwa,58
74,018,New York,Eric L. Adams,1
74,018,New York,Irene Estrada,1
74,018,New York,Jim Walden,0
74,018,New York,Joseph Hernandez,0
74,018,New York,Zohran Kwame Mamdani,730
74,019,New York,Andrew M. Cuomo,282
74,019,New York,Curtis A. Sliwa,46
74,019,New York,Eric L. Adams,0
74,019,New York,Irene Estrada,0
74,019,New York,Jim Walden,1
74,019,New York,Joseph Hernandez,0
74,019,New York,Zohran Kwame Mamdani,513
74,020,New York,Andrew M. Cuomo,283
74,020,New York,Curtis A. Sliwa,37
74,020,New York,Eric L. Adams,0
74,020,New York,Irene Estrada,0
74,020,New York,Jim Walden,1
74,020,New York,Joseph Hernandez,1
74,020,New York,Zohran Kwame Mamdani,546
74,021,New York,Andrew M. Cuomo,211
74,021,New York,Curtis A. Sliwa,41
74,021,New York,Eric L. Adams,1
74,021,New York,Irene Estrada,0
74,021,New York,Jim Walden,1
74,021,New York,Joseph Hernandez,0
74,021,New York,Zohran Kwame Mamdani,408
74,022,New York,Andrew M. Cuomo,381
74,022,New York,Curtis A. Sliwa,41
74,022,New York,Eric L. Adams,3
74,022,New York,Irene Estrada,2
74,022,New York,Jim Walden,2
74,022,New York,Joseph Hernandez,1
74,022,New York,Zohran Kwame Mamdani,604
74,023,New York,Andrew M. Cuomo,370
74,023,New York,Curtis A. Sliwa,57
74,023,New York,Eric L. Adams,1
74,023,New York,Irene Estrada,1
74,023,New York,Jim Walden,3
74,023,New York,Joseph Hernandez,1
74,023,New York,Zohran Kwame Mamdani,606
74,024,New York,Andrew M. Cuomo,321
74,024,New York,Curtis A. Sliwa,44
74,024,New York,Eric L. Adams,1
74,024,New York,Irene Estrada,0
74,024,New York,Jim Walden,1
74,024,New York,Joseph Hernandez,0
74,024,New York,Zohran Kwame Mamdani,592
74,025,New York,Andrew M. Cuomo,134
74,025,New York,Curtis A. Sliwa,40
74,025,New York,Eric L. Adams,1
74,025,New York,Irene Estrada,1
74,025,New York,Jim Walden,2
74,025,New York,Joseph Hernandez,0
74,025,New York,Zohran Kwame Mamdani,319
74,026,New York,Andrew M. Cuomo,223
74,026,New York,Curtis A. Sliwa,30
74,026,New York,Eric L. Adams,1
74,026,New York,Irene Estrada,0
74,026,New York,Jim Walden,2
74,026,New York,Joseph Hernandez,0
74,026,New York,Zohran Kwame Mamdani,684
74,027,New York,Andrew M. Cuomo,221
74,027,New York,Curtis A. Sliwa,34
74,027,New York,Eric L. Adams,1
74,027,New York,Irene Estrada,1
74,027,New York,Jim Walden,2
74,027,New York,Joseph Hernandez,1
74,027,New York,Zohran Kwame Mamdani,809
74,028,New York,Andrew M. Cuomo,114
74,028,New York,Curtis A. Sliwa,17
74,028,New York,Eric L. Adams,0
74,028,New York,Irene Estrada,0
74,028,New York,Jim Walden,0
74,028,New York,Joseph Hernandez,0
74,028,New York,Zohran Kwame Mamdani,478
74,029,New York,Andrew M. Cuomo,148
74,029,New York,Curtis A. Sliwa,28
74,029,New York,Eric L. Adams,2
74,029,New York,Irene Estrada,0
74,029,New York,Jim Walden,1
74,029,New York,Joseph Hernandez,0
74,029,New York,Zohran Kwame Mamdani,211
74,030,New York,Andrew M. Cuomo,206
74,030,New York,Curtis A. Sliwa,46
74,030,New York,Eric L. Adams,4
74,030,New York,Irene Estrada,5
74,030,New York,Jim Walden,0
74,030,New York,Joseph Hernandez,1
74,030,New York,Zohran Kwame Mamdani,319
74,031,New York,Andrew M. Cuomo,185
74,031,New York,Curtis A. Sliwa,32
74,031,New York,Eric L. Adams,3
74,031,New York,Irene Estrada,0
74,031,New York,Jim Walden,0
74,031,New York,Joseph Hernandez,0
74,031,New York,Zohran Kwame Mamdani,702
74,032,New York,Andrew M. Cuomo,125
74,032,New York,Curtis A. Sliwa,32
74,032,New York,Eric L. Adams,1
74,032,New York,Irene Estrada,0
74,032,New York,Jim Walden,0
74,032,New York,Joseph Hernandez,0
74,032,New York,Zohran Kwame Mamdani,153
74,033,New York,Andrew M. Cuomo,97
74,033,New York,Curtis A. Sliwa,20
74,033,New York,Eric L. Adams,0
74,033,New York,Irene Estrada,0
74,033,New York,Jim Walden,0
74,033,New York,Joseph Hernandez,1
74,033,New York,Zohran Kwame Mamdani,523
74,034,New York,Andrew M. Cuomo,189
74,034,New York,Curtis A. Sliwa,19
74,034,New York,Eric L. Adams,2
74,034,New York,Irene Estrada,0
74,034,New York,Jim Walden,0
74,034,New York,Joseph Hernandez,0
74,034,New York,Zohran Kwame Mamdani,419
74,035,New York,Andrew M. Cuomo,128
74,035,New York,Curtis A. Sliwa,22
74,035,New York,Eric L. Adams,1
74,035,New York,Irene Estrada,1
74,035,New York,Jim Walden,1
74,035,New York,Joseph Hernandez,0
74,035,New York,Zohran Kwame Mamdani,683
74,036,New York,Andrew M. Cuomo,153
74,036,New York,Curtis A. Sliwa,22
74,036,New York,Eric L. Adams,0
74,036,New York,Irene Estrada,2
74,036,New York,Jim Walden,1
74,036,New York,Joseph Hernandez,0
74,036,New York,Zohran Kwame Mamdani,621
74,037,New York,Andrew M. Cuomo,144
74,037,New York,Curtis A. Sliwa,16
74,037,New York,Eric L. Adams,0
74,037,New York,Irene Estrada,1
74,037,New York,Jim Walden,2
74,037,New York,Joseph Hernandez,0
74,037,New York,Zohran Kwame Mamdani,136
74,038,New York,Andrew M. Cuomo,148
74,038,New York,Curtis A. Sliwa,16
74,038,New York,Eric L. Adams,1
74,038,New York,Irene Estrada,0
74,038,New York,Jim Walden,0
74,038,New York,Joseph Hernandez,1
74,038,New York,Zohran Kwame Mamdani,131
74,039,New York,Andrew M. Cuomo,135
74,039,New York,Curtis A. Sliwa,23
74,039,New York,Eric L. Adams,2
74,039,New York,Irene Estrada,0
74,039,New York,Jim Walden,0
74,039,New York,Joseph Hernandez,0
74,039,New York,Zohran Kwame Mamdani,153
74,040,New York,Andrew M. Cuomo,94
74,040,New York,Curtis A. Sliwa,16
74,040,New York,Eric L. Adams,0
74,040,New York,Irene Estrada,3
74,040,New York,Jim Walden,0
74,040,New York,Joseph Hernandez,0
74,040,New York,Zohran Kwame Mamdani,124
74,041,New York,Andrew M. Cuomo,182
74,041,New York,Curtis A. Sliwa,21
74,041,New York,Eric L. Adams,2
74,041,New York,Irene Estrada,0
74,041,New York,Jim Walden,2
74,041,New York,Joseph Hernandez,1
74,041,New York,Zohran Kwame Mamdani,278
74,042,New York,Andrew M. Cuomo,342
74,042,New York,Curtis A. Sliwa,88
74,042,New York,Eric L. Adams,1
74,042,New York,Irene Estrada,0
74,042,New York,Jim Walden,0
74,042,New York,Joseph Hernandez,2
74,042,New York,Zohran Kwame Mamdani,332
74,043,New York,Andrew M. Cuomo,172
74,043,New York,Curtis A. Sliwa,20
74,043,New York,Eric L. Adams,0
74,043,New York,Irene Estrada,0
74,043,New York,Jim Walden,0
74,043,New York,Joseph Hernandez,0
74,043,New York,Zohran Kwame Mamdani,744
74,044,New York,Andrew M. Cuomo,390
74,044,New York,Curtis A. Sliwa,18
74,044,New York,Eric L. Adams,1
74,044,New York,Irene Estrada,0
74,044,New York,Jim Walden,0
74,044,New York,Joseph Hernandez,0
74,044,New York,Zohran Kwame Mamdani,205
74,045,New York,Andrew M. Cuomo,573
74,045,New York,Curtis A. Sliwa,12
74,045,New York,Eric L. Adams,1
74,045,New York,Irene Estrada,1
74,045,New York,Jim Walden,1
74,045,New York,Joseph Hernandez,0
74,045,New York,Zohran Kwame Mamdani,278
74,046,New York,Andrew M. Cuomo,174
74,046,New York,Curtis A. Sliwa,32
74,046,New York,Eric L. Adams,2
74,046,New York,Irene Estrada,1
74,046,New York,Jim Walden,1
74,046,New York,Joseph Hernandez,1
74,046,New York,Zohran Kwame Mamdani,296
74,047,New York,Andrew M. Cuomo,265
74,047,New York,Curtis A. Sliwa,34
74,047,New York,Eric L. Adams,1
74,047,New York,Irene Estrada,0
74,047,New York,Jim Walden,0
74,047,New York,Joseph Hernandez,2
74,047,New York,Zohran Kwame Mamdani,217
74,048,New York,Andrew M. Cuomo,320
74,048,New York,Curtis A. Sliwa,19
74,048,New York,Eric L. Adams,2
74,048,New York,Irene Estrada,1
74,048,New York,Jim Walden,1
74,048,New York,Joseph Hernandez,0
74,048,New York,Zohran Kwame Mamdani,363
74,049,New York,Andrew M. Cuomo,385
74,049,New York,Curtis A. Sliwa,32
74,049,New York,Eric L. Adams,3
74,049,New York,Irene Estrada,1
74,049,New York,Jim Walden,1
74,049,New York,Joseph Hernandez,0
74,049,New York,Zohran Kwame Mamdani,418
74,050,New York,Andrew M. Cuomo,372
74,050,New York,Curtis A. Sliwa,29
74,050,New York,Eric L. Adams,0
74,050,New York,Irene Estrada,2
74,050,New York,Jim Walden,2
74,050,New York,Joseph Hernandez,0
74,050,New York,Zohran Kwame Mamdani,454
74,051,New York,Andrew M. Cuomo,467
74,051,New York,Curtis A. Sliwa,27
74,051,New York,Eric L. Adams,2
74,051,New York,Irene Estrada,1
74,051,New York,Jim Walden,2
74,051,New York,Joseph Hernandez,0
74,051,New York,Zohran Kwame Mamdani,572
74,052,New York,Andrew M. Cuomo,309
74,052,New York,Curtis A. Sliwa,24
74,052,New York,Eric L. Adams,1
74,052,New York,Irene Estrada,1
74,052,New York,Jim Walden,0
74,052,New York,Joseph Hernandez,0
74,052,New York,Zohran Kwame Mamdani,374
74,053,New York,Andrew M. Cuomo,236
74,053,New York,Curtis A. Sliwa,31
74,053,New York,Eric L. Adams,3
74,053,New York,Irene Estrada,0
74,053,New York,Jim Walden,1
74,053,New York,Joseph Hernandez,0
74,053,New York,Zohran Kwame Mamdani,670
74,054,New York,Andrew M. Cuomo,207
74,054,New York,Curtis A. Sliwa,22
74,054,New York,Eric L. Adams,0
74,054,New York,Irene Estrada,0
74,054,New York,Jim Walden,1
74,054,New York,Joseph Hernandez,0
74,054,New York,Zohran Kwame Mamdani,262
74,055,New York,Andrew M. Cuomo,609
74,055,New York,Curtis A. Sliwa,32
74,055,New York,Eric L. Adams,1
74,055,New York,Irene Estrada,0
74,055,New York,Jim Walden,1
74,055,New York,Joseph Hernandez,0
74,055,New York,Zohran Kwame Mamdani,426
74,056,New York,Andrew M. Cuomo,426
74,056,New York,Curtis A. Sliwa,21
74,056,New York,Eric L. Adams,1
74,056,New York,Irene Estrada,1
74,056,New York,Jim Walden,1
74,056,New York,Joseph Hernandez,1
74,056,New York,Zohran Kwame Mamdani,253
74,057,New York,Andrew M. Cuomo,539
74,057,New York,Curtis A. Sliwa,24
74,057,New York,Eric L. Adams,0
74,057,New York,Irene Estrada,0
74,057,New York,Jim Walden,0
74,057,New York,Joseph Hernandez,0
74,057,New York,Zohran Kwame Mamdani,404
74,058,New York,Andrew M. Cuomo,315
74,058,New York,Curtis A. Sliwa,22
74,058,New York,Eric L. Adams,1
74,058,New York,Irene Estrada,1
74,058,New York,Jim Walden,0
74,058,New York,Joseph Hernandez,2
74,058,New York,Zohran Kwame Mamdani,341
74,059,New York,Andrew M. Cuomo,545
74,059,New York,Curtis A. Sliwa,31
74,059,New York,Eric L. Adams,0
74,059,New York,Irene Estrada,0
74,059,New York,Jim Walden,0
74,059,New York,Joseph Hernandez,1
74,059,New York,Zohran Kwame Mamdani,395
74,060,New York,Andrew M. Cuomo,199
74,060,New York,Curtis A. Sliwa,7
74,060,New York,Eric L. Adams,0
74,060,New York,Irene Estrada,0
74,060,New York,Jim Walden,2
74,060,New York,Joseph Hernandez,0
74,060,New York,Zohran Kwame Mamdani,192
74,061,New York,Andrew M. Cuomo,242
74,061,New York,Curtis A. Sliwa,2
74,061,New York,Eric L. Adams,0
74,061,New York,Irene Estrada,0
74,061,New York,Jim Walden,0
74,061,New York,Joseph Hernandez,1
74,061,New York,Zohran Kwame Mamdani,156
74,062,New York,Andrew M. Cuomo,209
74,062,New York,Curtis A. Sliwa,15
74,062,New York,Eric L. Adams,0
74,062,New York,Irene Estrada,0
74,062,New York,Jim Walden,0
74,062,New York,Joseph Hernandez,0
74,062,New York,Zohran Kwame Mamdani,195
74,063,New York,Andrew M. Cuomo,134
74,063,New York,Curtis A. Sliwa,5
74,063,New York,Eric L. Adams,1
74,063,New York,Irene Estrada,0
74,063,New York,Jim Walden,1
74,063,New York,Joseph Hernandez,0
74,063,New York,Zohran Kwame Mamdani,85
74,064,New York,Andrew M. Cuomo,26
74,064,New York,Curtis A. Sliwa,2
74,064,New York,Eric L. Adams,0
74,064,New York,Irene Estrada,0
74,064,New York,Jim Walden,0
74,064,New York,Joseph Hernandez,0
74,064,New York,Zohran Kwame Mamdani,48
74,065,New York,Andrew M. Cuomo,167
74,065,New York,Curtis A. Sliwa,4
74,065,New York,Eric L. Adams,0
74,065,New York,Irene Estrada,0
74,065,New York,Jim Walden,0
74,065,New York,Joseph Hernandez,1
74,065,New York,Zohran Kwame Mamdani,135
75,001,New York,Andrew M. Cuomo,443
75,001,New York,Curtis A. Sliwa,30
75,001,New York,Eric L. Adams,0
75,001,New York,Irene Estrada,2
75,001,New York,Jim Walden,0
75,001,New York,Joseph Hernandez,1
75,001,New York,Zohran Kwame Mamdani,486
75,002,New York,Andrew M. Cuomo,679
75,002,New York,Curtis A. Sliwa,33
75,002,New York,Eric L. Adams,2
75,002,New York,Irene Estrada,0
75,002,New York,Jim Walden,1
75,002,New York,Joseph Hernandez,1
75,002,New York,Zohran Kwame Mamdani,404
75,003,New York,Andrew M. Cuomo,583
75,003,New York,Curtis A. Sliwa,31
75,003,New York,Eric L. Adams,0
75,003,New York,Irene Estrada,0
75,003,New York,Jim Walden,2
75,003,New York,Joseph Hernandez,0
75,003,New York,Zohran Kwame Mamdani,410
75,004,New York,Andrew M. Cuomo,333
75,004,New York,Curtis A. Sliwa,18
75,004,New York,Eric L. Adams,0
75,004,New York,Irene Estrada,0
75,004,New York,Jim Walden,0
75,004,New York,Joseph Hernandez,0
75,004,New York,Zohran Kwame Mamdani,154
75,005,New York,Andrew M. Cuomo,619
75,005,New York,Curtis A. Sliwa,21
75,005,New York,Eric L. Adams,2
75,005,New York,Irene Estrada,0
75,005,New York,Jim Walden,1
75,005,New York,Joseph Hernandez,1
75,005,New York,Zohran Kwame Mamdani,282
75,006,New York,Andrew M. Cuomo,489
75,006,New York,Curtis A. Sliwa,38
75,006,New York,Eric L. Adams,1
75,006,New York,Irene Estrada,0
75,006,New York,Jim Walden,4
75,006,New York,Joseph Hernandez,0
75,006,New York,Zohran Kwame Mamdani,429
75,007,New York,Andrew M. Cuomo,282
75,007,New York,Curtis A. Sliwa,24
75,007,New York,Eric L. Adams,3
75,007,New York,Irene Estrada,0
75,007,New York,Jim Walden,1
75,007,New York,Joseph Hernandez,0
75,007,New York,Zohran Kwame Mamdani,370
75,008,New York,Andrew M. Cuomo,501
75,008,New York,Curtis A. Sliwa,40
75,008,New York,Eric L. Adams,2
75,008,New York,Irene Estrada,2
75,008,New York,Jim Walden,4
75,008,New York,Joseph Hernandez,1
75,008,New York,Zohran Kwame Mamdani,592
75,009,New York,Andrew M. Cuomo,62
75,009,New York,Curtis A. Sliwa,11
75,009,New York,Eric L. Adams,0
75,009,New York,Irene Estrada,0
75,009,New York,Jim Walden,2
75,009,New York,Joseph Hernandez,0
75,009,New York,Zohran Kwame Mamdani,147
75,010,New York,Andrew M. Cuomo,545
75,010,New York,Curtis A. Sliwa,42
75,010,New York,Eric L. Adams,2
75,010,New York,Irene Estrada,0
75,010,New York,Jim Walden,0
75,010,New York,Joseph Hernandez,0
75,010,New York,Zohran Kwame Mamdani,478
75,011,New York,Andrew M. Cuomo,372
75,011,New York,Curtis A. Sliwa,26
75,011,New York,Eric L. Adams,3
75,011,New York,Irene Estrada,0
75,011,New York,Jim Walden,1
75,011,New York,Joseph Hernandez,1
75,011,New York,Zohran Kwame Mamdani,215
75,012,New York,Andrew M. Cuomo,360
75,012,New York,Curtis A. Sliwa,21
75,012,New York,Eric L. Adams,0
75,012,New York,Irene Estrada,1
75,012,New York,Jim Walden,0
75,012,New York,Joseph Hernandez,0
75,012,New York,Zohran Kwame Mamdani,333
75,013,New York,Andrew M. Cuomo,447
75,013,New York,Curtis A. Sliwa,41
75,013,New York,Eric L. Adams,2
75,013,New York,Irene Estrada,1
75,013,New York,Jim Walden,0
75,013,New York,Joseph Hernandez,0
75,013,New York,Zohran Kwame Mamdani,393
75,014,New York,Andrew M. Cuomo,149
75,014,New York,Curtis A. Sliwa,12
75,014,New York,Eric L. Adams,1
75,014,New York,Irene Estrada,0
75,014,New York,Jim Walden,1
75,014,New York,Joseph Hernandez,1
75,014,New York,Zohran Kwame Mamdani,175
75,015,New York,Andrew M. Cuomo,237
75,015,New York,Curtis A. Sliwa,28
75,015,New York,Eric L. Adams,2
75,015,New York,Irene Estrada,1
75,015,New York,Jim Walden,2
75,015,New York,Joseph Hernandez,1
75,015,New York,Zohran Kwame Mamdani,363
75,016,New York,Andrew M. Cuomo,127
75,016,New York,Curtis A. Sliwa,11
75,016,New York,Eric L. Adams,1
75,016,New York,Irene Estrada,1
75,016,New York,Jim Walden,3
75,016,New York,Joseph Hernandez,0
75,016,New York,Zohran Kwame Mamdani,139
75,017,New York,Andrew M. Cuomo,217
75,017,New York,Curtis A. Sliwa,21
75,017,New York,Eric L. Adams,0
75,017,New York,Irene Estrada,0
75,017,New York,Jim Walden,2
75,017,New York,Joseph Hernandez,0
75,017,New York,Zohran Kwame Mamdani,297
75,018,New York,Andrew M. Cuomo,214
75,018,New York,Curtis A. Sliwa,13
75,018,New York,Eric L. Adams,0
75,018,New York,Irene Estrada,0
75,018,New York,Jim Walden,0
75,018,New York,Joseph Hernandez,0
75,018,New York,Zohran Kwame Mamdani,146
75,020,New York,Andrew M. Cuomo,275
75,020,New York,Curtis A. Sliwa,28
75,020,New York,Eric L. Adams,0
75,020,New York,Irene Estrada,0
75,020,New York,Jim Walden,0
75,020,New York,Joseph Hernandez,0
75,020,New York,Zohran Kwame Mamdani,177
75,021,New York,Andrew M. Cuomo,206
75,021,New York,Curtis A. Sliwa,7
75,021,New York,Eric L. Adams,0
75,021,New York,Irene Estrada,0
75,021,New York,Jim Walden,0
75,021,New York,Joseph Hernandez,0
75,021,New York,Zohran Kwame Mamdani,142
75,022,New York,Andrew M. Cuomo,476
75,022,New York,Curtis A. Sliwa,35
75,022,New York,Eric L. Adams,3
75,022,New York,Irene Estrada,0
75,022,New York,Jim Walden,3
75,022,New York,Joseph Hernandez,0
75,022,New York,Zohran Kwame Mamdani,267
75,023,New York,Andrew M. Cuomo,265
75,023,New York,Curtis A. Sliwa,32
75,023,New York,Eric L. Adams,3
75,023,New York,Irene Estrada,1
75,023,New York,Jim Walden,1
75,023,New York,Joseph Hernandez,0
75,023,New York,Zohran Kwame Mamdani,334
75,024,New York,Andrew M. Cuomo,463
75,024,New York,Curtis A. Sliwa,20
75,024,New York,Eric L. Adams,1
75,024,New York,Irene Estrada,1
75,024,New York,Jim Walden,0
75,024,New York,Joseph Hernandez,0
75,024,New York,Zohran Kwame Mamdani,362
75,025,New York,Andrew M. Cuomo,174
75,025,New York,Curtis A. Sliwa,11
75,025,New York,Eric L. Adams,0
75,025,New York,Irene Estrada,0
75,025,New York,Jim Walden,1
75,025,New York,Joseph Hernandez,0
75,025,New York,Zohran Kwame Mamdani,215
75,026,New York,Andrew M. Cuomo,586
75,026,New York,Curtis A. Sliwa,14
75,026,New York,Eric L. Adams,0
75,026,New York,Irene Estrada,0
75,026,New York,Jim Walden,0
75,026,New York,Joseph Hernandez,1
75,026,New York,Zohran Kwame Mamdani,388
75,027,New York,Andrew M. Cuomo,429
75,027,New York,Curtis A. Sliwa,15
75,027,New York,Eric L. Adams,0
75,027,New York,Irene Estrada,0
75,027,New York,Jim Walden,0
75,027,New York,Joseph Hernandez,0
75,027,New York,Zohran Kwame Mamdani,286
75,028,New York,Andrew M. Cuomo,469
75,028,New York,Curtis A. Sliwa,16
75,028,New York,Eric L. Adams,3
75,028,New York,Irene Estrada,0
75,028,New York,Jim Walden,3
75,028,New York,Joseph Hernandez,2
75,028,New York,Zohran Kwame Mamdani,440
75,029,New York,Andrew M. Cuomo,213
75,029,New York,Curtis A. Sliwa,31
75,029,New York,Eric L. Adams,1
75,029,New York,Irene Estrada,0
75,029,New York,Jim Walden,1
75,029,New York,Joseph Hernandez,1
75,029,New York,Zohran Kwame Mamdani,451
75,030,New York,Andrew M. Cuomo,210
75,030,New York,Curtis A. Sliwa,40
75,030,New York,Eric L. Adams,2
75,030,New York,Irene Estrada,0
75,030,New York,Jim Walden,0
75,030,New York,Joseph Hernandez,0
75,030,New York,Zohran Kwame Mamdani,302
75,031,New York,Andrew M. Cuomo,196
75,031,New York,Curtis A. Sliwa,31
75,031,New York,Eric L. Adams,3
75,031,New York,Irene Estrada,0
75,031,New York,Jim Walden,0
75,031,New York,Joseph Hernandez,0
75,031,New York,Zohran Kwame Mamdani,598
75,032,New York,Andrew M. Cuomo,169
75,032,New York,Curtis A. Sliwa,27
75,032,New York,Eric L. Adams,2
75,032,New York,Irene Estrada,2
75,032,New York,Jim Walden,1
75,032,New York,Joseph Hernandez,0
75,032,New York,Zohran Kwame Mamdani,493
75,033,New York,Andrew M. Cuomo,200
75,033,New York,Curtis A. Sliwa,31
75,033,New York,Eric L. Adams,1
75,033,New York,Irene Estrada,3
75,033,New York,Jim Walden,3
75,033,New York,Joseph Hernandez,0
75,033,New York,Zohran Kwame Mamdani,423
75,034,New York,Andrew M. Cuomo,183
75,034,New York,Curtis A. Sliwa,29
75,034,New York,Eric L. Adams,2
75,034,New York,Irene Estrada,1
75,034,New York,Jim Walden,0
75,034,New York,Joseph Hernandez,1
75,034,New York,Zohran Kwame Mamdani,414
75,035,New York,Andrew M. Cuomo,124
75,035,New York,Curtis A. Sliwa,20
75,035,New York,Eric L. Adams,3
75,035,New York,Irene Estrada,0
75,035,New York,Jim Walden,1
75,035,New York,Joseph Hernandez,0
75,035,New York,Zohran Kwame Mamdani,336
75,036,New York,Andrew M. Cuomo,59
75,036,New York,Curtis A. Sliwa,16
75,036,New York,Eric L. Adams,0
75,036,New York,Irene Estrada,0
75,036,New York,Jim Walden,0
75,036,New York,Joseph Hernandez,0
75,036,New York,Zohran Kwame Mamdani,113
75,037,New York,Andrew M. Cuomo,247
75,037,New York,Curtis A. Sliwa,34
75,037,New York,Eric L. Adams,0
75,037,New York,Irene Estrada,1
75,037,New York,Jim Walden,0
75,037,New York,Joseph Hernandez,0
75,037,New York,Zohran Kwame Mamdani,415
75,038,New York,Andrew M. Cuomo,269
75,038,New York,Curtis A. Sliwa,48
75,038,New York,Eric L. Adams,4
75,038,New York,Irene Estrada,0
75,038,New York,Jim Walden,4
75,038,New York,Joseph Hernandez,0
75,038,New York,Zohran Kwame Mamdani,418
75,039,New York,Andrew M. Cuomo,263
75,039,New York,Curtis A. Sliwa,44
75,039,New York,Eric L. Adams,1
75,039,New York,Irene Estrada,1
75,039,New York,Jim Walden,1
75,039,New York,Joseph Hernandez,2
75,039,New York,Zohran Kwame Mamdani,402
75,040,New York,Andrew M. Cuomo,227
75,040,New York,Curtis A. Sliwa,23
75,040,New York,Eric L. Adams,2
75,040,New York,Irene Estrada,0
75,040,New York,Jim Walden,2
75,040,New York,Joseph Hernandez,1
75,040,New York,Zohran Kwame Mamdani,418
75,041,New York,Andrew M. Cuomo,438
75,041,New York,Curtis A. Sliwa,27
75,041,New York,Eric L. Adams,0
75,041,New York,Irene Estrada,0
75,041,New York,Jim Walden,1
75,041,New York,Joseph Hernandez,0
75,041,New York,Zohran Kwame Mamdani,403
75,042,New York,Andrew M. Cuomo,305
75,042,New York,Curtis A. Sliwa,24
75,042,New York,Eric L. Adams,3
75,042,New York,Irene Estrada,0
75,042,New York,Jim Walden,0
75,042,New York,Joseph Hernandez,1
75,042,New York,Zohran Kwame Mamdani,459
75,043,New York,Andrew M. Cuomo,422
75,043,New York,Curtis A. Sliwa,75
75,043,New York,Eric L. Adams,4
75,043,New York,Irene Estrada,2
75,043,New York,Jim Walden,2
75,043,New York,Joseph Hernandez,0
75,043,New York,Zohran Kwame Mamdani,573
75,044,New York,Andrew M. Cuomo,367
75,044,New York,Curtis A. Sliwa,29
75,044,New York,Eric L. Adams,0
75,044,New York,Irene Estrada,0
75,044,New York,Jim Walden,3
75,044,New York,Joseph Hernandez,0
75,044,New York,Zohran Kwame Mamdani,519
75,045,New York,Andrew M. Cuomo,259
75,045,New York,Curtis A. Sliwa,13
75,045,New York,Eric L. Adams,1
75,045,New York,Irene Estrada,1
75,045,New York,Jim Walden,4
75,045,New York,Joseph Hernandez,0
75,045,New York,Zohran Kwame Mamdani,453
75,046,New York,Andrew M. Cuomo,301
75,046,New York,Curtis A. Sliwa,27
75,046,New York,Eric L. Adams,0
75,046,New York,Irene Estrada,1
75,046,New York,Jim Walden,1
75,046,New York,Joseph Hernandez,0
75,046,New York,Zohran Kwame Mamdani,488
75,047,New York,Andrew M. Cuomo,289
75,047,New York,Curtis A. Sliwa,29
75,047,New York,Eric L. Adams,3
75,047,New York,Irene Estrada,0
75,047,New York,Jim Walden,2
75,047,New York,Joseph Hernandez,0
75,047,New York,Zohran Kwame Mamdani,382
75,048,New York,Andrew M. Cuomo,190
75,048,New York,Curtis A. Sliwa,12
75,048,New York,Eric L. Adams,0
75,048,New York,Irene Estrada,0
75,048,New York,Jim Walden,0
75,048,New York,Joseph Hernandez,0
75,048,New York,Zohran Kwame Mamdani,288
75,049,New York,Andrew M. Cuomo,168
75,049,New York,Curtis A. Sliwa,39
75,049,New York,Eric L. Adams,2
75,049,New York,Irene Estrada,1
75,049,New York,Jim Walden,1
75,049,New York,Joseph Hernandez,1
75,049,New York,Zohran Kwame Mamdani,705
75,050,New York,Andrew M. Cuomo,142
75,050,New York,Curtis A. Sliwa,26
75,050,New York,Eric L. Adams,1
75,050,New York,Irene Estrada,2
75,050,New York,Jim Walden,1
75,050,New York,Joseph Hernandez,2
75,050,New York,Zohran Kwame Mamdani,427
75,051,New York,Andrew M. Cuomo,258
75,051,New York,Curtis A. Sliwa,37
75,051,New York,Eric L. Adams,0
75,051,New York,Irene Estrada,0
75,051,New York,Jim Walden,0
75,051,New York,Joseph Hernandez,1
75,051,New York,Zohran Kwame Mamdani,735
75,052,New York,Andrew M. Cuomo,283
75,052,New York,Curtis A. Sliwa,31
75,052,New York,Eric L. Adams,4
75,052,New York,Irene Estrada,0
75,052,New York,Jim Walden,3
75,052,New York,Joseph Hernandez,0
75,052,New York,Zohran Kwame Mamdani,539
75,053,New York,Andrew M. Cuomo,246
75,053,New York,Curtis A. Sliwa,43
75,053,New York,Eric L. Adams,1
75,053,New York,Irene Estrada,1
75,053,New York,Jim Walden,1
75,053,New York,Joseph Hernandez,0
75,053,New York,Zohran Kwame Mamdani,546
75,054,New York,Andrew M. Cuomo,186
75,054,New York,Curtis A. Sliwa,27
75,054,New York,Eric L. Adams,2
75,054,New York,Irene Estrada,0
75,054,New York,Jim Walden,2
75,054,New York,Joseph Hernandez,0
75,054,New York,Zohran Kwame Mamdani,261
75,055,New York,Andrew M. Cuomo,157
75,055,New York,Curtis A. Sliwa,25
75,055,New York,Eric L. Adams,1
75,055,New York,Irene Estrada,0
75,055,New York,Jim Walden,1
75,055,New York,Joseph Hernandez,0
75,055,New York,Zohran Kwame Mamdani,306
75,056,New York,Andrew M. Cuomo,167
75,056,New York,Curtis A. Sliwa,40
75,056,New York,Eric L. Adams,1
75,056,New York,Irene Estrada,0
75,056,New York,Jim Walden,1
75,056,New York,Joseph Hernandez,0
75,056,New York,Zohran Kwame Mamdani,360
75,057,New York,Andrew M. Cuomo,396
75,057,New York,Curtis A. Sliwa,37
75,057,New York,Eric L. Adams,3
75,057,New York,Irene Estrada,2
75,057,New York,Jim Walden,2
75,057,New York,Joseph Hernandez,1
75,057,New York,Zohran Kwame Mamdani,527
75,058,New York,Andrew M. Cuomo,245
75,058,New York,Curtis A. Sliwa,32
75,058,New York,Eric L. Adams,2
75,058,New York,Irene Estrada,1
75,058,New York,Jim Walden,1
75,058,New York,Joseph Hernandez,0
75,058,New York,Zohran Kwame Mamdani,421
75,059,New York,Andrew M. Cuomo,447
75,059,New York,Curtis A. Sliwa,37
75,059,New York,Eric L. Adams,3
75,059,New York,Irene Estrada,1
75,059,New York,Jim Walden,0
75,059,New York,Joseph Hernandez,0
75,059,New York,Zohran Kwame Mamdani,582
75,060,New York,Andrew M. Cuomo,377
75,060,New York,Curtis A. Sliwa,22
75,060,New York,Eric L. Adams,2
75,060,New York,Irene Estrada,0
75,060,New York,Jim Walden,1
75,060,New York,Joseph Hernandez,0
75,060,New York,Zohran Kwame Mamdani,354
75,061,New York,Andrew M. Cuomo,106
75,061,New York,Curtis A. Sliwa,33
75,061,New York,Eric L. Adams,0
75,061,New York,Irene Estrada,1
75,061,New York,Jim Walden,0
75,061,New York,Joseph Hernandez,0
75,061,New York,Zohran Kwame Mamdani,134
75,062,New York,Andrew M. Cuomo,250
75,062,New York,Curtis A. Sliwa,32
75,062,New York,Eric L. Adams,2
75,062,New York,Irene Estrada,0
75,062,New York,Jim Walden,1
75,062,New York,Joseph Hernandez,0
75,062,New York,Zohran Kwame Mamdani,425
75,063,New York,Andrew M. Cuomo,423
75,063,New York,Curtis A. Sliwa,26
75,063,New York,Eric L. Adams,1
75,063,New York,Irene Estrada,2
75,063,New York,Jim Walden,2
75,063,New York,Joseph Hernandez,0
75,063,New York,Zohran Kwame Mamdani,625
75,064,New York,Andrew M. Cuomo,303
75,064,New York,Curtis A. Sliwa,22
75,064,New York,Eric L. Adams,1
75,064,New York,Irene Estrada,1
75,064,New York,Jim Walden,1
75,064,New York,Joseph Hernandez,2
75,064,New York,Zohran Kwame Mamdani,469
75,065,New York,Andrew M. Cuomo,337
75,065,New York,Curtis A. Sliwa,19
75,065,New York,Eric L. Adams,1
75,065,New York,Irene Estrada,2
75,065,New York,Jim Walden,1
75,065,New York,Joseph Hernandez,2
75,065,New York,Zohran Kwame Mamdani,252
75,066,New York,Andrew M. Cuomo,252
75,066,New York,Curtis A. Sliwa,37
75,066,New York,Eric L. Adams,1
75,066,New York,Irene Estrada,0
75,066,New York,Jim Walden,0
75,066,New York,Joseph Hernandez,0
75,066,New York,Zohran Kwame Mamdani,241
76,001,New York,Andrew M. Cuomo,704
76,001,New York,Curtis A. Sliwa,26
76,001,New York,Eric L. Adams,2
76,001,New York,Irene Estrada,2
76,001,New York,Jim Walden,0
76,001,New York,Joseph Hernandez,1
76,001,New York,Zohran Kwame Mamdani,244
76,002,New York,Andrew M. Cuomo,589
76,002,New York,Curtis A. Sliwa,14
76,002,New York,Eric L. Adams,1
76,002,New York,Irene Estrada,0
76,002,New York,Jim Walden,0
76,002,New York,Joseph Hernandez,0
76,002,New York,Zohran Kwame Mamdani,70
76,003,New York,Andrew M. Cuomo,597
76,003,New York,Curtis A. Sliwa,23
76,003,New York,Eric L. Adams,0
76,003,New York,Irene Estrada,0
76,003,New York,Jim Walden,0
76,003,New York,Joseph Hernandez,0
76,003,New York,Zohran Kwame Mamdani,190
76,004,New York,Andrew M. Cuomo,710
76,004,New York,Curtis A. Sliwa,23
76,004,New York,Eric L. Adams,2
76,004,New York,Irene Estrada,0
76,004,New York,Jim Walden,2
76,004,New York,Joseph Hernandez,0
76,004,New York,Zohran Kwame Mamdani,246
76,005,New York,Andrew M. Cuomo,639
76,005,New York,Curtis A. Sliwa,33
76,005,New York,Eric L. Adams,0
76,005,New York,Irene Estrada,0
76,005,New York,Jim Walden,1
76,005,New York,Joseph Hernandez,0
76,005,New York,Zohran Kwame Mamdani,323
76,006,New York,Andrew M. Cuomo,570
76,006,New York,Curtis A. Sliwa,36
76,006,New York,Eric L. Adams,0
76,006,New York,Irene Estrada,2
76,006,New York,Jim Walden,2
76,006,New York,Joseph Hernandez,0
76,006,New York,Zohran Kwame Mamdani,389
76,007,New York,Andrew M. Cuomo,571
76,007,New York,Curtis A. Sliwa,34
76,007,New York,Eric L. Adams,1
76,007,New York,Irene Estrada,2
76,007,New York,Jim Walden,0
76,007,New York,Joseph Hernandez,1
76,007,New York,Zohran Kwame Mamdani,342
76,008,New York,Andrew M. Cuomo,274
76,008,New York,Curtis A. Sliwa,17
76,008,New York,Eric L. Adams,3
76,008,New York,Irene Estrada,2
76,008,New York,Jim Walden,0
76,008,New York,Joseph Hernandez,0
76,008,New York,Zohran Kwame Mamdani,345
76,009,New York,Andrew M. Cuomo,676
76,009,New York,Curtis A. Sliwa,21
76,009,New York,Eric L. Adams,0
76,009,New York,Irene Estrada,1
76,009,New York,Jim Walden,0
76,009,New York,Joseph Hernandez,0
76,009,New York,Zohran Kwame Mamdani,414
76,010,New York,Andrew M. Cuomo,267
76,010,New York,Curtis A. Sliwa,24
76,010,New York,Eric L. Adams,1
76,010,New York,Irene Estrada,1
76,010,New York,Jim Walden,0
76,010,New York,Joseph Hernandez,1
76,010,New York,Zohran Kwame Mamdani,394
76,011,New York,Andrew M. Cuomo,416
76,011,New York,Curtis A. Sliwa,30
76,011,New York,Eric L. Adams,3
76,011,New York,Irene Estrada,0
76,011,New York,Jim Walden,2
76,011,New York,Joseph Hernandez,0
76,011,New York,Zohran Kwame Mamdani,299
76,012,New York,Andrew M. Cuomo,433
76,012,New York,Curtis A. Sliwa,48
76,012,New York,Eric L. Adams,1
76,012,New York,Irene Estrada,2
76,012,New York,Jim Walden,0
76,012,New York,Joseph Hernandez,0
76,012,New York,Zohran Kwame Mamdani,407
76,013,New York,Andrew M. Cuomo,478
76,013,New York,Curtis A. Sliwa,22
76,013,New York,Eric L. Adams,1
76,013,New York,Irene Estrada,1
76,013,New York,Jim Walden,1
76,013,New York,Joseph Hernandez,3
76,013,New York,Zohran Kwame Mamdani,368
76,014,New York,Andrew M. Cuomo,592
76,014,New York,Curtis A. Sliwa,19
76,014,New York,Eric L. Adams,0
76,014,New York,Irene Estrada,0
76,014,New York,Jim Walden,1
76,014,New York,Joseph Hernandez,0
76,014,New York,Zohran Kwame Mamdani,304
76,015,New York,Andrew M. Cuomo,402
76,015,New York,Curtis A. Sliwa,26
76,015,New York,Eric L. Adams,2
76,015,New York,Irene Estrada,0
76,015,New York,Jim Walden,4
76,015,New York,Joseph Hernandez,1
76,015,New York,Zohran Kwame Mamdani,519
76,016,New York,Andrew M. Cuomo,298
76,016,New York,Curtis A. Sliwa,29
76,016,New York,Eric L. Adams,1
76,016,New York,Irene Estrada,4
76,016,New York,Jim Walden,2
76,016,New York,Joseph Hernandez,2
76,016,New York,Zohran Kwame Mamdani,261
76,017,New York,Andrew M. Cuomo,461
76,017,New York,Curtis A. Sliwa,32
76,017,New York,Eric L. Adams,1
76,017,New York,Irene Estrada,0
76,017,New York,Jim Walden,1
76,017,New York,Joseph Hernandez,0
76,017,New York,Zohran Kwame Mamdani,314
76,018,New York,Andrew M. Cuomo,590
76,018,New York,Curtis A. Sliwa,16
76,018,New York,Eric L. Adams,0
76,018,New York,Irene Estrada,2
76,018,New York,Jim Walden,1
76,018,New York,Joseph Hernandez,0
76,018,New York,Zohran Kwame Mamdani,164
76,019,New York,Andrew M. Cuomo,790
76,019,New York,Curtis A. Sliwa,26
76,019,New York,Eric L. Adams,2
76,019,New York,Irene Estrada,0
76,019,New York,Jim Walden,1
76,019,New York,Joseph Hernandez,0
76,019,New York,Zohran Kwame Mamdani,367
76,020,New York,Andrew M. Cuomo,600
76,020,New York,Curtis A. Sliwa,25
76,020,New York,Eric L. Adams,1
76,020,New York,Irene Estrada,0
76,020,New York,Jim Walden,0
76,020,New York,Joseph Hernandez,0
76,020,New York,Zohran Kwame Mamdani,418
76,021,New York,Andrew M. Cuomo,578
76,021,New York,Curtis A. Sliwa,30
76,021,New York,Eric L. Adams,3
76,021,New York,Irene Estrada,0
76,021,New York,Jim Walden,3
76,021,New York,Joseph Hernandez,0
76,021,New York,Zohran Kwame Mamdani,350
76,022,New York,Andrew M. Cuomo,549
76,022,New York,Curtis A. Sliwa,25
76,022,New York,Eric L. Adams,1
76,022,New York,Irene Estrada,0
76,022,New York,Jim Walden,2
76,022,New York,Joseph Hernandez,0
76,022,New York,Zohran Kwame Mamdani,345
76,023,New York,Andrew M. Cuomo,451
76,023,New York,Curtis A. Sliwa,27
76,023,New York,Eric L. Adams,0
76,023,New York,Irene Estrada,1
76,023,New York,Jim Walden,2
76,023,New York,Joseph Hernandez,2
76,023,New York,Zohran Kwame Mamdani,267
76,024,New York,Andrew M. Cuomo,604
76,024,New York,Curtis A. Sliwa,40
76,024,New York,Eric L. Adams,0
76,024,New York,Irene Estrada,1
76,024,New York,Jim Walden,1
76,024,New York,Joseph Hernandez,3
76,024,New York,Zohran Kwame Mamdani,445
76,025,New York,Andrew M. Cuomo,347
76,025,New York,Curtis A. Sliwa,29
76,025,New York,Eric L. Adams,0
76,025,New York,Irene Estrada,0
76,025,New York,Jim Walden,1
76,025,New York,Joseph Hernandez,1
76,025,New York,Zohran Kwame Mamdani,402
76,026,New York,Andrew M. Cuomo,649
76,026,New York,Curtis A. Sliwa,30
76,026,New York,Eric L. Adams,3
76,026,New York,Irene Estrada,1
76,026,New York,Jim Walden,2
76,026,New York,Joseph Hernandez,0
76,026,New York,Zohran Kwame Mamdani,261
76,027,New York,Andrew M. Cuomo,535
76,027,New York,Curtis A. Sliwa,29
76,027,New York,Eric L. Adams,1
76,027,New York,Irene Estrada,2
76,027,New York,Jim Walden,3
76,027,New York,Joseph Hernandez,0
76,027,New York,Zohran Kwame Mamdani,294
76,028,New York,Andrew M. Cuomo,401
76,028,New York,Curtis A. Sliwa,45
76,028,New York,Eric L. Adams,0
76,028,New York,Irene Estrada,0
76,028,New York,Jim Walden,0
76,028,New York,Joseph Hernandez,1
76,028,New York,Zohran Kwame Mamdani,534
76,029,New York,Andrew M. Cuomo,498
76,029,New York,Curtis A. Sliwa,11
76,029,New York,Eric L. Adams,0
76,029,New York,Irene Estrada,1
76,029,New York,Jim Walden,0
76,029,New York,Joseph Hernandez,0
76,029,New York,Zohran Kwame Mamdani,245
76,030,New York,Andrew M. Cuomo,704
76,030,New York,Curtis A. Sliwa,20
76,030,New York,Eric L. Adams,2
76,030,New York,Irene Estrada,0
76,030,New York,Jim Walden,0
76,030,New York,Joseph Hernandez,0
76,030,New York,Zohran Kwame Mamdani,332
76,031,New York,Andrew M. Cuomo,674
76,031,New York,Curtis A. Sliwa,29
76,031,New York,Eric L. Adams,0
76,031,New York,Irene Estrada,1
76,031,New York,Jim Walden,3
76,031,New York,Joseph Hernandez,0
76,031,New York,Zohran Kwame Mamdani,292
76,032,New York,Andrew M. Cuomo,796
76,032,New York,Curtis A. Sliwa,30
76,032,New York,Eric L. Adams,3
76,032,New York,Irene Estrada,2
76,032,New York,Jim Walden,1
76,032,New York,Joseph Hernandez,1
76,032,New York,Zohran Kwame Mamdani,288
76,033,New York,Andrew M. Cuomo,567
76,033,New York,Curtis A. Sliwa,51
76,033,New York,Eric L. Adams,0
76,033,New York,Irene Estrada,0
76,033,New York,Jim Walden,0
76,033,New York,Joseph Hernandez,1
76,033,New York,Zohran Kwame Mamdani,619
76,034,New York,Andrew M. Cuomo,622
76,034,New York,Curtis A. Sliwa,38
76,034,New York,Eric L. Adams,1
76,034,New York,Irene Estrada,1
76,034,New York,Jim Walden,0
76,034,New York,Joseph Hernandez,0
76,034,New York,Zohran Kwame Mamdani,459
76,035,New York,Andrew M. Cuomo,543
76,035,New York,Curtis A. Sliwa,37
76,035,New York,Eric L. Adams,1
76,035,New York,Irene Estrada,0
76,035,New York,Jim Walden,2
76,035,New York,Joseph Hernandez,1
76,035,New York,Zohran Kwame Mamdani,436
76,036,New York,Andrew M. Cuomo,614
76,036,New York,Curtis A. Sliwa,55
76,036,New York,Eric L. Adams,1
76,036,New York,Irene Estrada,0
76,036,New York,Jim Walden,2
76,036,New York,Joseph Hernandez,0
76,036,New York,Zohran Kwame Mamdani,515
76,037,New York,Andrew M. Cuomo,535
76,037,New York,Curtis A. Sliwa,38
76,037,New York,Eric L. Adams,1
76,037,New York,Irene Estrada,0
76,037,New York,Jim Walden,0
76,037,New York,Joseph Hernandez,0
76,037,New York,Zohran Kwame Mamdani,526
76,038,New York,Andrew M. Cuomo,171
76,038,New York,Curtis A. Sliwa,37
76,038,New York,Eric L. Adams,2
76,038,New York,Irene Estrada,0
76,038,New York,Jim Walden,0
76,038,New York,Joseph Hernandez,0
76,038,New York,Zohran Kwame Mamdani,436
76,039,New York,Andrew M. Cuomo,682
76,039,New York,Curtis A. Sliwa,21
76,039,New York,Eric L. Adams,0
76,039,New York,Irene Estrada,2
76,039,New York,Jim Walden,2
76,039,New York,Joseph Hernandez,0
76,039,New York,Zohran Kwame Mamdani,299
76,040,New York,Andrew M. Cuomo,519
76,040,New York,Curtis A. Sliwa,30
76,040,New York,Eric L. Adams,1
76,040,New York,Irene Estrada,0
76,040,New York,Jim Walden,0
76,040,New York,Joseph Hernandez,0
76,040,New York,Zohran Kwame Mamdani,264
76,041,New York,Andrew M. Cuomo,470
76,041,New York,Curtis A. Sliwa,63
76,041,New York,Eric L. Adams,3
76,041,New York,Irene Estrada,0
76,041,New York,Jim Walden,0
76,041,New York,Joseph Hernandez,0
76,041,New York,Zohran Kwame Mamdani,318
76,042,New York,Andrew M. Cuomo,680
76,042,New York,Curtis A. Sliwa,20
76,042,New York,Eric L. Adams,1
76,042,New York,Irene Estrada,2
76,042,New York,Jim Walden,2
76,042,New York,Joseph Hernandez,2
76,042,New York,Zohran Kwame Mamdani,349
76,043,New York,Andrew M. Cuomo,433
76,043,New York,Curtis A. Sliwa,21
76,043,New York,Eric L. Adams,0
76,043,New York,Irene Estrada,1
76,043,New York,Jim Walden,6
76,043,New York,Joseph Hernandez,0
76,043,New York,Zohran Kwame Mamdani,343
76,044,New York,Andrew M. Cuomo,703
76,044,New York,Curtis A. Sliwa,32
76,044,New York,Eric L. Adams,2
76,044,New York,Irene Estrada,0
76,044,New York,Jim Walden,1
76,044,New York,Joseph Hernandez,1
76,044,New York,Zohran Kwame Mamdani,361
76,045,New York,Andrew M. Cuomo,532
76,045,New York,Curtis A. Sliwa,40
76,045,New York,Eric L. Adams,1
76,045,New York,Irene Estrada,0
76,045,New York,Jim Walden,2
76,045,New York,Joseph Hernandez,3
76,045,New York,Zohran Kwame Mamdani,463
76,046,New York,Andrew M. Cuomo,617
76,046,New York,Curtis A. Sliwa,34
76,046,New York,Eric L. Adams,1
76,046,New York,Irene Estrada,1
76,046,New York,Jim Walden,1
76,046,New York,Joseph Hernandez,0
76,046,New York,Zohran Kwame Mamdani,379
76,047,New York,Andrew M. Cuomo,303
76,047,New York,Curtis A. Sliwa,30
76,047,New York,Eric L. Adams,1
76,047,New York,Irene Estrada,1
76,047,New York,Jim Walden,1
76,047,New York,Joseph Hernandez,0
76,047,New York,Zohran Kwame Mamdani,412
76,048,New York,Andrew M. Cuomo,623
76,048,New York,Curtis A. Sliwa,21
76,048,New York,Eric L. Adams,2
76,048,New York,Irene Estrada,0
76,048,New York,Jim Walden,0
76,048,New York,Joseph Hernandez,0
76,048,New York,Zohran Kwame Mamdani,327
76,049,New York,Andrew M. Cuomo,542
76,049,New York,Curtis A. Sliwa,33
76,049,New York,Eric L. Adams,1
76,049,New York,Irene Estrada,0
76,049,New York,Jim Walden,1
76,049,New York,Joseph Hernandez,1
76,049,New York,Zohran Kwame Mamdani,385
76,050,New York,Andrew M. Cuomo,582
76,050,New York,Curtis A. Sliwa,28
76,050,New York,Eric L. Adams,0
76,050,New York,Irene Estrada,1
76,050,New York,Jim Walden,0
76,050,New York,Joseph Hernandez,0
76,050,New York,Zohran Kwame Mamdani,461
76,051,New York,Andrew M. Cuomo,527
76,051,New York,Curtis A. Sliwa,40
76,051,New York,Eric L. Adams,1
76,051,New York,Irene Estrada,2
76,051,New York,Jim Walden,4
76,051,New York,Joseph Hernandez,0
76,051,New York,Zohran Kwame Mamdani,308
76,052,New York,Andrew M. Cuomo,471
76,052,New York,Curtis A. Sliwa,30
76,052,New York,Eric L. Adams,0
76,052,New York,Irene Estrada,1
76,052,New York,Jim Walden,1
76,052,New York,Joseph Hernandez,0
76,052,New York,Zohran Kwame Mamdani,463
76,053,New York,Andrew M. Cuomo,476
76,053,New York,Curtis A. Sliwa,31
76,053,New York,Eric L. Adams,0
76,053,New York,Irene Estrada,0
76,053,New York,Jim Walden,2
76,053,New York,Joseph Hernandez,0
76,053,New York,Zohran Kwame Mamdani,482
76,054,New York,Andrew M. Cuomo,742
76,054,New York,Curtis A. Sliwa,35
76,054,New York,Eric L. Adams,0
76,054,New York,Irene Estrada,1
76,054,New York,Jim Walden,1
76,054,New York,Joseph Hernandez,0
76,054,New York,Zohran Kwame Mamdani,464
76,055,New York,Andrew M. Cuomo,378
76,055,New York,Curtis A. Sliwa,35
76,055,New York,Eric L. Adams,2
76,055,New York,Irene Estrada,1
76,055,New York,Jim Walden,0
76,055,New York,Joseph Hernandez,0
76,055,New York,Zohran Kwame Mamdani,650
76,056,New York,Andrew M. Cuomo,336
76,056,New York,Curtis A. Sliwa,35
76,056,New York,Eric L. Adams,1
76,056,New York,Irene Estrada,0
76,056,New York,Jim Walden,0
76,056,New York,Joseph Hernandez,0
76,056,New York,Zohran Kwame Mamdani,710
76,057,New York,Andrew M. Cuomo,384
76,057,New York,Curtis A. Sliwa,27
76,057,New York,Eric L. Adams,0
76,057,New York,Irene Estrada,0
76,057,New York,Jim Walden,0
76,057,New York,Joseph Hernandez,1
76,057,New York,Zohran Kwame Mamdani,340
76,058,New York,Andrew M. Cuomo,525
76,058,New York,Curtis A. Sliwa,28
76,058,New York,Eric L. Adams,2
76,058,New York,Irene Estrada,0
76,058,New York,Jim Walden,2
76,058,New York,Joseph Hernandez,0
76,058,New York,Zohran Kwame Mamdani,508
76,059,New York,Andrew M. Cuomo,243
76,059,New York,Curtis A. Sliwa,44
76,059,New York,Eric L. Adams,1
76,059,New York,Irene Estrada,1
76,059,New York,Jim Walden,1
76,059,New York,Joseph Hernandez,2
76,059,New York,Zohran Kwame Mamdani,412
76,060,New York,Andrew M. Cuomo,221
76,060,New York,Curtis A. Sliwa,31
76,060,New York,Eric L. Adams,0
76,060,New York,Irene Estrada,0
76,060,New York,Jim Walden,1
76,060,New York,Joseph Hernandez,0
76,060,New York,Zohran Kwame Mamdani,448
76,061,New York,Andrew M. Cuomo,214
76,061,New York,Curtis A. Sliwa,37
76,061,New York,Eric L. Adams,1
76,061,New York,Irene Estrada,1
76,061,New York,Jim Walden,2
76,061,New York,Joseph Hernandez,1
76,061,New York,Zohran Kwame Mamdani,376
76,062,New York,Andrew M. Cuomo,331
76,062,New York,Curtis A. Sliwa,35
76,062,New York,Eric L. Adams,2
76,062,New York,Irene Estrada,0
76,062,New York,Jim Walden,0
76,062,New York,Joseph Hernandez,0
76,062,New York,Zohran Kwame Mamdani,541
77,001,Bronx,Andrew M. Cuomo,125
77,001,Bronx,Curtis A. Sliwa,19
77,001,Bronx,Eric L. Adams,3
77,001,Bronx,Irene Estrada,2
77,001,Bronx,Jim Walden,0
77,001,Bronx,Joseph Hernandez,0
77,001,Bronx,Zohran Kwame Mamdani,175
77,002,Bronx,Andrew M. Cuomo,163
77,002,Bronx,Curtis A. Sliwa,15
77,002,Bronx,Eric L. Adams,2
77,002,Bronx,Irene Estrada,2
77,002,Bronx,Jim Walden,0
77,002,Bronx,Joseph Hernandez,1
77,002,Bronx,Zohran Kwame Mamdani,249
77,003,Bronx,Andrew M. Cuomo,142
77,003,Bronx,Curtis A. Sliwa,12
77,003,Bronx,Eric L. Adams,3
77,003,Bronx,Irene Estrada,2
77,003,Bronx,Jim Walden,1
77,003,Bronx,Joseph Hernandez,1
77,003,Bronx,Zohran Kwame Mamdani,201
77,004,Bronx,Andrew M. Cuomo,38
77,004,Bronx,Curtis A. Sliwa,7
77,004,Bronx,Eric L. Adams,1
77,004,Bronx,Irene Estrada,0
77,004,Bronx,Jim Walden,0
77,004,Bronx,Joseph Hernandez,0
77,004,Bronx,Zohran Kwame Mamdani,120
77,005,Bronx,Andrew M. Cuomo,180
77,005,Bronx,Curtis A. Sliwa,21
77,005,Bronx,Eric L. Adams,6
77,005,Bronx,Irene Estrada,0
77,005,Bronx,Jim Walden,1
77,005,Bronx,Joseph Hernandez,0
77,005,Bronx,Zohran Kwame Mamdani,207
77,006,Bronx,Andrew M. Cuomo,196
77,006,Bronx,Curtis A. Sliwa,15
77,006,Bronx,Eric L. Adams,3
77,006,Bronx,Irene Estrada,1
77,006,Bronx,Jim Walden,1
77,006,Bronx,Joseph Hernandez,0
77,006,Bronx,Zohran Kwame Mamdani,178
77,007,Bronx,Andrew M. Cuomo,131
77,007,Bronx,Curtis A. Sliwa,23
77,007,Bronx,Eric L. Adams,4
77,007,Bronx,Irene Estrada,0
77,007,Bronx,Jim Walden,0
77,007,Bronx,Joseph Hernandez,0
77,007,Bronx,Zohran Kwame Mamdani,261
77,008,Bronx,Andrew M. Cuomo,188
77,008,Bronx,Curtis A. Sliwa,18
77,008,Bronx,Eric L. Adams,2
77,008,Bronx,Irene Estrada,1
77,008,Bronx,Jim Walden,1
77,008,Bronx,Joseph Hernandez,1
77,008,Bronx,Zohran Kwame Mamdani,186
77,009,Bronx,Andrew M. Cuomo,170
77,009,Bronx,Curtis A. Sliwa,8
77,009,Bronx,Eric L. Adams,2
77,009,Bronx,Irene Estrada,1
77,009,Bronx,Jim Walden,0
77,009,Bronx,Joseph Hernandez,0
77,009,Bronx,Zohran Kwame Mamdani,290
77,010,Bronx,Andrew M. Cuomo,164
77,010,Bronx,Curtis A. Sliwa,31
77,010,Bronx,Eric L. Adams,3
77,010,Bronx,Irene Estrada,2
77,010,Bronx,Jim Walden,0
77,010,Bronx,Joseph Hernandez,0
77,010,Bronx,Zohran Kwame Mamdani,210
77,011,Bronx,Andrew M. Cuomo,189
77,011,Bronx,Curtis A. Sliwa,10
77,011,Bronx,Eric L. Adams,3
77,011,Bronx,Irene Estrada,3
77,011,Bronx,Jim Walden,0
77,011,Bronx,Joseph Hernandez,0
77,011,Bronx,Zohran Kwame Mamdani,242
77,012,Bronx,Andrew M. Cuomo,203
77,012,Bronx,Curtis A. Sliwa,19
77,012,Bronx,Eric L. Adams,1
77,012,Bronx,Irene Estrada,0
77,012,Bronx,Jim Walden,0
77,012,Bronx,Joseph Hernandez,0
77,012,Bronx,Zohran Kwame Mamdani,252
77,013,Bronx,Andrew M. Cuomo,211
77,013,Bronx,Curtis A. Sliwa,22
77,013,Bronx,Eric L. Adams,7
77,013,Bronx,Irene Estrada,0
77,013,Bronx,Jim Walden,1
77,013,Bronx,Joseph Hernandez,0
77,013,Bronx,Zohran Kwame Mamdani,234
77,014,Bronx,Andrew M. Cuomo,184
77,014,Bronx,Curtis A. Sliwa,15
77,014,Bronx,Eric L. Adams,1
77,014,Bronx,Irene Estrada,0
77,014,Bronx,Jim Walden,0
77,014,Bronx,Joseph Hernandez,0
77,014,Bronx,Zohran Kwame Mamdani,173
77,015,Bronx,Andrew M. Cuomo,16
77,015,Bronx,Curtis A. Sliwa,2
77,015,Bronx,Eric L. Adams,0
77,015,Bronx,Irene Estrada,0
77,015,Bronx,Jim Walden,0
77,015,Bronx,Joseph Hernandez,0
77,015,Bronx,Zohran Kwame Mamdani,24
77,016,Bronx,Andrew M. Cuomo,36
77,016,Bronx,Curtis A. Sliwa,2
77,016,Bronx,Eric L. Adams,0
77,016,Bronx,Irene Estrada,0
77,016,Bronx,Jim Walden,0
77,016,Bronx,Joseph Hernandez,0
77,016,Bronx,Zohran Kwame Mamdani,49
77,017,Bronx,Andrew M. Cuomo,128
77,017,Bronx,Curtis A. Sliwa,11
77,017,Bronx,Eric L. Adams,2
77,017,Bronx,Irene Estrada,1
77,017,Bronx,Jim Walden,0
77,017,Bronx,Joseph Hernandez,1
77,017,Bronx,Zohran Kwame Mamdani,153
77,018,Bronx,Andrew M. Cuomo,111
77,018,Bronx,Curtis A. Sliwa,10
77,018,Bronx,Eric L. Adams,1
77,018,Bronx,Irene Estrada,1
77,018,Bronx,Jim Walden,0
77,018,Bronx,Joseph Hernandez,0
77,018,Bronx,Zohran Kwame Mamdani,175
77,019,Bronx,Andrew M. Cuomo,129
77,019,Bronx,Curtis A. Sliwa,9
77,019,Bronx,Eric L. Adams,3
77,019,Bronx,Irene Estrada,1
77,019,Bronx,Jim Walden,0
77,019,Bronx,Joseph Hernandez,0
77,019,Bronx,Zohran Kwame Mamdani,172
77,020,Bronx,Andrew M. Cuomo,54
77,020,Bronx,Curtis A. Sliwa,10
77,020,Bronx,Eric L. Adams,0
77,020,Bronx,Irene Estrada,0
77,020,Bronx,Jim Walden,0
77,020,Bronx,Joseph Hernandez,0
77,020,Bronx,Zohran Kwame Mamdani,59
77,021,Bronx,Andrew M. Cuomo,114
77,021,Bronx,Curtis A. Sliwa,8
77,021,Bronx,Eric L. Adams,0
77,021,Bronx,Irene Estrada,1
77,021,Bronx,Jim Walden,1
77,021,Bronx,Joseph Hernandez,1
77,021,Bronx,Zohran Kwame Mamdani,188
77,022,Bronx,Andrew M. Cuomo,104
77,022,Bronx,Curtis A. Sliwa,12
77,022,Bronx,Eric L. Adams,0
77,022,Bronx,Irene Estrada,0
77,022,Bronx,Jim Walden,0
77,022,Bronx,Joseph Hernandez,0
77,022,Bronx,Zohran Kwame Mamdani,156
77,023,Bronx,Andrew M. Cuomo,143
77,023,Bronx,Curtis A. Sliwa,10
77,023,Bronx,Eric L. Adams,4
77,023,Bronx,Irene Estrada,1
77,023,Bronx,Jim Walden,1
77,023,Bronx,Joseph Hernandez,0
77,023,Bronx,Zohran Kwame Mamdani,276
77,024,Bronx,Andrew M. Cuomo,126
77,024,Bronx,Curtis A. Sliwa,15
77,024,Bronx,Eric L. Adams,3
77,024,Bronx,Irene Estrada,2
77,024,Bronx,Jim Walden,0
77,024,Bronx,Joseph Hernandez,0
77,024,Bronx,Zohran Kwame Mamdani,230
77,025,Bronx,Andrew M. Cuomo,97
77,025,Bronx,Curtis A. Sliwa,7
77,025,Bronx,Eric L. Adams,1
77,025,Bronx,Irene Estrada,1
77,025,Bronx,Jim Walden,0
77,025,Bronx,Joseph Hernandez,0
77,025,Bronx,Zohran Kwame Mamdani,116
77,026,Bronx,Andrew M. Cuomo,113
77,026,Bronx,Curtis A. Sliwa,19
77,026,Bronx,Eric L. Adams,2
77,026,Bronx,Irene Estrada,3
77,026,Bronx,Jim Walden,0
77,026,Bronx,Joseph Hernandez,0
77,026,Bronx,Zohran Kwame Mamdani,157
77,027,Bronx,Andrew M. Cuomo,140
77,027,Bronx,Curtis A. Sliwa,12
77,027,Bronx,Eric L. Adams,1
77,027,Bronx,Irene Estrada,0
77,027,Bronx,Jim Walden,0
77,027,Bronx,Joseph Hernandez,0
77,027,Bronx,Zohran Kwame Mamdani,175
77,028,Bronx,Andrew M. Cuomo,91
77,028,Bronx,Curtis A. Sliwa,16
77,028,Bronx,Eric L. Adams,2
77,028,Bronx,Irene Estrada,1
77,028,Bronx,Jim Walden,1
77,028,Bronx,Joseph Hernandez,0
77,028,Bronx,Zohran Kwame Mamdani,143
77,029,Bronx,Andrew M. Cuomo,41
77,029,Bronx,Curtis A. Sliwa,10
77,029,Bronx,Eric L. Adams,0
77,029,Bronx,Irene Estrada,0
77,029,Bronx,Jim Walden,0
77,029,Bronx,Joseph Hernandez,0
77,029,Bronx,Zohran Kwame Mamdani,52
77,030,Bronx,Andrew M. Cuomo,54
77,030,Bronx,Curtis A. Sliwa,6
77,030,Bronx,Eric L. Adams,0
77,030,Bronx,Irene Estrada,1
77,030,Bronx,Jim Walden,0
77,030,Bronx,Joseph Hernandez,1
77,030,Bronx,Zohran Kwame Mamdani,79
77,031,Bronx,Andrew M. Cuomo,131
77,031,Bronx,Curtis A. Sliwa,6
77,031,Bronx,Eric L. Adams,0
77,031,Bronx,Irene Estrada,0
77,031,Bronx,Jim Walden,0
77,031,Bronx,Joseph Hernandez,0
77,031,Bronx,Zohran Kwame Mamdani,155
77,032,Bronx,Andrew M. Cuomo,120
77,032,Bronx,Curtis A. Sliwa,14
77,032,Bronx,Eric L. Adams,0
77,032,Bronx,Irene Estrada,0
77,032,Bronx,Jim Walden,0
77,032,Bronx,Joseph Hernandez,1
77,032,Bronx,Zohran Kwame Mamdani,201
77,033,Bronx,Andrew M. Cuomo,97
77,033,Bronx,Curtis A. Sliwa,8
77,033,Bronx,Eric L. Adams,0
77,033,Bronx,Irene Estrada,1
77,033,Bronx,Jim Walden,0
77,033,Bronx,Joseph Hernandez,0
77,033,Bronx,Zohran Kwame Mamdani,98
77,034,Bronx,Andrew M. Cuomo,147
77,034,Bronx,Curtis A. Sliwa,14
77,034,Bronx,Eric L. Adams,4
77,034,Bronx,Irene Estrada,2
77,034,Bronx,Jim Walden,0
77,034,Bronx,Joseph Hernandez,1
77,034,Bronx,Zohran Kwame Mamdani,213
77,035,Bronx,Andrew M. Cuomo,116
77,035,Bronx,Curtis A. Sliwa,15
77,035,Bronx,Eric L. Adams,3
77,035,Bronx,Irene Estrada,0
77,035,Bronx,Jim Walden,0
77,035,Bronx,Joseph Hernandez,1
77,035,Bronx,Zohran Kwame Mamdani,150
77,036,Bronx,Andrew M. Cuomo,104
77,036,Bronx,Curtis A. Sliwa,12
77,036,Bronx,Eric L. Adams,3
77,036,Bronx,Irene Estrada,1
77,036,Bronx,Jim Walden,0
77,036,Bronx,Joseph Hernandez,1
77,036,Bronx,Zohran Kwame Mamdani,137
77,037,Bronx,Andrew M. Cuomo,136
77,037,Bronx,Curtis A. Sliwa,16
77,037,Bronx,Eric L. Adams,4
77,037,Bronx,Irene Estrada,0
77,037,Bronx,Jim Walden,0
77,037,Bronx,Joseph Hernandez,0
77,037,Bronx,Zohran Kwame Mamdani,181
77,038,Bronx,Andrew M. Cuomo,90
77,038,Bronx,Curtis A. Sliwa,4
77,038,Bronx,Eric L. Adams,2
77,038,Bronx,Irene Estrada,1
77,038,Bronx,Jim Walden,0
77,038,Bronx,Joseph Hernandez,1
77,038,Bronx,Zohran Kwame Mamdani,102
77,039,Bronx,Andrew M. Cuomo,112
77,039,Bronx,Curtis A. Sliwa,9
77,039,Bronx,Eric L. Adams,4
77,039,Bronx,Irene Estrada,2
77,039,Bronx,Jim Walden,0
77,039,Bronx,Joseph Hernandez,2
77,039,Bronx,Zohran Kwame Mamdani,256
77,040,Bronx,Andrew M. Cuomo,101
77,040,Bronx,Curtis A. Sliwa,16
77,040,Bronx,Eric L. Adams,3
77,040,Bronx,Irene Estrada,0
77,040,Bronx,Jim Walden,0
77,040,Bronx,Joseph Hernandez,0
77,040,Bronx,Zohran Kwame Mamdani,208
77,041,Bronx,Andrew M. Cuomo,135
77,041,Bronx,Curtis A. Sliwa,15
77,041,Bronx,Eric L. Adams,1
77,041,Bronx,Irene Estrada,1
77,041,Bronx,Jim Walden,1
77,041,Bronx,Joseph Hernandez,1
77,041,Bronx,Zohran Kwame Mamdani,192
77,042,Bronx,Andrew M. Cuomo,151
77,042,Bronx,Curtis A. Sliwa,21
77,042,Bronx,Eric L. Adams,5
77,042,Bronx,Irene Estrada,3
77,042,Bronx,Jim Walden,1
77,042,Bronx,Joseph Hernandez,2
77,042,Bronx,Zohran Kwame Mamdani,216
77,043,Bronx,Andrew M. Cuomo,97
77,043,Bronx,Curtis A. Sliwa,10
77,043,Bronx,Eric L. Adams,2
77,043,Bronx,Irene Estrada,0
77,043,Bronx,Jim Walden,0
77,043,Bronx,Joseph Hernandez,0
77,043,Bronx,Zohran Kwame Mamdani,144
77,044,Bronx,Andrew M. Cuomo,131
77,044,Bronx,Curtis A. Sliwa,17
77,044,Bronx,Eric L. Adams,0
77,044,Bronx,Irene Estrada,2
77,044,Bronx,Jim Walden,1
77,044,Bronx,Joseph Hernandez,0
77,044,Bronx,Zohran Kwame Mamdani,219
77,045,Bronx,Andrew M. Cuomo,55
77,045,Bronx,Curtis A. Sliwa,6
77,045,Bronx,Eric L. Adams,0
77,045,Bronx,Irene Estrada,1
77,045,Bronx,Jim Walden,0
77,045,Bronx,Joseph Hernandez,0
77,045,Bronx,Zohran Kwame Mamdani,56
77,046,Bronx,Andrew M. Cuomo,183
77,046,Bronx,Curtis A. Sliwa,18
77,046,Bronx,Eric L. Adams,2
77,046,Bronx,Irene Estrada,2
77,046,Bronx,Jim Walden,1
77,046,Bronx,Joseph Hernandez,0
77,046,Bronx,Zohran Kwame Mamdani,273
77,047,Bronx,Andrew M. Cuomo,167
77,047,Bronx,Curtis A. Sliwa,23
77,047,Bronx,Eric L. Adams,1
77,047,Bronx,Irene Estrada,0
77,047,Bronx,Jim Walden,0
77,047,Bronx,Joseph Hernandez,0
77,047,Bronx,Zohran Kwame Mamdani,292
77,048,Bronx,Andrew M. Cuomo,112
77,048,Bronx,Curtis A. Sliwa,8
77,048,Bronx,Eric L. Adams,0
77,048,Bronx,Irene Estrada,0
77,048,Bronx,Jim Walden,1
77,048,Bronx,Joseph Hernandez,1
77,048,Bronx,Zohran Kwame Mamdani,156
77,049,Bronx,Andrew M. Cuomo,150
77,049,Bronx,Curtis A. Sliwa,19
77,049,Bronx,Eric L. Adams,3
77,049,Bronx,Irene Estrada,3
77,049,Bronx,Jim Walden,1
77,049,Bronx,Joseph Hernandez,0
77,049,Bronx,Zohran Kwame Mamdani,323
77,050,Bronx,Andrew M. Cuomo,139
77,050,Bronx,Curtis A. Sliwa,13
77,050,Bronx,Eric L. Adams,6
77,050,Bronx,Irene Estrada,1
77,050,Bronx,Jim Walden,1
77,050,Bronx,Joseph Hernandez,0
77,050,Bronx,Zohran Kwame Mamdani,269
77,051,Bronx,Andrew M. Cuomo,79
77,051,Bronx,Curtis A. Sliwa,11
77,051,Bronx,Eric L. Adams,0
77,051,Bronx,Irene Estrada,0
77,051,Bronx,Jim Walden,0
77,051,Bronx,Joseph Hernandez,0
77,051,Bronx,Zohran Kwame Mamdani,191
77,052,Bronx,Andrew M. Cuomo,137
77,052,Bronx,Curtis A. Sliwa,15
77,052,Bronx,Eric L. Adams,3
77,052,Bronx,Irene Estrada,1
77,052,Bronx,Jim Walden,0
77,052,Bronx,Joseph Hernandez,0
77,052,Bronx,Zohran Kwame Mamdani,249
77,053,Bronx,Andrew M. Cuomo,109
77,053,Bronx,Curtis A. Sliwa,9
77,053,Bronx,Eric L. Adams,2
77,053,Bronx,Irene Estrada,1
77,053,Bronx,Jim Walden,0
77,053,Bronx,Joseph Hernandez,1
77,053,Bronx,Zohran Kwame Mamdani,257
77,054,Bronx,Andrew M. Cuomo,0
77,054,Bronx,Curtis A. Sliwa,0
77,054,Bronx,Eric L. Adams,0
77,054,Bronx,Irene Estrada,0
77,054,Bronx,Jim Walden,0
77,054,Bronx,Joseph Hernandez,0
77,054,Bronx,Zohran Kwame Mamdani,0
77,057,Bronx,Andrew M. Cuomo,0
77,057,Bronx,Curtis A. Sliwa,0
77,057,Bronx,Eric L. Adams,0
77,057,Bronx,Irene Estrada,0
77,057,Bronx,Jim Walden,0
77,057,Bronx,Joseph Hernandez,0
77,057,Bronx,Zohran Kwame Mamdani,0
77,058,Bronx,Andrew M. Cuomo,0
77,058,Bronx,Curtis A. Sliwa,0
77,058,Bronx,Eric L. Adams,0
77,058,Bronx,Irene Estrada,0
77,058,Bronx,Jim Walden,0
77,058,Bronx,Joseph Hernandez,0
77,058,Bronx,Zohran Kwame Mamdani,0
78,001,Bronx,Andrew M. Cuomo,128
78,001,Bronx,Curtis A. Sliwa,24
78,001,Bronx,Eric L. Adams,3
78,001,Bronx,Irene Estrada,0
78,001,Bronx,Jim Walden,0
78,001,Bronx,Joseph Hernandez,0
78,001,Bronx,Zohran Kwame Mamdani,170
78,002,Bronx,Andrew M. Cuomo,161
78,002,Bronx,Curtis A. Sliwa,15
78,002,Bronx,Eric L. Adams,3
78,002,Bronx,Irene Estrada,0
78,002,Bronx,Jim Walden,0
78,002,Bronx,Joseph Hernandez,1
78,002,Bronx,Zohran Kwame Mamdani,254
78,003,Bronx,Andrew M. Cuomo,154
78,003,Bronx,Curtis A. Sliwa,18
78,003,Bronx,Eric L. Adams,2
78,003,Bronx,Irene Estrada,1
78,003,Bronx,Jim Walden,0
78,003,Bronx,Joseph Hernandez,1
78,003,Bronx,Zohran Kwame Mamdani,151
78,004,Bronx,Andrew M. Cuomo,134
78,004,Bronx,Curtis A. Sliwa,16
78,004,Bronx,Eric L. Adams,5
78,004,Bronx,Irene Estrada,0
78,004,Bronx,Jim Walden,0
78,004,Bronx,Joseph Hernandez,1
78,004,Bronx,Zohran Kwame Mamdani,139
78,005,Bronx,Andrew M. Cuomo,88
78,005,Bronx,Curtis A. Sliwa,23
78,005,Bronx,Eric L. Adams,0
78,005,Bronx,Irene Estrada,0
78,005,Bronx,Jim Walden,0
78,005,Bronx,Joseph Hernandez,1
78,005,Bronx,Zohran Kwame Mamdani,123
78,006,Bronx,Andrew M. Cuomo,96
78,006,Bronx,Curtis A. Sliwa,24
78,006,Bronx,Eric L. Adams,4
78,006,Bronx,Irene Estrada,1
78,006,Bronx,Jim Walden,0
78,006,Bronx,Joseph Hernandez,0
78,006,Bronx,Zohran Kwame Mamdani,132
78,007,Bronx,Andrew M. Cuomo,139
78,007,Bronx,Curtis A. Sliwa,25
78,007,Bronx,Eric L. Adams,2
78,007,Bronx,Irene Estrada,0
78,007,Bronx,Jim Walden,0
78,007,Bronx,Joseph Hernandez,0
78,007,Bronx,Zohran Kwame Mamdani,180
78,008,Bronx,Andrew M. Cuomo,74
78,008,Bronx,Curtis A. Sliwa,31
78,008,Bronx,Eric L. Adams,2
78,008,Bronx,Irene Estrada,2
78,008,Bronx,Jim Walden,0
78,008,Bronx,Joseph Hernandez,0
78,008,Bronx,Zohran Kwame Mamdani,178
78,009,Bronx,Andrew M. Cuomo,63
78,009,Bronx,Curtis A. Sliwa,14
78,009,Bronx,Eric L. Adams,3
78,009,Bronx,Irene Estrada,0
78,009,Bronx,Jim Walden,0
78,009,Bronx,Joseph Hernandez,0
78,009,Bronx,Zohran Kwame Mamdani,220
78,010,Bronx,Andrew M. Cuomo,158
78,010,Bronx,Curtis A. Sliwa,17
78,010,Bronx,Eric L. Adams,5
78,010,Bronx,Irene Estrada,1
78,010,Bronx,Jim Walden,0
78,010,Bronx,Joseph Hernandez,0
78,010,Bronx,Zohran Kwame Mamdani,240
78,011,Bronx,Andrew M. Cuomo,68
78,011,Bronx,Curtis A. Sliwa,21
78,011,Bronx,Eric L. Adams,1
78,011,Bronx,Irene Estrada,1
78,011,Bronx,Jim Walden,0
78,011,Bronx,Joseph Hernandez,0
78,011,Bronx,Zohran Kwame Mamdani,252
78,012,Bronx,Andrew M. Cuomo,115
78,012,Bronx,Curtis A. Sliwa,13
78,012,Bronx,Eric L. Adams,0
78,012,Bronx,Irene Estrada,1
78,012,Bronx,Jim Walden,0
78,012,Bronx,Joseph Hernandez,1
78,012,Bronx,Zohran Kwame Mamdani,137
78,013,Bronx,Andrew M. Cuomo,139
78,013,Bronx,Curtis A. Sliwa,16
78,013,Bronx,Eric L. Adams,2
78,013,Bronx,Irene Estrada,0
78,013,Bronx,Jim Walden,0
78,013,Bronx,Joseph Hernandez,1
78,013,Bronx,Zohran Kwame Mamdani,115
78,014,Bronx,Andrew M. Cuomo,128
78,014,Bronx,Curtis A. Sliwa,12
78,014,Bronx,Eric L. Adams,4
78,014,Bronx,Irene Estrada,0
78,014,Bronx,Jim Walden,2
78,014,Bronx,Joseph Hernandez,0
78,014,Bronx,Zohran Kwame Mamdani,172
78,015,Bronx,Andrew M. Cuomo,18
78,015,Bronx,Curtis A. Sliwa,3
78,015,Bronx,Eric L. Adams,0
78,015,Bronx,Irene Estrada,0
78,015,Bronx,Jim Walden,0
78,015,Bronx,Joseph Hernandez,0
78,015,Bronx,Zohran Kwame Mamdani,34
78,016,Bronx,Andrew M. Cuomo,109
78,016,Bronx,Curtis A. Sliwa,9
78,016,Bronx,Eric L. Adams,2
78,016,Bronx,Irene Estrada,1
78,016,Bronx,Jim Walden,0
78,016,Bronx,Joseph Hernandez,0
78,016,Bronx,Zohran Kwame Mamdani,97
78,017,Bronx,Andrew M. Cuomo,154
78,017,Bronx,Curtis A. Sliwa,23
78,017,Bronx,Eric L. Adams,0
78,017,Bronx,Irene Estrada,2
78,017,Bronx,Jim Walden,0
78,017,Bronx,Joseph Hernandez,0
78,017,Bronx,Zohran Kwame Mamdani,168
78,018,Bronx,Andrew M. Cuomo,144
78,018,Bronx,Curtis A. Sliwa,22
78,018,Bronx,Eric L. Adams,2
78,018,Bronx,Irene Estrada,0
78,018,Bronx,Jim Walden,0
78,018,Bronx,Joseph Hernandez,1
78,018,Bronx,Zohran Kwame Mamdani,197
78,019,Bronx,Andrew M. Cuomo,129
78,019,Bronx,Curtis A. Sliwa,14
78,019,Bronx,Eric L. Adams,1
78,019,Bronx,Irene Estrada,2
78,019,Bronx,Jim Walden,0
78,019,Bronx,Joseph Hernandez,1
78,019,Bronx,Zohran Kwame Mamdani,170
78,020,Bronx,Andrew M. Cuomo,167
78,020,Bronx,Curtis A. Sliwa,19
78,020,Bronx,Eric L. Adams,4
78,020,Bronx,Irene Estrada,0
78,020,Bronx,Jim Walden,1
78,020,Bronx,Joseph Hernandez,0
78,020,Bronx,Zohran Kwame Mamdani,240
78,021,Bronx,Andrew M. Cuomo,103
78,021,Bronx,Curtis A. Sliwa,13
78,021,Bronx,Eric L. Adams,0
78,021,Bronx,Irene Estrada,0
78,021,Bronx,Jim Walden,0
78,021,Bronx,Joseph Hernandez,0
78,021,Bronx,Zohran Kwame Mamdani,167
78,022,Bronx,Andrew M. Cuomo,141
78,022,Bronx,Curtis A. Sliwa,24
78,022,Bronx,Eric L. Adams,2
78,022,Bronx,Irene Estrada,0
78,022,Bronx,Jim Walden,0
78,022,Bronx,Joseph Hernandez,0
78,022,Bronx,Zohran Kwame Mamdani,224
78,023,Bronx,Andrew M. Cuomo,141
78,023,Bronx,Curtis A. Sliwa,31
78,023,Bronx,Eric L. Adams,3
78,023,Bronx,Irene Estrada,0
78,023,Bronx,Jim Walden,1
78,023,Bronx,Joseph Hernandez,0
78,023,Bronx,Zohran Kwame Mamdani,250
78,024,Bronx,Andrew M. Cuomo,21
78,024,Bronx,Curtis A. Sliwa,1
78,024,Bronx,Eric L. Adams,0
78,024,Bronx,Irene Estrada,0
78,024,Bronx,Jim Walden,0
78,024,Bronx,Joseph Hernandez,0
78,024,Bronx,Zohran Kwame Mamdani,23
78,025,Bronx,Andrew M. Cuomo,168
78,025,Bronx,Curtis A. Sliwa,32
78,025,Bronx,Eric L. Adams,2
78,025,Bronx,Irene Estrada,0
78,025,Bronx,Jim Walden,0
78,025,Bronx,Joseph Hernandez,0
78,025,Bronx,Zohran Kwame Mamdani,223
78,026,Bronx,Andrew M. Cuomo,116
78,026,Bronx,Curtis A. Sliwa,18
78,026,Bronx,Eric L. Adams,0
78,026,Bronx,Irene Estrada,1
78,026,Bronx,Jim Walden,0
78,026,Bronx,Joseph Hernandez,1
78,026,Bronx,Zohran Kwame Mamdani,157
78,027,Bronx,Andrew M. Cuomo,180
78,027,Bronx,Curtis A. Sliwa,34
78,027,Bronx,Eric L. Adams,3
78,027,Bronx,Irene Estrada,0
78,027,Bronx,Jim Walden,0
78,027,Bronx,Joseph Hernandez,0
78,027,Bronx,Zohran Kwame Mamdani,235
78,028,Bronx,Andrew M. Cuomo,211
78,028,Bronx,Curtis A. Sliwa,43
78,028,Bronx,Eric L. Adams,4
78,028,Bronx,Irene Estrada,3
78,028,Bronx,Jim Walden,1
78,028,Bronx,Joseph Hernandez,2
78,028,Bronx,Zohran Kwame Mamdani,353
78,029,Bronx,Andrew M. Cuomo,113
78,029,Bronx,Curtis A. Sliwa,25
78,029,Bronx,Eric L. Adams,0
78,029,Bronx,Irene Estrada,2
78,029,Bronx,Jim Walden,1
78,029,Bronx,Joseph Hernandez,0
78,029,Bronx,Zohran Kwame Mamdani,158
78,030,Bronx,Andrew M. Cuomo,142
78,030,Bronx,Curtis A. Sliwa,32
78,030,Bronx,Eric L. Adams,1
78,030,Bronx,Irene Estrada,1
78,030,Bronx,Jim Walden,0
78,030,Bronx,Joseph Hernandez,0
78,030,Bronx,Zohran Kwame Mamdani,276
78,031,Bronx,Andrew M. Cuomo,89
78,031,Bronx,Curtis A. Sliwa,11
78,031,Bronx,Eric L. Adams,1
78,031,Bronx,Irene Estrada,1
78,031,Bronx,Jim Walden,0
78,031,Bronx,Joseph Hernandez,0
78,031,Bronx,Zohran Kwame Mamdani,111
78,032,Bronx,Andrew M. Cuomo,296
78,032,Bronx,Curtis A. Sliwa,31
78,032,Bronx,Eric L. Adams,5
78,032,Bronx,Irene Estrada,1
78,032,Bronx,Jim Walden,1
78,032,Bronx,Joseph Hernandez,0
78,032,Bronx,Zohran Kwame Mamdani,404
78,033,Bronx,Andrew M. Cuomo,142
78,033,Bronx,Curtis A. Sliwa,18
78,033,Bronx,Eric L. Adams,1
78,033,Bronx,Irene Estrada,0
78,033,Bronx,Jim Walden,0
78,033,Bronx,Joseph Hernandez,0
78,033,Bronx,Zohran Kwame Mamdani,177
78,034,Bronx,Andrew M. Cuomo,144
78,034,Bronx,Curtis A. Sliwa,12
78,034,Bronx,Eric L. Adams,2
78,034,Bronx,Irene Estrada,0
78,034,Bronx,Jim Walden,0
78,034,Bronx,Joseph Hernandez,0
78,034,Bronx,Zohran Kwame Mamdani,201
78,035,Bronx,Andrew M. Cuomo,129
78,035,Bronx,Curtis A. Sliwa,19
78,035,Bronx,Eric L. Adams,2
78,035,Bronx,Irene Estrada,0
78,035,Bronx,Jim Walden,1
78,035,Bronx,Joseph Hernandez,0
78,035,Bronx,Zohran Kwame Mamdani,190
78,036,Bronx,Andrew M. Cuomo,120
78,036,Bronx,Curtis A. Sliwa,12
78,036,Bronx,Eric L. Adams,0
78,036,Bronx,Irene Estrada,1
78,036,Bronx,Jim Walden,0
78,036,Bronx,Joseph Hernandez,0
78,036,Bronx,Zohran Kwame Mamdani,111
78,037,Bronx,Andrew M. Cuomo,180
78,037,Bronx,Curtis A. Sliwa,38
78,037,Bronx,Eric L. Adams,1
78,037,Bronx,Irene Estrada,3
78,037,Bronx,Jim Walden,0
78,037,Bronx,Joseph Hernandez,0
78,037,Bronx,Zohran Kwame Mamdani,179
78,038,Bronx,Andrew M. Cuomo,74
78,038,Bronx,Curtis A. Sliwa,11
78,038,Bronx,Eric L. Adams,0
78,038,Bronx,Irene Estrada,0
78,038,Bronx,Jim Walden,0
78,038,Bronx,Joseph Hernandez,0
78,038,Bronx,Zohran Kwame Mamdani,146
78,039,Bronx,Andrew M. Cuomo,134
78,039,Bronx,Curtis A. Sliwa,13
78,039,Bronx,Eric L. Adams,6
78,039,Bronx,Irene Estrada,0
78,039,Bronx,Jim Walden,0
78,039,Bronx,Joseph Hernandez,0
78,039,Bronx,Zohran Kwame Mamdani,184
78,040,Bronx,Andrew M. Cuomo,122
78,040,Bronx,Curtis A. Sliwa,20
78,040,Bronx,Eric L. Adams,2
78,040,Bronx,Irene Estrada,1
78,040,Bronx,Jim Walden,0
78,040,Bronx,Joseph Hernandez,0
78,040,Bronx,Zohran Kwame Mamdani,148
78,041,Bronx,Andrew M. Cuomo,160
78,041,Bronx,Curtis A. Sliwa,15
78,041,Bronx,Eric L. Adams,1
78,041,Bronx,Irene Estrada,1
78,041,Bronx,Jim Walden,0
78,041,Bronx,Joseph Hernandez,0
78,041,Bronx,Zohran Kwame Mamdani,161
78,042,Bronx,Andrew M. Cuomo,159
78,042,Bronx,Curtis A. Sliwa,15
78,042,Bronx,Eric L. Adams,3
78,042,Bronx,Irene Estrada,1
78,042,Bronx,Jim Walden,0
78,042,Bronx,Joseph Hernandez,2
78,042,Bronx,Zohran Kwame Mamdani,199
78,043,Bronx,Andrew M. Cuomo,154
78,043,Bronx,Curtis A. Sliwa,32
78,043,Bronx,Eric L. Adams,1
78,043,Bronx,Irene Estrada,0
78,043,Bronx,Jim Walden,1
78,043,Bronx,Joseph Hernandez,0
78,043,Bronx,Zohran Kwame Mamdani,234
78,044,Bronx,Andrew M. Cuomo,200
78,044,Bronx,Curtis A. Sliwa,25
78,044,Bronx,Eric L. Adams,5
78,044,Bronx,Irene Estrada,1
78,044,Bronx,Jim Walden,0
78,044,Bronx,Joseph Hernandez,1
78,044,Bronx,Zohran Kwame Mamdani,238
78,045,Bronx,Andrew M. Cuomo,138
78,045,Bronx,Curtis A. Sliwa,30
78,045,Bronx,Eric L. Adams,7
78,045,Bronx,Irene Estrada,2
78,045,Bronx,Jim Walden,0
78,045,Bronx,Joseph Hernandez,1
78,045,Bronx,Zohran Kwame Mamdani,200
78,046,Bronx,Andrew M. Cuomo,98
78,046,Bronx,Curtis A. Sliwa,15
78,046,Bronx,Eric L. Adams,0
78,046,Bronx,Irene Estrada,0
78,046,Bronx,Jim Walden,0
78,046,Bronx,Joseph Hernandez,1
78,046,Bronx,Zohran Kwame Mamdani,169
78,047,Bronx,Andrew M. Cuomo,139
78,047,Bronx,Curtis A. Sliwa,13
78,047,Bronx,Eric L. Adams,2
78,047,Bronx,Irene Estrada,0
78,047,Bronx,Jim Walden,0
78,047,Bronx,Joseph Hernandez,0
78,047,Bronx,Zohran Kwame Mamdani,141
78,048,Bronx,Andrew M. Cuomo,0
78,048,Bronx,Curtis A. Sliwa,0
78,048,Bronx,Eric L. Adams,0
78,048,Bronx,Irene Estrada,0
78,048,Bronx,Jim Walden,0
78,048,Bronx,Joseph Hernandez,0
78,048,Bronx,Zohran Kwame Mamdani,0
78,049,Bronx,Andrew M. Cuomo,168
78,049,Bronx,Curtis A. Sliwa,24
78,049,Bronx,Eric L. Adams,1
78,049,Bronx,Irene Estrada,1
78,049,Bronx,Jim Walden,0
78,049,Bronx,Joseph Hernandez,0
78,049,Bronx,Zohran Kwame Mamdani,226
78,050,Bronx,Andrew M. Cuomo,0
78,050,Bronx,Curtis A. Sliwa,0
78,050,Bronx,Eric L. Adams,0
78,050,Bronx,Irene Estrada,0
78,050,Bronx,Jim Walden,0
78,050,Bronx,Joseph Hernandez,0
78,050,Bronx,Zohran Kwame Mamdani,0
78,051,Bronx,Andrew M. Cuomo,0
78,051,Bronx,Curtis A. Sliwa,0
78,051,Bronx,Eric L. Adams,0
78,051,Bronx,Irene Estrada,0
78,051,Bronx,Jim Walden,0
78,051,Bronx,Joseph Hernandez,0
78,051,Bronx,Zohran Kwame Mamdani,0
79,001,Bronx,Andrew M. Cuomo,157
79,001,Bronx,Curtis A. Sliwa,18
79,001,Bronx,Eric L. Adams,5
79,001,Bronx,Irene Estrada,0
79,001,Bronx,Jim Walden,0
79,001,Bronx,Joseph Hernandez,0
79,001,Bronx,Zohran Kwame Mamdani,198
79,002,Bronx,Andrew M. Cuomo,18
79,002,Bronx,Curtis A. Sliwa,3
79,002,Bronx,Eric L. Adams,1
79,002,Bronx,Irene Estrada,0
79,002,Bronx,Jim Walden,0
79,002,Bronx,Joseph Hernandez,0
79,002,Bronx,Zohran Kwame Mamdani,27
79,003,Bronx,Andrew M. Cuomo,119
79,003,Bronx,Curtis A. Sliwa,14
79,003,Bronx,Eric L. Adams,0
79,003,Bronx,Irene Estrada,0
79,003,Bronx,Jim Walden,0
79,003,Bronx,Joseph Hernandez,0
79,003,Bronx,Zohran Kwame Mamdani,188
79,004,Bronx,Andrew M. Cuomo,86
79,004,Bronx,Curtis A. Sliwa,13
79,004,Bronx,Eric L. Adams,0
79,004,Bronx,Irene Estrada,0
79,004,Bronx,Jim Walden,0
79,004,Bronx,Joseph Hernandez,1
79,004,Bronx,Zohran Kwame Mamdani,110
79,005,Bronx,Andrew M. Cuomo,70
79,005,Bronx,Curtis A. Sliwa,7
79,005,Bronx,Eric L. Adams,4
79,005,Bronx,Irene Estrada,0
79,005,Bronx,Jim Walden,0
79,005,Bronx,Joseph Hernandez,1
79,005,Bronx,Zohran Kwame Mamdani,118
79,006,Bronx,Andrew M. Cuomo,84
79,006,Bronx,Curtis A. Sliwa,8
79,006,Bronx,Eric L. Adams,0
79,006,Bronx,Irene Estrada,1
79,006,Bronx,Jim Walden,0
79,006,Bronx,Joseph Hernandez,0
79,006,Bronx,Zohran Kwame Mamdani,108
79,007,Bronx,Andrew M. Cuomo,62
79,007,Bronx,Curtis A. Sliwa,13
79,007,Bronx,Eric L. Adams,1
79,007,Bronx,Irene Estrada,0
79,007,Bronx,Jim Walden,0
79,007,Bronx,Joseph Hernandez,0
79,007,Bronx,Zohran Kwame Mamdani,128
79,008,Bronx,Andrew M. Cuomo,86
79,008,Bronx,Curtis A. Sliwa,5
79,008,Bronx,Eric L. Adams,4
79,008,Bronx,Irene Estrada,0
79,008,Bronx,Jim Walden,0
79,008,Bronx,Joseph Hernandez,0
79,008,Bronx,Zohran Kwame Mamdani,123
79,009,Bronx,Andrew M. Cuomo,59
79,009,Bronx,Curtis A. Sliwa,4
79,009,Bronx,Eric L. Adams,1
79,009,Bronx,Irene Estrada,0
79,009,Bronx,Jim Walden,1
79,009,Bronx,Joseph Hernandez,0
79,009,Bronx,Zohran Kwame Mamdani,52
79,010,Bronx,Andrew M. Cuomo,115
79,010,Bronx,Curtis A. Sliwa,5
79,010,Bronx,Eric L. Adams,1
79,010,Bronx,Irene Estrada,0
79,010,Bronx,Jim Walden,1
79,010,Bronx,Joseph Hernandez,0
79,010,Bronx,Zohran Kwame Mamdani,183
79,011,Bronx,Andrew M. Cuomo,107
79,011,Bronx,Curtis A. Sliwa,7
79,011,Bronx,Eric L. Adams,0
79,011,Bronx,Irene Estrada,3
79,011,Bronx,Jim Walden,0
79,011,Bronx,Joseph Hernandez,1
79,011,Bronx,Zohran Kwame Mamdani,210
79,012,Bronx,Andrew M. Cuomo,114
79,012,Bronx,Curtis A. Sliwa,8
79,012,Bronx,Eric L. Adams,2
79,012,Bronx,Irene Estrada,0
79,012,Bronx,Jim Walden,0
79,012,Bronx,Joseph Hernandez,0
79,012,Bronx,Zohran Kwame Mamdani,217
79,013,Bronx,Andrew M. Cuomo,100
79,013,Bronx,Curtis A. Sliwa,6
79,013,Bronx,Eric L. Adams,3
79,013,Bronx,Irene Estrada,1
79,013,Bronx,Jim Walden,0
79,013,Bronx,Joseph Hernandez,0
79,013,Bronx,Zohran Kwame Mamdani,182
79,014,Bronx,Andrew M. Cuomo,140
79,014,Bronx,Curtis A. Sliwa,8
79,014,Bronx,Eric L. Adams,3
79,014,Bronx,Irene Estrada,2
79,014,Bronx,Jim Walden,0
79,014,Bronx,Joseph Hernandez,0
79,014,Bronx,Zohran Kwame Mamdani,159
79,015,Bronx,Andrew M. Cuomo,137
79,015,Bronx,Curtis A. Sliwa,13
79,015,Bronx,Eric L. Adams,3
79,015,Bronx,Irene Estrada,0
79,015,Bronx,Jim Walden,0
79,015,Bronx,Joseph Hernandez,0
79,015,Bronx,Zohran Kwame Mamdani,257
79,016,Bronx,Andrew M. Cuomo,70
79,016,Bronx,Curtis A. Sliwa,19
79,016,Bronx,Eric L. Adams,0
79,016,Bronx,Irene Estrada,0
79,016,Bronx,Jim Walden,0
79,016,Bronx,Joseph Hernandez,0
79,016,Bronx,Zohran Kwame Mamdani,102
79,017,Bronx,Andrew M. Cuomo,120
79,017,Bronx,Curtis A. Sliwa,6
79,017,Bronx,Eric L. Adams,3
79,017,Bronx,Irene Estrada,2
79,017,Bronx,Jim Walden,0
79,017,Bronx,Joseph Hernandez,0
79,017,Bronx,Zohran Kwame Mamdani,179
79,018,Bronx,Andrew M. Cuomo,97
79,018,Bronx,Curtis A. Sliwa,8
79,018,Bronx,Eric L. Adams,1
79,018,Bronx,Irene Estrada,0
79,018,Bronx,Jim Walden,0
79,018,Bronx,Joseph Hernandez,0
79,018,Bronx,Zohran Kwame Mamdani,139
79,019,Bronx,Andrew M. Cuomo,54
79,019,Bronx,Curtis A. Sliwa,4
79,019,Bronx,Eric L. Adams,1
79,019,Bronx,Irene Estrada,0
79,019,Bronx,Jim Walden,0
79,019,Bronx,Joseph Hernandez,0
79,019,Bronx,Zohran Kwame Mamdani,67
79,020,Bronx,Andrew M. Cuomo,126
79,020,Bronx,Curtis A. Sliwa,12
79,020,Bronx,Eric L. Adams,0
79,020,Bronx,Irene Estrada,0
79,020,Bronx,Jim Walden,0
79,020,Bronx,Joseph Hernandez,2
79,020,Bronx,Zohran Kwame Mamdani,194
79,021,Bronx,Andrew M. Cuomo,72
79,021,Bronx,Curtis A. Sliwa,15
79,021,Bronx,Eric L. Adams,0
79,021,Bronx,Irene Estrada,0
79,021,Bronx,Jim Walden,0
79,021,Bronx,Joseph Hernandez,0
79,021,Bronx,Zohran Kwame Mamdani,145
79,022,Bronx,Andrew M. Cuomo,148
79,022,Bronx,Curtis A. Sliwa,17
79,022,Bronx,Eric L. Adams,2
79,022,Bronx,Irene Estrada,1
79,022,Bronx,Jim Walden,0
79,022,Bronx,Joseph Hernandez,1
79,022,Bronx,Zohran Kwame Mamdani,166
79,023,Bronx,Andrew M. Cuomo,179
79,023,Bronx,Curtis A. Sliwa,16
79,023,Bronx,Eric L. Adams,5
79,023,Bronx,Irene Estrada,1
79,023,Bronx,Jim Walden,0
79,023,Bronx,Joseph Hernandez,0
79,023,Bronx,Zohran Kwame Mamdani,169
79,024,Bronx,Andrew M. Cuomo,117
79,024,Bronx,Curtis A. Sliwa,11
79,024,Bronx,Eric L. Adams,0
79,024,Bronx,Irene Estrada,1
79,024,Bronx,Jim Walden,0
79,024,Bronx,Joseph Hernandez,1
79,024,Bronx,Zohran Kwame Mamdani,140
79,025,Bronx,Andrew M. Cuomo,72
79,025,Bronx,Curtis A. Sliwa,5
79,025,Bronx,Eric L. Adams,2
79,025,Bronx,Irene Estrada,0
79,025,Bronx,Jim Walden,0
79,025,Bronx,Joseph Hernandez,0
79,025,Bronx,Zohran Kwame Mamdani,76
79,026,Bronx,Andrew M. Cuomo,65
79,026,Bronx,Curtis A. Sliwa,8
79,026,Bronx,Eric L. Adams,0
79,026,Bronx,Irene Estrada,2
79,026,Bronx,Jim Walden,0
79,026,Bronx,Joseph Hernandez,0
79,026,Bronx,Zohran Kwame Mamdani,108
79,027,Bronx,Andrew M. Cuomo,150
79,027,Bronx,Curtis A. Sliwa,23
79,027,Bronx,Eric L. Adams,2
79,027,Bronx,Irene Estrada,1
79,027,Bronx,Jim Walden,1
79,027,Bronx,Joseph Hernandez,1
79,027,Bronx,Zohran Kwame Mamdani,182
79,028,Bronx,Andrew M. Cuomo,142
79,028,Bronx,Curtis A. Sliwa,21
79,028,Bronx,Eric L. Adams,3
79,028,Bronx,Irene Estrada,0
79,028,Bronx,Jim Walden,0
79,028,Bronx,Joseph Hernandez,0
79,028,Bronx,Zohran Kwame Mamdani,232
79,029,Bronx,Andrew M. Cuomo,147
79,029,Bronx,Curtis A. Sliwa,11
79,029,Bronx,Eric L. Adams,1
79,029,Bronx,Irene Estrada,0
79,029,Bronx,Jim Walden,0
79,029,Bronx,Joseph Hernandez,2
79,029,Bronx,Zohran Kwame Mamdani,222
79,030,Bronx,Andrew M. Cuomo,92
79,030,Bronx,Curtis A. Sliwa,5
79,030,Bronx,Eric L. Adams,3
79,030,Bronx,Irene Estrada,1
79,030,Bronx,Jim Walden,0
79,030,Bronx,Joseph Hernandez,0
79,030,Bronx,Zohran Kwame Mamdani,125
79,031,Bronx,Andrew M. Cuomo,90
79,031,Bronx,Curtis A. Sliwa,15
79,031,Bronx,Eric L. Adams,3
79,031,Bronx,Irene Estrada,0
79,031,Bronx,Jim Walden,1
79,031,Bronx,Joseph Hernandez,0
79,031,Bronx,Zohran Kwame Mamdani,139
79,032,Bronx,Andrew M. Cuomo,182
79,032,Bronx,Curtis A. Sliwa,33
79,032,Bronx,Eric L. Adams,5
79,032,Bronx,Irene Estrada,0
79,032,Bronx,Jim Walden,0
79,032,Bronx,Joseph Hernandez,1
79,032,Bronx,Zohran Kwame Mamdani,208
79,033,Bronx,Andrew M. Cuomo,79
79,033,Bronx,Curtis A. Sliwa,17
79,033,Bronx,Eric L. Adams,0
79,033,Bronx,Irene Estrada,0
79,033,Bronx,Jim Walden,0
79,033,Bronx,Joseph Hernandez,0
79,033,Bronx,Zohran Kwame Mamdani,125
79,034,Bronx,Andrew M. Cuomo,111
79,034,Bronx,Curtis A. Sliwa,18
79,034,Bronx,Eric L. Adams,2
79,034,Bronx,Irene Estrada,2
79,034,Bronx,Jim Walden,0
79,034,Bronx,Joseph Hernandez,1
79,034,Bronx,Zohran Kwame Mamdani,246
79,035,Bronx,Andrew M. Cuomo,149
79,035,Bronx,Curtis A. Sliwa,6
79,035,Bronx,Eric L. Adams,0
79,035,Bronx,Irene Estrada,1
79,035,Bronx,Jim Walden,0
79,035,Bronx,Joseph Hernandez,0
79,035,Bronx,Zohran Kwame Mamdani,209
79,036,Bronx,Andrew M. Cuomo,103
79,036,Bronx,Curtis A. Sliwa,8
79,036,Bronx,Eric L. Adams,2
79,036,Bronx,Irene Estrada,0
79,036,Bronx,Jim Walden,0
79,036,Bronx,Joseph Hernandez,0
79,036,Bronx,Zohran Kwame Mamdani,156
79,037,Bronx,Andrew M. Cuomo,146
79,037,Bronx,Curtis A. Sliwa,15
79,037,Bronx,Eric L. Adams,1
79,037,Bronx,Irene Estrada,1
79,037,Bronx,Jim Walden,1
79,037,Bronx,Joseph Hernandez,0
79,037,Bronx,Zohran Kwame Mamdani,184
79,038,Bronx,Andrew M. Cuomo,115
79,038,Bronx,Curtis A. Sliwa,11
79,038,Bronx,Eric L. Adams,0
79,038,Bronx,Irene Estrada,1
79,038,Bronx,Jim Walden,1
79,038,Bronx,Joseph Hernandez,1
79,038,Bronx,Zohran Kwame Mamdani,116
79,039,Bronx,Andrew M. Cuomo,107
79,039,Bronx,Curtis A. Sliwa,11
79,039,Bronx,Eric L. Adams,1
79,039,Bronx,Irene Estrada,0
79,039,Bronx,Jim Walden,0
79,039,Bronx,Joseph Hernandez,0
79,039,Bronx,Zohran Kwame Mamdani,122
79,040,Bronx,Andrew M. Cuomo,229
79,040,Bronx,Curtis A. Sliwa,18
79,040,Bronx,Eric L. Adams,3
79,040,Bronx,Irene Estrada,1
79,040,Bronx,Jim Walden,0
79,040,Bronx,Joseph Hernandez,0
79,040,Bronx,Zohran Kwame Mamdani,192
79,041,Bronx,Andrew M. Cuomo,114
79,041,Bronx,Curtis A. Sliwa,13
79,041,Bronx,Eric L. Adams,5
79,041,Bronx,Irene Estrada,2
79,041,Bronx,Jim Walden,0
79,041,Bronx,Joseph Hernandez,0
79,041,Bronx,Zohran Kwame Mamdani,176
79,042,Bronx,Andrew M. Cuomo,106
79,042,Bronx,Curtis A. Sliwa,15
79,042,Bronx,Eric L. Adams,1
79,042,Bronx,Irene Estrada,0
79,042,Bronx,Jim Walden,0
79,042,Bronx,Joseph Hernandez,1
79,042,Bronx,Zohran Kwame Mamdani,179
79,043,Bronx,Andrew M. Cuomo,154
79,043,Bronx,Curtis A. Sliwa,15
79,043,Bronx,Eric L. Adams,4
79,043,Bronx,Irene Estrada,1
79,043,Bronx,Jim Walden,1
79,043,Bronx,Joseph Hernandez,1
79,043,Bronx,Zohran Kwame Mamdani,273
79,044,Bronx,Andrew M. Cuomo,101
79,044,Bronx,Curtis A. Sliwa,13
79,044,Bronx,Eric L. Adams,2
79,044,Bronx,Irene Estrada,0
79,044,Bronx,Jim Walden,0
79,044,Bronx,Joseph Hernandez,0
79,044,Bronx,Zohran Kwame Mamdani,168
79,045,Bronx,Andrew M. Cuomo,147
79,045,Bronx,Curtis A. Sliwa,22
79,045,Bronx,Eric L. Adams,4
79,045,Bronx,Irene Estrada,0
79,045,Bronx,Jim Walden,0
79,045,Bronx,Joseph Hernandez,0
79,045,Bronx,Zohran Kwame Mamdani,200
79,046,Bronx,Andrew M. Cuomo,172
79,046,Bronx,Curtis A. Sliwa,15
79,046,Bronx,Eric L. Adams,5
79,046,Bronx,Irene Estrada,0
79,046,Bronx,Jim Walden,1
79,046,Bronx,Joseph Hernandez,0
79,046,Bronx,Zohran Kwame Mamdani,222
79,047,Bronx,Andrew M. Cuomo,144
79,047,Bronx,Curtis A. Sliwa,21
79,047,Bronx,Eric L. Adams,0
79,047,Bronx,Irene Estrada,0
79,047,Bronx,Jim Walden,0
79,047,Bronx,Joseph Hernandez,0
79,047,Bronx,Zohran Kwame Mamdani,289
79,048,Bronx,Andrew M. Cuomo,22
79,048,Bronx,Curtis A. Sliwa,2
79,048,Bronx,Eric L. Adams,0
79,048,Bronx,Irene Estrada,0
79,048,Bronx,Jim Walden,0
79,048,Bronx,Joseph Hernandez,0
79,048,Bronx,Zohran Kwame Mamdani,27
79,049,Bronx,Andrew M. Cuomo,96
79,049,Bronx,Curtis A. Sliwa,14
79,049,Bronx,Eric L. Adams,1
79,049,Bronx,Irene Estrada,0
79,049,Bronx,Jim Walden,0
79,049,Bronx,Joseph Hernandez,0
79,049,Bronx,Zohran Kwame Mamdani,169
79,050,Bronx,Andrew M. Cuomo,136
79,050,Bronx,Curtis A. Sliwa,16
79,050,Bronx,Eric L. Adams,0
79,050,Bronx,Irene Estrada,1
79,050,Bronx,Jim Walden,0
79,050,Bronx,Joseph Hernandez,3
79,050,Bronx,Zohran Kwame Mamdani,169
79,051,Bronx,Andrew M. Cuomo,137
79,051,Bronx,Curtis A. Sliwa,19
79,051,Bronx,Eric L. Adams,3
79,051,Bronx,Irene Estrada,2
79,051,Bronx,Jim Walden,0
79,051,Bronx,Joseph Hernandez,1
79,051,Bronx,Zohran Kwame Mamdani,176
79,052,Bronx,Andrew M. Cuomo,157
79,052,Bronx,Curtis A. Sliwa,21
79,052,Bronx,Eric L. Adams,2
79,052,Bronx,Irene Estrada,0
79,052,Bronx,Jim Walden,0
79,052,Bronx,Joseph Hernandez,1
79,052,Bronx,Zohran Kwame Mamdani,184
79,053,Bronx,Andrew M. Cuomo,108
79,053,Bronx,Curtis A. Sliwa,6
79,053,Bronx,Eric L. Adams,2
79,053,Bronx,Irene Estrada,1
79,053,Bronx,Jim Walden,0
79,053,Bronx,Joseph Hernandez,1
79,053,Bronx,Zohran Kwame Mamdani,103
79,054,Bronx,Andrew M. Cuomo,229
79,054,Bronx,Curtis A. Sliwa,17
79,054,Bronx,Eric L. Adams,3
79,054,Bronx,Irene Estrada,1
79,054,Bronx,Jim Walden,0
79,054,Bronx,Joseph Hernandez,2
79,054,Bronx,Zohran Kwame Mamdani,233
79,055,Bronx,Andrew M. Cuomo,290
79,055,Bronx,Curtis A. Sliwa,31
79,055,Bronx,Eric L. Adams,7
79,055,Bronx,Irene Estrada,3
79,055,Bronx,Jim Walden,0
79,055,Bronx,Joseph Hernandez,0
79,055,Bronx,Zohran Kwame Mamdani,321
79,056,Bronx,Andrew M. Cuomo,161
79,056,Bronx,Curtis A. Sliwa,13
79,056,Bronx,Eric L. Adams,3
79,056,Bronx,Irene Estrada,3
79,056,Bronx,Jim Walden,0
79,056,Bronx,Joseph Hernandez,2
79,056,Bronx,Zohran Kwame Mamdani,168
79,057,Bronx,Andrew M. Cuomo,78
79,057,Bronx,Curtis A. Sliwa,12
79,057,Bronx,Eric L. Adams,3
79,057,Bronx,Irene Estrada,1
79,057,Bronx,Jim Walden,0
79,057,Bronx,Joseph Hernandez,0
79,057,Bronx,Zohran Kwame Mamdani,65
80,001,Bronx,Andrew M. Cuomo,88
80,001,Bronx,Curtis A. Sliwa,29
80,001,Bronx,Eric L. Adams,2
80,001,Bronx,Irene Estrada,1
80,001,Bronx,Jim Walden,0
80,001,Bronx,Joseph Hernandez,0
80,001,Bronx,Zohran Kwame Mamdani,143
80,002,Bronx,Andrew M. Cuomo,89
80,002,Bronx,Curtis A. Sliwa,27
80,002,Bronx,Eric L. Adams,1
80,002,Bronx,Irene Estrada,0
80,002,Bronx,Jim Walden,1
80,002,Bronx,Joseph Hernandez,1
80,002,Bronx,Zohran Kwame Mamdani,174
80,003,Bronx,Andrew M. Cuomo,94
80,003,Bronx,Curtis A. Sliwa,18
80,003,Bronx,Eric L. Adams,1
80,003,Bronx,Irene Estrada,1
80,003,Bronx,Jim Walden,0
80,003,Bronx,Joseph Hernandez,0
80,003,Bronx,Zohran Kwame Mamdani,141
80,004,Bronx,Andrew M. Cuomo,177
80,004,Bronx,Curtis A. Sliwa,59
80,004,Bronx,Eric L. Adams,0
80,004,Bronx,Irene Estrada,0
80,004,Bronx,Jim Walden,0
80,004,Bronx,Joseph Hernandez,0
80,004,Bronx,Zohran Kwame Mamdani,112
80,005,Bronx,Andrew M. Cuomo,115
80,005,Bronx,Curtis A. Sliwa,30
80,005,Bronx,Eric L. Adams,2
80,005,Bronx,Irene Estrada,0
80,005,Bronx,Jim Walden,1
80,005,Bronx,Joseph Hernandez,0
80,005,Bronx,Zohran Kwame Mamdani,283
80,006,Bronx,Andrew M. Cuomo,178
80,006,Bronx,Curtis A. Sliwa,72
80,006,Bronx,Eric L. Adams,2
80,006,Bronx,Irene Estrada,2
80,006,Bronx,Jim Walden,0
80,006,Bronx,Joseph Hernandez,1
80,006,Bronx,Zohran Kwame Mamdani,318
80,007,Bronx,Andrew M. Cuomo,176
80,007,Bronx,Curtis A. Sliwa,54
80,007,Bronx,Eric L. Adams,2
80,007,Bronx,Irene Estrada,0
80,007,Bronx,Jim Walden,0
80,007,Bronx,Joseph Hernandez,2
80,007,Bronx,Zohran Kwame Mamdani,204
80,008,Bronx,Andrew M. Cuomo,166
80,008,Bronx,Curtis A. Sliwa,29
80,008,Bronx,Eric L. Adams,2
80,008,Bronx,Irene Estrada,1
80,008,Bronx,Jim Walden,0
80,008,Bronx,Joseph Hernandez,0
80,008,Bronx,Zohran Kwame Mamdani,299
80,009,Bronx,Andrew M. Cuomo,131
80,009,Bronx,Curtis A. Sliwa,42
80,009,Bronx,Eric L. Adams,0
80,009,Bronx,Irene Estrada,1
80,009,Bronx,Jim Walden,0
80,009,Bronx,Joseph Hernandez,0
80,009,Bronx,Zohran Kwame Mamdani,221
80,010,Bronx,Andrew M. Cuomo,180
80,010,Bronx,Curtis A. Sliwa,70
80,010,Bronx,Eric L. Adams,1
80,010,Bronx,Irene Estrada,3
80,010,Bronx,Jim Walden,0
80,010,Bronx,Joseph Hernandez,0
80,010,Bronx,Zohran Kwame Mamdani,174
80,011,Bronx,Andrew M. Cuomo,165
80,011,Bronx,Curtis A. Sliwa,48
80,011,Bronx,Eric L. Adams,1
80,011,Bronx,Irene Estrada,1
80,011,Bronx,Jim Walden,2
80,011,Bronx,Joseph Hernandez,0
80,011,Bronx,Zohran Kwame Mamdani,213
80,012,Bronx,Andrew M. Cuomo,188
80,012,Bronx,Curtis A. Sliwa,41
80,012,Bronx,Eric L. Adams,0
80,012,Bronx,Irene Estrada,2
80,012,Bronx,Jim Walden,1
80,012,Bronx,Joseph Hernandez,0
80,012,Bronx,Zohran Kwame Mamdani,265
80,013,Bronx,Andrew M. Cuomo,209
80,013,Bronx,Curtis A. Sliwa,54
80,013,Bronx,Eric L. Adams,2
80,013,Bronx,Irene Estrada,1
80,013,Bronx,Jim Walden,0
80,013,Bronx,Joseph Hernandez,1
80,013,Bronx,Zohran Kwame Mamdani,284
80,014,Bronx,Andrew M. Cuomo,144
80,014,Bronx,Curtis A. Sliwa,57
80,014,Bronx,Eric L. Adams,5
80,014,Bronx,Irene Estrada,2
80,014,Bronx,Jim Walden,1
80,014,Bronx,Joseph Hernandez,0
80,014,Bronx,Zohran Kwame Mamdani,293
80,015,Bronx,Andrew M. Cuomo,191
80,015,Bronx,Curtis A. Sliwa,36
80,015,Bronx,Eric L. Adams,2
80,015,Bronx,Irene Estrada,3
80,015,Bronx,Jim Walden,1
80,015,Bronx,Joseph Hernandez,0
80,015,Bronx,Zohran Kwame Mamdani,275
80,016,Bronx,Andrew M. Cuomo,158
80,016,Bronx,Curtis A. Sliwa,38
80,016,Bronx,Eric L. Adams,1
80,016,Bronx,Irene Estrada,2
80,016,Bronx,Jim Walden,1
80,016,Bronx,Joseph Hernandez,0
80,016,Bronx,Zohran Kwame Mamdani,271
80,017,Bronx,Andrew M. Cuomo,198
80,017,Bronx,Curtis A. Sliwa,37
80,017,Bronx,Eric L. Adams,2
80,017,Bronx,Irene Estrada,1
80,017,Bronx,Jim Walden,2
80,017,Bronx,Joseph Hernandez,0
80,017,Bronx,Zohran Kwame Mamdani,333
80,018,Bronx,Andrew M. Cuomo,177
80,018,Bronx,Curtis A. Sliwa,54
80,018,Bronx,Eric L. Adams,2
80,018,Bronx,Irene Estrada,0
80,018,Bronx,Jim Walden,1
80,018,Bronx,Joseph Hernandez,0
80,018,Bronx,Zohran Kwame Mamdani,180
80,019,Bronx,Andrew M. Cuomo,147
80,019,Bronx,Curtis A. Sliwa,65
80,019,Bronx,Eric L. Adams,1
80,019,Bronx,Irene Estrada,0
80,019,Bronx,Jim Walden,0
80,019,Bronx,Joseph Hernandez,0
80,019,Bronx,Zohran Kwame Mamdani,164
80,020,Bronx,Andrew M. Cuomo,403
80,020,Bronx,Curtis A. Sliwa,134
80,020,Bronx,Eric L. Adams,0
80,020,Bronx,Irene Estrada,3
80,020,Bronx,Jim Walden,1
80,020,Bronx,Joseph Hernandez,0
80,020,Bronx,Zohran Kwame Mamdani,211
80,021,Bronx,Andrew M. Cuomo,185
80,021,Bronx,Curtis A. Sliwa,52
80,021,Bronx,Eric L. Adams,2
80,021,Bronx,Irene Estrada,2
80,021,Bronx,Jim Walden,1
80,021,Bronx,Joseph Hernandez,1
80,021,Bronx,Zohran Kwame Mamdani,400
80,022,Bronx,Andrew M. Cuomo,142
80,022,Bronx,Curtis A. Sliwa,20
80,022,Bronx,Eric L. Adams,1
80,022,Bronx,Irene Estrada,2
80,022,Bronx,Jim Walden,0
80,022,Bronx,Joseph Hernandez,0
80,022,Bronx,Zohran Kwame Mamdani,118
80,023,Bronx,Andrew M. Cuomo,278
80,023,Bronx,Curtis A. Sliwa,136
80,023,Bronx,Eric L. Adams,0
80,023,Bronx,Irene Estrada,0
80,023,Bronx,Jim Walden,1
80,023,Bronx,Joseph Hernandez,0
80,023,Bronx,Zohran Kwame Mamdani,246
80,024,Bronx,Andrew M. Cuomo,186
80,024,Bronx,Curtis A. Sliwa,65
80,024,Bronx,Eric L. Adams,0
80,024,Bronx,Irene Estrada,6
80,024,Bronx,Jim Walden,0
80,024,Bronx,Joseph Hernandez,0
80,024,Bronx,Zohran Kwame Mamdani,227
80,025,Bronx,Andrew M. Cuomo,140
80,025,Bronx,Curtis A. Sliwa,21
80,025,Bronx,Eric L. Adams,1
80,025,Bronx,Irene Estrada,0
80,025,Bronx,Jim Walden,0
80,025,Bronx,Joseph Hernandez,0
80,025,Bronx,Zohran Kwame Mamdani,113
80,026,Bronx,Andrew M. Cuomo,237
80,026,Bronx,Curtis A. Sliwa,55
80,026,Bronx,Eric L. Adams,1
80,026,Bronx,Irene Estrada,0
80,026,Bronx,Jim Walden,0
80,026,Bronx,Joseph Hernandez,0
80,026,Bronx,Zohran Kwame Mamdani,264
80,027,Bronx,Andrew M. Cuomo,54
80,027,Bronx,Curtis A. Sliwa,10
80,027,Bronx,Eric L. Adams,0
80,027,Bronx,Irene Estrada,0
80,027,Bronx,Jim Walden,0
80,027,Bronx,Joseph Hernandez,1
80,027,Bronx,Zohran Kwame Mamdani,71
80,028,Bronx,Andrew M. Cuomo,31
80,028,Bronx,Curtis A. Sliwa,3
80,028,Bronx,Eric L. Adams,0
80,028,Bronx,Irene Estrada,0
80,028,Bronx,Jim Walden,0
80,028,Bronx,Joseph Hernandez,0
80,028,Bronx,Zohran Kwame Mamdani,55
80,029,Bronx,Andrew M. Cuomo,191
80,029,Bronx,Curtis A. Sliwa,47
80,029,Bronx,Eric L. Adams,1
80,029,Bronx,Irene Estrada,3
80,029,Bronx,Jim Walden,0
80,029,Bronx,Joseph Hernandez,1
80,029,Bronx,Zohran Kwame Mamdani,278
80,030,Bronx,Andrew M. Cuomo,143
80,030,Bronx,Curtis A. Sliwa,37
80,030,Bronx,Eric L. Adams,2
80,030,Bronx,Irene Estrada,2
80,030,Bronx,Jim Walden,0
80,030,Bronx,Joseph Hernandez,0
80,030,Bronx,Zohran Kwame Mamdani,271
80,031,Bronx,Andrew M. Cuomo,135
80,031,Bronx,Curtis A. Sliwa,30
80,031,Bronx,Eric L. Adams,0
80,031,Bronx,Irene Estrada,0
80,031,Bronx,Jim Walden,1
80,031,Bronx,Joseph Hernandez,0
80,031,Bronx,Zohran Kwame Mamdani,222
80,032,Bronx,Andrew M. Cuomo,81
80,032,Bronx,Curtis A. Sliwa,21
80,032,Bronx,Eric L. Adams,1
80,032,Bronx,Irene Estrada,0
80,032,Bronx,Jim Walden,0
80,032,Bronx,Joseph Hernandez,0
80,032,Bronx,Zohran Kwame Mamdani,151
80,033,Bronx,Andrew M. Cuomo,76
80,033,Bronx,Curtis A. Sliwa,18
80,033,Bronx,Eric L. Adams,0
80,033,Bronx,Irene Estrada,0
80,033,Bronx,Jim Walden,0
80,033,Bronx,Joseph Hernandez,1
80,033,Bronx,Zohran Kwame Mamdani,73
80,034,Bronx,Andrew M. Cuomo,164
80,034,Bronx,Curtis A. Sliwa,16
80,034,Bronx,Eric L. Adams,2
80,034,Bronx,Irene Estrada,0
80,034,Bronx,Jim Walden,0
80,034,Bronx,Joseph Hernandez,0
80,034,Bronx,Zohran Kwame Mamdani,216
80,035,Bronx,Andrew M. Cuomo,221
80,035,Bronx,Curtis A. Sliwa,26
80,035,Bronx,Eric L. Adams,1
80,035,Bronx,Irene Estrada,1
80,035,Bronx,Jim Walden,1
80,035,Bronx,Joseph Hernandez,0
80,035,Bronx,Zohran Kwame Mamdani,258
80,036,Bronx,Andrew M. Cuomo,88
80,036,Bronx,Curtis A. Sliwa,3
80,036,Bronx,Eric L. Adams,0
80,036,Bronx,Irene Estrada,0
80,036,Bronx,Jim Walden,0
80,036,Bronx,Joseph Hernandez,0
80,036,Bronx,Zohran Kwame Mamdani,135
80,037,Bronx,Andrew M. Cuomo,154
80,037,Bronx,Curtis A. Sliwa,20
80,037,Bronx,Eric L. Adams,2
80,037,Bronx,Irene Estrada,1
80,037,Bronx,Jim Walden,0
80,037,Bronx,Joseph Hernandez,0
80,037,Bronx,Zohran Kwame Mamdani,229
80,038,Bronx,Andrew M. Cuomo,141
80,038,Bronx,Curtis A. Sliwa,18
80,038,Bronx,Eric L. Adams,2
80,038,Bronx,Irene Estrada,3
80,038,Bronx,Jim Walden,1
80,038,Bronx,Joseph Hernandez,1
80,038,Bronx,Zohran Kwame Mamdani,184
80,039,Bronx,Andrew M. Cuomo,89
80,039,Bronx,Curtis A. Sliwa,21
80,039,Bronx,Eric L. Adams,2
80,039,Bronx,Irene Estrada,0
80,039,Bronx,Jim Walden,1
80,039,Bronx,Joseph Hernandez,0
80,039,Bronx,Zohran Kwame Mamdani,175
80,040,Bronx,Andrew M. Cuomo,89
80,040,Bronx,Curtis A. Sliwa,26
80,040,Bronx,Eric L. Adams,0
80,040,Bronx,Irene Estrada,0
80,040,Bronx,Jim Walden,0
80,040,Bronx,Joseph Hernandez,0
80,040,Bronx,Zohran Kwame Mamdani,270
80,041,Bronx,Andrew M. Cuomo,311
80,041,Bronx,Curtis A. Sliwa,109
80,041,Bronx,Eric L. Adams,4
80,041,Bronx,Irene Estrada,4
80,041,Bronx,Jim Walden,0
80,041,Bronx,Joseph Hernandez,0
80,041,Bronx,Zohran Kwame Mamdani,313
80,042,Bronx,Andrew M. Cuomo,210
80,042,Bronx,Curtis A. Sliwa,74
80,042,Bronx,Eric L. Adams,1
80,042,Bronx,Irene Estrada,0
80,042,Bronx,Jim Walden,1
80,042,Bronx,Joseph Hernandez,0
80,042,Bronx,Zohran Kwame Mamdani,248
80,043,Bronx,Andrew M. Cuomo,164
80,043,Bronx,Curtis A. Sliwa,53
80,043,Bronx,Eric L. Adams,2
80,043,Bronx,Irene Estrada,0
80,043,Bronx,Jim Walden,0
80,043,Bronx,Joseph Hernandez,0
80,043,Bronx,Zohran Kwame Mamdani,243
80,044,Bronx,Andrew M. Cuomo,133
80,044,Bronx,Curtis A. Sliwa,37
80,044,Bronx,Eric L. Adams,3
80,044,Bronx,Irene Estrada,1
80,044,Bronx,Jim Walden,0
80,044,Bronx,Joseph Hernandez,0
80,044,Bronx,Zohran Kwame Mamdani,184
80,045,Bronx,Andrew M. Cuomo,159
80,045,Bronx,Curtis A. Sliwa,37
80,045,Bronx,Eric L. Adams,4
80,045,Bronx,Irene Estrada,3
80,045,Bronx,Jim Walden,1
80,045,Bronx,Joseph Hernandez,0
80,045,Bronx,Zohran Kwame Mamdani,208
80,046,Bronx,Andrew M. Cuomo,82
80,046,Bronx,Curtis A. Sliwa,15
80,046,Bronx,Eric L. Adams,2
80,046,Bronx,Irene Estrada,0
80,046,Bronx,Jim Walden,0
80,046,Bronx,Joseph Hernandez,1
80,046,Bronx,Zohran Kwame Mamdani,168
80,047,Bronx,Andrew M. Cuomo,121
80,047,Bronx,Curtis A. Sliwa,40
80,047,Bronx,Eric L. Adams,2
80,047,Bronx,Irene Estrada,0
80,047,Bronx,Jim Walden,0
80,047,Bronx,Joseph Hernandez,1
80,047,Bronx,Zohran Kwame Mamdani,159
80,048,Bronx,Andrew M. Cuomo,131
80,048,Bronx,Curtis A. Sliwa,36
80,048,Bronx,Eric L. Adams,1
80,048,Bronx,Irene Estrada,1
80,048,Bronx,Jim Walden,1
80,048,Bronx,Joseph Hernandez,0
80,048,Bronx,Zohran Kwame Mamdani,125
80,049,Bronx,Andrew M. Cuomo,149
80,049,Bronx,Curtis A. Sliwa,38
80,049,Bronx,Eric L. Adams,1
80,049,Bronx,Irene Estrada,1
80,049,Bronx,Jim Walden,0
80,049,Bronx,Joseph Hernandez,0
80,049,Bronx,Zohran Kwame Mamdani,170
80,050,Bronx,Andrew M. Cuomo,99
80,050,Bronx,Curtis A. Sliwa,24
80,050,Bronx,Eric L. Adams,4
80,050,Bronx,Irene Estrada,1
80,050,Bronx,Jim Walden,0
80,050,Bronx,Joseph Hernandez,0
80,050,Bronx,Zohran Kwame Mamdani,182
80,051,Bronx,Andrew M. Cuomo,141
80,051,Bronx,Curtis A. Sliwa,13
80,051,Bronx,Eric L. Adams,2
80,051,Bronx,Irene Estrada,1
80,051,Bronx,Jim Walden,0
80,051,Bronx,Joseph Hernandez,0
80,051,Bronx,Zohran Kwame Mamdani,153
80,052,Bronx,Andrew M. Cuomo,23
80,052,Bronx,Curtis A. Sliwa,0
80,052,Bronx,Eric L. Adams,0
80,052,Bronx,Irene Estrada,0
80,052,Bronx,Jim Walden,0
80,052,Bronx,Joseph Hernandez,0
80,052,Bronx,Zohran Kwame Mamdani,17
80,053,Bronx,Andrew M. Cuomo,115
80,053,Bronx,Curtis A. Sliwa,32
80,053,Bronx,Eric L. Adams,2
80,053,Bronx,Irene Estrada,0
80,053,Bronx,Jim Walden,0
80,053,Bronx,Joseph Hernandez,0
80,053,Bronx,Zohran Kwame Mamdani,219
80,054,Bronx,Andrew M. Cuomo,269
80,054,Bronx,Curtis A. Sliwa,10
80,054,Bronx,Eric L. Adams,5
80,054,Bronx,Irene Estrada,3
80,054,Bronx,Jim Walden,1
80,054,Bronx,Joseph Hernandez,2
80,054,Bronx,Zohran Kwame Mamdani,448
80,055,Bronx,Andrew M. Cuomo,139
80,055,Bronx,Curtis A. Sliwa,40
80,055,Bronx,Eric L. Adams,3
80,055,Bronx,Irene Estrada,1
80,055,Bronx,Jim Walden,0
80,055,Bronx,Joseph Hernandez,0
80,055,Bronx,Zohran Kwame Mamdani,230
80,056,Bronx,Andrew M. Cuomo,106
80,056,Bronx,Curtis A. Sliwa,17
80,056,Bronx,Eric L. Adams,1
80,056,Bronx,Irene Estrada,1
80,056,Bronx,Jim Walden,0
80,056,Bronx,Joseph Hernandez,0
80,056,Bronx,Zohran Kwame Mamdani,376
80,057,Bronx,Andrew M. Cuomo,164
80,057,Bronx,Curtis A. Sliwa,36
80,057,Bronx,Eric L. Adams,1
80,057,Bronx,Irene Estrada,0
80,057,Bronx,Jim Walden,1
80,057,Bronx,Joseph Hernandez,0
80,057,Bronx,Zohran Kwame Mamdani,407
80,058,Bronx,Andrew M. Cuomo,0
80,058,Bronx,Curtis A. Sliwa,0
80,058,Bronx,Eric L. Adams,0
80,058,Bronx,Irene Estrada,0
80,058,Bronx,Jim Walden,0
80,058,Bronx,Joseph Hernandez,0
80,058,Bronx,Zohran Kwame Mamdani,0
80,059,Bronx,Andrew M. Cuomo,0
80,059,Bronx,Curtis A. Sliwa,0
80,059,Bronx,Eric L. Adams,0
80,059,Bronx,Irene Estrada,0
80,059,Bronx,Jim Walden,0
80,059,Bronx,Joseph Hernandez,0
80,059,Bronx,Zohran Kwame Mamdani,0
80,061,Bronx,Andrew M. Cuomo,0
80,061,Bronx,Curtis A. Sliwa,0
80,061,Bronx,Eric L. Adams,0
80,061,Bronx,Irene Estrada,0
80,061,Bronx,Jim Walden,0
80,061,Bronx,Joseph Hernandez,0
80,061,Bronx,Zohran Kwame Mamdani,0
81,001,Bronx,Andrew M. Cuomo,142
81,001,Bronx,Curtis A. Sliwa,21
81,001,Bronx,Eric L. Adams,3
81,001,Bronx,Irene Estrada,4
81,001,Bronx,Jim Walden,0
81,001,Bronx,Joseph Hernandez,0
81,001,Bronx,Zohran Kwame Mamdani,158
81,002,Bronx,Andrew M. Cuomo,165
81,002,Bronx,Curtis A. Sliwa,19
81,002,Bronx,Eric L. Adams,3
81,002,Bronx,Irene Estrada,0
81,002,Bronx,Jim Walden,0
81,002,Bronx,Joseph Hernandez,0
81,002,Bronx,Zohran Kwame Mamdani,219
81,003,Bronx,Andrew M. Cuomo,102
81,003,Bronx,Curtis A. Sliwa,30
81,003,Bronx,Eric L. Adams,0
81,003,Bronx,Irene Estrada,0
81,003,Bronx,Jim Walden,0
81,003,Bronx,Joseph Hernandez,0
81,003,Bronx,Zohran Kwame Mamdani,122
81,004,Bronx,Andrew M. Cuomo,117
81,004,Bronx,Curtis A. Sliwa,10
81,004,Bronx,Eric L. Adams,2
81,004,Bronx,Irene Estrada,0
81,004,Bronx,Jim Walden,0
81,004,Bronx,Joseph Hernandez,0
81,004,Bronx,Zohran Kwame Mamdani,89
81,005,Bronx,Andrew M. Cuomo,114
81,005,Bronx,Curtis A. Sliwa,33
81,005,Bronx,Eric L. Adams,0
81,005,Bronx,Irene Estrada,0
81,005,Bronx,Jim Walden,0
81,005,Bronx,Joseph Hernandez,0
81,005,Bronx,Zohran Kwame Mamdani,163
81,006,Bronx,Andrew M. Cuomo,175
81,006,Bronx,Curtis A. Sliwa,30
81,006,Bronx,Eric L. Adams,3
81,006,Bronx,Irene Estrada,3
81,006,Bronx,Jim Walden,0
81,006,Bronx,Joseph Hernandez,2
81,006,Bronx,Zohran Kwame Mamdani,221
81,007,Bronx,Andrew M. Cuomo,85
81,007,Bronx,Curtis A. Sliwa,13
81,007,Bronx,Eric L. Adams,6
81,007,Bronx,Irene Estrada,0
81,007,Bronx,Jim Walden,0
81,007,Bronx,Joseph Hernandez,0
81,007,Bronx,Zohran Kwame Mamdani,198
81,008,Bronx,Andrew M. Cuomo,156
81,008,Bronx,Curtis A. Sliwa,26
81,008,Bronx,Eric L. Adams,2
81,008,Bronx,Irene Estrada,0
81,008,Bronx,Jim Walden,1
81,008,Bronx,Joseph Hernandez,0
81,008,Bronx,Zohran Kwame Mamdani,250
81,009,Bronx,Andrew M. Cuomo,133
81,009,Bronx,Curtis A. Sliwa,14
81,009,Bronx,Eric L. Adams,1
81,009,Bronx,Irene Estrada,0
81,009,Bronx,Jim Walden,0
81,009,Bronx,Joseph Hernandez,2
81,009,Bronx,Zohran Kwame Mamdani,199
81,010,Bronx,Andrew M. Cuomo,249
81,010,Bronx,Curtis A. Sliwa,47
81,010,Bronx,Eric L. Adams,5
81,010,Bronx,Irene Estrada,1
81,010,Bronx,Jim Walden,0
81,010,Bronx,Joseph Hernandez,0
81,010,Bronx,Zohran Kwame Mamdani,290
81,011,Bronx,Andrew M. Cuomo,235
81,011,Bronx,Curtis A. Sliwa,55
81,011,Bronx,Eric L. Adams,2
81,011,Bronx,Irene Estrada,1
81,011,Bronx,Jim Walden,0
81,011,Bronx,Joseph Hernandez,1
81,011,Bronx,Zohran Kwame Mamdani,407
81,012,Bronx,Andrew M. Cuomo,209
81,012,Bronx,Curtis A. Sliwa,50
81,012,Bronx,Eric L. Adams,0
81,012,Bronx,Irene Estrada,0
81,012,Bronx,Jim Walden,1
81,012,Bronx,Joseph Hernandez,2
81,012,Bronx,Zohran Kwame Mamdani,353
81,013,Bronx,Andrew M. Cuomo,19
81,013,Bronx,Curtis A. Sliwa,4
81,013,Bronx,Eric L. Adams,0
81,013,Bronx,Irene Estrada,1
81,013,Bronx,Jim Walden,0
81,013,Bronx,Joseph Hernandez,0
81,013,Bronx,Zohran Kwame Mamdani,34
81,014,Bronx,Andrew M. Cuomo,435
81,014,Bronx,Curtis A. Sliwa,65
81,014,Bronx,Eric L. Adams,1
81,014,Bronx,Irene Estrada,1
81,014,Bronx,Jim Walden,3
81,014,Bronx,Joseph Hernandez,0
81,014,Bronx,Zohran Kwame Mamdani,411
81,015,Bronx,Andrew M. Cuomo,387
81,015,Bronx,Curtis A. Sliwa,29
81,015,Bronx,Eric L. Adams,1
81,015,Bronx,Irene Estrada,1
81,015,Bronx,Jim Walden,2
81,015,Bronx,Joseph Hernandez,0
81,015,Bronx,Zohran Kwame Mamdani,313
81,016,Bronx,Andrew M. Cuomo,250
81,016,Bronx,Curtis A. Sliwa,36
81,016,Bronx,Eric L. Adams,1
81,016,Bronx,Irene Estrada,1
81,016,Bronx,Jim Walden,0
81,016,Bronx,Joseph Hernandez,0
81,016,Bronx,Zohran Kwame Mamdani,221
81,017,Bronx,Andrew M. Cuomo,247
81,017,Bronx,Curtis A. Sliwa,52
81,017,Bronx,Eric L. Adams,0
81,017,Bronx,Irene Estrada,1
81,017,Bronx,Jim Walden,0
81,017,Bronx,Joseph Hernandez,0
81,017,Bronx,Zohran Kwame Mamdani,451
81,018,Bronx,Andrew M. Cuomo,116
81,018,Bronx,Curtis A. Sliwa,10
81,018,Bronx,Eric L. Adams,5
81,018,Bronx,Irene Estrada,0
81,018,Bronx,Jim Walden,0
81,018,Bronx,Joseph Hernandez,0
81,018,Bronx,Zohran Kwame Mamdani,163
81,019,Bronx,Andrew M. Cuomo,357
81,019,Bronx,Curtis A. Sliwa,39
81,019,Bronx,Eric L. Adams,1
81,019,Bronx,Irene Estrada,2
81,019,Bronx,Jim Walden,0
81,019,Bronx,Joseph Hernandez,0
81,019,Bronx,Zohran Kwame Mamdani,422
81,020,Bronx,Andrew M. Cuomo,257
81,020,Bronx,Curtis A. Sliwa,37
81,020,Bronx,Eric L. Adams,0
81,020,Bronx,Irene Estrada,0
81,020,Bronx,Jim Walden,1
81,020,Bronx,Joseph Hernandez,0
81,020,Bronx,Zohran Kwame Mamdani,328
81,021,Bronx,Andrew M. Cuomo,332
81,021,Bronx,Curtis A. Sliwa,41
81,021,Bronx,Eric L. Adams,2
81,021,Bronx,Irene Estrada,3
81,021,Bronx,Jim Walden,1
81,021,Bronx,Joseph Hernandez,1
81,021,Bronx,Zohran Kwame Mamdani,439
81,022,Bronx,Andrew M. Cuomo,467
81,022,Bronx,Curtis A. Sliwa,43
81,022,Bronx,Eric L. Adams,1
81,022,Bronx,Irene Estrada,3
81,022,Bronx,Jim Walden,1
81,022,Bronx,Joseph Hernandez,1
81,022,Bronx,Zohran Kwame Mamdani,305
81,023,Bronx,Andrew M. Cuomo,164
81,023,Bronx,Curtis A. Sliwa,25
81,023,Bronx,Eric L. Adams,0
81,023,Bronx,Irene Estrada,2
81,023,Bronx,Jim Walden,2
81,023,Bronx,Joseph Hernandez,0
81,023,Bronx,Zohran Kwame Mamdani,401
81,024,Bronx,Andrew M. Cuomo,112
81,024,Bronx,Curtis A. Sliwa,13
81,024,Bronx,Eric L. Adams,1
81,024,Bronx,Irene Estrada,1
81,024,Bronx,Jim Walden,0
81,024,Bronx,Joseph Hernandez,0
81,024,Bronx,Zohran Kwame Mamdani,152
81,025,Bronx,Andrew M. Cuomo,404
81,025,Bronx,Curtis A. Sliwa,17
81,025,Bronx,Eric L. Adams,5
81,025,Bronx,Irene Estrada,1
81,025,Bronx,Jim Walden,2
81,025,Bronx,Joseph Hernandez,1
81,025,Bronx,Zohran Kwame Mamdani,175
81,026,Bronx,Andrew M. Cuomo,201
81,026,Bronx,Curtis A. Sliwa,49
81,026,Bronx,Eric L. Adams,2
81,026,Bronx,Irene Estrada,1
81,026,Bronx,Jim Walden,0
81,026,Bronx,Joseph Hernandez,1
81,026,Bronx,Zohran Kwame Mamdani,361
81,027,Bronx,Andrew M. Cuomo,414
81,027,Bronx,Curtis A. Sliwa,53
81,027,Bronx,Eric L. Adams,2
81,027,Bronx,Irene Estrada,2
81,027,Bronx,Jim Walden,5
81,027,Bronx,Joseph Hernandez,1
81,027,Bronx,Zohran Kwame Mamdani,417
81,028,Bronx,Andrew M. Cuomo,602
81,028,Bronx,Curtis A. Sliwa,33
81,028,Bronx,Eric L. Adams,1
81,028,Bronx,Irene Estrada,1
81,028,Bronx,Jim Walden,4
81,028,Bronx,Joseph Hernandez,0
81,028,Bronx,Zohran Kwame Mamdani,420
81,029,Bronx,Andrew M. Cuomo,582
81,029,Bronx,Curtis A. Sliwa,52
81,029,Bronx,Eric L. Adams,0
81,029,Bronx,Irene Estrada,1
81,029,Bronx,Jim Walden,1
81,029,Bronx,Joseph Hernandez,0
81,029,Bronx,Zohran Kwame Mamdani,374
81,030,Bronx,Andrew M. Cuomo,575
81,030,Bronx,Curtis A. Sliwa,26
81,030,Bronx,Eric L. Adams,1
81,030,Bronx,Irene Estrada,0
81,030,Bronx,Jim Walden,0
81,030,Bronx,Joseph Hernandez,0
81,030,Bronx,Zohran Kwame Mamdani,278
81,031,Bronx,Andrew M. Cuomo,683
81,031,Bronx,Curtis A. Sliwa,48
81,031,Bronx,Eric L. Adams,0
81,031,Bronx,Irene Estrada,0
81,031,Bronx,Jim Walden,3
81,031,Bronx,Joseph Hernandez,1
81,031,Bronx,Zohran Kwame Mamdani,359
81,032,Bronx,Andrew M. Cuomo,434
81,032,Bronx,Curtis A. Sliwa,39
81,032,Bronx,Eric L. Adams,0
81,032,Bronx,Irene Estrada,1
81,032,Bronx,Jim Walden,0
81,032,Bronx,Joseph Hernandez,0
81,032,Bronx,Zohran Kwame Mamdani,264
81,033,Bronx,Andrew M. Cuomo,270
81,033,Bronx,Curtis A. Sliwa,60
81,033,Bronx,Eric L. Adams,2
81,033,Bronx,Irene Estrada,2
81,033,Bronx,Jim Walden,5
81,033,Bronx,Joseph Hernandez,1
81,033,Bronx,Zohran Kwame Mamdani,155
81,034,Bronx,Andrew M. Cuomo,346
81,034,Bronx,Curtis A. Sliwa,45
81,034,Bronx,Eric L. Adams,0
81,034,Bronx,Irene Estrada,2
81,034,Bronx,Jim Walden,1
81,034,Bronx,Joseph Hernandez,0
81,034,Bronx,Zohran Kwame Mamdani,351
81,035,Bronx,Andrew M. Cuomo,318
81,035,Bronx,Curtis A. Sliwa,69
81,035,Bronx,Eric L. Adams,1
81,035,Bronx,Irene Estrada,0
81,035,Bronx,Jim Walden,3
81,035,Bronx,Joseph Hernandez,0
81,035,Bronx,Zohran Kwame Mamdani,348
81,036,Bronx,Andrew M. Cuomo,207
81,036,Bronx,Curtis A. Sliwa,53
81,036,Bronx,Eric L. Adams,0
81,036,Bronx,Irene Estrada,4
81,036,Bronx,Jim Walden,2
81,036,Bronx,Joseph Hernandez,2
81,036,Bronx,Zohran Kwame Mamdani,255
81,037,Bronx,Andrew M. Cuomo,300
81,037,Bronx,Curtis A. Sliwa,66
81,037,Bronx,Eric L. Adams,1
81,037,Bronx,Irene Estrada,0
81,037,Bronx,Jim Walden,0
81,037,Bronx,Joseph Hernandez,0
81,037,Bronx,Zohran Kwame Mamdani,405
81,038,Bronx,Andrew M. Cuomo,274
81,038,Bronx,Curtis A. Sliwa,50
81,038,Bronx,Eric L. Adams,2
81,038,Bronx,Irene Estrada,0
81,038,Bronx,Jim Walden,0
81,038,Bronx,Joseph Hernandez,0
81,038,Bronx,Zohran Kwame Mamdani,288
81,039,Bronx,Andrew M. Cuomo,258
81,039,Bronx,Curtis A. Sliwa,57
81,039,Bronx,Eric L. Adams,1
81,039,Bronx,Irene Estrada,1
81,039,Bronx,Jim Walden,0
81,039,Bronx,Joseph Hernandez,0
81,039,Bronx,Zohran Kwame Mamdani,307
81,040,Bronx,Andrew M. Cuomo,262
81,040,Bronx,Curtis A. Sliwa,49
81,040,Bronx,Eric L. Adams,1
81,040,Bronx,Irene Estrada,0
81,040,Bronx,Jim Walden,2
81,040,Bronx,Joseph Hernandez,0
81,040,Bronx,Zohran Kwame Mamdani,256
81,041,Bronx,Andrew M. Cuomo,252
81,041,Bronx,Curtis A. Sliwa,104
81,041,Bronx,Eric L. Adams,2
81,041,Bronx,Irene Estrada,2
81,041,Bronx,Jim Walden,1
81,041,Bronx,Joseph Hernandez,2
81,041,Bronx,Zohran Kwame Mamdani,194
81,042,Bronx,Andrew M. Cuomo,245
81,042,Bronx,Curtis A. Sliwa,102
81,042,Bronx,Eric L. Adams,2
81,042,Bronx,Irene Estrada,0
81,042,Bronx,Jim Walden,0
81,042,Bronx,Joseph Hernandez,0
81,042,Bronx,Zohran Kwame Mamdani,226
81,043,Bronx,Andrew M. Cuomo,302
81,043,Bronx,Curtis A. Sliwa,127
81,043,Bronx,Eric L. Adams,0
81,043,Bronx,Irene Estrada,0
81,043,Bronx,Jim Walden,3
81,043,Bronx,Joseph Hernandez,1
81,043,Bronx,Zohran Kwame Mamdani,227
81,044,Bronx,Andrew M. Cuomo,194
81,044,Bronx,Curtis A. Sliwa,27
81,044,Bronx,Eric L. Adams,3
81,044,Bronx,Irene Estrada,0
81,044,Bronx,Jim Walden,1
81,044,Bronx,Joseph Hernandez,0
81,044,Bronx,Zohran Kwame Mamdani,278
81,045,Bronx,Andrew M. Cuomo,205
81,045,Bronx,Curtis A. Sliwa,61
81,045,Bronx,Eric L. Adams,1
81,045,Bronx,Irene Estrada,1
81,045,Bronx,Jim Walden,1
81,045,Bronx,Joseph Hernandez,0
81,045,Bronx,Zohran Kwame Mamdani,224
81,046,Bronx,Andrew M. Cuomo,105
81,046,Bronx,Curtis A. Sliwa,21
81,046,Bronx,Eric L. Adams,1
81,046,Bronx,Irene Estrada,1
81,046,Bronx,Jim Walden,1
81,046,Bronx,Joseph Hernandez,0
81,046,Bronx,Zohran Kwame Mamdani,151
81,047,Bronx,Andrew M. Cuomo,146
81,047,Bronx,Curtis A. Sliwa,21
81,047,Bronx,Eric L. Adams,2
81,047,Bronx,Irene Estrada,3
81,047,Bronx,Jim Walden,0
81,047,Bronx,Joseph Hernandez,1
81,047,Bronx,Zohran Kwame Mamdani,292
81,048,Bronx,Andrew M. Cuomo,213
81,048,Bronx,Curtis A. Sliwa,27
81,048,Bronx,Eric L. Adams,2
81,048,Bronx,Irene Estrada,1
81,048,Bronx,Jim Walden,0
81,048,Bronx,Joseph Hernandez,0
81,048,Bronx,Zohran Kwame Mamdani,373
81,049,Bronx,Andrew M. Cuomo,144
81,049,Bronx,Curtis A. Sliwa,23
81,049,Bronx,Eric L. Adams,3
81,049,Bronx,Irene Estrada,1
81,049,Bronx,Jim Walden,1
81,049,Bronx,Joseph Hernandez,1
81,049,Bronx,Zohran Kwame Mamdani,201
81,050,Bronx,Andrew M. Cuomo,149
81,050,Bronx,Curtis A. Sliwa,34
81,050,Bronx,Eric L. Adams,2
81,050,Bronx,Irene Estrada,1
81,050,Bronx,Jim Walden,0
81,050,Bronx,Joseph Hernandez,0
81,050,Bronx,Zohran Kwame Mamdani,251
81,051,Bronx,Andrew M. Cuomo,108
81,051,Bronx,Curtis A. Sliwa,27
81,051,Bronx,Eric L. Adams,0
81,051,Bronx,Irene Estrada,2
81,051,Bronx,Jim Walden,0
81,051,Bronx,Joseph Hernandez,1
81,051,Bronx,Zohran Kwame Mamdani,302
81,052,Bronx,Andrew M. Cuomo,157
81,052,Bronx,Curtis A. Sliwa,15
81,052,Bronx,Eric L. Adams,1
81,052,Bronx,Irene Estrada,0
81,052,Bronx,Jim Walden,0
81,052,Bronx,Joseph Hernandez,0
81,052,Bronx,Zohran Kwame Mamdani,160
81,053,Bronx,Andrew M. Cuomo,226
81,053,Bronx,Curtis A. Sliwa,45
81,053,Bronx,Eric L. Adams,2
81,053,Bronx,Irene Estrada,2
81,053,Bronx,Jim Walden,0
81,053,Bronx,Joseph Hernandez,0
81,053,Bronx,Zohran Kwame Mamdani,276
81,054,Bronx,Andrew M. Cuomo,257
81,054,Bronx,Curtis A. Sliwa,36
81,054,Bronx,Eric L. Adams,4
81,054,Bronx,Irene Estrada,2
81,054,Bronx,Jim Walden,4
81,054,Bronx,Joseph Hernandez,0
81,054,Bronx,Zohran Kwame Mamdani,326
81,055,Bronx,Andrew M. Cuomo,118
81,055,Bronx,Curtis A. Sliwa,10
81,055,Bronx,Eric L. Adams,1
81,055,Bronx,Irene Estrada,0
81,055,Bronx,Jim Walden,0
81,055,Bronx,Joseph Hernandez,0
81,055,Bronx,Zohran Kwame Mamdani,135
81,056,Bronx,Andrew M. Cuomo,318
81,056,Bronx,Curtis A. Sliwa,53
81,056,Bronx,Eric L. Adams,0
81,056,Bronx,Irene Estrada,3
81,056,Bronx,Jim Walden,0
81,056,Bronx,Joseph Hernandez,0
81,056,Bronx,Zohran Kwame Mamdani,386
81,057,Bronx,Andrew M. Cuomo,108
81,057,Bronx,Curtis A. Sliwa,18
81,057,Bronx,Eric L. Adams,4
81,057,Bronx,Irene Estrada,0
81,057,Bronx,Jim Walden,0
81,057,Bronx,Joseph Hernandez,0
81,057,Bronx,Zohran Kwame Mamdani,176
81,058,Bronx,Andrew M. Cuomo,134
81,058,Bronx,Curtis A. Sliwa,13
81,058,Bronx,Eric L. Adams,1
81,058,Bronx,Irene Estrada,1
81,058,Bronx,Jim Walden,2
81,058,Bronx,Joseph Hernandez,0
81,058,Bronx,Zohran Kwame Mamdani,193
81,060,Bronx,Andrew M. Cuomo,0
81,060,Bronx,Curtis A. Sliwa,0
81,060,Bronx,Eric L. Adams,0
81,060,Bronx,Irene Estrada,0
81,060,Bronx,Jim Walden,0
81,060,Bronx,Joseph Hernandez,0
81,060,Bronx,Zohran Kwame Mamdani,0
81,062,Bronx,Andrew M. Cuomo,0
81,062,Bronx,Curtis A. Sliwa,0
81,062,Bronx,Eric L. Adams,0
81,062,Bronx,Irene Estrada,0
81,062,Bronx,Jim Walden,0
81,062,Bronx,Joseph Hernandez,0
81,062,Bronx,Zohran Kwame Mamdani,0
82,001,Bronx,Andrew M. Cuomo,384
82,001,Bronx,Curtis A. Sliwa,313
82,001,Bronx,Eric L. Adams,0
82,001,Bronx,Irene Estrada,1
82,001,Bronx,Jim Walden,0
82,001,Bronx,Joseph Hernandez,0
82,001,Bronx,Zohran Kwame Mamdani,119
82,002,Bronx,Andrew M. Cuomo,146
82,002,Bronx,Curtis A. Sliwa,94
82,002,Bronx,Eric L. Adams,1
82,002,Bronx,Irene Estrada,0
82,002,Bronx,Jim Walden,0
82,002,Bronx,Joseph Hernandez,0
82,002,Bronx,Zohran Kwame Mamdani,61
82,003,Bronx,Andrew M. Cuomo,268
82,003,Bronx,Curtis A. Sliwa,138
82,003,Bronx,Eric L. Adams,1
82,003,Bronx,Irene Estrada,0
82,003,Bronx,Jim Walden,0
82,003,Bronx,Joseph Hernandez,0
82,003,Bronx,Zohran Kwame Mamdani,158
82,004,Bronx,Andrew M. Cuomo,230
82,004,Bronx,Curtis A. Sliwa,144
82,004,Bronx,Eric L. Adams,2
82,004,Bronx,Irene Estrada,0
82,004,Bronx,Jim Walden,1
82,004,Bronx,Joseph Hernandez,0
82,004,Bronx,Zohran Kwame Mamdani,176
82,005,Bronx,Andrew M. Cuomo,178
82,005,Bronx,Curtis A. Sliwa,103
82,005,Bronx,Eric L. Adams,1
82,005,Bronx,Irene Estrada,4
82,005,Bronx,Jim Walden,0
82,005,Bronx,Joseph Hernandez,0
82,005,Bronx,Zohran Kwame Mamdani,135
82,006,Bronx,Andrew M. Cuomo,289
82,006,Bronx,Curtis A. Sliwa,254
82,006,Bronx,Eric L. Adams,1
82,006,Bronx,Irene Estrada,1
82,006,Bronx,Jim Walden,0
82,006,Bronx,Joseph Hernandez,0
82,006,Bronx,Zohran Kwame Mamdani,115
82,007,Bronx,Andrew M. Cuomo,206
82,007,Bronx,Curtis A. Sliwa,93
82,007,Bronx,Eric L. Adams,0
82,007,Bronx,Irene Estrada,0
82,007,Bronx,Jim Walden,0
82,007,Bronx,Joseph Hernandez,0
82,007,Bronx,Zohran Kwame Mamdani,177
82,008,Bronx,Andrew M. Cuomo,212
82,008,Bronx,Curtis A. Sliwa,130
82,008,Bronx,Eric L. Adams,1
82,008,Bronx,Irene Estrada,0
82,008,Bronx,Jim Walden,1
82,008,Bronx,Joseph Hernandez,1
82,008,Bronx,Zohran Kwame Mamdani,158
82,009,Bronx,Andrew M. Cuomo,244
82,009,Bronx,Curtis A. Sliwa,121
82,009,Bronx,Eric L. Adams,2
82,009,Bronx,Irene Estrada,0
82,009,Bronx,Jim Walden,0
82,009,Bronx,Joseph Hernandez,1
82,009,Bronx,Zohran Kwame Mamdani,182
82,010,Bronx,Andrew M. Cuomo,252
82,010,Bronx,Curtis A. Sliwa,104
82,010,Bronx,Eric L. Adams,0
82,010,Bronx,Irene Estrada,1
82,010,Bronx,Jim Walden,1
82,010,Bronx,Joseph Hernandez,0
82,010,Bronx,Zohran Kwame Mamdani,231
82,011,Bronx,Andrew M. Cuomo,198
82,011,Bronx,Curtis A. Sliwa,77
82,011,Bronx,Eric L. Adams,0
82,011,Bronx,Irene Estrada,2
82,011,Bronx,Jim Walden,0
82,011,Bronx,Joseph Hernandez,1
82,011,Bronx,Zohran Kwame Mamdani,164
82,012,Bronx,Andrew M. Cuomo,85
82,012,Bronx,Curtis A. Sliwa,19
82,012,Bronx,Eric L. Adams,2
82,012,Bronx,Irene Estrada,1
82,012,Bronx,Jim Walden,0
82,012,Bronx,Joseph Hernandez,1
82,012,Bronx,Zohran Kwame Mamdani,108
82,013,Bronx,Andrew M. Cuomo,90
82,013,Bronx,Curtis A. Sliwa,15
82,013,Bronx,Eric L. Adams,0
82,013,Bronx,Irene Estrada,2
82,013,Bronx,Jim Walden,0
82,013,Bronx,Joseph Hernandez,0
82,013,Bronx,Zohran Kwame Mamdani,101
82,014,Bronx,Andrew M. Cuomo,111
82,014,Bronx,Curtis A. Sliwa,20
82,014,Bronx,Eric L. Adams,2
82,014,Bronx,Irene Estrada,0
82,014,Bronx,Jim Walden,0
82,014,Bronx,Joseph Hernandez,0
82,014,Bronx,Zohran Kwame Mamdani,109
82,015,Bronx,Andrew M. Cuomo,217
82,015,Bronx,Curtis A. Sliwa,109
82,015,Bronx,Eric L. Adams,1
82,015,Bronx,Irene Estrada,4
82,015,Bronx,Jim Walden,0
82,015,Bronx,Joseph Hernandez,0
82,015,Bronx,Zohran Kwame Mamdani,212
82,016,Bronx,Andrew M. Cuomo,252
82,016,Bronx,Curtis A. Sliwa,95
82,016,Bronx,Eric L. Adams,0
82,016,Bronx,Irene Estrada,1
82,016,Bronx,Jim Walden,0
82,016,Bronx,Joseph Hernandez,0
82,016,Bronx,Zohran Kwame Mamdani,226
82,017,Bronx,Andrew M. Cuomo,18
82,017,Bronx,Curtis A. Sliwa,9
82,017,Bronx,Eric L. Adams,0
82,017,Bronx,Irene Estrada,0
82,017,Bronx,Jim Walden,0
82,017,Bronx,Joseph Hernandez,0
82,017,Bronx,Zohran Kwame Mamdani,12
82,018,Bronx,Andrew M. Cuomo,268
82,018,Bronx,Curtis A. Sliwa,191
82,018,Bronx,Eric L. Adams,0
82,018,Bronx,Irene Estrada,4
82,018,Bronx,Jim Walden,0
82,018,Bronx,Joseph Hernandez,0
82,018,Bronx,Zohran Kwame Mamdani,157
82,019,Bronx,Andrew M. Cuomo,320
82,019,Bronx,Curtis A. Sliwa,187
82,019,Bronx,Eric L. Adams,0
82,019,Bronx,Irene Estrada,1
82,019,Bronx,Jim Walden,0
82,019,Bronx,Joseph Hernandez,0
82,019,Bronx,Zohran Kwame Mamdani,144
82,020,Bronx,Andrew M. Cuomo,403
82,020,Bronx,Curtis A. Sliwa,224
82,020,Bronx,Eric L. Adams,3
82,020,Bronx,Irene Estrada,0
82,020,Bronx,Jim Walden,1
82,020,Bronx,Joseph Hernandez,2
82,020,Bronx,Zohran Kwame Mamdani,180
82,021,Bronx,Andrew M. Cuomo,273
82,021,Bronx,Curtis A. Sliwa,146
82,021,Bronx,Eric L. Adams,3
82,021,Bronx,Irene Estrada,1
82,021,Bronx,Jim Walden,0
82,021,Bronx,Joseph Hernandez,0
82,021,Bronx,Zohran Kwame Mamdani,96
82,022,Bronx,Andrew M. Cuomo,221
82,022,Bronx,Curtis A. Sliwa,123
82,022,Bronx,Eric L. Adams,0
82,022,Bronx,Irene Estrada,0
82,022,Bronx,Jim Walden,0
82,022,Bronx,Joseph Hernandez,0
82,022,Bronx,Zohran Kwame Mamdani,87
82,023,Bronx,Andrew M. Cuomo,202
82,023,Bronx,Curtis A. Sliwa,118
82,023,Bronx,Eric L. Adams,1
82,023,Bronx,Irene Estrada,1
82,023,Bronx,Jim Walden,0
82,023,Bronx,Joseph Hernandez,0
82,023,Bronx,Zohran Kwame Mamdani,101
82,024,Bronx,Andrew M. Cuomo,161
82,024,Bronx,Curtis A. Sliwa,69
82,024,Bronx,Eric L. Adams,0
82,024,Bronx,Irene Estrada,2
82,024,Bronx,Jim Walden,0
82,024,Bronx,Joseph Hernandez,1
82,024,Bronx,Zohran Kwame Mamdani,102
82,025,Bronx,Andrew M. Cuomo,235
82,025,Bronx,Curtis A. Sliwa,88
82,025,Bronx,Eric L. Adams,2
82,025,Bronx,Irene Estrada,0
82,025,Bronx,Jim Walden,0
82,025,Bronx,Joseph Hernandez,0
82,025,Bronx,Zohran Kwame Mamdani,279
82,026,Bronx,Andrew M. Cuomo,156
82,026,Bronx,Curtis A. Sliwa,66
82,026,Bronx,Eric L. Adams,0
82,026,Bronx,Irene Estrada,3
82,026,Bronx,Jim Walden,1
82,026,Bronx,Joseph Hernandez,1
82,026,Bronx,Zohran Kwame Mamdani,202
82,027,Bronx,Andrew M. Cuomo,183
82,027,Bronx,Curtis A. Sliwa,97
82,027,Bronx,Eric L. Adams,1
82,027,Bronx,Irene Estrada,2
82,027,Bronx,Jim Walden,0
82,027,Bronx,Joseph Hernandez,0
82,027,Bronx,Zohran Kwame Mamdani,151
82,028,Bronx,Andrew M. Cuomo,283
82,028,Bronx,Curtis A. Sliwa,124
82,028,Bronx,Eric L. Adams,0
82,028,Bronx,Irene Estrada,1
82,028,Bronx,Jim Walden,0
82,028,Bronx,Joseph Hernandez,0
82,028,Bronx,Zohran Kwame Mamdani,289
82,029,Bronx,Andrew M. Cuomo,247
82,029,Bronx,Curtis A. Sliwa,90
82,029,Bronx,Eric L. Adams,1
82,029,Bronx,Irene Estrada,2
82,029,Bronx,Jim Walden,0
82,029,Bronx,Joseph Hernandez,1
82,029,Bronx,Zohran Kwame Mamdani,258
82,030,Bronx,Andrew M. Cuomo,197
82,030,Bronx,Curtis A. Sliwa,81
82,030,Bronx,Eric L. Adams,1
82,030,Bronx,Irene Estrada,3
82,030,Bronx,Jim Walden,0
82,030,Bronx,Joseph Hernandez,1
82,030,Bronx,Zohran Kwame Mamdani,262
82,031,Bronx,Andrew M. Cuomo,202
82,031,Bronx,Curtis A. Sliwa,89
82,031,Bronx,Eric L. Adams,0
82,031,Bronx,Irene Estrada,0
82,031,Bronx,Jim Walden,1
82,031,Bronx,Joseph Hernandez,0
82,031,Bronx,Zohran Kwame Mamdani,189
82,032,Bronx,Andrew M. Cuomo,252
82,032,Bronx,Curtis A. Sliwa,144
82,032,Bronx,Eric L. Adams,3
82,032,Bronx,Irene Estrada,0
82,032,Bronx,Jim Walden,1
82,032,Bronx,Joseph Hernandez,1
82,032,Bronx,Zohran Kwame Mamdani,249
82,033,Bronx,Andrew M. Cuomo,227
82,033,Bronx,Curtis A. Sliwa,129
82,033,Bronx,Eric L. Adams,1
82,033,Bronx,Irene Estrada,0
82,033,Bronx,Jim Walden,0
82,033,Bronx,Joseph Hernandez,0
82,033,Bronx,Zohran Kwame Mamdani,156
82,034,Bronx,Andrew M. Cuomo,133
82,034,Bronx,Curtis A. Sliwa,67
82,034,Bronx,Eric L. Adams,0
82,034,Bronx,Irene Estrada,2
82,034,Bronx,Jim Walden,0
82,034,Bronx,Joseph Hernandez,0
82,034,Bronx,Zohran Kwame Mamdani,163
82,035,Bronx,Andrew M. Cuomo,65
82,035,Bronx,Curtis A. Sliwa,18
82,035,Bronx,Eric L. Adams,1
82,035,Bronx,Irene Estrada,1
82,035,Bronx,Jim Walden,1
82,035,Bronx,Joseph Hernandez,0
82,035,Bronx,Zohran Kwame Mamdani,105
82,036,Bronx,Andrew M. Cuomo,97
82,036,Bronx,Curtis A. Sliwa,26
82,036,Bronx,Eric L. Adams,0
82,036,Bronx,Irene Estrada,0
82,036,Bronx,Jim Walden,0
82,036,Bronx,Joseph Hernandez,0
82,036,Bronx,Zohran Kwame Mamdani,450
82,037,Bronx,Andrew M. Cuomo,6
82,037,Bronx,Curtis A. Sliwa,1
82,037,Bronx,Eric L. Adams,0
82,037,Bronx,Irene Estrada,0
82,037,Bronx,Jim Walden,0
82,037,Bronx,Joseph Hernandez,0
82,037,Bronx,Zohran Kwame Mamdani,5
82,038,Bronx,Andrew M. Cuomo,256
82,038,Bronx,Curtis A. Sliwa,104
82,038,Bronx,Eric L. Adams,1
82,038,Bronx,Irene Estrada,0
82,038,Bronx,Jim Walden,0
82,038,Bronx,Joseph Hernandez,1
82,038,Bronx,Zohran Kwame Mamdani,276
82,039,Bronx,Andrew M. Cuomo,188
82,039,Bronx,Curtis A. Sliwa,78
82,039,Bronx,Eric L. Adams,1
82,039,Bronx,Irene Estrada,3
82,039,Bronx,Jim Walden,0
82,039,Bronx,Joseph Hernandez,1
82,039,Bronx,Zohran Kwame Mamdani,171
82,040,Bronx,Andrew M. Cuomo,139
82,040,Bronx,Curtis A. Sliwa,34
82,040,Bronx,Eric L. Adams,1
82,040,Bronx,Irene Estrada,1
82,040,Bronx,Jim Walden,0
82,040,Bronx,Joseph Hernandez,0
82,040,Bronx,Zohran Kwame Mamdani,271
82,041,Bronx,Andrew M. Cuomo,439
82,041,Bronx,Curtis A. Sliwa,183
82,041,Bronx,Eric L. Adams,2
82,041,Bronx,Irene Estrada,1
82,041,Bronx,Jim Walden,0
82,041,Bronx,Joseph Hernandez,2
82,041,Bronx,Zohran Kwame Mamdani,262
82,042,Bronx,Andrew M. Cuomo,407
82,042,Bronx,Curtis A. Sliwa,161
82,042,Bronx,Eric L. Adams,1
82,042,Bronx,Irene Estrada,2
82,042,Bronx,Jim Walden,2
82,042,Bronx,Joseph Hernandez,1
82,042,Bronx,Zohran Kwame Mamdani,276
82,043,Bronx,Andrew M. Cuomo,175
82,043,Bronx,Curtis A. Sliwa,63
82,043,Bronx,Eric L. Adams,0
82,043,Bronx,Irene Estrada,3
82,043,Bronx,Jim Walden,0
82,043,Bronx,Joseph Hernandez,1
82,043,Bronx,Zohran Kwame Mamdani,167
82,044,Bronx,Andrew M. Cuomo,168
82,044,Bronx,Curtis A. Sliwa,63
82,044,Bronx,Eric L. Adams,2
82,044,Bronx,Irene Estrada,0
82,044,Bronx,Jim Walden,0
82,044,Bronx,Joseph Hernandez,0
82,044,Bronx,Zohran Kwame Mamdani,159
82,045,Bronx,Andrew M. Cuomo,237
82,045,Bronx,Curtis A. Sliwa,32
82,045,Bronx,Eric L. Adams,4
82,045,Bronx,Irene Estrada,3
82,045,Bronx,Jim Walden,1
82,045,Bronx,Joseph Hernandez,1
82,045,Bronx,Zohran Kwame Mamdani,172
82,046,Bronx,Andrew M. Cuomo,285
82,046,Bronx,Curtis A. Sliwa,35
82,046,Bronx,Eric L. Adams,6
82,046,Bronx,Irene Estrada,0
82,046,Bronx,Jim Walden,1
82,046,Bronx,Joseph Hernandez,2
82,046,Bronx,Zohran Kwame Mamdani,263
82,047,Bronx,Andrew M. Cuomo,205
82,047,Bronx,Curtis A. Sliwa,25
82,047,Bronx,Eric L. Adams,3
82,047,Bronx,Irene Estrada,2
82,047,Bronx,Jim Walden,1
82,047,Bronx,Joseph Hernandez,0
82,047,Bronx,Zohran Kwame Mamdani,240
82,048,Bronx,Andrew M. Cuomo,303
82,048,Bronx,Curtis A. Sliwa,31
82,048,Bronx,Eric L. Adams,5
82,048,Bronx,Irene Estrada,3
82,048,Bronx,Jim Walden,0
82,048,Bronx,Joseph Hernandez,1
82,048,Bronx,Zohran Kwame Mamdani,307
82,049,Bronx,Andrew M. Cuomo,242
82,049,Bronx,Curtis A. Sliwa,26
82,049,Bronx,Eric L. Adams,10
82,049,Bronx,Irene Estrada,0
82,049,Bronx,Jim Walden,0
82,049,Bronx,Joseph Hernandez,0
82,049,Bronx,Zohran Kwame Mamdani,320
82,050,Bronx,Andrew M. Cuomo,231
82,050,Bronx,Curtis A. Sliwa,30
82,050,Bronx,Eric L. Adams,3
82,050,Bronx,Irene Estrada,0
82,050,Bronx,Jim Walden,0
82,050,Bronx,Joseph Hernandez,0
82,050,Bronx,Zohran Kwame Mamdani,245
82,051,Bronx,Andrew M. Cuomo,220
82,051,Bronx,Curtis A. Sliwa,23
82,051,Bronx,Eric L. Adams,9
82,051,Bronx,Irene Estrada,0
82,051,Bronx,Jim Walden,0
82,051,Bronx,Joseph Hernandez,0
82,051,Bronx,Zohran Kwame Mamdani,257
82,052,Bronx,Andrew M. Cuomo,278
82,052,Bronx,Curtis A. Sliwa,22
82,052,Bronx,Eric L. Adams,3
82,052,Bronx,Irene Estrada,0
82,052,Bronx,Jim Walden,1
82,052,Bronx,Joseph Hernandez,0
82,052,Bronx,Zohran Kwame Mamdani,315
82,053,Bronx,Andrew M. Cuomo,79
82,053,Bronx,Curtis A. Sliwa,17
82,053,Bronx,Eric L. Adams,0
82,053,Bronx,Irene Estrada,1
82,053,Bronx,Jim Walden,0
82,053,Bronx,Joseph Hernandez,0
82,053,Bronx,Zohran Kwame Mamdani,55
82,054,Bronx,Andrew M. Cuomo,361
82,054,Bronx,Curtis A. Sliwa,28
82,054,Bronx,Eric L. Adams,2
82,054,Bronx,Irene Estrada,3
82,054,Bronx,Jim Walden,2
82,054,Bronx,Joseph Hernandez,2
82,054,Bronx,Zohran Kwame Mamdani,328
82,055,Bronx,Andrew M. Cuomo,336
82,055,Bronx,Curtis A. Sliwa,40
82,055,Bronx,Eric L. Adams,4
82,055,Bronx,Irene Estrada,1
82,055,Bronx,Jim Walden,0
82,055,Bronx,Joseph Hernandez,0
82,055,Bronx,Zohran Kwame Mamdani,314
82,056,Bronx,Andrew M. Cuomo,263
82,056,Bronx,Curtis A. Sliwa,17
82,056,Bronx,Eric L. Adams,7
82,056,Bronx,Irene Estrada,0
82,056,Bronx,Jim Walden,0
82,056,Bronx,Joseph Hernandez,0
82,056,Bronx,Zohran Kwame Mamdani,244
82,057,Bronx,Andrew M. Cuomo,321
82,057,Bronx,Curtis A. Sliwa,34
82,057,Bronx,Eric L. Adams,7
82,057,Bronx,Irene Estrada,0
82,057,Bronx,Jim Walden,1
82,057,Bronx,Joseph Hernandez,0
82,057,Bronx,Zohran Kwame Mamdani,356
82,058,Bronx,Andrew M. Cuomo,333
82,058,Bronx,Curtis A. Sliwa,29
82,058,Bronx,Eric L. Adams,5
82,058,Bronx,Irene Estrada,1
82,058,Bronx,Jim Walden,0
82,058,Bronx,Joseph Hernandez,0
82,058,Bronx,Zohran Kwame Mamdani,342
82,059,Bronx,Andrew M. Cuomo,356
82,059,Bronx,Curtis A. Sliwa,32
82,059,Bronx,Eric L. Adams,4
82,059,Bronx,Irene Estrada,0
82,059,Bronx,Jim Walden,2
82,059,Bronx,Joseph Hernandez,0
82,059,Bronx,Zohran Kwame Mamdani,327
82,060,Bronx,Andrew M. Cuomo,314
82,060,Bronx,Curtis A. Sliwa,32
82,060,Bronx,Eric L. Adams,4
82,060,Bronx,Irene Estrada,1
82,060,Bronx,Jim Walden,1
82,060,Bronx,Joseph Hernandez,0
82,060,Bronx,Zohran Kwame Mamdani,305
82,061,Bronx,Andrew M. Cuomo,289
82,061,Bronx,Curtis A. Sliwa,34
82,061,Bronx,Eric L. Adams,5
82,061,Bronx,Irene Estrada,0
82,061,Bronx,Jim Walden,0
82,061,Bronx,Joseph Hernandez,1
82,061,Bronx,Zohran Kwame Mamdani,328
82,062,Bronx,Andrew M. Cuomo,261
82,062,Bronx,Curtis A. Sliwa,23
82,062,Bronx,Eric L. Adams,2
82,062,Bronx,Irene Estrada,1
82,062,Bronx,Jim Walden,0
82,062,Bronx,Joseph Hernandez,0
82,062,Bronx,Zohran Kwame Mamdani,273
82,063,Bronx,Andrew M. Cuomo,354
82,063,Bronx,Curtis A. Sliwa,31
82,063,Bronx,Eric L. Adams,2
82,063,Bronx,Irene Estrada,1
82,063,Bronx,Jim Walden,1
82,063,Bronx,Joseph Hernandez,0
82,063,Bronx,Zohran Kwame Mamdani,328
82,064,Bronx,Andrew M. Cuomo,315
82,064,Bronx,Curtis A. Sliwa,41
82,064,Bronx,Eric L. Adams,4
82,064,Bronx,Irene Estrada,4
82,064,Bronx,Jim Walden,0
82,064,Bronx,Joseph Hernandez,1
82,064,Bronx,Zohran Kwame Mamdani,343
82,065,Bronx,Andrew M. Cuomo,0
82,065,Bronx,Curtis A. Sliwa,0
82,065,Bronx,Eric L. Adams,0
82,065,Bronx,Irene Estrada,0
82,065,Bronx,Jim Walden,0
82,065,Bronx,Joseph Hernandez,0
82,065,Bronx,Zohran Kwame Mamdani,0
82,067,Bronx,Andrew M. Cuomo,0
82,067,Bronx,Curtis A. Sliwa,0
82,067,Bronx,Eric L. Adams,0
82,067,Bronx,Irene Estrada,0
82,067,Bronx,Jim Walden,0
82,067,Bronx,Joseph Hernandez,0
82,067,Bronx,Zohran Kwame Mamdani,0
82,072,Bronx,Andrew M. Cuomo,0
82,072,Bronx,Curtis A. Sliwa,0
82,072,Bronx,Eric L. Adams,0
82,072,Bronx,Irene Estrada,0
82,072,Bronx,Jim Walden,0
82,072,Bronx,Joseph Hernandez,0
82,072,Bronx,Zohran Kwame Mamdani,0
83,001,Bronx,Andrew M. Cuomo,204
83,001,Bronx,Curtis A. Sliwa,20
83,001,Bronx,Eric L. Adams,5
83,001,Bronx,Irene Estrada,1
83,001,Bronx,Jim Walden,0
83,001,Bronx,Joseph Hernandez,1
83,001,Bronx,Zohran Kwame Mamdani,301
83,002,Bronx,Andrew M. Cuomo,221
83,002,Bronx,Curtis A. Sliwa,15
83,002,Bronx,Eric L. Adams,1
83,002,Bronx,Irene Estrada,1
83,002,Bronx,Jim Walden,0
83,002,Bronx,Joseph Hernandez,0
83,002,Bronx,Zohran Kwame Mamdani,292
83,003,Bronx,Andrew M. Cuomo,174
83,003,Bronx,Curtis A. Sliwa,23
83,003,Bronx,Eric L. Adams,5
83,003,Bronx,Irene Estrada,0
83,003,Bronx,Jim Walden,0
83,003,Bronx,Joseph Hernandez,0
83,003,Bronx,Zohran Kwame Mamdani,292
83,004,Bronx,Andrew M. Cuomo,137
83,004,Bronx,Curtis A. Sliwa,10
83,004,Bronx,Eric L. Adams,3
83,004,Bronx,Irene Estrada,3
83,004,Bronx,Jim Walden,0
83,004,Bronx,Joseph Hernandez,0
83,004,Bronx,Zohran Kwame Mamdani,192
83,005,Bronx,Andrew M. Cuomo,191
83,005,Bronx,Curtis A. Sliwa,13
83,005,Bronx,Eric L. Adams,3
83,005,Bronx,Irene Estrada,1
83,005,Bronx,Jim Walden,0
83,005,Bronx,Joseph Hernandez,0
83,005,Bronx,Zohran Kwame Mamdani,185
83,006,Bronx,Andrew M. Cuomo,160
83,006,Bronx,Curtis A. Sliwa,23
83,006,Bronx,Eric L. Adams,0
83,006,Bronx,Irene Estrada,1
83,006,Bronx,Jim Walden,0
83,006,Bronx,Joseph Hernandez,0
83,006,Bronx,Zohran Kwame Mamdani,252
83,007,Bronx,Andrew M. Cuomo,193
83,007,Bronx,Curtis A. Sliwa,15
83,007,Bronx,Eric L. Adams,3
83,007,Bronx,Irene Estrada,1
83,007,Bronx,Jim Walden,1
83,007,Bronx,Joseph Hernandez,0
83,007,Bronx,Zohran Kwame Mamdani,263
83,008,Bronx,Andrew M. Cuomo,114
83,008,Bronx,Curtis A. Sliwa,5
83,008,Bronx,Eric L. Adams,1
83,008,Bronx,Irene Estrada,0
83,008,Bronx,Jim Walden,0
83,008,Bronx,Joseph Hernandez,1
83,008,Bronx,Zohran Kwame Mamdani,236
83,009,Bronx,Andrew M. Cuomo,126
83,009,Bronx,Curtis A. Sliwa,17
83,009,Bronx,Eric L. Adams,3
83,009,Bronx,Irene Estrada,0
83,009,Bronx,Jim Walden,0
83,009,Bronx,Joseph Hernandez,0
83,009,Bronx,Zohran Kwame Mamdani,159
83,010,Bronx,Andrew M. Cuomo,146
83,010,Bronx,Curtis A. Sliwa,11
83,010,Bronx,Eric L. Adams,1
83,010,Bronx,Irene Estrada,0
83,010,Bronx,Jim Walden,0
83,010,Bronx,Joseph Hernandez,0
83,010,Bronx,Zohran Kwame Mamdani,215
83,011,Bronx,Andrew M. Cuomo,168
83,011,Bronx,Curtis A. Sliwa,13
83,011,Bronx,Eric L. Adams,1
83,011,Bronx,Irene Estrada,1
83,011,Bronx,Jim Walden,1
83,011,Bronx,Joseph Hernandez,0
83,011,Bronx,Zohran Kwame Mamdani,310
83,012,Bronx,Andrew M. Cuomo,134
83,012,Bronx,Curtis A. Sliwa,15
83,012,Bronx,Eric L. Adams,1
83,012,Bronx,Irene Estrada,1
83,012,Bronx,Jim Walden,0
83,012,Bronx,Joseph Hernandez,0
83,012,Bronx,Zohran Kwame Mamdani,204
83,013,Bronx,Andrew M. Cuomo,118
83,013,Bronx,Curtis A. Sliwa,16
83,013,Bronx,Eric L. Adams,2
83,013,Bronx,Irene Estrada,0
83,013,Bronx,Jim Walden,0
83,013,Bronx,Joseph Hernandez,0
83,013,Bronx,Zohran Kwame Mamdani,215
83,014,Bronx,Andrew M. Cuomo,149
83,014,Bronx,Curtis A. Sliwa,11
83,014,Bronx,Eric L. Adams,6
83,014,Bronx,Irene Estrada,1
83,014,Bronx,Jim Walden,0
83,014,Bronx,Joseph Hernandez,0
83,014,Bronx,Zohran Kwame Mamdani,155
83,015,Bronx,Andrew M. Cuomo,128
83,015,Bronx,Curtis A. Sliwa,12
83,015,Bronx,Eric L. Adams,5
83,015,Bronx,Irene Estrada,3
83,015,Bronx,Jim Walden,1
83,015,Bronx,Joseph Hernandez,1
83,015,Bronx,Zohran Kwame Mamdani,226
83,016,Bronx,Andrew M. Cuomo,182
83,016,Bronx,Curtis A. Sliwa,9
83,016,Bronx,Eric L. Adams,6
83,016,Bronx,Irene Estrada,0
83,016,Bronx,Jim Walden,0
83,016,Bronx,Joseph Hernandez,0
83,016,Bronx,Zohran Kwame Mamdani,197
83,017,Bronx,Andrew M. Cuomo,201
83,017,Bronx,Curtis A. Sliwa,17
83,017,Bronx,Eric L. Adams,2
83,017,Bronx,Irene Estrada,2
83,017,Bronx,Jim Walden,0
83,017,Bronx,Joseph Hernandez,0
83,017,Bronx,Zohran Kwame Mamdani,260
83,018,Bronx,Andrew M. Cuomo,114
83,018,Bronx,Curtis A. Sliwa,8
83,018,Bronx,Eric L. Adams,3
83,018,Bronx,Irene Estrada,1
83,018,Bronx,Jim Walden,0
83,018,Bronx,Joseph Hernandez,0
83,018,Bronx,Zohran Kwame Mamdani,161
83,019,Bronx,Andrew M. Cuomo,146
83,019,Bronx,Curtis A. Sliwa,10
83,019,Bronx,Eric L. Adams,3
83,019,Bronx,Irene Estrada,0
83,019,Bronx,Jim Walden,0
83,019,Bronx,Joseph Hernandez,0
83,019,Bronx,Zohran Kwame Mamdani,191
83,020,Bronx,Andrew M. Cuomo,167
83,020,Bronx,Curtis A. Sliwa,9
83,020,Bronx,Eric L. Adams,1
83,020,Bronx,Irene Estrada,0
83,020,Bronx,Jim Walden,0
83,020,Bronx,Joseph Hernandez,0
83,020,Bronx,Zohran Kwame Mamdani,271
83,021,Bronx,Andrew M. Cuomo,167
83,021,Bronx,Curtis A. Sliwa,7
83,021,Bronx,Eric L. Adams,3
83,021,Bronx,Irene Estrada,1
83,021,Bronx,Jim Walden,0
83,021,Bronx,Joseph Hernandez,0
83,021,Bronx,Zohran Kwame Mamdani,274
83,022,Bronx,Andrew M. Cuomo,213
83,022,Bronx,Curtis A. Sliwa,9
83,022,Bronx,Eric L. Adams,4
83,022,Bronx,Irene Estrada,0
83,022,Bronx,Jim Walden,0
83,022,Bronx,Joseph Hernandez,1
83,022,Bronx,Zohran Kwame Mamdani,246
83,023,Bronx,Andrew M. Cuomo,164
83,023,Bronx,Curtis A. Sliwa,4
83,023,Bronx,Eric L. Adams,4
83,023,Bronx,Irene Estrada,0
83,023,Bronx,Jim Walden,0
83,023,Bronx,Joseph Hernandez,1
83,023,Bronx,Zohran Kwame Mamdani,250
83,024,Bronx,Andrew M. Cuomo,143
83,024,Bronx,Curtis A. Sliwa,9
83,024,Bronx,Eric L. Adams,1
83,024,Bronx,Irene Estrada,0
83,024,Bronx,Jim Walden,1
83,024,Bronx,Joseph Hernandez,1
83,024,Bronx,Zohran Kwame Mamdani,184
83,025,Bronx,Andrew M. Cuomo,166
83,025,Bronx,Curtis A. Sliwa,9
83,025,Bronx,Eric L. Adams,3
83,025,Bronx,Irene Estrada,1
83,025,Bronx,Jim Walden,0
83,025,Bronx,Joseph Hernandez,0
83,025,Bronx,Zohran Kwame Mamdani,302
83,026,Bronx,Andrew M. Cuomo,148
83,026,Bronx,Curtis A. Sliwa,20
83,026,Bronx,Eric L. Adams,1
83,026,Bronx,Irene Estrada,0
83,026,Bronx,Jim Walden,0
83,026,Bronx,Joseph Hernandez,1
83,026,Bronx,Zohran Kwame Mamdani,232
83,027,Bronx,Andrew M. Cuomo,116
83,027,Bronx,Curtis A. Sliwa,13
83,027,Bronx,Eric L. Adams,0
83,027,Bronx,Irene Estrada,2
83,027,Bronx,Jim Walden,0
83,027,Bronx,Joseph Hernandez,0
83,027,Bronx,Zohran Kwame Mamdani,173
83,028,Bronx,Andrew M. Cuomo,110
83,028,Bronx,Curtis A. Sliwa,5
83,028,Bronx,Eric L. Adams,3
83,028,Bronx,Irene Estrada,1
83,028,Bronx,Jim Walden,0
83,028,Bronx,Joseph Hernandez,0
83,028,Bronx,Zohran Kwame Mamdani,172
83,029,Bronx,Andrew M. Cuomo,174
83,029,Bronx,Curtis A. Sliwa,18
83,029,Bronx,Eric L. Adams,1
83,029,Bronx,Irene Estrada,0
83,029,Bronx,Jim Walden,1
83,029,Bronx,Joseph Hernandez,1
83,029,Bronx,Zohran Kwame Mamdani,249
83,030,Bronx,Andrew M. Cuomo,157
83,030,Bronx,Curtis A. Sliwa,20
83,030,Bronx,Eric L. Adams,0
83,030,Bronx,Irene Estrada,0
83,030,Bronx,Jim Walden,0
83,030,Bronx,Joseph Hernandez,0
83,030,Bronx,Zohran Kwame Mamdani,200
83,031,Bronx,Andrew M. Cuomo,152
83,031,Bronx,Curtis A. Sliwa,10
83,031,Bronx,Eric L. Adams,1
83,031,Bronx,Irene Estrada,0
83,031,Bronx,Jim Walden,0
83,031,Bronx,Joseph Hernandez,0
83,031,Bronx,Zohran Kwame Mamdani,213
83,032,Bronx,Andrew M. Cuomo,184
83,032,Bronx,Curtis A. Sliwa,19
83,032,Bronx,Eric L. Adams,3
83,032,Bronx,Irene Estrada,1
83,032,Bronx,Jim Walden,0
83,032,Bronx,Joseph Hernandez,0
83,032,Bronx,Zohran Kwame Mamdani,231
83,033,Bronx,Andrew M. Cuomo,199
83,033,Bronx,Curtis A. Sliwa,16
83,033,Bronx,Eric L. Adams,2
83,033,Bronx,Irene Estrada,3
83,033,Bronx,Jim Walden,1
83,033,Bronx,Joseph Hernandez,0
83,033,Bronx,Zohran Kwame Mamdani,230
83,034,Bronx,Andrew M. Cuomo,181
83,034,Bronx,Curtis A. Sliwa,14
83,034,Bronx,Eric L. Adams,8
83,034,Bronx,Irene Estrada,1
83,034,Bronx,Jim Walden,0
83,034,Bronx,Joseph Hernandez,0
83,034,Bronx,Zohran Kwame Mamdani,281
83,035,Bronx,Andrew M. Cuomo,170
83,035,Bronx,Curtis A. Sliwa,15
83,035,Bronx,Eric L. Adams,3
83,035,Bronx,Irene Estrada,0
83,035,Bronx,Jim Walden,0
83,035,Bronx,Joseph Hernandez,0
83,035,Bronx,Zohran Kwame Mamdani,215
83,036,Bronx,Andrew M. Cuomo,125
83,036,Bronx,Curtis A. Sliwa,11
83,036,Bronx,Eric L. Adams,0
83,036,Bronx,Irene Estrada,0
83,036,Bronx,Jim Walden,0
83,036,Bronx,Joseph Hernandez,0
83,036,Bronx,Zohran Kwame Mamdani,142
83,037,Bronx,Andrew M. Cuomo,124
83,037,Bronx,Curtis A. Sliwa,11
83,037,Bronx,Eric L. Adams,1
83,037,Bronx,Irene Estrada,1
83,037,Bronx,Jim Walden,0
83,037,Bronx,Joseph Hernandez,1
83,037,Bronx,Zohran Kwame Mamdani,185
83,038,Bronx,Andrew M. Cuomo,118
83,038,Bronx,Curtis A. Sliwa,11
83,038,Bronx,Eric L. Adams,3
83,038,Bronx,Irene Estrada,0
83,038,Bronx,Jim Walden,0
83,038,Bronx,Joseph Hernandez,0
83,038,Bronx,Zohran Kwame Mamdani,148
83,039,Bronx,Andrew M. Cuomo,151
83,039,Bronx,Curtis A. Sliwa,16
83,039,Bronx,Eric L. Adams,2
83,039,Bronx,Irene Estrada,0
83,039,Bronx,Jim Walden,0
83,039,Bronx,Joseph Hernandez,0
83,039,Bronx,Zohran Kwame Mamdani,184
83,040,Bronx,Andrew M. Cuomo,109
83,040,Bronx,Curtis A. Sliwa,14
83,040,Bronx,Eric L. Adams,0
83,040,Bronx,Irene Estrada,0
83,040,Bronx,Jim Walden,0
83,040,Bronx,Joseph Hernandez,0
83,040,Bronx,Zohran Kwame Mamdani,141
83,041,Bronx,Andrew M. Cuomo,190
83,041,Bronx,Curtis A. Sliwa,15
83,041,Bronx,Eric L. Adams,2
83,041,Bronx,Irene Estrada,1
83,041,Bronx,Jim Walden,0
83,041,Bronx,Joseph Hernandez,0
83,041,Bronx,Zohran Kwame Mamdani,285
83,042,Bronx,Andrew M. Cuomo,102
83,042,Bronx,Curtis A. Sliwa,4
83,042,Bronx,Eric L. Adams,1
83,042,Bronx,Irene Estrada,0
83,042,Bronx,Jim Walden,0
83,042,Bronx,Joseph Hernandez,0
83,042,Bronx,Zohran Kwame Mamdani,111
83,043,Bronx,Andrew M. Cuomo,227
83,043,Bronx,Curtis A. Sliwa,14
83,043,Bronx,Eric L. Adams,1
83,043,Bronx,Irene Estrada,0
83,043,Bronx,Jim Walden,0
83,043,Bronx,Joseph Hernandez,0
83,043,Bronx,Zohran Kwame Mamdani,270
83,044,Bronx,Andrew M. Cuomo,249
83,044,Bronx,Curtis A. Sliwa,21
83,044,Bronx,Eric L. Adams,3
83,044,Bronx,Irene Estrada,1
83,044,Bronx,Jim Walden,1
83,044,Bronx,Joseph Hernandez,0
83,044,Bronx,Zohran Kwame Mamdani,306
83,045,Bronx,Andrew M. Cuomo,124
83,045,Bronx,Curtis A. Sliwa,5
83,045,Bronx,Eric L. Adams,1
83,045,Bronx,Irene Estrada,0
83,045,Bronx,Jim Walden,0
83,045,Bronx,Joseph Hernandez,0
83,045,Bronx,Zohran Kwame Mamdani,146
83,046,Bronx,Andrew M. Cuomo,241
83,046,Bronx,Curtis A. Sliwa,26
83,046,Bronx,Eric L. Adams,4
83,046,Bronx,Irene Estrada,2
83,046,Bronx,Jim Walden,0
83,046,Bronx,Joseph Hernandez,0
83,046,Bronx,Zohran Kwame Mamdani,279
83,047,Bronx,Andrew M. Cuomo,160
83,047,Bronx,Curtis A. Sliwa,16
83,047,Bronx,Eric L. Adams,3
83,047,Bronx,Irene Estrada,1
83,047,Bronx,Jim Walden,1
83,047,Bronx,Joseph Hernandez,0
83,047,Bronx,Zohran Kwame Mamdani,229
83,048,Bronx,Andrew M. Cuomo,197
83,048,Bronx,Curtis A. Sliwa,11
83,048,Bronx,Eric L. Adams,3
83,048,Bronx,Irene Estrada,0
83,048,Bronx,Jim Walden,1
83,048,Bronx,Joseph Hernandez,1
83,048,Bronx,Zohran Kwame Mamdani,270
83,049,Bronx,Andrew M. Cuomo,103
83,049,Bronx,Curtis A. Sliwa,5
83,049,Bronx,Eric L. Adams,1
83,049,Bronx,Irene Estrada,2
83,049,Bronx,Jim Walden,0
83,049,Bronx,Joseph Hernandez,1
83,049,Bronx,Zohran Kwame Mamdani,121
83,050,Bronx,Andrew M. Cuomo,100
83,050,Bronx,Curtis A. Sliwa,10
83,050,Bronx,Eric L. Adams,3
83,050,Bronx,Irene Estrada,1
83,050,Bronx,Jim Walden,1
83,050,Bronx,Joseph Hernandez,1
83,050,Bronx,Zohran Kwame Mamdani,116
83,051,Bronx,Andrew M. Cuomo,74
83,051,Bronx,Curtis A. Sliwa,10
83,051,Bronx,Eric L. Adams,1
83,051,Bronx,Irene Estrada,1
83,051,Bronx,Jim Walden,0
83,051,Bronx,Joseph Hernandez,0
83,051,Bronx,Zohran Kwame Mamdani,107
83,052,Bronx,Andrew M. Cuomo,107
83,052,Bronx,Curtis A. Sliwa,11
83,052,Bronx,Eric L. Adams,3
83,052,Bronx,Irene Estrada,0
83,052,Bronx,Jim Walden,0
83,052,Bronx,Joseph Hernandez,0
83,052,Bronx,Zohran Kwame Mamdani,136
83,053,Bronx,Andrew M. Cuomo,92
83,053,Bronx,Curtis A. Sliwa,6
83,053,Bronx,Eric L. Adams,0
83,053,Bronx,Irene Estrada,0
83,053,Bronx,Jim Walden,0
83,053,Bronx,Joseph Hernandez,0
83,053,Bronx,Zohran Kwame Mamdani,148
83,054,Bronx,Andrew M. Cuomo,160
83,054,Bronx,Curtis A. Sliwa,13
83,054,Bronx,Eric L. Adams,1
83,054,Bronx,Irene Estrada,0
83,054,Bronx,Jim Walden,0
83,054,Bronx,Joseph Hernandez,1
83,054,Bronx,Zohran Kwame Mamdani,213
83,055,Bronx,Andrew M. Cuomo,85
83,055,Bronx,Curtis A. Sliwa,7
83,055,Bronx,Eric L. Adams,0
83,055,Bronx,Irene Estrada,1
83,055,Bronx,Jim Walden,0
83,055,Bronx,Joseph Hernandez,0
83,055,Bronx,Zohran Kwame Mamdani,103
83,056,Bronx,Andrew M. Cuomo,159
83,056,Bronx,Curtis A. Sliwa,26
83,056,Bronx,Eric L. Adams,2
83,056,Bronx,Irene Estrada,1
83,056,Bronx,Jim Walden,1
83,056,Bronx,Joseph Hernandez,2
83,056,Bronx,Zohran Kwame Mamdani,185
83,057,Bronx,Andrew M. Cuomo,14
83,057,Bronx,Curtis A. Sliwa,1
83,057,Bronx,Eric L. Adams,0
83,057,Bronx,Irene Estrada,0
83,057,Bronx,Jim Walden,0
83,057,Bronx,Joseph Hernandez,0
83,057,Bronx,Zohran Kwame Mamdani,27
83,059,Bronx,Andrew M. Cuomo,0
83,059,Bronx,Curtis A. Sliwa,0
83,059,Bronx,Eric L. Adams,0
83,059,Bronx,Irene Estrada,0
83,059,Bronx,Jim Walden,0
83,059,Bronx,Joseph Hernandez,0
83,059,Bronx,Zohran Kwame Mamdani,0
84,001,Bronx,Andrew M. Cuomo,177
84,001,Bronx,Curtis A. Sliwa,35
84,001,Bronx,Eric L. Adams,0
84,001,Bronx,Irene Estrada,0
84,001,Bronx,Jim Walden,0
84,001,Bronx,Joseph Hernandez,0
84,001,Bronx,Zohran Kwame Mamdani,207
84,002,Bronx,Andrew M. Cuomo,102
84,002,Bronx,Curtis A. Sliwa,6
84,002,Bronx,Eric L. Adams,1
84,002,Bronx,Irene Estrada,1
84,002,Bronx,Jim Walden,0
84,002,Bronx,Joseph Hernandez,0
84,002,Bronx,Zohran Kwame Mamdani,117
84,003,Bronx,Andrew M. Cuomo,143
84,003,Bronx,Curtis A. Sliwa,14
84,003,Bronx,Eric L. Adams,3
84,003,Bronx,Irene Estrada,3
84,003,Bronx,Jim Walden,0
84,003,Bronx,Joseph Hernandez,0
84,003,Bronx,Zohran Kwame Mamdani,188
84,004,Bronx,Andrew M. Cuomo,127
84,004,Bronx,Curtis A. Sliwa,8
84,004,Bronx,Eric L. Adams,1
84,004,Bronx,Irene Estrada,0
84,004,Bronx,Jim Walden,0
84,004,Bronx,Joseph Hernandez,1
84,004,Bronx,Zohran Kwame Mamdani,184
84,005,Bronx,Andrew M. Cuomo,135
84,005,Bronx,Curtis A. Sliwa,15
84,005,Bronx,Eric L. Adams,2
84,005,Bronx,Irene Estrada,0
84,005,Bronx,Jim Walden,0
84,005,Bronx,Joseph Hernandez,0
84,005,Bronx,Zohran Kwame Mamdani,235
84,006,Bronx,Andrew M. Cuomo,135
84,006,Bronx,Curtis A. Sliwa,23
84,006,Bronx,Eric L. Adams,0
84,006,Bronx,Irene Estrada,2
84,006,Bronx,Jim Walden,0
84,006,Bronx,Joseph Hernandez,1
84,006,Bronx,Zohran Kwame Mamdani,249
84,007,Bronx,Andrew M. Cuomo,133
84,007,Bronx,Curtis A. Sliwa,15
84,007,Bronx,Eric L. Adams,2
84,007,Bronx,Irene Estrada,2
84,007,Bronx,Jim Walden,1
84,007,Bronx,Joseph Hernandez,0
84,007,Bronx,Zohran Kwame Mamdani,228
84,008,Bronx,Andrew M. Cuomo,150
84,008,Bronx,Curtis A. Sliwa,15
84,008,Bronx,Eric L. Adams,1
84,008,Bronx,Irene Estrada,0
84,008,Bronx,Jim Walden,0
84,008,Bronx,Joseph Hernandez,0
84,008,Bronx,Zohran Kwame Mamdani,277
84,009,Bronx,Andrew M. Cuomo,96
84,009,Bronx,Curtis A. Sliwa,9
84,009,Bronx,Eric L. Adams,0
84,009,Bronx,Irene Estrada,1
84,009,Bronx,Jim Walden,1
84,009,Bronx,Joseph Hernandez,0
84,009,Bronx,Zohran Kwame Mamdani,147
84,010,Bronx,Andrew M. Cuomo,134
84,010,Bronx,Curtis A. Sliwa,20
84,010,Bronx,Eric L. Adams,1
84,010,Bronx,Irene Estrada,0
84,010,Bronx,Jim Walden,0
84,010,Bronx,Joseph Hernandez,0
84,010,Bronx,Zohran Kwame Mamdani,192
84,011,Bronx,Andrew M. Cuomo,158
84,011,Bronx,Curtis A. Sliwa,16
84,011,Bronx,Eric L. Adams,3
84,011,Bronx,Irene Estrada,2
84,011,Bronx,Jim Walden,0
84,011,Bronx,Joseph Hernandez,1
84,011,Bronx,Zohran Kwame Mamdani,223
84,012,Bronx,Andrew M. Cuomo,130
84,012,Bronx,Curtis A. Sliwa,12
84,012,Bronx,Eric L. Adams,3
84,012,Bronx,Irene Estrada,3
84,012,Bronx,Jim Walden,0
84,012,Bronx,Joseph Hernandez,0
84,012,Bronx,Zohran Kwame Mamdani,218
84,013,Bronx,Andrew M. Cuomo,86
84,013,Bronx,Curtis A. Sliwa,7
84,013,Bronx,Eric L. Adams,0
84,013,Bronx,Irene Estrada,0
84,013,Bronx,Jim Walden,1
84,013,Bronx,Joseph Hernandez,0
84,013,Bronx,Zohran Kwame Mamdani,179
84,014,Bronx,Andrew M. Cuomo,163
84,014,Bronx,Curtis A. Sliwa,15
84,014,Bronx,Eric L. Adams,2
84,014,Bronx,Irene Estrada,1
84,014,Bronx,Jim Walden,0
84,014,Bronx,Joseph Hernandez,1
84,014,Bronx,Zohran Kwame Mamdani,253
84,015,Bronx,Andrew M. Cuomo,89
84,015,Bronx,Curtis A. Sliwa,19
84,015,Bronx,Eric L. Adams,2
84,015,Bronx,Irene Estrada,0
84,015,Bronx,Jim Walden,0
84,015,Bronx,Joseph Hernandez,1
84,015,Bronx,Zohran Kwame Mamdani,161
84,016,Bronx,Andrew M. Cuomo,41
84,016,Bronx,Curtis A. Sliwa,14
84,016,Bronx,Eric L. Adams,0
84,016,Bronx,Irene Estrada,0
84,016,Bronx,Jim Walden,0
84,016,Bronx,Joseph Hernandez,0
84,016,Bronx,Zohran Kwame Mamdani,138
84,017,Bronx,Andrew M. Cuomo,183
84,017,Bronx,Curtis A. Sliwa,13
84,017,Bronx,Eric L. Adams,1
84,017,Bronx,Irene Estrada,0
84,017,Bronx,Jim Walden,1
84,017,Bronx,Joseph Hernandez,0
84,017,Bronx,Zohran Kwame Mamdani,219
84,018,Bronx,Andrew M. Cuomo,125
84,018,Bronx,Curtis A. Sliwa,14
84,018,Bronx,Eric L. Adams,2
84,018,Bronx,Irene Estrada,0
84,018,Bronx,Jim Walden,0
84,018,Bronx,Joseph Hernandez,0
84,018,Bronx,Zohran Kwame Mamdani,172
84,019,Bronx,Andrew M. Cuomo,102
84,019,Bronx,Curtis A. Sliwa,9
84,019,Bronx,Eric L. Adams,1
84,019,Bronx,Irene Estrada,0
84,019,Bronx,Jim Walden,0
84,019,Bronx,Joseph Hernandez,0
84,019,Bronx,Zohran Kwame Mamdani,152
84,020,Bronx,Andrew M. Cuomo,176
84,020,Bronx,Curtis A. Sliwa,13
84,020,Bronx,Eric L. Adams,1
84,020,Bronx,Irene Estrada,1
84,020,Bronx,Jim Walden,0
84,020,Bronx,Joseph Hernandez,0
84,020,Bronx,Zohran Kwame Mamdani,193
84,021,Bronx,Andrew M. Cuomo,121
84,021,Bronx,Curtis A. Sliwa,11
84,021,Bronx,Eric L. Adams,3
84,021,Bronx,Irene Estrada,0
84,021,Bronx,Jim Walden,0
84,021,Bronx,Joseph Hernandez,0
84,021,Bronx,Zohran Kwame Mamdani,110
84,022,Bronx,Andrew M. Cuomo,164
84,022,Bronx,Curtis A. Sliwa,8
84,022,Bronx,Eric L. Adams,2
84,022,Bronx,Irene Estrada,2
84,022,Bronx,Jim Walden,0
84,022,Bronx,Joseph Hernandez,2
84,022,Bronx,Zohran Kwame Mamdani,189
84,023,Bronx,Andrew M. Cuomo,124
84,023,Bronx,Curtis A. Sliwa,23
84,023,Bronx,Eric L. Adams,5
84,023,Bronx,Irene Estrada,2
84,023,Bronx,Jim Walden,0
84,023,Bronx,Joseph Hernandez,0
84,023,Bronx,Zohran Kwame Mamdani,185
84,024,Bronx,Andrew M. Cuomo,91
84,024,Bronx,Curtis A. Sliwa,14
84,024,Bronx,Eric L. Adams,0
84,024,Bronx,Irene Estrada,1
84,024,Bronx,Jim Walden,0
84,024,Bronx,Joseph Hernandez,1
84,024,Bronx,Zohran Kwame Mamdani,105
84,025,Bronx,Andrew M. Cuomo,188
84,025,Bronx,Curtis A. Sliwa,22
84,025,Bronx,Eric L. Adams,2
84,025,Bronx,Irene Estrada,1
84,025,Bronx,Jim Walden,0
84,025,Bronx,Joseph Hernandez,0
84,025,Bronx,Zohran Kwame Mamdani,218
84,026,Bronx,Andrew M. Cuomo,98
84,026,Bronx,Curtis A. Sliwa,13
84,026,Bronx,Eric L. Adams,0
84,026,Bronx,Irene Estrada,1
84,026,Bronx,Jim Walden,0
84,026,Bronx,Joseph Hernandez,0
84,026,Bronx,Zohran Kwame Mamdani,163
84,027,Bronx,Andrew M. Cuomo,40
84,027,Bronx,Curtis A. Sliwa,6
84,027,Bronx,Eric L. Adams,1
84,027,Bronx,Irene Estrada,0
84,027,Bronx,Jim Walden,0
84,027,Bronx,Joseph Hernandez,0
84,027,Bronx,Zohran Kwame Mamdani,75
84,028,Bronx,Andrew M. Cuomo,134
84,028,Bronx,Curtis A. Sliwa,18
84,028,Bronx,Eric L. Adams,1
84,028,Bronx,Irene Estrada,1
84,028,Bronx,Jim Walden,0
84,028,Bronx,Joseph Hernandez,1
84,028,Bronx,Zohran Kwame Mamdani,228
84,029,Bronx,Andrew M. Cuomo,131
84,029,Bronx,Curtis A. Sliwa,22
84,029,Bronx,Eric L. Adams,3
84,029,Bronx,Irene Estrada,1
84,029,Bronx,Jim Walden,0
84,029,Bronx,Joseph Hernandez,1
84,029,Bronx,Zohran Kwame Mamdani,272
84,030,Bronx,Andrew M. Cuomo,136
84,030,Bronx,Curtis A. Sliwa,22
84,030,Bronx,Eric L. Adams,1
84,030,Bronx,Irene Estrada,0
84,030,Bronx,Jim Walden,0
84,030,Bronx,Joseph Hernandez,0
84,030,Bronx,Zohran Kwame Mamdani,182
84,031,Bronx,Andrew M. Cuomo,115
84,031,Bronx,Curtis A. Sliwa,33
84,031,Bronx,Eric L. Adams,1
84,031,Bronx,Irene Estrada,1
84,031,Bronx,Jim Walden,0
84,031,Bronx,Joseph Hernandez,0
84,031,Bronx,Zohran Kwame Mamdani,207
84,032,Bronx,Andrew M. Cuomo,134
84,032,Bronx,Curtis A. Sliwa,14
84,032,Bronx,Eric L. Adams,1
84,032,Bronx,Irene Estrada,1
84,032,Bronx,Jim Walden,0
84,032,Bronx,Joseph Hernandez,0
84,032,Bronx,Zohran Kwame Mamdani,217
84,033,Bronx,Andrew M. Cuomo,96
84,033,Bronx,Curtis A. Sliwa,17
84,033,Bronx,Eric L. Adams,1
84,033,Bronx,Irene Estrada,1
84,033,Bronx,Jim Walden,0
84,033,Bronx,Joseph Hernandez,0
84,033,Bronx,Zohran Kwame Mamdani,79
84,034,Bronx,Andrew M. Cuomo,144
84,034,Bronx,Curtis A. Sliwa,8
84,034,Bronx,Eric L. Adams,1
84,034,Bronx,Irene Estrada,2
84,034,Bronx,Jim Walden,0
84,034,Bronx,Joseph Hernandez,0
84,034,Bronx,Zohran Kwame Mamdani,177
84,035,Bronx,Andrew M. Cuomo,165
84,035,Bronx,Curtis A. Sliwa,19
84,035,Bronx,Eric L. Adams,3
84,035,Bronx,Irene Estrada,0
84,035,Bronx,Jim Walden,0
84,035,Bronx,Joseph Hernandez,0
84,035,Bronx,Zohran Kwame Mamdani,222
84,036,Bronx,Andrew M. Cuomo,110
84,036,Bronx,Curtis A. Sliwa,5
84,036,Bronx,Eric L. Adams,1
84,036,Bronx,Irene Estrada,1
84,036,Bronx,Jim Walden,0
84,036,Bronx,Joseph Hernandez,0
84,036,Bronx,Zohran Kwame Mamdani,184
84,037,Bronx,Andrew M. Cuomo,121
84,037,Bronx,Curtis A. Sliwa,18
84,037,Bronx,Eric L. Adams,2
84,037,Bronx,Irene Estrada,4
84,037,Bronx,Jim Walden,0
84,037,Bronx,Joseph Hernandez,0
84,037,Bronx,Zohran Kwame Mamdani,155
84,038,Bronx,Andrew M. Cuomo,105
84,038,Bronx,Curtis A. Sliwa,16
84,038,Bronx,Eric L. Adams,0
84,038,Bronx,Irene Estrada,0
84,038,Bronx,Jim Walden,1
84,038,Bronx,Joseph Hernandez,0
84,038,Bronx,Zohran Kwame Mamdani,197
84,039,Bronx,Andrew M. Cuomo,167
84,039,Bronx,Curtis A. Sliwa,21
84,039,Bronx,Eric L. Adams,2
84,039,Bronx,Irene Estrada,0
84,039,Bronx,Jim Walden,0
84,039,Bronx,Joseph Hernandez,0
84,039,Bronx,Zohran Kwame Mamdani,187
84,040,Bronx,Andrew M. Cuomo,70
84,040,Bronx,Curtis A. Sliwa,3
84,040,Bronx,Eric L. Adams,2
84,040,Bronx,Irene Estrada,1
84,040,Bronx,Jim Walden,3
84,040,Bronx,Joseph Hernandez,0
84,040,Bronx,Zohran Kwame Mamdani,160
84,041,Bronx,Andrew M. Cuomo,154
84,041,Bronx,Curtis A. Sliwa,16
84,041,Bronx,Eric L. Adams,1
84,041,Bronx,Irene Estrada,0
84,041,Bronx,Jim Walden,0
84,041,Bronx,Joseph Hernandez,0
84,041,Bronx,Zohran Kwame Mamdani,198
84,042,Bronx,Andrew M. Cuomo,90
84,042,Bronx,Curtis A. Sliwa,12
84,042,Bronx,Eric L. Adams,2
84,042,Bronx,Irene Estrada,1
84,042,Bronx,Jim Walden,2
84,042,Bronx,Joseph Hernandez,0
84,042,Bronx,Zohran Kwame Mamdani,187
84,043,Bronx,Andrew M. Cuomo,138
84,043,Bronx,Curtis A. Sliwa,15
84,043,Bronx,Eric L. Adams,4
84,043,Bronx,Irene Estrada,0
84,043,Bronx,Jim Walden,2
84,043,Bronx,Joseph Hernandez,0
84,043,Bronx,Zohran Kwame Mamdani,181
84,044,Bronx,Andrew M. Cuomo,146
84,044,Bronx,Curtis A. Sliwa,18
84,044,Bronx,Eric L. Adams,6
84,044,Bronx,Irene Estrada,1
84,044,Bronx,Jim Walden,0
84,044,Bronx,Joseph Hernandez,0
84,044,Bronx,Zohran Kwame Mamdani,354
84,045,Bronx,Andrew M. Cuomo,174
84,045,Bronx,Curtis A. Sliwa,24
84,045,Bronx,Eric L. Adams,1
84,045,Bronx,Irene Estrada,1
84,045,Bronx,Jim Walden,0
84,045,Bronx,Joseph Hernandez,1
84,045,Bronx,Zohran Kwame Mamdani,280
84,046,Bronx,Andrew M. Cuomo,110
84,046,Bronx,Curtis A. Sliwa,15
84,046,Bronx,Eric L. Adams,0
84,046,Bronx,Irene Estrada,1
84,046,Bronx,Jim Walden,0
84,046,Bronx,Joseph Hernandez,1
84,046,Bronx,Zohran Kwame Mamdani,162
84,047,Bronx,Andrew M. Cuomo,85
84,047,Bronx,Curtis A. Sliwa,7
84,047,Bronx,Eric L. Adams,2
84,047,Bronx,Irene Estrada,0
84,047,Bronx,Jim Walden,0
84,047,Bronx,Joseph Hernandez,0
84,047,Bronx,Zohran Kwame Mamdani,108
84,048,Bronx,Andrew M. Cuomo,126
84,048,Bronx,Curtis A. Sliwa,17
84,048,Bronx,Eric L. Adams,6
84,048,Bronx,Irene Estrada,0
84,048,Bronx,Jim Walden,0
84,048,Bronx,Joseph Hernandez,0
84,048,Bronx,Zohran Kwame Mamdani,219
84,049,Bronx,Andrew M. Cuomo,72
84,049,Bronx,Curtis A. Sliwa,5
84,049,Bronx,Eric L. Adams,0
84,049,Bronx,Irene Estrada,0
84,049,Bronx,Jim Walden,0
84,049,Bronx,Joseph Hernandez,1
84,049,Bronx,Zohran Kwame Mamdani,89
84,050,Bronx,Andrew M. Cuomo,138
84,050,Bronx,Curtis A. Sliwa,15
84,050,Bronx,Eric L. Adams,2
84,050,Bronx,Irene Estrada,2
84,050,Bronx,Jim Walden,0
84,050,Bronx,Joseph Hernandez,0
84,050,Bronx,Zohran Kwame Mamdani,207
84,051,Bronx,Andrew M. Cuomo,95
84,051,Bronx,Curtis A. Sliwa,16
84,051,Bronx,Eric L. Adams,1
84,051,Bronx,Irene Estrada,1
84,051,Bronx,Jim Walden,0
84,051,Bronx,Joseph Hernandez,3
84,051,Bronx,Zohran Kwame Mamdani,404
84,052,Bronx,Andrew M. Cuomo,17
84,052,Bronx,Curtis A. Sliwa,1
84,052,Bronx,Eric L. Adams,0
84,052,Bronx,Irene Estrada,1
84,052,Bronx,Jim Walden,1
84,052,Bronx,Joseph Hernandez,0
84,052,Bronx,Zohran Kwame Mamdani,75
84,053,Bronx,Andrew M. Cuomo,104
84,053,Bronx,Curtis A. Sliwa,13
84,053,Bronx,Eric L. Adams,0
84,053,Bronx,Irene Estrada,0
84,053,Bronx,Jim Walden,0
84,053,Bronx,Joseph Hernandez,0
84,053,Bronx,Zohran Kwame Mamdani,166
84,054,Bronx,Andrew M. Cuomo,15
84,054,Bronx,Curtis A. Sliwa,4
84,054,Bronx,Eric L. Adams,0
84,054,Bronx,Irene Estrada,0
84,054,Bronx,Jim Walden,0
84,054,Bronx,Joseph Hernandez,1
84,054,Bronx,Zohran Kwame Mamdani,32
84,055,Bronx,Andrew M. Cuomo,182
84,055,Bronx,Curtis A. Sliwa,20
84,055,Bronx,Eric L. Adams,2
84,055,Bronx,Irene Estrada,0
84,055,Bronx,Jim Walden,1
84,055,Bronx,Joseph Hernandez,0
84,055,Bronx,Zohran Kwame Mamdani,201
84,056,Bronx,Andrew M. Cuomo,67
84,056,Bronx,Curtis A. Sliwa,4
84,056,Bronx,Eric L. Adams,1
84,056,Bronx,Irene Estrada,2
84,056,Bronx,Jim Walden,1
84,056,Bronx,Joseph Hernandez,0
84,056,Bronx,Zohran Kwame Mamdani,75
84,057,Bronx,Andrew M. Cuomo,146
84,057,Bronx,Curtis A. Sliwa,21
84,057,Bronx,Eric L. Adams,3
84,057,Bronx,Irene Estrada,2
84,057,Bronx,Jim Walden,1
84,057,Bronx,Joseph Hernandez,1
84,057,Bronx,Zohran Kwame Mamdani,166
85,001,Bronx,Andrew M. Cuomo,319
85,001,Bronx,Curtis A. Sliwa,49
85,001,Bronx,Eric L. Adams,4
85,001,Bronx,Irene Estrada,1
85,001,Bronx,Jim Walden,1
85,001,Bronx,Joseph Hernandez,0
85,001,Bronx,Zohran Kwame Mamdani,335
85,002,Bronx,Andrew M. Cuomo,209
85,002,Bronx,Curtis A. Sliwa,37
85,002,Bronx,Eric L. Adams,0
85,002,Bronx,Irene Estrada,1
85,002,Bronx,Jim Walden,0
85,002,Bronx,Joseph Hernandez,0
85,002,Bronx,Zohran Kwame Mamdani,278
85,003,Bronx,Andrew M. Cuomo,149
85,003,Bronx,Curtis A. Sliwa,27
85,003,Bronx,Eric L. Adams,3
85,003,Bronx,Irene Estrada,1
85,003,Bronx,Jim Walden,1
85,003,Bronx,Joseph Hernandez,0
85,003,Bronx,Zohran Kwame Mamdani,207
85,004,Bronx,Andrew M. Cuomo,177
85,004,Bronx,Curtis A. Sliwa,23
85,004,Bronx,Eric L. Adams,0
85,004,Bronx,Irene Estrada,2
85,004,Bronx,Jim Walden,0
85,004,Bronx,Joseph Hernandez,1
85,004,Bronx,Zohran Kwame Mamdani,206
85,005,Bronx,Andrew M. Cuomo,228
85,005,Bronx,Curtis A. Sliwa,38
85,005,Bronx,Eric L. Adams,3
85,005,Bronx,Irene Estrada,0
85,005,Bronx,Jim Walden,1
85,005,Bronx,Joseph Hernandez,0
85,005,Bronx,Zohran Kwame Mamdani,297
85,006,Bronx,Andrew M. Cuomo,104
85,006,Bronx,Curtis A. Sliwa,14
85,006,Bronx,Eric L. Adams,1
85,006,Bronx,Irene Estrada,1
85,006,Bronx,Jim Walden,1
85,006,Bronx,Joseph Hernandez,0
85,006,Bronx,Zohran Kwame Mamdani,139
85,007,Bronx,Andrew M. Cuomo,91
85,007,Bronx,Curtis A. Sliwa,8
85,007,Bronx,Eric L. Adams,1
85,007,Bronx,Irene Estrada,0
85,007,Bronx,Jim Walden,0
85,007,Bronx,Joseph Hernandez,0
85,007,Bronx,Zohran Kwame Mamdani,147
85,008,Bronx,Andrew M. Cuomo,81
85,008,Bronx,Curtis A. Sliwa,5
85,008,Bronx,Eric L. Adams,1
85,008,Bronx,Irene Estrada,0
85,008,Bronx,Jim Walden,0
85,008,Bronx,Joseph Hernandez,0
85,008,Bronx,Zohran Kwame Mamdani,118
85,009,Bronx,Andrew M. Cuomo,172
85,009,Bronx,Curtis A. Sliwa,36
85,009,Bronx,Eric L. Adams,1
85,009,Bronx,Irene Estrada,0
85,009,Bronx,Jim Walden,0
85,009,Bronx,Joseph Hernandez,0
85,009,Bronx,Zohran Kwame Mamdani,223
85,010,Bronx,Andrew M. Cuomo,105
85,010,Bronx,Curtis A. Sliwa,15
85,010,Bronx,Eric L. Adams,1
85,010,Bronx,Irene Estrada,0
85,010,Bronx,Jim Walden,1
85,010,Bronx,Joseph Hernandez,1
85,010,Bronx,Zohran Kwame Mamdani,133
85,011,Bronx,Andrew M. Cuomo,148
85,011,Bronx,Curtis A. Sliwa,18
85,011,Bronx,Eric L. Adams,2
85,011,Bronx,Irene Estrada,2
85,011,Bronx,Jim Walden,0
85,011,Bronx,Joseph Hernandez,0
85,011,Bronx,Zohran Kwame Mamdani,170
85,012,Bronx,Andrew M. Cuomo,118
85,012,Bronx,Curtis A. Sliwa,21
85,012,Bronx,Eric L. Adams,0
85,012,Bronx,Irene Estrada,4
85,012,Bronx,Jim Walden,1
85,012,Bronx,Joseph Hernandez,0
85,012,Bronx,Zohran Kwame Mamdani,141
85,013,Bronx,Andrew M. Cuomo,155
85,013,Bronx,Curtis A. Sliwa,10
85,013,Bronx,Eric L. Adams,5
85,013,Bronx,Irene Estrada,1
85,013,Bronx,Jim Walden,1
85,013,Bronx,Joseph Hernandez,0
85,013,Bronx,Zohran Kwame Mamdani,148
85,014,Bronx,Andrew M. Cuomo,106
85,014,Bronx,Curtis A. Sliwa,17
85,014,Bronx,Eric L. Adams,0
85,014,Bronx,Irene Estrada,0
85,014,Bronx,Jim Walden,1
85,014,Bronx,Joseph Hernandez,0
85,014,Bronx,Zohran Kwame Mamdani,152
85,015,Bronx,Andrew M. Cuomo,237
85,015,Bronx,Curtis A. Sliwa,18
85,015,Bronx,Eric L. Adams,3
85,015,Bronx,Irene Estrada,1
85,015,Bronx,Jim Walden,1
85,015,Bronx,Joseph Hernandez,1
85,015,Bronx,Zohran Kwame Mamdani,291
85,016,Bronx,Andrew M. Cuomo,161
85,016,Bronx,Curtis A. Sliwa,14
85,016,Bronx,Eric L. Adams,5
85,016,Bronx,Irene Estrada,1
85,016,Bronx,Jim Walden,0
85,016,Bronx,Joseph Hernandez,0
85,016,Bronx,Zohran Kwame Mamdani,173
85,017,Bronx,Andrew M. Cuomo,162
85,017,Bronx,Curtis A. Sliwa,22
85,017,Bronx,Eric L. Adams,0
85,017,Bronx,Irene Estrada,1
85,017,Bronx,Jim Walden,0
85,017,Bronx,Joseph Hernandez,1
85,017,Bronx,Zohran Kwame Mamdani,155
85,018,Bronx,Andrew M. Cuomo,187
85,018,Bronx,Curtis A. Sliwa,13
85,018,Bronx,Eric L. Adams,3
85,018,Bronx,Irene Estrada,0
85,018,Bronx,Jim Walden,1
85,018,Bronx,Joseph Hernandez,0
85,018,Bronx,Zohran Kwame Mamdani,302
85,019,Bronx,Andrew M. Cuomo,231
85,019,Bronx,Curtis A. Sliwa,27
85,019,Bronx,Eric L. Adams,2
85,019,Bronx,Irene Estrada,1
85,019,Bronx,Jim Walden,0
85,019,Bronx,Joseph Hernandez,0
85,019,Bronx,Zohran Kwame Mamdani,181
85,020,Bronx,Andrew M. Cuomo,145
85,020,Bronx,Curtis A. Sliwa,13
85,020,Bronx,Eric L. Adams,5
85,020,Bronx,Irene Estrada,1
85,020,Bronx,Jim Walden,0
85,020,Bronx,Joseph Hernandez,0
85,020,Bronx,Zohran Kwame Mamdani,142
85,021,Bronx,Andrew M. Cuomo,155
85,021,Bronx,Curtis A. Sliwa,29
85,021,Bronx,Eric L. Adams,1
85,021,Bronx,Irene Estrada,1
85,021,Bronx,Jim Walden,0
85,021,Bronx,Joseph Hernandez,0
85,021,Bronx,Zohran Kwame Mamdani,264
85,022,Bronx,Andrew M. Cuomo,176
85,022,Bronx,Curtis A. Sliwa,22
85,022,Bronx,Eric L. Adams,1
85,022,Bronx,Irene Estrada,2
85,022,Bronx,Jim Walden,0
85,022,Bronx,Joseph Hernandez,0
85,022,Bronx,Zohran Kwame Mamdani,269
85,023,Bronx,Andrew M. Cuomo,105
85,023,Bronx,Curtis A. Sliwa,13
85,023,Bronx,Eric L. Adams,5
85,023,Bronx,Irene Estrada,0
85,023,Bronx,Jim Walden,1
85,023,Bronx,Joseph Hernandez,0
85,023,Bronx,Zohran Kwame Mamdani,120
85,024,Bronx,Andrew M. Cuomo,60
85,024,Bronx,Curtis A. Sliwa,8
85,024,Bronx,Eric L. Adams,2
85,024,Bronx,Irene Estrada,0
85,024,Bronx,Jim Walden,0
85,024,Bronx,Joseph Hernandez,0
85,024,Bronx,Zohran Kwame Mamdani,82
85,025,Bronx,Andrew M. Cuomo,131
85,025,Bronx,Curtis A. Sliwa,11
85,025,Bronx,Eric L. Adams,4
85,025,Bronx,Irene Estrada,1
85,025,Bronx,Jim Walden,0
85,025,Bronx,Joseph Hernandez,0
85,025,Bronx,Zohran Kwame Mamdani,136
85,026,Bronx,Andrew M. Cuomo,112
85,026,Bronx,Curtis A. Sliwa,9
85,026,Bronx,Eric L. Adams,0
85,026,Bronx,Irene Estrada,1
85,026,Bronx,Jim Walden,0
85,026,Bronx,Joseph Hernandez,0
85,026,Bronx,Zohran Kwame Mamdani,94
85,027,Bronx,Andrew M. Cuomo,106
85,027,Bronx,Curtis A. Sliwa,11
85,027,Bronx,Eric L. Adams,0
85,027,Bronx,Irene Estrada,1
85,027,Bronx,Jim Walden,0
85,027,Bronx,Joseph Hernandez,0
85,027,Bronx,Zohran Kwame Mamdani,174
85,028,Bronx,Andrew M. Cuomo,163
85,028,Bronx,Curtis A. Sliwa,18
85,028,Bronx,Eric L. Adams,5
85,028,Bronx,Irene Estrada,0
85,028,Bronx,Jim Walden,1
85,028,Bronx,Joseph Hernandez,0
85,028,Bronx,Zohran Kwame Mamdani,223
85,029,Bronx,Andrew M. Cuomo,214
85,029,Bronx,Curtis A. Sliwa,30
85,029,Bronx,Eric L. Adams,2
85,029,Bronx,Irene Estrada,2
85,029,Bronx,Jim Walden,0
85,029,Bronx,Joseph Hernandez,1
85,029,Bronx,Zohran Kwame Mamdani,230
85,030,Bronx,Andrew M. Cuomo,124
85,030,Bronx,Curtis A. Sliwa,28
85,030,Bronx,Eric L. Adams,2
85,030,Bronx,Irene Estrada,0
85,030,Bronx,Jim Walden,0
85,030,Bronx,Joseph Hernandez,1
85,030,Bronx,Zohran Kwame Mamdani,115
85,031,Bronx,Andrew M. Cuomo,139
85,031,Bronx,Curtis A. Sliwa,19
85,031,Bronx,Eric L. Adams,1
85,031,Bronx,Irene Estrada,0
85,031,Bronx,Jim Walden,0
85,031,Bronx,Joseph Hernandez,1
85,031,Bronx,Zohran Kwame Mamdani,151
85,032,Bronx,Andrew M. Cuomo,148
85,032,Bronx,Curtis A. Sliwa,21
85,032,Bronx,Eric L. Adams,1
85,032,Bronx,Irene Estrada,0
85,032,Bronx,Jim Walden,1
85,032,Bronx,Joseph Hernandez,0
85,032,Bronx,Zohran Kwame Mamdani,170
85,033,Bronx,Andrew M. Cuomo,138
85,033,Bronx,Curtis A. Sliwa,33
85,033,Bronx,Eric L. Adams,1
85,033,Bronx,Irene Estrada,0
85,033,Bronx,Jim Walden,0
85,033,Bronx,Joseph Hernandez,0
85,033,Bronx,Zohran Kwame Mamdani,235
85,034,Bronx,Andrew M. Cuomo,149
85,034,Bronx,Curtis A. Sliwa,8
85,034,Bronx,Eric L. Adams,2
85,034,Bronx,Irene Estrada,1
85,034,Bronx,Jim Walden,0
85,034,Bronx,Joseph Hernandez,0
85,034,Bronx,Zohran Kwame Mamdani,182
85,035,Bronx,Andrew M. Cuomo,141
85,035,Bronx,Curtis A. Sliwa,20
85,035,Bronx,Eric L. Adams,1
85,035,Bronx,Irene Estrada,0
85,035,Bronx,Jim Walden,0
85,035,Bronx,Joseph Hernandez,0
85,035,Bronx,Zohran Kwame Mamdani,159
85,036,Bronx,Andrew M. Cuomo,181
85,036,Bronx,Curtis A. Sliwa,25
85,036,Bronx,Eric L. Adams,2
85,036,Bronx,Irene Estrada,0
85,036,Bronx,Jim Walden,0
85,036,Bronx,Joseph Hernandez,1
85,036,Bronx,Zohran Kwame Mamdani,201
85,037,Bronx,Andrew M. Cuomo,147
85,037,Bronx,Curtis A. Sliwa,6
85,037,Bronx,Eric L. Adams,0
85,037,Bronx,Irene Estrada,0
85,037,Bronx,Jim Walden,0
85,037,Bronx,Joseph Hernandez,0
85,037,Bronx,Zohran Kwame Mamdani,122
85,038,Bronx,Andrew M. Cuomo,189
85,038,Bronx,Curtis A. Sliwa,30
85,038,Bronx,Eric L. Adams,5
85,038,Bronx,Irene Estrada,1
85,038,Bronx,Jim Walden,1
85,038,Bronx,Joseph Hernandez,0
85,038,Bronx,Zohran Kwame Mamdani,296
85,039,Bronx,Andrew M. Cuomo,189
85,039,Bronx,Curtis A. Sliwa,21
85,039,Bronx,Eric L. Adams,2
85,039,Bronx,Irene Estrada,1
85,039,Bronx,Jim Walden,0
85,039,Bronx,Joseph Hernandez,0
85,039,Bronx,Zohran Kwame Mamdani,205
85,040,Bronx,Andrew M. Cuomo,105
85,040,Bronx,Curtis A. Sliwa,14
85,040,Bronx,Eric L. Adams,1
85,040,Bronx,Irene Estrada,0
85,040,Bronx,Jim Walden,0
85,040,Bronx,Joseph Hernandez,1
85,040,Bronx,Zohran Kwame Mamdani,138
85,041,Bronx,Andrew M. Cuomo,207
85,041,Bronx,Curtis A. Sliwa,24
85,041,Bronx,Eric L. Adams,1
85,041,Bronx,Irene Estrada,1
85,041,Bronx,Jim Walden,0
85,041,Bronx,Joseph Hernandez,0
85,041,Bronx,Zohran Kwame Mamdani,204
85,042,Bronx,Andrew M. Cuomo,119
85,042,Bronx,Curtis A. Sliwa,21
85,042,Bronx,Eric L. Adams,1
85,042,Bronx,Irene Estrada,1
85,042,Bronx,Jim Walden,0
85,042,Bronx,Joseph Hernandez,1
85,042,Bronx,Zohran Kwame Mamdani,149
85,043,Bronx,Andrew M. Cuomo,118
85,043,Bronx,Curtis A. Sliwa,19
85,043,Bronx,Eric L. Adams,5
85,043,Bronx,Irene Estrada,2
85,043,Bronx,Jim Walden,0
85,043,Bronx,Joseph Hernandez,1
85,043,Bronx,Zohran Kwame Mamdani,223
85,044,Bronx,Andrew M. Cuomo,114
85,044,Bronx,Curtis A. Sliwa,21
85,044,Bronx,Eric L. Adams,2
85,044,Bronx,Irene Estrada,2
85,044,Bronx,Jim Walden,0
85,044,Bronx,Joseph Hernandez,0
85,044,Bronx,Zohran Kwame Mamdani,141
85,045,Bronx,Andrew M. Cuomo,122
85,045,Bronx,Curtis A. Sliwa,12
85,045,Bronx,Eric L. Adams,0
85,045,Bronx,Irene Estrada,1
85,045,Bronx,Jim Walden,0
85,045,Bronx,Joseph Hernandez,2
85,045,Bronx,Zohran Kwame Mamdani,147
85,046,Bronx,Andrew M. Cuomo,134
85,046,Bronx,Curtis A. Sliwa,14
85,046,Bronx,Eric L. Adams,3
85,046,Bronx,Irene Estrada,0
85,046,Bronx,Jim Walden,0
85,046,Bronx,Joseph Hernandez,2
85,046,Bronx,Zohran Kwame Mamdani,230
85,047,Bronx,Andrew M. Cuomo,71
85,047,Bronx,Curtis A. Sliwa,14
85,047,Bronx,Eric L. Adams,1
85,047,Bronx,Irene Estrada,1
85,047,Bronx,Jim Walden,0
85,047,Bronx,Joseph Hernandez,0
85,047,Bronx,Zohran Kwame Mamdani,83
85,048,Bronx,Andrew M. Cuomo,73
85,048,Bronx,Curtis A. Sliwa,9
85,048,Bronx,Eric L. Adams,0
85,048,Bronx,Irene Estrada,0
85,048,Bronx,Jim Walden,0
85,048,Bronx,Joseph Hernandez,0
85,048,Bronx,Zohran Kwame Mamdani,113
85,049,Bronx,Andrew M. Cuomo,78
85,049,Bronx,Curtis A. Sliwa,13
85,049,Bronx,Eric L. Adams,1
85,049,Bronx,Irene Estrada,0
85,049,Bronx,Jim Walden,0
85,049,Bronx,Joseph Hernandez,0
85,049,Bronx,Zohran Kwame Mamdani,99
85,050,Bronx,Andrew M. Cuomo,123
85,050,Bronx,Curtis A. Sliwa,14
85,050,Bronx,Eric L. Adams,1
85,050,Bronx,Irene Estrada,1
85,050,Bronx,Jim Walden,0
85,050,Bronx,Joseph Hernandez,0
85,050,Bronx,Zohran Kwame Mamdani,179
85,051,Bronx,Andrew M. Cuomo,311
85,051,Bronx,Curtis A. Sliwa,12
85,051,Bronx,Eric L. Adams,2
85,051,Bronx,Irene Estrada,0
85,051,Bronx,Jim Walden,2
85,051,Bronx,Joseph Hernandez,1
85,051,Bronx,Zohran Kwame Mamdani,381
85,052,Bronx,Andrew M. Cuomo,0
85,052,Bronx,Curtis A. Sliwa,0
85,052,Bronx,Eric L. Adams,0
85,052,Bronx,Irene Estrada,0
85,052,Bronx,Jim Walden,0
85,052,Bronx,Joseph Hernandez,0
85,052,Bronx,Zohran Kwame Mamdani,0
85,053,Bronx,Andrew M. Cuomo,0
85,053,Bronx,Curtis A. Sliwa,0
85,053,Bronx,Eric L. Adams,0
85,053,Bronx,Irene Estrada,0
85,053,Bronx,Jim Walden,0
85,053,Bronx,Joseph Hernandez,0
85,053,Bronx,Zohran Kwame Mamdani,0
85,055,Bronx,Andrew M. Cuomo,0
85,055,Bronx,Curtis A. Sliwa,0
85,055,Bronx,Eric L. Adams,0
85,055,Bronx,Irene Estrada,0
85,055,Bronx,Jim Walden,0
85,055,Bronx,Joseph Hernandez,0
85,055,Bronx,Zohran Kwame Mamdani,0
85,058,Bronx,Andrew M. Cuomo,0
85,058,Bronx,Curtis A. Sliwa,0
85,058,Bronx,Eric L. Adams,0
85,058,Bronx,Irene Estrada,0
85,058,Bronx,Jim Walden,0
85,058,Bronx,Joseph Hernandez,0
85,058,Bronx,Zohran Kwame Mamdani,0
85,062,Bronx,Andrew M. Cuomo,0
85,062,Bronx,Curtis A. Sliwa,0
85,062,Bronx,Eric L. Adams,0
85,062,Bronx,Irene Estrada,0
85,062,Bronx,Jim Walden,0
85,062,Bronx,Joseph Hernandez,0
85,062,Bronx,Zohran Kwame Mamdani,0
85,063,Bronx,Andrew M. Cuomo,0
85,063,Bronx,Curtis A. Sliwa,0
85,063,Bronx,Eric L. Adams,0
85,063,Bronx,Irene Estrada,0
85,063,Bronx,Jim Walden,0
85,063,Bronx,Joseph Hernandez,0
85,063,Bronx,Zohran Kwame Mamdani,0
86,001,Bronx,Andrew M. Cuomo,121
86,001,Bronx,Curtis A. Sliwa,14
86,001,Bronx,Eric L. Adams,0
86,001,Bronx,Irene Estrada,0
86,001,Bronx,Jim Walden,1
86,001,Bronx,Joseph Hernandez,0
86,001,Bronx,Zohran Kwame Mamdani,126
86,002,Bronx,Andrew M. Cuomo,170
86,002,Bronx,Curtis A. Sliwa,9
86,002,Bronx,Eric L. Adams,4
86,002,Bronx,Irene Estrada,0
86,002,Bronx,Jim Walden,1
86,002,Bronx,Joseph Hernandez,1
86,002,Bronx,Zohran Kwame Mamdani,157
86,003,Bronx,Andrew M. Cuomo,10
86,003,Bronx,Curtis A. Sliwa,0
86,003,Bronx,Eric L. Adams,1
86,003,Bronx,Irene Estrada,0
86,003,Bronx,Jim Walden,0
86,003,Bronx,Joseph Hernandez,0
86,003,Bronx,Zohran Kwame Mamdani,26
86,004,Bronx,Andrew M. Cuomo,132
86,004,Bronx,Curtis A. Sliwa,14
86,004,Bronx,Eric L. Adams,0
86,004,Bronx,Irene Estrada,1
86,004,Bronx,Jim Walden,1
86,004,Bronx,Joseph Hernandez,0
86,004,Bronx,Zohran Kwame Mamdani,140
86,005,Bronx,Andrew M. Cuomo,161
86,005,Bronx,Curtis A. Sliwa,10
86,005,Bronx,Eric L. Adams,0
86,005,Bronx,Irene Estrada,1
86,005,Bronx,Jim Walden,0
86,005,Bronx,Joseph Hernandez,0
86,005,Bronx,Zohran Kwame Mamdani,125
86,006,Bronx,Andrew M. Cuomo,140
86,006,Bronx,Curtis A. Sliwa,8
86,006,Bronx,Eric L. Adams,0
86,006,Bronx,Irene Estrada,1
86,006,Bronx,Jim Walden,1
86,006,Bronx,Joseph Hernandez,0
86,006,Bronx,Zohran Kwame Mamdani,138
86,007,Bronx,Andrew M. Cuomo,168
86,007,Bronx,Curtis A. Sliwa,27
86,007,Bronx,Eric L. Adams,2
86,007,Bronx,Irene Estrada,0
86,007,Bronx,Jim Walden,0
86,007,Bronx,Joseph Hernandez,0
86,007,Bronx,Zohran Kwame Mamdani,192
86,008,Bronx,Andrew M. Cuomo,131
86,008,Bronx,Curtis A. Sliwa,8
86,008,Bronx,Eric L. Adams,3
86,008,Bronx,Irene Estrada,0
86,008,Bronx,Jim Walden,0
86,008,Bronx,Joseph Hernandez,2
86,008,Bronx,Zohran Kwame Mamdani,161
86,009,Bronx,Andrew M. Cuomo,195
86,009,Bronx,Curtis A. Sliwa,20
86,009,Bronx,Eric L. Adams,3
86,009,Bronx,Irene Estrada,1
86,009,Bronx,Jim Walden,0
86,009,Bronx,Joseph Hernandez,1
86,009,Bronx,Zohran Kwame Mamdani,243
86,010,Bronx,Andrew M. Cuomo,185
86,010,Bronx,Curtis A. Sliwa,13
86,010,Bronx,Eric L. Adams,1
86,010,Bronx,Irene Estrada,0
86,010,Bronx,Jim Walden,1
86,010,Bronx,Joseph Hernandez,0
86,010,Bronx,Zohran Kwame Mamdani,268
86,011,Bronx,Andrew M. Cuomo,164
86,011,Bronx,Curtis A. Sliwa,13
86,011,Bronx,Eric L. Adams,1
86,011,Bronx,Irene Estrada,0
86,011,Bronx,Jim Walden,1
86,011,Bronx,Joseph Hernandez,0
86,011,Bronx,Zohran Kwame Mamdani,181
86,012,Bronx,Andrew M. Cuomo,157
86,012,Bronx,Curtis A. Sliwa,18
86,012,Bronx,Eric L. Adams,3
86,012,Bronx,Irene Estrada,0
86,012,Bronx,Jim Walden,2
86,012,Bronx,Joseph Hernandez,0
86,012,Bronx,Zohran Kwame Mamdani,201
86,013,Bronx,Andrew M. Cuomo,174
86,013,Bronx,Curtis A. Sliwa,21
86,013,Bronx,Eric L. Adams,1
86,013,Bronx,Irene Estrada,2
86,013,Bronx,Jim Walden,0
86,013,Bronx,Joseph Hernandez,0
86,013,Bronx,Zohran Kwame Mamdani,209
86,014,Bronx,Andrew M. Cuomo,110
86,014,Bronx,Curtis A. Sliwa,17
86,014,Bronx,Eric L. Adams,1
86,014,Bronx,Irene Estrada,1
86,014,Bronx,Jim Walden,0
86,014,Bronx,Joseph Hernandez,0
86,014,Bronx,Zohran Kwame Mamdani,128
86,015,Bronx,Andrew M. Cuomo,94
86,015,Bronx,Curtis A. Sliwa,16
86,015,Bronx,Eric L. Adams,1
86,015,Bronx,Irene Estrada,0
86,015,Bronx,Jim Walden,0
86,015,Bronx,Joseph Hernandez,0
86,015,Bronx,Zohran Kwame Mamdani,124
86,016,Bronx,Andrew M. Cuomo,126
86,016,Bronx,Curtis A. Sliwa,24
86,016,Bronx,Eric L. Adams,1
86,016,Bronx,Irene Estrada,0
86,016,Bronx,Jim Walden,0
86,016,Bronx,Joseph Hernandez,2
86,016,Bronx,Zohran Kwame Mamdani,236
86,017,Bronx,Andrew M. Cuomo,75
86,017,Bronx,Curtis A. Sliwa,4
86,017,Bronx,Eric L. Adams,3
86,017,Bronx,Irene Estrada,0
86,017,Bronx,Jim Walden,0
86,017,Bronx,Joseph Hernandez,0
86,017,Bronx,Zohran Kwame Mamdani,129
86,018,Bronx,Andrew M. Cuomo,147
86,018,Bronx,Curtis A. Sliwa,15
86,018,Bronx,Eric L. Adams,2
86,018,Bronx,Irene Estrada,0
86,018,Bronx,Jim Walden,0
86,018,Bronx,Joseph Hernandez,1
86,018,Bronx,Zohran Kwame Mamdani,207
86,019,Bronx,Andrew M. Cuomo,102
86,019,Bronx,Curtis A. Sliwa,14
86,019,Bronx,Eric L. Adams,2
86,019,Bronx,Irene Estrada,0
86,019,Bronx,Jim Walden,1
86,019,Bronx,Joseph Hernandez,2
86,019,Bronx,Zohran Kwame Mamdani,147
86,020,Bronx,Andrew M. Cuomo,122
86,020,Bronx,Curtis A. Sliwa,10
86,020,Bronx,Eric L. Adams,0
86,020,Bronx,Irene Estrada,1
86,020,Bronx,Jim Walden,1
86,020,Bronx,Joseph Hernandez,0
86,020,Bronx,Zohran Kwame Mamdani,158
86,021,Bronx,Andrew M. Cuomo,143
86,021,Bronx,Curtis A. Sliwa,29
86,021,Bronx,Eric L. Adams,1
86,021,Bronx,Irene Estrada,1
86,021,Bronx,Jim Walden,0
86,021,Bronx,Joseph Hernandez,1
86,021,Bronx,Zohran Kwame Mamdani,140
86,022,Bronx,Andrew M. Cuomo,109
86,022,Bronx,Curtis A. Sliwa,9
86,022,Bronx,Eric L. Adams,0
86,022,Bronx,Irene Estrada,0
86,022,Bronx,Jim Walden,0
86,022,Bronx,Joseph Hernandez,0
86,022,Bronx,Zohran Kwame Mamdani,136
86,023,Bronx,Andrew M. Cuomo,117
86,023,Bronx,Curtis A. Sliwa,8
86,023,Bronx,Eric L. Adams,0
86,023,Bronx,Irene Estrada,0
86,023,Bronx,Jim Walden,1
86,023,Bronx,Joseph Hernandez,0
86,023,Bronx,Zohran Kwame Mamdani,131
86,024,Bronx,Andrew M. Cuomo,119
86,024,Bronx,Curtis A. Sliwa,10
86,024,Bronx,Eric L. Adams,1
86,024,Bronx,Irene Estrada,3
86,024,Bronx,Jim Walden,0
86,024,Bronx,Joseph Hernandez,2
86,024,Bronx,Zohran Kwame Mamdani,102
86,025,Bronx,Andrew M. Cuomo,112
86,025,Bronx,Curtis A. Sliwa,11
86,025,Bronx,Eric L. Adams,1
86,025,Bronx,Irene Estrada,0
86,025,Bronx,Jim Walden,0
86,025,Bronx,Joseph Hernandez,0
86,025,Bronx,Zohran Kwame Mamdani,114
86,026,Bronx,Andrew M. Cuomo,151
86,026,Bronx,Curtis A. Sliwa,17
86,026,Bronx,Eric L. Adams,6
86,026,Bronx,Irene Estrada,1
86,026,Bronx,Jim Walden,1
86,026,Bronx,Joseph Hernandez,1
86,026,Bronx,Zohran Kwame Mamdani,191
86,027,Bronx,Andrew M. Cuomo,128
86,027,Bronx,Curtis A. Sliwa,11
86,027,Bronx,Eric L. Adams,2
86,027,Bronx,Irene Estrada,0
86,027,Bronx,Jim Walden,1
86,027,Bronx,Joseph Hernandez,1
86,027,Bronx,Zohran Kwame Mamdani,164
86,028,Bronx,Andrew M. Cuomo,130
86,028,Bronx,Curtis A. Sliwa,12
86,028,Bronx,Eric L. Adams,3
86,028,Bronx,Irene Estrada,0
86,028,Bronx,Jim Walden,0
86,028,Bronx,Joseph Hernandez,0
86,028,Bronx,Zohran Kwame Mamdani,150
86,029,Bronx,Andrew M. Cuomo,96
86,029,Bronx,Curtis A. Sliwa,12
86,029,Bronx,Eric L. Adams,4
86,029,Bronx,Irene Estrada,0
86,029,Bronx,Jim Walden,0
86,029,Bronx,Joseph Hernandez,0
86,029,Bronx,Zohran Kwame Mamdani,180
86,030,Bronx,Andrew M. Cuomo,129
86,030,Bronx,Curtis A. Sliwa,23
86,030,Bronx,Eric L. Adams,1
86,030,Bronx,Irene Estrada,1
86,030,Bronx,Jim Walden,0
86,030,Bronx,Joseph Hernandez,0
86,030,Bronx,Zohran Kwame Mamdani,183
86,031,Bronx,Andrew M. Cuomo,156
86,031,Bronx,Curtis A. Sliwa,15
86,031,Bronx,Eric L. Adams,2
86,031,Bronx,Irene Estrada,3
86,031,Bronx,Jim Walden,0
86,031,Bronx,Joseph Hernandez,0
86,031,Bronx,Zohran Kwame Mamdani,201
86,032,Bronx,Andrew M. Cuomo,112
86,032,Bronx,Curtis A. Sliwa,20
86,032,Bronx,Eric L. Adams,1
86,032,Bronx,Irene Estrada,0
86,032,Bronx,Jim Walden,1
86,032,Bronx,Joseph Hernandez,0
86,032,Bronx,Zohran Kwame Mamdani,172
86,033,Bronx,Andrew M. Cuomo,159
86,033,Bronx,Curtis A. Sliwa,21
86,033,Bronx,Eric L. Adams,5
86,033,Bronx,Irene Estrada,5
86,033,Bronx,Jim Walden,1
86,033,Bronx,Joseph Hernandez,0
86,033,Bronx,Zohran Kwame Mamdani,179
86,034,Bronx,Andrew M. Cuomo,129
86,034,Bronx,Curtis A. Sliwa,8
86,034,Bronx,Eric L. Adams,2
86,034,Bronx,Irene Estrada,1
86,034,Bronx,Jim Walden,0
86,034,Bronx,Joseph Hernandez,0
86,034,Bronx,Zohran Kwame Mamdani,137
86,035,Bronx,Andrew M. Cuomo,58
86,035,Bronx,Curtis A. Sliwa,6
86,035,Bronx,Eric L. Adams,1
86,035,Bronx,Irene Estrada,0
86,035,Bronx,Jim Walden,0
86,035,Bronx,Joseph Hernandez,1
86,035,Bronx,Zohran Kwame Mamdani,88
86,036,Bronx,Andrew M. Cuomo,75
86,036,Bronx,Curtis A. Sliwa,3
86,036,Bronx,Eric L. Adams,2
86,036,Bronx,Irene Estrada,0
86,036,Bronx,Jim Walden,0
86,036,Bronx,Joseph Hernandez,0
86,036,Bronx,Zohran Kwame Mamdani,146
86,037,Bronx,Andrew M. Cuomo,147
86,037,Bronx,Curtis A. Sliwa,12
86,037,Bronx,Eric L. Adams,1
86,037,Bronx,Irene Estrada,1
86,037,Bronx,Jim Walden,1
86,037,Bronx,Joseph Hernandez,2
86,037,Bronx,Zohran Kwame Mamdani,177
86,038,Bronx,Andrew M. Cuomo,148
86,038,Bronx,Curtis A. Sliwa,15
86,038,Bronx,Eric L. Adams,5
86,038,Bronx,Irene Estrada,1
86,038,Bronx,Jim Walden,0
86,038,Bronx,Joseph Hernandez,0
86,038,Bronx,Zohran Kwame Mamdani,175
86,039,Bronx,Andrew M. Cuomo,84
86,039,Bronx,Curtis A. Sliwa,26
86,039,Bronx,Eric L. Adams,0
86,039,Bronx,Irene Estrada,1
86,039,Bronx,Jim Walden,0
86,039,Bronx,Joseph Hernandez,0
86,039,Bronx,Zohran Kwame Mamdani,134
86,040,Bronx,Andrew M. Cuomo,104
86,040,Bronx,Curtis A. Sliwa,19
86,040,Bronx,Eric L. Adams,3
86,040,Bronx,Irene Estrada,1
86,040,Bronx,Jim Walden,0
86,040,Bronx,Joseph Hernandez,0
86,040,Bronx,Zohran Kwame Mamdani,138
86,041,Bronx,Andrew M. Cuomo,123
86,041,Bronx,Curtis A. Sliwa,15
86,041,Bronx,Eric L. Adams,2
86,041,Bronx,Irene Estrada,0
86,041,Bronx,Jim Walden,2
86,041,Bronx,Joseph Hernandez,0
86,041,Bronx,Zohran Kwame Mamdani,183
86,042,Bronx,Andrew M. Cuomo,187
86,042,Bronx,Curtis A. Sliwa,22
86,042,Bronx,Eric L. Adams,6
86,042,Bronx,Irene Estrada,0
86,042,Bronx,Jim Walden,0
86,042,Bronx,Joseph Hernandez,0
86,042,Bronx,Zohran Kwame Mamdani,203
86,043,Bronx,Andrew M. Cuomo,106
86,043,Bronx,Curtis A. Sliwa,17
86,043,Bronx,Eric L. Adams,1
86,043,Bronx,Irene Estrada,0
86,043,Bronx,Jim Walden,0
86,043,Bronx,Joseph Hernandez,0
86,043,Bronx,Zohran Kwame Mamdani,146
86,044,Bronx,Andrew M. Cuomo,169
86,044,Bronx,Curtis A. Sliwa,7
86,044,Bronx,Eric L. Adams,0
86,044,Bronx,Irene Estrada,0
86,044,Bronx,Jim Walden,0
86,044,Bronx,Joseph Hernandez,2
86,044,Bronx,Zohran Kwame Mamdani,144
86,045,Bronx,Andrew M. Cuomo,22
86,045,Bronx,Curtis A. Sliwa,5
86,045,Bronx,Eric L. Adams,1
86,045,Bronx,Irene Estrada,1
86,045,Bronx,Jim Walden,0
86,045,Bronx,Joseph Hernandez,0
86,045,Bronx,Zohran Kwame Mamdani,35
86,046,Bronx,Andrew M. Cuomo,107
86,046,Bronx,Curtis A. Sliwa,16
86,046,Bronx,Eric L. Adams,0
86,046,Bronx,Irene Estrada,1
86,046,Bronx,Jim Walden,1
86,046,Bronx,Joseph Hernandez,0
86,046,Bronx,Zohran Kwame Mamdani,145
86,047,Bronx,Andrew M. Cuomo,144
86,047,Bronx,Curtis A. Sliwa,16
86,047,Bronx,Eric L. Adams,2
86,047,Bronx,Irene Estrada,3
86,047,Bronx,Jim Walden,0
86,047,Bronx,Joseph Hernandez,0
86,047,Bronx,Zohran Kwame Mamdani,150
86,048,Bronx,Andrew M. Cuomo,96
86,048,Bronx,Curtis A. Sliwa,17
86,048,Bronx,Eric L. Adams,1
86,048,Bronx,Irene Estrada,1
86,048,Bronx,Jim Walden,0
86,048,Bronx,Joseph Hernandez,0
86,048,Bronx,Zohran Kwame Mamdani,134
86,049,Bronx,Andrew M. Cuomo,144
86,049,Bronx,Curtis A. Sliwa,19
86,049,Bronx,Eric L. Adams,4
86,049,Bronx,Irene Estrada,1
86,049,Bronx,Jim Walden,0
86,049,Bronx,Joseph Hernandez,0
86,049,Bronx,Zohran Kwame Mamdani,266
86,050,Bronx,Andrew M. Cuomo,184
86,050,Bronx,Curtis A. Sliwa,19
86,050,Bronx,Eric L. Adams,3
86,050,Bronx,Irene Estrada,0
86,050,Bronx,Jim Walden,0
86,050,Bronx,Joseph Hernandez,0
86,050,Bronx,Zohran Kwame Mamdani,195
86,052,Bronx,Andrew M. Cuomo,0
86,052,Bronx,Curtis A. Sliwa,0
86,052,Bronx,Eric L. Adams,0
86,052,Bronx,Irene Estrada,0
86,052,Bronx,Jim Walden,0
86,052,Bronx,Joseph Hernandez,0
86,052,Bronx,Zohran Kwame Mamdani,0
87,001,Bronx,Andrew M. Cuomo,148
87,001,Bronx,Curtis A. Sliwa,11
87,001,Bronx,Eric L. Adams,2
87,001,Bronx,Irene Estrada,0
87,001,Bronx,Jim Walden,0
87,001,Bronx,Joseph Hernandez,0
87,001,Bronx,Zohran Kwame Mamdani,157
87,002,Bronx,Andrew M. Cuomo,139
87,002,Bronx,Curtis A. Sliwa,12
87,002,Bronx,Eric L. Adams,3
87,002,Bronx,Irene Estrada,2
87,002,Bronx,Jim Walden,0
87,002,Bronx,Joseph Hernandez,1
87,002,Bronx,Zohran Kwame Mamdani,146
87,003,Bronx,Andrew M. Cuomo,92
87,003,Bronx,Curtis A. Sliwa,13
87,003,Bronx,Eric L. Adams,1
87,003,Bronx,Irene Estrada,0
87,003,Bronx,Jim Walden,0
87,003,Bronx,Joseph Hernandez,1
87,003,Bronx,Zohran Kwame Mamdani,127
87,004,Bronx,Andrew M. Cuomo,155
87,004,Bronx,Curtis A. Sliwa,19
87,004,Bronx,Eric L. Adams,1
87,004,Bronx,Irene Estrada,0
87,004,Bronx,Jim Walden,0
87,004,Bronx,Joseph Hernandez,1
87,004,Bronx,Zohran Kwame Mamdani,178
87,005,Bronx,Andrew M. Cuomo,174
87,005,Bronx,Curtis A. Sliwa,31
87,005,Bronx,Eric L. Adams,4
87,005,Bronx,Irene Estrada,1
87,005,Bronx,Jim Walden,1
87,005,Bronx,Joseph Hernandez,0
87,005,Bronx,Zohran Kwame Mamdani,192
87,006,Bronx,Andrew M. Cuomo,115
87,006,Bronx,Curtis A. Sliwa,13
87,006,Bronx,Eric L. Adams,0
87,006,Bronx,Irene Estrada,0
87,006,Bronx,Jim Walden,0
87,006,Bronx,Joseph Hernandez,1
87,006,Bronx,Zohran Kwame Mamdani,166
87,007,Bronx,Andrew M. Cuomo,187
87,007,Bronx,Curtis A. Sliwa,14
87,007,Bronx,Eric L. Adams,1
87,007,Bronx,Irene Estrada,1
87,007,Bronx,Jim Walden,1
87,007,Bronx,Joseph Hernandez,0
87,007,Bronx,Zohran Kwame Mamdani,164
87,008,Bronx,Andrew M. Cuomo,85
87,008,Bronx,Curtis A. Sliwa,20
87,008,Bronx,Eric L. Adams,0
87,008,Bronx,Irene Estrada,1
87,008,Bronx,Jim Walden,0
87,008,Bronx,Joseph Hernandez,0
87,008,Bronx,Zohran Kwame Mamdani,211
87,009,Bronx,Andrew M. Cuomo,154
87,009,Bronx,Curtis A. Sliwa,25
87,009,Bronx,Eric L. Adams,1
87,009,Bronx,Irene Estrada,2
87,009,Bronx,Jim Walden,0
87,009,Bronx,Joseph Hernandez,0
87,009,Bronx,Zohran Kwame Mamdani,256
87,010,Bronx,Andrew M. Cuomo,121
87,010,Bronx,Curtis A. Sliwa,21
87,010,Bronx,Eric L. Adams,4
87,010,Bronx,Irene Estrada,1
87,010,Bronx,Jim Walden,0
87,010,Bronx,Joseph Hernandez,2
87,010,Bronx,Zohran Kwame Mamdani,161
87,011,Bronx,Andrew M. Cuomo,137
87,011,Bronx,Curtis A. Sliwa,25
87,011,Bronx,Eric L. Adams,1
87,011,Bronx,Irene Estrada,0
87,011,Bronx,Jim Walden,0
87,011,Bronx,Joseph Hernandez,0
87,011,Bronx,Zohran Kwame Mamdani,225
87,012,Bronx,Andrew M. Cuomo,118
87,012,Bronx,Curtis A. Sliwa,33
87,012,Bronx,Eric L. Adams,0
87,012,Bronx,Irene Estrada,1
87,012,Bronx,Jim Walden,0
87,012,Bronx,Joseph Hernandez,0
87,012,Bronx,Zohran Kwame Mamdani,211
87,013,Bronx,Andrew M. Cuomo,121
87,013,Bronx,Curtis A. Sliwa,19
87,013,Bronx,Eric L. Adams,1
87,013,Bronx,Irene Estrada,0
87,013,Bronx,Jim Walden,2
87,013,Bronx,Joseph Hernandez,0
87,013,Bronx,Zohran Kwame Mamdani,280
87,014,Bronx,Andrew M. Cuomo,181
87,014,Bronx,Curtis A. Sliwa,24
87,014,Bronx,Eric L. Adams,2
87,014,Bronx,Irene Estrada,0
87,014,Bronx,Jim Walden,1
87,014,Bronx,Joseph Hernandez,0
87,014,Bronx,Zohran Kwame Mamdani,341
87,015,Bronx,Andrew M. Cuomo,199
87,015,Bronx,Curtis A. Sliwa,15
87,015,Bronx,Eric L. Adams,4
87,015,Bronx,Irene Estrada,0
87,015,Bronx,Jim Walden,2
87,015,Bronx,Joseph Hernandez,1
87,015,Bronx,Zohran Kwame Mamdani,321
87,016,Bronx,Andrew M. Cuomo,185
87,016,Bronx,Curtis A. Sliwa,29
87,016,Bronx,Eric L. Adams,3
87,016,Bronx,Irene Estrada,1
87,016,Bronx,Jim Walden,1
87,016,Bronx,Joseph Hernandez,0
87,016,Bronx,Zohran Kwame Mamdani,289
87,017,Bronx,Andrew M. Cuomo,153
87,017,Bronx,Curtis A. Sliwa,23
87,017,Bronx,Eric L. Adams,1
87,017,Bronx,Irene Estrada,1
87,017,Bronx,Jim Walden,0
87,017,Bronx,Joseph Hernandez,1
87,017,Bronx,Zohran Kwame Mamdani,244
87,018,Bronx,Andrew M. Cuomo,227
87,018,Bronx,Curtis A. Sliwa,32
87,018,Bronx,Eric L. Adams,5
87,018,Bronx,Irene Estrada,1
87,018,Bronx,Jim Walden,0
87,018,Bronx,Joseph Hernandez,1
87,018,Bronx,Zohran Kwame Mamdani,325
87,019,Bronx,Andrew M. Cuomo,201
87,019,Bronx,Curtis A. Sliwa,31
87,019,Bronx,Eric L. Adams,4
87,019,Bronx,Irene Estrada,2
87,019,Bronx,Jim Walden,1
87,019,Bronx,Joseph Hernandez,2
87,019,Bronx,Zohran Kwame Mamdani,291
87,020,Bronx,Andrew M. Cuomo,157
87,020,Bronx,Curtis A. Sliwa,25
87,020,Bronx,Eric L. Adams,5
87,020,Bronx,Irene Estrada,1
87,020,Bronx,Jim Walden,0
87,020,Bronx,Joseph Hernandez,0
87,020,Bronx,Zohran Kwame Mamdani,270
87,021,Bronx,Andrew M. Cuomo,197
87,021,Bronx,Curtis A. Sliwa,28
87,021,Bronx,Eric L. Adams,3
87,021,Bronx,Irene Estrada,2
87,021,Bronx,Jim Walden,1
87,021,Bronx,Joseph Hernandez,2
87,021,Bronx,Zohran Kwame Mamdani,296
87,022,Bronx,Andrew M. Cuomo,208
87,022,Bronx,Curtis A. Sliwa,24
87,022,Bronx,Eric L. Adams,2
87,022,Bronx,Irene Estrada,1
87,022,Bronx,Jim Walden,0
87,022,Bronx,Joseph Hernandez,1
87,022,Bronx,Zohran Kwame Mamdani,325
87,023,Bronx,Andrew M. Cuomo,198
87,023,Bronx,Curtis A. Sliwa,24
87,023,Bronx,Eric L. Adams,4
87,023,Bronx,Irene Estrada,0
87,023,Bronx,Jim Walden,0
87,023,Bronx,Joseph Hernandez,2
87,023,Bronx,Zohran Kwame Mamdani,486
87,024,Bronx,Andrew M. Cuomo,175
87,024,Bronx,Curtis A. Sliwa,31
87,024,Bronx,Eric L. Adams,3
87,024,Bronx,Irene Estrada,2
87,024,Bronx,Jim Walden,0
87,024,Bronx,Joseph Hernandez,0
87,024,Bronx,Zohran Kwame Mamdani,436
87,025,Bronx,Andrew M. Cuomo,215
87,025,Bronx,Curtis A. Sliwa,25
87,025,Bronx,Eric L. Adams,6
87,025,Bronx,Irene Estrada,4
87,025,Bronx,Jim Walden,2
87,025,Bronx,Joseph Hernandez,2
87,025,Bronx,Zohran Kwame Mamdani,407
87,026,Bronx,Andrew M. Cuomo,186
87,026,Bronx,Curtis A. Sliwa,22
87,026,Bronx,Eric L. Adams,0
87,026,Bronx,Irene Estrada,0
87,026,Bronx,Jim Walden,0
87,026,Bronx,Joseph Hernandez,1
87,026,Bronx,Zohran Kwame Mamdani,404
87,027,Bronx,Andrew M. Cuomo,120
87,027,Bronx,Curtis A. Sliwa,23
87,027,Bronx,Eric L. Adams,0
87,027,Bronx,Irene Estrada,0
87,027,Bronx,Jim Walden,0
87,027,Bronx,Joseph Hernandez,0
87,027,Bronx,Zohran Kwame Mamdani,435
87,028,Bronx,Andrew M. Cuomo,157
87,028,Bronx,Curtis A. Sliwa,27
87,028,Bronx,Eric L. Adams,0
87,028,Bronx,Irene Estrada,2
87,028,Bronx,Jim Walden,0
87,028,Bronx,Joseph Hernandez,1
87,028,Bronx,Zohran Kwame Mamdani,313
87,029,Bronx,Andrew M. Cuomo,110
87,029,Bronx,Curtis A. Sliwa,25
87,029,Bronx,Eric L. Adams,1
87,029,Bronx,Irene Estrada,0
87,029,Bronx,Jim Walden,2
87,029,Bronx,Joseph Hernandez,1
87,029,Bronx,Zohran Kwame Mamdani,344
87,030,Bronx,Andrew M. Cuomo,105
87,030,Bronx,Curtis A. Sliwa,26
87,030,Bronx,Eric L. Adams,2
87,030,Bronx,Irene Estrada,0
87,030,Bronx,Jim Walden,1
87,030,Bronx,Joseph Hernandez,0
87,030,Bronx,Zohran Kwame Mamdani,353
87,031,Bronx,Andrew M. Cuomo,160
87,031,Bronx,Curtis A. Sliwa,31
87,031,Bronx,Eric L. Adams,0
87,031,Bronx,Irene Estrada,1
87,031,Bronx,Jim Walden,0
87,031,Bronx,Joseph Hernandez,1
87,031,Bronx,Zohran Kwame Mamdani,337
87,032,Bronx,Andrew M. Cuomo,134
87,032,Bronx,Curtis A. Sliwa,29
87,032,Bronx,Eric L. Adams,0
87,032,Bronx,Irene Estrada,5
87,032,Bronx,Jim Walden,0
87,032,Bronx,Joseph Hernandez,0
87,032,Bronx,Zohran Kwame Mamdani,268
87,033,Bronx,Andrew M. Cuomo,4
87,033,Bronx,Curtis A. Sliwa,1
87,033,Bronx,Eric L. Adams,0
87,033,Bronx,Irene Estrada,1
87,033,Bronx,Jim Walden,0
87,033,Bronx,Joseph Hernandez,0
87,033,Bronx,Zohran Kwame Mamdani,13
87,034,Bronx,Andrew M. Cuomo,198
87,034,Bronx,Curtis A. Sliwa,28
87,034,Bronx,Eric L. Adams,5
87,034,Bronx,Irene Estrada,2
87,034,Bronx,Jim Walden,0
87,034,Bronx,Joseph Hernandez,0
87,034,Bronx,Zohran Kwame Mamdani,203
87,035,Bronx,Andrew M. Cuomo,169
87,035,Bronx,Curtis A. Sliwa,28
87,035,Bronx,Eric L. Adams,7
87,035,Bronx,Irene Estrada,0
87,035,Bronx,Jim Walden,0
87,035,Bronx,Joseph Hernandez,0
87,035,Bronx,Zohran Kwame Mamdani,204
87,036,Bronx,Andrew M. Cuomo,14
87,036,Bronx,Curtis A. Sliwa,1
87,036,Bronx,Eric L. Adams,0
87,036,Bronx,Irene Estrada,0
87,036,Bronx,Jim Walden,0
87,036,Bronx,Joseph Hernandez,0
87,036,Bronx,Zohran Kwame Mamdani,23
87,037,Bronx,Andrew M. Cuomo,135
87,037,Bronx,Curtis A. Sliwa,31
87,037,Bronx,Eric L. Adams,2
87,037,Bronx,Irene Estrada,0
87,037,Bronx,Jim Walden,1
87,037,Bronx,Joseph Hernandez,1
87,037,Bronx,Zohran Kwame Mamdani,209
87,038,Bronx,Andrew M. Cuomo,158
87,038,Bronx,Curtis A. Sliwa,17
87,038,Bronx,Eric L. Adams,1
87,038,Bronx,Irene Estrada,1
87,038,Bronx,Jim Walden,1
87,038,Bronx,Joseph Hernandez,0
87,038,Bronx,Zohran Kwame Mamdani,267
87,039,Bronx,Andrew M. Cuomo,109
87,039,Bronx,Curtis A. Sliwa,16
87,039,Bronx,Eric L. Adams,0
87,039,Bronx,Irene Estrada,0
87,039,Bronx,Jim Walden,1
87,039,Bronx,Joseph Hernandez,0
87,039,Bronx,Zohran Kwame Mamdani,399
87,040,Bronx,Andrew M. Cuomo,108
87,040,Bronx,Curtis A. Sliwa,13
87,040,Bronx,Eric L. Adams,2
87,040,Bronx,Irene Estrada,1
87,040,Bronx,Jim Walden,0
87,040,Bronx,Joseph Hernandez,1
87,040,Bronx,Zohran Kwame Mamdani,293
87,041,Bronx,Andrew M. Cuomo,118
87,041,Bronx,Curtis A. Sliwa,16
87,041,Bronx,Eric L. Adams,1
87,041,Bronx,Irene Estrada,0
87,041,Bronx,Jim Walden,0
87,041,Bronx,Joseph Hernandez,0
87,041,Bronx,Zohran Kwame Mamdani,281
87,042,Bronx,Andrew M. Cuomo,158
87,042,Bronx,Curtis A. Sliwa,18
87,042,Bronx,Eric L. Adams,0
87,042,Bronx,Irene Estrada,0
87,042,Bronx,Jim Walden,0
87,042,Bronx,Joseph Hernandez,0
87,042,Bronx,Zohran Kwame Mamdani,321
87,043,Bronx,Andrew M. Cuomo,153
87,043,Bronx,Curtis A. Sliwa,18
87,043,Bronx,Eric L. Adams,3
87,043,Bronx,Irene Estrada,1
87,043,Bronx,Jim Walden,0
87,043,Bronx,Joseph Hernandez,0
87,043,Bronx,Zohran Kwame Mamdani,324
87,044,Bronx,Andrew M. Cuomo,128
87,044,Bronx,Curtis A. Sliwa,18
87,044,Bronx,Eric L. Adams,0
87,044,Bronx,Irene Estrada,0
87,044,Bronx,Jim Walden,0
87,044,Bronx,Joseph Hernandez,0
87,044,Bronx,Zohran Kwame Mamdani,285
87,045,Bronx,Andrew M. Cuomo,139
87,045,Bronx,Curtis A. Sliwa,22
87,045,Bronx,Eric L. Adams,0
87,045,Bronx,Irene Estrada,4
87,045,Bronx,Jim Walden,0
87,045,Bronx,Joseph Hernandez,0
87,045,Bronx,Zohran Kwame Mamdani,292
87,046,Bronx,Andrew M. Cuomo,189
87,046,Bronx,Curtis A. Sliwa,18
87,046,Bronx,Eric L. Adams,1
87,046,Bronx,Irene Estrada,0
87,046,Bronx,Jim Walden,1
87,046,Bronx,Joseph Hernandez,0
87,046,Bronx,Zohran Kwame Mamdani,184
87,047,Bronx,Andrew M. Cuomo,196
87,047,Bronx,Curtis A. Sliwa,37
87,047,Bronx,Eric L. Adams,2
87,047,Bronx,Irene Estrada,0
87,047,Bronx,Jim Walden,2
87,047,Bronx,Joseph Hernandez,1
87,047,Bronx,Zohran Kwame Mamdani,243
87,048,Bronx,Andrew M. Cuomo,178
87,048,Bronx,Curtis A. Sliwa,47
87,048,Bronx,Eric L. Adams,1
87,048,Bronx,Irene Estrada,0
87,048,Bronx,Jim Walden,0
87,048,Bronx,Joseph Hernandez,1
87,048,Bronx,Zohran Kwame Mamdani,253
87,049,Bronx,Andrew M. Cuomo,234
87,049,Bronx,Curtis A. Sliwa,34
87,049,Bronx,Eric L. Adams,6
87,049,Bronx,Irene Estrada,0
87,049,Bronx,Jim Walden,0
87,049,Bronx,Joseph Hernandez,0
87,049,Bronx,Zohran Kwame Mamdani,205
87,050,Bronx,Andrew M. Cuomo,121
87,050,Bronx,Curtis A. Sliwa,11
87,050,Bronx,Eric L. Adams,0
87,050,Bronx,Irene Estrada,0
87,050,Bronx,Jim Walden,0
87,050,Bronx,Joseph Hernandez,0
87,050,Bronx,Zohran Kwame Mamdani,103
87,051,Bronx,Andrew M. Cuomo,150
87,051,Bronx,Curtis A. Sliwa,11
87,051,Bronx,Eric L. Adams,1
87,051,Bronx,Irene Estrada,1
87,051,Bronx,Jim Walden,1
87,051,Bronx,Joseph Hernandez,0
87,051,Bronx,Zohran Kwame Mamdani,138
87,052,Bronx,Andrew M. Cuomo,99
87,052,Bronx,Curtis A. Sliwa,5
87,052,Bronx,Eric L. Adams,1
87,052,Bronx,Irene Estrada,0
87,052,Bronx,Jim Walden,0
87,052,Bronx,Joseph Hernandez,0
87,052,Bronx,Zohran Kwame Mamdani,108
87,053,Bronx,Andrew M. Cuomo,0
87,053,Bronx,Curtis A. Sliwa,0
87,053,Bronx,Eric L. Adams,0
87,053,Bronx,Irene Estrada,0
87,053,Bronx,Jim Walden,0
87,053,Bronx,Joseph Hernandez,0
87,053,Bronx,Zohran Kwame Mamdani,0
87,054,Bronx,Andrew M. Cuomo,0
87,054,Bronx,Curtis A. Sliwa,0
87,054,Bronx,Eric L. Adams,0
87,054,Bronx,Irene Estrada,0
87,054,Bronx,Jim Walden,0
87,054,Bronx,Joseph Hernandez,0
87,054,Bronx,Zohran Kwame Mamdani,0
87,055,Bronx,Andrew M. Cuomo,0
87,055,Bronx,Curtis A. Sliwa,0
87,055,Bronx,Eric L. Adams,0
87,055,Bronx,Irene Estrada,0
87,055,Bronx,Jim Walden,0
87,055,Bronx,Joseph Hernandez,0
87,055,Bronx,Zohran Kwame Mamdani,0
