ELECTION,OFFICECD,CANDID,CANCLASS,CANDLAST,CANDFIRST,CANDMI,COMMITTEE,FILING,SCHEDULE,PAGENO,SEQUENCENO,REFNO,INV_DATE,DATE,NAME,C_CODE,ORG_IND,STRNO,STRNAME,APARTMENT,CITY,STATE,ZIP,PAY_METHOD,AMNT,PURPOSECD,PURPOSE,EXPLAIN,EXEMPTCD,RR_IND,SEG_IND,EXPLAIN_CLEAN,MEDIA_TYPE
2025,1,2993,P,Cuomo,Andrew,M,H,10,F,,,R0028533,5/23/2025,2025-05-23,202 Consulting Solutions LLC,LLC,Y,,,,Washington,DC,20007,Unknown,172500.0,TVADS,Television Ads.,TV Streaming,,N,N,tv streaming,television
2025,1,2993,P,Cuomo,Andrew,M,H,10,F,,,R0029145,5/28/2025,2025-05-29,202 Consulting Solutions LLC,LLC,Y,,,,Washington,DC,20007,Unknown,562627.0,TVADS,Television Ads.,TV/Cable Ads,,N,N,tv/cable ads,television
2025,1,2993,P,Cuomo,Andrew,M,H,11,F,,,R0030459,6/5/2025,2025-06-11,202 Consulting Solutions LLC,LLC,Y,,,,Washington,DC,20007,Unknown,450000.0,TVADS,Television Ads.,TV Ads,,N,N,tv ads,television
2025,1,2993,P,Cuomo,Andrew,M,H,11,F,,,R0030460,6/5/2025,2025-06-12,202 Consulting Solutions LLC,LLC,Y,,,,Washington,DC,20007,Unknown,499999.0,TVADS,Television Ads.,TV Ads,,N,N,tv ads,television
2025,1,2993,P,Cuomo,Andrew,M,H,11,F,,,R0030461,6/5/2025,2025-06-13,202 Consulting Solutions LLC,LLC,Y,,,,Washington,DC,20007,Unknown,409532.0,TVADS,Television Ads.,TV Ads,,N,N,tv ads,television
2025,1,2993,P,Cuomo,Andrew,M,H,11,F,,,R0030612,6/5/2025,2025-06-12,202 Consulting Solutions LLC,LLC,Y,,,,Washington,DC,20007,Unknown,49999.0,TVADS,Television Ads.,TV Ads,,N,N,tv ads,television
2025,1,2993,P,Cuomo,Andrew,M,H,11,F,,,R0030739,6/12/2025,2025-06-13,202 Consulting Solutions LLC,LLC,Y,,,,Washington,DC,20007,Unknown,29945.0,TVADS,Television Ads.,TV Ads,,N,N,tv ads,television
2025,1,2993,P,Cuomo,Andrew,M,H,9,F,,,R0026972,5/16/2025,2025-05-16,202 Consulting Solutions LLC,LLC,Y,,,,Washington,DC,20007,Unknown,172500.0,TVADS,Television Ads.,Streaming TV,,N,N,streaming tv,television
2025,1,1752,P,Laurel-Smith,Abbey,,L,11,F,,,R0000760,7/3/2025,2025-07-03,24 Hour Wristband,CORP,Y,,,,Houston,TX,77083,Unknown,488.0,PRINT,Print Ads,Lanyards/Badge/Key,CAN,N,N,lanyards/badge/key,print
2025,1,2193,P,Blake,Michael,A,I,11,F,,,R0012919,6/23/2025,2025-06-26,48 Print Corp,CORP,Y,,,,,,,Unknown,3600.0,PRINT,Print Ads,Signage,,N,N,signage,print
2025,1,2897,P,Manning,James,L,H,8,F,,,R0000325,1/16/2025,2025-01-16,"929 Print LLC, Belo Printing",CORP,Y,,,,Long Island City,NY,11101,Unknown,140.0,PRINT,Print Ads,5 x 7 Postcards,,N,N,5 x 7 postcards,print
2025,1,2897,P,Manning,James,L,H,8,F,,,R0000336,2/13/2025,2025-02-13,"929 Print LLC, Belo Printing",CORP,Y,,,,Long Island City,NY,11101,Unknown,550.0,PRINT,Print Ads,5 x 7 Postcards,,N,N,5 x 7 postcards,print
2025,5,2311,P,Feliz,Oswald,,L,14,F,,,R0005576,10/10/2025,2025-10-10,A4 Media LLC,LLC,Y,,,,Pittsburgh,PA,15251,Unknown,40006.0,TVADS,Television Ads.,TV ads,,N,N,tv ads,television
2025,5,2905,P,El-Gamasy,Hatem,,H,14,F,,,R0001218,9/1/2025,2025-10-13,Aariz Accent Accessories INC,CORP,Y,,,,Bronx,NY,10462,Unknown,350.0,PRINT,Print Ads,Urdu Ads,,N,N,urdu ads,print
2025,1,2899,P,Mamdani,Zohran,K,H,14,F,,,R0222898,10/14/2025,2025-10-20,Abee Chunes,LLC,Y,,,,South Richmond Hill,NY,11419,Unknown,1651.5,RADIO,Radio Ads.,Radio Advertisement,,N,N,radio advertisement,radio
2025,1,2899,P,Mamdani,Zohran,K,H,15,F,,,R0224222,10/15/2025,2025-10-27,Al Hawadeth Newspaper,LLC,Y,,,,North Haledon,NJ,7508,Unknown,375.0,PRINT,Print Ads,Print Ads,,N,N,print ads,print
2025,5,2312,P,Bottcher,Erik,,K,15,F,,,R0016665,10/21/2025,2025-10-23,AL Media LLC,LLC,Y,,,,Chicago,IL,60654,Unknown,35000.0,TVADS,Television Ads.,Video Spot,,N,N,video spot,television
2025,5,2312,P,Bottcher,Erik,,K,15,F,,,R0016685,10/31/2025,2025-10-31,AL Media LLC,LLC,Y,,,,Chicago,IL,60654,Unknown,10000.0,TVADS,Television Ads.,Video Spot,,N,N,video spot,television
2025,5,2312,P,Bottcher,Erik,,K,15,F,,,R0016690,10/31/2025,2025-10-31,AL Media LLC,LLC,Y,,,,Chicago,IL,60654,Unknown,1500.0,TVADS,Television Ads.,Video Boost (?),,N,N,video boost (?),television
2025,1,2993,P,Cuomo,Andrew,M,H,15,F,,,R0056428,10/20/2025,2025-10-22,Albanian Media Group,CORP,Y,,,,Bronx,NY,10458,Unknown,16800.0,PRINT,Print Ads,Albanian Mailer,,N,N,albanian mailer,print
2025,1,2993,P,Cuomo,Andrew,M,H,15,F,,,R0056429,10/20/2025,2025-10-22,Albanian Media Group,CORP,Y,,,,Bronx,NY,10458,Unknown,1000.0,PRINT,Print Ads,Back Page,,N,N,back page,print
2025,5,2622,P,Ryan,Allie,L,J,11,F,,,R0001502,6/20/2025,2025-06-21,Alpina Copy World Inc,CORP,Y,,,,New York,NY,10016,Unknown,291.24,PRINT,Print Ads,Color Prints,,N,N,color prints,print
2025,5,2622,P,Ryan,Allie,L,J,11,F,,,R0001505,6/23/2025,2025-06-24,Alpina Copy World Inc,CORP,Y,,,,New York,NY,10016,Unknown,182.91,PRINT,Print Ads,Color Prints,,N,N,color prints,print
2025,5,2274,P,Willabus,Dimple,,I,11,F,,,R0005877,6/10/2025,2025-06-11,Altice-Cablevision,CORP,Y,,,,Long Island City,NY,11101,Unknown,14744.0,TVADS,Television Ads.,Campaign Ads,,N,N,campaign ads,television
2025,5,2274,P,Willabus,Dimple,,I,11,F,,,R0005889,6/20/2025,2025-06-20,Altice-Cablevision,CORP,Y,,,,Long Island City,NY,11101,Unknown,1425.0,TVADS,Television Ads.,Campaign Ads,,N,N,campaign ads,television
2025,1,2993,P,Cuomo,Andrew,M,H,15,F,,,R0056424,10/22/2025,2025-10-22,Ami Magazine,CORP,Y,,,,Brooklyn,NY,11219,Unknown,1600.0,PRINT,Print Ads,Full Page Ad,,N,N,full page ad,print
2025,1,2993,P,Cuomo,Andrew,M,H,15,F,,,R0058532,10/29/2025,2025-11-02,Ami Magazine,CORP,Y,,,,Brooklyn,NY,11219,Unknown,1500.0,PRINT,Print Ads,Full Page,,N,N,full page,print
2025,1,2899,P,Mamdani,Zohran,K,H,15,F,,,R0224059,10/15/2025,2025-10-22,Apna Punjab Media Group,CORP,Y,,,,South Richmond Hill,NY,11419,Unknown,700.0,PRINT,Print Ads,Print Ads,,N,N,print ads,print
2025,1,2899,P,Mamdani,Zohran,K,H,15,F,,,R0224535,10/15/2025,2025-10-30,Arab Astoria Newspaper Corp.,CORP,Y,,,,Astoria,NY,11103,Unknown,950.0,PRINT,Print Ads,Print Ads,,N,N,print ads,print
2025,5,2622,P,Ryan,Allie,L,J,10,F,,,R0001229,5/21/2025,2025-05-21,ATC Images Inc,CORP,Y,,,,New York,NY,10002,Unknown,228.64,PRINT,Print Ads,Palm Cards,,N,N,palm cards,print
2025,5,2622,P,Ryan,Allie,L,J,10,F,,,R0001371,5/3/2025,2025-05-03,ATC Images Inc,CORP,Y,,,,New York,NY,10002,Unknown,566.15,PRINT,Print Ads,Postcards,,N,N,postcards,print
2025,5,2622,P,Ryan,Allie,L,J,10,F,,,R0001381,6/5/2025,2025-06-05,ATC Images Inc,CORP,Y,,,,New York,NY,10002,Unknown,631.48,PRINT,Print Ads,Palm Cards,,N,N,palm cards,print
2025,5,2622,P,Ryan,Allie,L,J,11,F,,,R0001340,6/10/2025,2025-06-10,ATC Images Inc,CORP,Y,,,,New York,NY,10002,Unknown,136.09,PRINT,Print Ads,Card Printing,,N,N,card printing,print
2025,5,2622,P,Ryan,Allie,L,J,11,F,,,R0001402,6/17/2025,2025-06-17,ATC Images Inc,CORP,Y,,,,New York,NY,10002,Unknown,489.94,PRINT,Print Ads,Palm Cards,,N,N,palm cards,print
2025,5,2622,P,Ryan,Allie,L,J,11,F,,,R0001520,6/13/2025,2025-06-13,ATC Images Inc,CORP,Y,,,,New York,NY,10002,Unknown,489.94,PRINT,Print Ads,Cards,,N,N,cards,print
2025,5,2622,P,Ryan,Allie,L,J,15,F,,,R0001701,10/23/2025,2025-10-23,ATC Images Inc,CORP,Y,,,,New York,NY,10002,Unknown,517.16,PRINT,Print Ads,Posters,,N,N,posters,print
2025,5,2622,P,Ryan,Allie,L,J,15,F,,,R0001732,11/1/2025,2025-11-01,ATC Images Inc,CORP,Y,,,,New York,NY,10002,Unknown,489.94,PRINT,Print Ads,Palm Cards,,N,N,palm cards,print
2025,5,2622,P,Ryan,Allie,L,J,15,F,,,R0001763,11/3/2025,2025-11-03,ATC Images Inc,CORP,Y,,,,New York,NY,10002,Unknown,163.31,PRINT,Print Ads,Palm Cards,,N,N,palm cards,print
2025,5,2622,P,Ryan,Allie,L,J,8,F,,,R0001138,3/10/2025,2025-03-10,ATC Images Inc,CORP,Y,,,,New York,NY,10002,Unknown,239.53,PRINT,Print Ads,Palm Cards,,N,N,palm cards,print
2025,5,2622,P,Ryan,Allie,L,J,9,F,,,R0001018,3/29/2025,2025-03-29,ATC Images Inc,CORP,Y,,,,New York,NY,10002,Unknown,239.53,PRINT,Print Ads,Palm Cards,,N,N,palm cards,print
2025,5,2622,P,Ryan,Allie,L,J,9,F,,,R0001020,3/22/2025,2025-03-22,ATC Images Inc,CORP,Y,,,,New York,NY,10002,Unknown,424.61,PRINT,Print Ads,Posters,,N,N,posters,print
2025,5,2622,P,Ryan,Allie,L,J,9,F,,,R0001231,5/17/2025,2025-05-17,ATC Images Inc,CORP,Y,,,,New York,NY,10002,Unknown,239.53,PRINT,Print Ads,Palm Cards,,N,N,palm cards,print
2025,1,2993,P,Cuomo,Andrew,M,H,15,F,,,R0057790,10/28/2025,2025-10-28,Audacy Operations LLC,LLC,Y,,,,New York,NY,10014,Unknown,10020.0,RADIO,Radio Ads.,Radio Ads,,N,N,radio ads,radio
2025,5,3010,P,Bonsell,Alina,,H,9,F,,,R0000071,4/15/2025,2025-04-15,Axel Print,CORP,Y,,,,New York,NY,10123,Unknown,54.44,PRINT,Print Ads,Palm Cards,,N,N,palm cards,print
2025,5,2598,P,Aiken,David,,I,11,F,,,R0003031,6/16/2025,2025-06-16,"Ayora, Fabian",IND,N,,,,,,,Unknown,850.0,PRINT,Print Ads,10'x12' Banner,,N,N,10'x12' banner,print
2025,5,2910,P,Reyes,Nicholas,,H,11,F,,,R0002098,6/12/2025,2025-06-16,B00st,CORP,Y,,,,Leipsic,DE,19901,Unknown,5000.0,TVADS,Television Ads.,Social Media Ads,,N,N,social media ads,television
2025,5,1374,P,Wills,Ruben,W,O,10,F,,,R0002513,5/26/2025,2025-06-04,Banners R Us,LLC,Y,,,,Jamaica,NY,11435,Unknown,3068.0,PRINT,Print Ads,Campaign banners,,N,N,campaign banners,print
2025,5,2839,P,Ashman,Dion,M,H,10,F,,,R0002577,5/28/2025,2025-05-31,Bedford Copy Center,OTHR,Y,,,,Brooklyn,NY,11225,Unknown,1354.5,PRINT,Print Ads,Printng,,N,N,printng,print
2025,5,2839,P,Ashman,Dion,M,H,11,F,,,R0003047,6/24/2025,2025-06-24,Bedford Copy Center,OTHR,Y,,,,Brooklyn,NY,11225,Unknown,504.83,PRINT,Print Ads,Copying & printing,,N,N,copying & printing,print
2025,5,2839,P,Ashman,Dion,M,H,6,F,,,R0001339,9/10/2024,2024-09-20,Bedford Copy Center,OTHR,Y,,,,Brooklyn,NY,11225,Unknown,248.32,PRINT,Print Ads,Flyers,,N,N,flyers,print
2025,5,2839,P,Ashman,Dion,M,H,6,F,,,R0001341,9/6/2024,2024-09-07,Bedford Copy Center,OTHR,Y,,,,Brooklyn,NY,11225,Unknown,163.31,PRINT,Print Ads,Flyers,,N,N,flyers,print
2025,5,2839,P,Ashman,Dion,M,H,6,F,,,R0001343,8/20/2024,2024-08-28,Bedford Copy Center,OTHR,Y,,,,Brooklyn,NY,11225,Unknown,191.89,PRINT,Print Ads,Flyers,,N,N,flyers,print
2025,1,148,P,Stringer,Scott,M,S,10,F,,,R0102538,6/4/2025,2025-06-05,Belle Haven Media LLC,LLC,Y,,,,Washington,DC,20036,Unknown,15750.0,TVADS,Television Ads.,media ads,,N,N,media ads,television
2025,1,148,P,Stringer,Scott,M,S,11,F,,,R0103876,6/13/2025,2025-06-13,Belle Haven Media LLC,LLC,Y,,,,Washington,DC,20036,Unknown,12000.0,TVADS,Television Ads.,digital ads,,N,N,digital ads,television
2025,1,1164,P,Lander,Brad,,N,11,F,,,R0109494,6/13/2025,2025-06-13,Berlin Rosen,CORP,Y,,,,New York,NY,10038,Unknown,390896.0,TVADS,Television Ads.,TV and digital,,N,N,tv and digital,television
2025,1,1164,P,Lander,Brad,,N,11,F,,,R0109536,6/12/2025,2025-06-18,Berlin Rosen,CORP,Y,,,,New York,NY,10038,Unknown,6500.0,TVADS,Television Ads.,Production,,N,N,production,television
2025,1,1164,P,Lander,Brad,,N,11,F,,,R0109537,6/17/2025,2025-06-18,Berlin Rosen,CORP,Y,,,,New York,NY,10038,Unknown,2800.0,TVADS,Television Ads.,TV and digital,,N,N,tv and digital,television
2025,1,1164,P,Lander,Brad,,N,11,F,,,R0109555,6/13/2025,2025-06-20,Berlin Rosen,CORP,Y,,,,New York,NY,10038,Unknown,390896.0,TVADS,Television Ads.,TV and digital,,N,N,tv and digital,television
2025,1,1164,P,Lander,Brad,,N,11,F,,,R0109557,6/20/2025,2025-06-20,Berlin Rosen,CORP,Y,,,,New York,NY,10038,Unknown,1800.0,TVADS,Television Ads.,TV and digital,,N,N,tv and digital,television
2025,5,2312,P,Bottcher,Erik,,K,10,F,,,R0016193,6/9/2025,2025-06-09,Berlin Rosen,LLC,Y,,,,New York,NY,10038,Unknown,3000.0,TVADS,Television Ads.,Instagram Boost,,N,N,instagram boost,television
2025,5,2922,NP,Lewinsohn,Elizabeth,,H,11,F,,,R0001734,6/9/2025,2025-06-11,Berlin Rosen LLC,LLC,Y,,,,New York,NY,10038,Unknown,825.0,PRINT,Print Ads,Ad Design,,N,N,ad design,print
2025,1,2618,P,Sliwa,Curtis,A,I,10,F,,,R0075636,5/28/2025,2025-05-28,"BEST AD PROMOS, INC.",CORP,Y,,,,Staten Island,NY,10306,Unknown,526.96,PRINT,Print Ads,Ads,,N,N,ads,print
2025,1,2618,P,Sliwa,Curtis,A,I,11,F,,,R0082310,7/3/2025,2025-07-03,"BEST AD PROMOS, INC.",CORP,Y,,,,Staten Island,NY,10306,Unknown,3617.92,PRINT,Print Ads,Ads,,N,N,ads,print
2025,5,2845,P,Lynch,Lawman,,H,10,F,,,R0002250,6/7/2025,2025-06-09,Best of Signs,CORP,Y,,,,Lawrenceville,GA,30046,Unknown,2888.86,PRINT,Print Ads,Banner Stands,,N,N,banner stands,print
2025,5,2867,P,Hankerson,Ty,,H,10,F,,,R0002684,5/29/2025,2025-05-29,Better Angle Productions,OTHR,Y,,,,Queens,NY,11427,Unknown,286.0,PRINT,Print Ads,Video AD,,N,N,video ad,print
2025,5,2867,P,Hankerson,Ty,,H,7,F,,,R0001265,12/14/2024,2024-12-19,Better Angle Productions,OTHR,Y,,,,Queens,NY,11427,Unknown,1350.0,PRINT,Print Ads,Video AD,,N,N,video ad,print
2025,5,2867,P,Hankerson,Ty,,H,7,F,,,R0001294,12/14/2024,2025-01-01,Better Angle Productions,OTHR,Y,,,,Queens,NY,11427,Unknown,1350.0,PRINT,Print Ads,Video AD,,N,N,video ad,print
2025,5,2867,P,Hankerson,Ty,,H,11,F,,,R0002958,6/30/2025,2025-07-10,BlaQue,CORP,Y,,,,St. Albans,NY,11412,Unknown,3000.0,TVADS,Television Ads.,Digital ADS,,N,N,digital ads,television
2025,1,2618,P,Sliwa,Curtis,A,I,13,F,,,R0109405,8/26/2025,2025-08-26,Blue Sky Creative Studio,CORP,Y,,,,Flushing,NY,11354,Unknown,3342.46,PRINT,Print Ads,Event Ad,,N,N,event ad,print
2025,1,2993,P,Cuomo,Andrew,M,H,15,F,,,R0056600,10/21/2025,2025-10-23,Boro Park View,CORP,Y,,,,Monsey,NY,10952,Unknown,475.0,PRINT,Print Ads,Ad Placement,,N,N,ad placement,print
2025,1,2993,P,Cuomo,Andrew,M,H,15,F,,,R0057996,10/29/2025,2025-10-29,Boro Park View,CORP,Y,,,,Monsey,NY,10952,Unknown,475.0,PRINT,Print Ads,Ad Placement,,N,N,ad placement,print
2025,5,2384,P,Paladino,Vickie,,K,14,F,,,R0015148,10/7/2025,2025-10-10,BQE Publishing,OTHR,Y,,,,Woodside,NY,11377,Unknown,450.0,PRINT,Print Ads,Ads,,N,N,ads,print
2025,5,2384,P,Paladino,Vickie,,K,14,F,,,R0015155,10/15/2025,2025-10-16,BQE Publishing,OTHR,Y,,,,Woodside,NY,11377,Unknown,450.0,PRINT,Print Ads,Ads,,N,N,ads,print
2025,5,2384,P,Paladino,Vickie,,K,15,F,,,R0015500,10/22/2025,2025-10-24,BQE Publishing,OTHR,Y,,,,Woodside,NY,11377,Unknown,450.0,PRINT,Print Ads,Ads,,N,N,ads,print
2025,5,2384,P,Paladino,Vickie,,K,15,F,,,R0015605,10/28/2025,2025-10-31,BQE Publishing,OTHR,Y,,,,Woodside,NY,11377,Unknown,450.0,PRINT,Print Ads,Ads,,N,N,ads,print
2025,5,2913,P,Pogozelski,Paul,J,H,10,F,,,R0002295,5/23/2025,2025-05-23,"BQE Publishing, Inc.",CORP,Y,,,,Flushing,NY,11378,Unknown,335.0,PRINT,Print Ads,Ad,,N,N,ad,print
2025,5,2913,P,Pogozelski,Paul,J,H,10,F,,,R0002460,5/30/2025,2025-05-30,"BQE Publishing, Inc.",CORP,Y,,,,Flushing,NY,11378,Unknown,2010.0,PRINT,Print Ads,Ads,,N,N,ads,print
2025,5,2913,P,Pogozelski,Paul,J,H,8,F,,,R0000822,1/14/2025,2025-01-14,"BQE Publishing, Inc.",CORP,Y,,,,Flushing,NY,11378,Unknown,335.0,PRINT,Print Ads,1/2 page ad,,N,N,1/2 page ad,print
2025,5,2913,P,Pogozelski,Paul,J,H,8,F,,,R0000904,1/31/2025,2025-02-01,"BQE Publishing, Inc.",CORP,Y,,,,Flushing,NY,11378,Unknown,335.0,PRINT,Print Ads,1/2 page ad,,N,N,1/2 page ad,print
2025,5,2913,P,Pogozelski,Paul,J,H,8,F,,,R0001060,3/3/2025,2025-03-04,"BQE Publishing, Inc.",CORP,Y,,,,Flushing,NY,11378,Unknown,335.0,PRINT,Print Ads,Print Ad,,N,N,print ad,print
2025,5,2913,P,Pogozelski,Paul,J,H,9,F,,,R0001486,3/20/2025,2025-03-20,"BQE Publishing, Inc.",CORP,Y,,,,Flushing,NY,11378,Unknown,335.0,PRINT,Print Ads,Ad,,N,N,ad,print
2025,5,2913,P,Pogozelski,Paul,J,H,9,F,,,R0001670,4/7/2025,2025-04-07,"BQE Publishing, Inc.",CORP,Y,,,,Flushing,NY,11378,Unknown,335.0,PRINT,Print Ads,Ads,,N,N,ads,print
2025,5,2913,P,Pogozelski,Paul,J,H,9,F,,,R0002008,5/9/2025,2025-05-09,"BQE Publishing, Inc.",CORP,Y,,,,Flushing,NY,11378,Unknown,335.0,PRINT,Print Ads,1/2 page ad,,N,N,1/2 page ad,print
2025,5,2913,P,Pogozelski,Paul,J,H,9,F,,,R0002216,5/19/2025,2025-05-19,"BQE Publishing, Inc.",CORP,Y,,,,Flushing,NY,11378,Unknown,335.0,PRINT,Print Ads,Print Ad,,N,N,print ad,print
2025,5,2913,P,Pogozelski,Paul,J,H,9,F,,,R0002517,4/18/2025,2025-04-18,"BQE Publishing, Inc.",CORP,Y,,,,Flushing,NY,11378,Unknown,335.0,PRINT,Print Ads,Ad,,N,N,ad,print
2025,1,148,P,Stringer,Scott,M,S,9,F,,,R0098875,4/8/2025,2025-04-10,"Break Something, Inc.",CORP,Y,,,,Washington,DC,20009,Unknown,1000.0,PRINT,Print Ads,social media ads,,N,N,social media ads,print
2025,5,2916,P,Reets-DuPont,Theona,S,H,10,F,,,R0000918,6/4/2025,2025-06-05,Bronx Times,CORP,Y,,,,Flushing,NY,11361,Unknown,2317.5,PRINT,Print Ads,Ad in paper,,N,N,ad in paper,print
2025,5,2966,P,Diaz,Elijah,,H,13,F,,,R0000550,9/16/2025,2025-09-16,BROOKLYN PUBLIC LIBRARY,LLC,Y,,,,Brooklyn,NY,11226,Unknown,10.0,PRINT,Print Ads,ADS,,N,N,ads,print
2025,5,2966,P,Diaz,Elijah,,H,13,F,,,R0000551,9/2/2025,2025-09-02,BROOKLYN PUBLIC LIBRARY,LLC,Y,,,,Brooklyn,NY,11226,Unknown,10.0,PRINT,Print Ads,ADS,,N,N,ads,print
2025,1,2618,P,Sliwa,Curtis,A,I,10,F,,,R0075647,5/26/2025,2025-05-26,Bukharian Jewish Link,LLC,Y,,,,Brooklyn,NY,11218,Unknown,650.0,PRINT,Print Ads,Ads,,N,N,ads,print
2025,1,2618,P,Sliwa,Curtis,A,I,12,F,,,R0091933,7/22/2025,2025-07-23,Bukharian Jewish Link,LLC,Y,,,,Brooklyn,NY,11218,Unknown,1000.0,PRINT,Print Ads,advertising,,N,N,advertising,print
2025,1,2618,P,Sliwa,Curtis,A,I,13,F,,,R0113527,8/22/2025,2025-08-22,Bukharian Jewish Link,LLC,Y,,,,Brooklyn,NY,11218,Unknown,1000.0,PRINT,Print Ads,Advertising,,N,N,advertising,print
2025,1,2618,P,Sliwa,Curtis,A,I,13,F,,,R0120595,9/17/2025,2025-09-17,Bukharian Jewish Link,LLC,Y,,,,Brooklyn,NY,11218,Unknown,1000.0,PRINT,Print Ads,Advertising,,N,N,advertising,print
2025,1,2618,P,Sliwa,Curtis,A,I,13,F,,,R0120766,9/3/2025,2025-09-03,Bukharian Jewish Link,LLC,Y,,,,Brooklyn,NY,11218,Unknown,1000.0,PRINT,Print Ads,Advertising,,N,N,advertising,print
2025,1,2618,P,Sliwa,Curtis,A,I,14,F,,,R0131739,10/1/2025,2025-10-01,Bukharian Jewish Link,LLC,Y,,,,Brooklyn,NY,11218,Unknown,1000.0,PRINT,Print Ads,Ads,,N,N,ads,print
2025,1,2618,P,Sliwa,Curtis,A,I,15,F,,,R0132034,10/22/2025,2025-10-22,Bukharian Jewish Link,LLC,Y,,,,Brooklyn,NY,11218,Unknown,1000.0,PRINT,Print Ads,Ads,,N,N,ads,print
2025,1,2618,P,Sliwa,Curtis,A,I,9,F,,,R0075645,5/13/2025,2025-05-13,Bukharian Jewish Link,LLC,Y,,,,Brooklyn,NY,11218,Unknown,500.0,PRINT,Print Ads,Ads,,N,N,ads,print
2025,1,2903,P,Walden,James,,H,11,F,,,R0014609,6/26/2025,2025-06-26,"Buying Time, LLC",LLC,Y,,,,Crownsville,MD,21032,Unknown,525150.0,TVADS,Television Ads.,Media Buy,,N,N,media buy,television
2025,1,2903,P,Walden,James,,H,7,F,,,R0001342,11/14/2024,2024-11-15,"Buying Time, LLC",LLC,Y,,,,Crownsville,MD,21032,Unknown,42014.0,PRINT,Print Ads,Print,,N,N,print,print
2025,5,2885,P,Caruso,Alexander,J,H,16,N,,,R0002303,,2025-06-19,"Camacho, Cesar",IND,N,,,,Corona,NY,11368,,200.0,TVADS,Television Ads.,Film - Video Editing,,N,N,film - video editing,television
2025,5,2973,P,Chou,Benjamin,,H,14,F,,,R0006100,10/20/2025,2025-10-20,Cameo,CORP,Y,,,,Chicago,IL,60612,Unknown,340.99,PRINT,Print Ads,cameo,,N,N,cameo,print
2025,1,148,P,Stringer,Scott,M,S,10,F,,,R0102035,5/20/2025,2025-05-21,Canal Partners Media LLC,LLC,Y,,,,Atlanta,GA,30339,Unknown,670030.0,TVADS,Television Ads.,ads,,N,N,ads,television
2025,1,148,P,Stringer,Scott,M,S,10,F,,,R0102245,5/28/2025,2025-05-29,Canal Partners Media LLC,LLC,Y,,,,Atlanta,GA,30339,Unknown,802084.0,TVADS,Television Ads.,TVads,,N,N,tvads,television
2025,1,148,P,Stringer,Scott,M,S,10,F,,,R0102566,6/3/2025,2025-06-05,Canal Partners Media LLC,LLC,Y,,,,Atlanta,GA,30339,Unknown,735840.0,TVADS,Television Ads.,TD Ads,,N,N,td ads,television
2025,1,148,P,Stringer,Scott,M,S,11,F,,,R0103880,6/13/2025,2025-06-13,Canal Partners Media LLC,LLC,Y,,,,Atlanta,GA,30339,Unknown,237489.0,TVADS,Television Ads.,ads,,N,N,ads,television
2025,1,148,P,Stringer,Scott,M,S,11,F,,,R0104001,6/19/2025,2025-06-20,Canal Partners Media LLC,LLC,Y,,,,Atlanta,GA,30339,Unknown,150000.0,TVADS,Television Ads.,ads,,N,N,ads,television
2025,1,148,P,Stringer,Scott,M,S,9,F,,,R0100686,5/12/2025,2025-05-13,Canal Partners Media LLC,LLC,Y,,,,Atlanta,GA,30339,Unknown,571636.0,TVADS,Television Ads.,TV ad,,N,N,tv ad,television
2025,4,1597,P,Edwards,Khari,,J,10,F,,,R0015841,5/27/2025,2025-05-28,Canarsie Courier Publications,CORP,Y,,,,Brooklyn,NY,11236,Unknown,1500.0,PRINT,Print Ads,Print Ads,,N,N,print ads,print
2025,1,2993,P,Cuomo,Andrew,M,H,13,F,,,R0045368,9/26/2025,2025-09-29,Capitol Message and Media LLC,LLC,Y,,,,Washington,DC,20006,Unknown,500000.0,TVADS,Television Ads.,Consulting/TV Buy,,N,N,consulting/tv buy,television
2025,1,2993,P,Cuomo,Andrew,M,H,13,F,,,R0045380,9/26/2025,2025-09-29,Capitol Message and Media LLC,LLC,Y,,,,Washington,DC,20006,Unknown,177956.72,TVADS,Television Ads.,Consulting/TV Buy,,N,N,consulting/tv buy,television
2025,1,2993,P,Cuomo,Andrew,M,H,14,F,,,R0049529,9/30/2025,2025-09-30,Capitol Message and Media LLC,LLC,Y,,,,Washington,DC,20006,Unknown,30000.0,TVADS,Television Ads.,Media Placements,,N,N,media placements,television
2025,1,2993,P,Cuomo,Andrew,M,H,14,F,,,R0051118,10/6/2025,2025-10-06,Capitol Message and Media LLC,LLC,Y,,,,Washington,DC,20006,Unknown,35000.0,TVADS,Television Ads.,Media Placements,,N,N,media placements,television
2025,1,2993,P,Cuomo,Andrew,M,H,14,F,,,R0051136,10/3/2025,2025-10-06,Capitol Message and Media LLC,LLC,Y,,,,Washington,DC,20006,Unknown,33950.0,TVADS,Television Ads.,Media Placements,,N,N,media placements,television
2025,1,2993,P,Cuomo,Andrew,M,H,14,F,,,R0051164,10/1/2025,2025-10-06,Capitol Message and Media LLC,LLC,Y,,,,Washington,DC,20006,Unknown,813346.97,TVADS,Television Ads.,Media Placements,,N,N,media placements,television
2025,1,2993,P,Cuomo,Andrew,M,H,14,F,,,R0052498,10/9/2025,2025-10-10,Capitol Message and Media LLC,LLC,Y,,,,Washington,DC,20006,Unknown,815000.34,TVADS,Television Ads.,Media Placements,,N,N,media placements,television
2025,1,2993,P,Cuomo,Andrew,M,H,14,F,,,R0053488,10/1/2025,2025-10-17,Capitol Message and Media LLC,LLC,Y,,,,Washington,DC,20006,Unknown,864685.66,TVADS,Television Ads.,Media Placements,,N,N,media placements,television
2025,1,2993,P,Cuomo,Andrew,M,H,15,F,,,R0057287,10/26/2025,2025-10-27,Capitol Message and Media LLC,LLC,Y,,,,Washington,DC,20006,Unknown,519464.98,TVADS,Television Ads.,TV Ads,,N,N,tv ads,television
2025,1,2993,P,Cuomo,Andrew,M,H,15,F,,,R0058524,10/30/2025,2025-10-31,Capitol Message and Media LLC,LLC,Y,,,,Washington,DC,20006,Unknown,454307.54,TVADS,Television Ads.,Media Placements,,N,N,media placements,television
2025,1,2899,P,Mamdani,Zohran,K,H,15,F,,,R0224382,10/28/2025,2025-10-29,"Carib News, Inc.",CORP,Y,,,,New York,NY,10128,Unknown,3880.0,PRINT,Print Ads,Print Ads,,N,N,print ads,print
2025,4,1597,P,Edwards,Khari,,J,11,F,,,R0016400,6/23/2025,2025-06-24,Caribbean Multi Media Inc,CORP,Y,,,,Alden Manor,NY,11003,Unknown,500.0,RADIO,Radio Ads.,Radio Ads,,N,N,radio ads,radio
2025,5,2274,P,Willabus,Dimple,,I,11,F,,,R0005896,6/20/2025,2025-06-20,Caribbean Power Jams,CORP,Y,,,,Brooklyn,NY,11212,Unknown,600.0,RADIO,Radio Ads.,Airtime Interview,,N,N,airtime interview,radio
2025,5,2274,P,Willabus,Dimple,,I,7,F,,,R0005085,12/31/2024,2024-12-31,Caribbean Times,CORP,Y,,,,Brooklyn,NY,11210,Unknown,500.0,PRINT,Print Ads,"Jan 2, Back Page",,N,N,"jan 2, back page",print
2025,5,2913,P,Pogozelski,Paul,J,H,8,F,,,R0000826,1/10/2025,2025-01-13,CBA Insert Distribution System,CORP,Y,,,,Edison,NJ,8837,Unknown,383.5,PRINT,Print Ads,Preprint Delivery,,N,N,preprint delivery,print
2025,5,2942,P,Wong,Phil,W,H,12,F,,,R0003135,6/24/2025,2025-06-24,CCC ENTERPRISES,CORP,Y,,,,Deer Park,NY,11729,Unknown,12490.5,PRINT,Print Ads,Mailer,,N,N,mailer,print
2025,5,2942,P,Wong,Phil,W,H,12,F,,,R0003136,6/24/2025,2025-06-24,CCC ENTERPRISES,CORP,Y,,,,Deer Park,NY,11729,Unknown,12081.75,PRINT,Print Ads,Mailer,,N,N,mailer,print
2025,5,2942,P,Wong,Phil,W,H,12,F,,,R0003137,6/24/2025,2025-06-24,CCC ENTERPRISES,CORP,Y,,,,Deer Park,NY,11729,Unknown,11375.08,PRINT,Print Ads,Mailer,,N,N,mailer,print
2025,5,2942,P,Wong,Phil,W,H,12,F,,,R0003138,6/24/2025,2025-06-24,CCC ENTERPRISES,CORP,Y,,,,Deer Park,NY,11729,Unknown,10993.07,PRINT,Print Ads,Mailer,,N,N,mailer,print
2025,5,2942,P,Wong,Phil,W,H,12,F,,,R0003139,6/24/2025,2025-06-24,CCC ENTERPRISES,CORP,Y,,,,Deer Park,NY,11729,Unknown,9400.21,PRINT,Print Ads,Mailer,,N,N,mailer,print
2025,5,2891,P,Blas,Sarah,,H,15,F,,,R0003182,11/3/2025,2025-11-03,Cememedia,LLC,Y,,,,,,,Unknown,3605.0,TVADS,Television Ads.,Truck virtual ad,,N,N,truck virtual ad,television
2025,5,3031,P,Shaffer,Yehuda,,H,13,F,,,R0000744,9/11/2025,2025-09-15,CH shipping and copy cen,CORP,Y,,,,,,,Unknown,37.5,PRINT,Print Ads,flyer distribution,,N,N,flyer distribution,print
2025,4,2833,P,Ikezi,Henry,,H,5,F,,,R0000308,5/28/2024,2024-05-28,Chat GPT,CORP,Y,,,,San Francisco,CA,,Unknown,32.58,PRINT,Print Ads,advertisement,,N,N,advertisement,print
2025,3,1990,P,Brannan,Justin,,N,8,F,,,R0021883,2/10/2025,2025-02-11,Cheddar Up,CORP,Y,,,,Denver,CO,80222,Unknown,507.95,PRINT,Print Ads,School Journal,,N,N,school journal,print
2025,1,2993,P,Cuomo,Andrew,M,H,10,F,,,R0030282,6/7/2025,2025-06-09,Citicom!,CORP,Y,,,,Brooklyn,NY,11230,Unknown,15000.0,PRINT,Print Ads,Ad Design/placement,,N,N,ad design/placement,print
2025,5,2285,NP,Williams,Nantasha,,K,9,F,,,R0004314,3/14/2025,2025-03-14,City and State New York,CORP,Y,,,,New York,NY,10005,Unknown,519.0,PRINT,Print Ads,Campaign Manager Ad,,N,N,campaign manager ad,print
2025,1,2899,P,Mamdani,Zohran,K,H,15,F,,,R0223743,10/24/2025,2025-10-24,"CityBridge, LLC",LLC,Y,,,,New York,NY,10016,Unknown,25000.0,PRINT,Print Ads,Billboards,,N,N,billboards,print
2025,4,1707,P,Gibson,Vanessa,L,N,11,F,,,R0018803,6/12/2025,2025-06-12,Co-Op City Times,CORP,Y,,,,Bronx,NY,10475,Unknown,868.22,PRINT,Print Ads,ads,,N,N,ads,print
2025,1,2193,P,Blake,Michael,A,I,9,F,,,R0011064,5/12/2025,2025-05-12,Co-Op Times,CORP,Y,,,,Bronx,NY,10475,Unknown,301.49,PRINT,Print Ads,Purchase Print Ad,,N,N,purchase print ad,print
2025,5,2015,P,Henderson,Jamell,,I,11,F,,,R0002100,5/30/2025,2025-05-30,Commbs Brooklyn Printing,CORP,Y,,,,Brooklyn,NY,11216,Unknown,42.0,PRINT,Print Ads,printout flyers,,N,N,printout flyers,print
2025,5,2015,P,Henderson,Jamell,,I,9,F,,,R0001618,3/18/2025,2025-03-18,Commbs Brooklyn Printing,CORP,Y,,,,Brooklyn,NY,11216,Unknown,84.0,PRINT,Print Ads,Fundraiser flyers,,N,N,fundraiser flyers,print
2025,5,2015,P,Henderson,Jamell,,I,9,F,,,R0001619,3/31/2025,2025-03-31,Commbs Brooklyn Printing,CORP,Y,,,,Brooklyn,NY,11216,Unknown,309.0,PRINT,Print Ads,Fundraiser flyers,,N,N,fundraiser flyers,print
2025,5,2015,P,Henderson,Jamell,,I,15,N,,,R0002108,,2025-06-20,Commbs Brooklyn Printing,CORP,Y,,,,Brooklyn,NY,11216,,123.6,PRINT,Print Ads,printout flyers,,N,N,printout flyers,print
2025,4,1597,P,Edwards,Khari,,J,9,F,,,R0014537,5/7/2025,2025-05-09,Common Sense Strategies,CORP,Y,,,,Brooklyn,NY,11210,Unknown,2000.0,PRINT,Print Ads,Caribbean Times Ads,,N,N,caribbean times ads,print
2025,5,1987,P,Marte,Christopher,,L,11,F,,,R0021231,6/26/2025,2025-06-26,Compact News Media Inc.,CORP,Y,,,,Staten Island,NY,10312,Unknown,200.0,PRINT,Print Ads,Ads,,N,N,ads,print
2025,5,2867,P,Hankerson,Ty,,H,14,F,,,R0003049,6/9/2025,2025-07-10,Connective Strategies LLC,LLC,Y,,,,Jamaica,NY,11435,Unknown,2000.0,PRINT,Print Ads,Lawn Signs,,N,N,lawn signs,print
2025,5,2892,P,Ortiz,Antirson,R,H,11,F,,,R0002962,6/14/2025,2025-06-26,Cromos Communication Corp.,CORP,Y,,,,New York,NY,10033,Unknown,500.0,TVADS,Television Ads.,Spot promotion on TV,,N,N,spot promotion on tv,television
2025,1,2857,P,Myrie,Zellnor,,H,11,F,,,R0032665,6/17/2025,2025-06-18,Crown Heights Edition,CORP,Y,,,,Edison,NJ,8817,Unknown,425.0,PRINT,Print Ads,Ad buy,,N,N,ad buy,print
2025,5,3033,P,Rosenberger,Benny,,H,13,F,,,R0000234,9/11/2025,2025-09-11,Crown Heights Shipping Center,CORP,Y,,,,Brooklyn,NY,11203,Unknown,37.5,PRINT,Print Ads,Fundraising flyers,,N,N,fundraising flyers,print
2025,1,1164,P,Lander,Brad,,N,11,F,,,R0111614,6/30/2025,2025-06-30,Daily Luach,CORP,Y,,,,Brooklyn,NY,11219,Unknown,500.0,PRINT,Print Ads,Print ads,,N,N,print ads,print
2025,5,1717,P,Kagan,Ari,,M,10,F,,,R0010626,5/12/2025,2025-06-06,Davidzon Media,OTHR,Y,,,,Brooklyn,NY,11223,Unknown,5000.0,RADIO,Radio Ads.,ads,,N,N,ads,radio
2025,5,1717,P,Kagan,Ari,,M,9,F,,,R0009261,3/25/2025,2025-03-28,Davidzon Media,OTHR,Y,,,,Brooklyn,NY,11223,Unknown,1630.0,RADIO,Radio Ads.,radio ads,,N,N,radio ads,radio
2025,1,2618,P,Sliwa,Curtis,A,I,15,F,,,R0138917,10/31/2025,2025-10-31,DAVIDZON MEDIA,CORP,Y,,,,Brooklyn,NY,11223,Unknown,4555.0,PRINT,Print Ads,advertising,,N,N,advertising,print
2025,5,2975,P,Barsamian,Dikran,,H,10,F,,,R0001313,6/3/2025,2025-06-04,Davidzon Media,CORP,Y,,,,Brooklyn,NY,11223,Unknown,4000.0,RADIO,Radio Ads.,Radio Commercial,,N,N,radio commercial,radio
2025,5,2975,P,Barsamian,Dikran,,H,11,F,,,R0001460,6/16/2025,2025-06-17,Davidzon Media,CORP,Y,,,,Brooklyn,NY,11223,Unknown,2000.0,RADIO,Radio Ads.,Radio Commercial,,N,N,radio commercial,radio
2025,4,2988,P,Acquafredda,Janine,,H,15,F,,,R0004451,11/3/2025,2025-11-04,Davidzon Media,CORP,Y,,,,Brooklyn,NY,11223,Unknown,1000.0,RADIO,Radio Ads.,RadioInterviewNoScri,,N,N,radiointerviewnoscri,radio
2025,1,2993,P,Cuomo,Andrew,M,H,15,F,,,R0058355,10/27/2025,2025-10-31,Davidzon Media Inc,CORP,Y,,,,Brooklyn,NY,11223,Unknown,1500.0,RADIO,Radio Ads.,Radio Ads,,N,N,radio ads,radio
2025,4,1597,P,Edwards,Khari,,J,10,F,,,R0015923,5/30/2025,2025-06-03,Davidzon Radio,CORP,Y,,,,Brooklyn,NY,11223,Unknown,5000.0,RADIO,Radio Ads.,Radio Ads,,N,N,radio ads,radio
2025,5,2972,P,Sarantopoulos,George,,H,10,F,,,R0001571,5/20/2025,2025-05-27,Davidzon Radio,CORP,Y,,,,Brooklyn,NY,11223,Unknown,4080.0,RADIO,Radio Ads.,Commercial,,N,N,commercial,radio
2025,1,2193,P,Blake,Michael,A,I,11,F,,,R0012748,6/18/2025,2025-06-18,DBG MEDIA PUBLISHERS,CORP,Y,,,,Brooklyn,NY,11238,Unknown,900.0,PRINT,Print Ads,Print Ad,,N,N,print ad,print
2025,1,2899,P,Mamdani,Zohran,K,H,10,F,,,R0111023,5/22/2025,2025-05-23,Debra Schommer Media Group,CORP,Y,,,,North Hollywood,CA,91606,Unknown,93500.0,TVADS,Television Ads.,TV Advertising,,N,N,tv advertising,television
2025,1,2899,P,Mamdani,Zohran,K,H,10,F,,,R0111027,5/22/2025,2025-05-23,Debra Schommer Media Group,CORP,Y,,,,North Hollywood,CA,91606,Unknown,150000.0,TVADS,Television Ads.,Digital Advertising,,N,N,digital advertising,television
2025,1,2899,P,Mamdani,Zohran,K,H,10,F,,,R0111033,5/22/2025,2025-05-23,Debra Schommer Media Group,CORP,Y,,,,North Hollywood,CA,91606,Unknown,14850.0,TVADS,Television Ads.,TV Production,,N,N,tv production,television
2025,1,2899,P,Mamdani,Zohran,K,H,10,F,,,R0111038,5/22/2025,2025-05-23,Debra Schommer Media Group,CORP,Y,,,,North Hollywood,CA,91606,Unknown,1650.0,TVADS,Television Ads.,TV Production,,N,N,tv production,television
2025,1,2899,P,Mamdani,Zohran,K,H,10,F,,,R0111042,5/27/2025,2025-05-28,Debra Schommer Media Group,CORP,Y,,,,North Hollywood,CA,91606,Unknown,280500.0,TVADS,Television Ads.,TV Advertising,,N,N,tv advertising,television
2025,1,2899,P,Mamdani,Zohran,K,H,10,F,,,R0111046,5/27/2025,2025-05-28,Debra Schommer Media Group,CORP,Y,,,,North Hollywood,CA,91606,Unknown,44550.0,TVADS,Television Ads.,TV Production,,N,N,tv production,television
2025,1,2899,P,Mamdani,Zohran,K,H,10,F,,,R0111051,5/27/2025,2025-05-28,Debra Schommer Media Group,CORP,Y,,,,North Hollywood,CA,91606,Unknown,4950.0,TVADS,Television Ads.,TV Production,,N,N,tv production,television
2025,1,2899,P,Mamdani,Zohran,K,H,10,F,,,R0111055,6/2/2025,2025-06-03,Debra Schommer Media Group,CORP,Y,,,,North Hollywood,CA,91606,Unknown,395250.0,TVADS,Television Ads.,TV Advertising,,N,N,tv advertising,television
2025,1,2899,P,Mamdani,Zohran,K,H,10,F,,,R0111059,6/2/2025,2025-06-03,Debra Schommer Media Group,CORP,Y,,,,North Hollywood,CA,91606,Unknown,62775.0,TVADS,Television Ads.,TV Production,,N,N,tv production,television
2025,1,2899,P,Mamdani,Zohran,K,H,10,F,,,R0111064,6/2/2025,2025-06-03,Debra Schommer Media Group,CORP,Y,,,,North Hollywood,CA,91606,Unknown,6975.0,TVADS,Television Ads.,TV Production,,N,N,tv production,television
2025,1,2899,P,Mamdani,Zohran,K,H,10,F,,,R0111068,6/2/2025,2025-06-03,Debra Schommer Media Group,CORP,Y,,,,North Hollywood,CA,91606,Unknown,165000.0,TVADS,Television Ads.,Digital Advertising,,N,N,digital advertising,television
2025,1,2899,P,Mamdani,Zohran,K,H,11,F,,,R0110335,6/9/2025,2025-06-10,Debra Schommer Media Group,CORP,Y,,,,North Hollywood,CA,91606,Unknown,450500.0,TVADS,Television Ads.,TV Advertising,,N,N,tv advertising,television
2025,1,2899,P,Mamdani,Zohran,K,H,11,F,,,R0110339,6/9/2025,2025-06-10,Debra Schommer Media Group,CORP,Y,,,,North Hollywood,CA,91606,Unknown,71550.0,TVADS,Television Ads.,TV Production,,N,N,tv production,television
2025,1,2899,P,Mamdani,Zohran,K,H,11,F,,,R0110344,6/9/2025,2025-06-10,Debra Schommer Media Group,CORP,Y,,,,North Hollywood,CA,91606,Unknown,7950.0,TVADS,Television Ads.,TV Production,,N,N,tv production,television
2025,1,2899,P,Mamdani,Zohran,K,H,11,F,,,R0110348,6/9/2025,2025-06-10,Debra Schommer Media Group,CORP,Y,,,,North Hollywood,CA,91606,Unknown,170000.0,TVADS,Television Ads.,Digital Advertising,,N,N,digital advertising,television
2025,1,2899,P,Mamdani,Zohran,K,H,11,F,,,R0110873,6/11/2025,2025-06-12,Debra Schommer Media Group,CORP,Y,,,,North Hollywood,CA,91606,Unknown,108077.5,TVADS,Television Ads.,TV Advertising,,N,N,tv advertising,television
2025,1,2899,P,Mamdani,Zohran,K,H,11,F,,,R0110878,6/11/2025,2025-06-12,Debra Schommer Media Group,CORP,Y,,,,North Hollywood,CA,91606,Unknown,17165.25,TVADS,Television Ads.,TV Production,,N,N,tv production,television
2025,1,2899,P,Mamdani,Zohran,K,H,11,F,,,R0110883,6/11/2025,2025-06-12,Debra Schommer Media Group,CORP,Y,,,,North Hollywood,CA,91606,Unknown,1907.25,TVADS,Television Ads.,TV Production,,N,N,tv production,television
2025,1,2899,P,Mamdani,Zohran,K,H,11,F,,,R0112043,6/16/2025,2025-06-16,Debra Schommer Media Group,CORP,Y,,,,North Hollywood,CA,91606,Unknown,745000.0,TVADS,Television Ads.,TV Advertising,,N,N,tv advertising,television
2025,1,2899,P,Mamdani,Zohran,K,H,11,F,,,R0112429,6/20/2025,2025-06-20,Debra Schommer Media Group,CORP,Y,,,,North Hollywood,CA,91606,Unknown,34000.0,TVADS,Television Ads.,TV Advertising,,N,N,tv advertising,television
2025,1,2899,P,Mamdani,Zohran,K,H,11,F,,,R0112432,6/20/2025,2025-06-20,Debra Schommer Media Group,CORP,Y,,,,North Hollywood,CA,91606,Unknown,5400.0,TVADS,Television Ads.,TV Production,,N,N,tv production,television
2025,1,2899,P,Mamdani,Zohran,K,H,11,F,,,R0112435,6/20/2025,2025-06-20,Debra Schommer Media Group,CORP,Y,,,,North Hollywood,CA,91606,Unknown,600.0,TVADS,Television Ads.,TV Production,,N,N,tv production,television
2025,1,2899,P,Mamdani,Zohran,K,H,13,F,,,R0220589,9/5/2025,2025-09-05,Debra Schommer Media Group,CORP,Y,,,,North Hollywood,CA,91606,Unknown,250000.0,TVADS,Television Ads.,TV Advertising,,N,N,tv advertising,television
2025,1,2899,P,Mamdani,Zohran,K,H,14,F,,,R0222549,9/5/2025,2025-09-30,Debra Schommer Media Group,CORP,Y,,,,North Hollywood,CA,91606,Unknown,308000.0,TVADS,Television Ads.,TV Advertising,,N,N,tv advertising,television
2025,1,2899,P,Mamdani,Zohran,K,H,14,F,,,R0222551,9/5/2025,2025-09-30,Debra Schommer Media Group,CORP,Y,,,,North Hollywood,CA,91606,Unknown,35000.0,TVADS,Television Ads.,TV Production,,N,N,tv production,television
2025,1,2899,P,Mamdani,Zohran,K,H,14,F,,,R0222553,9/5/2025,2025-09-30,Debra Schommer Media Group,CORP,Y,,,,North Hollywood,CA,91606,Unknown,7000.0,TVADS,Television Ads.,TV Production,,N,N,tv production,television
2025,1,2899,P,Mamdani,Zohran,K,H,14,F,,,R0222784,10/9/2025,2025-10-09,Debra Schommer Media Group,CORP,Y,,,,North Hollywood,CA,91606,Unknown,506000.0,TVADS,Television Ads.,TV Advertising,,N,N,tv advertising,television
2025,1,2899,P,Mamdani,Zohran,K,H,14,F,,,R0222788,10/9/2025,2025-10-09,Debra Schommer Media Group,CORP,Y,,,,North Hollywood,CA,91606,Unknown,11500.0,TVADS,Television Ads.,TV Production,,N,N,tv production,television
2025,1,2899,P,Mamdani,Zohran,K,H,14,F,,,R0222792,10/9/2025,2025-10-09,Debra Schommer Media Group,CORP,Y,,,,North Hollywood,CA,91606,Unknown,57500.0,TVADS,Television Ads.,TV Production,,N,N,tv production,television
2025,1,2899,P,Mamdani,Zohran,K,H,14,F,,,R0222797,10/14/2025,2025-10-14,Debra Schommer Media Group,CORP,Y,,,,North Hollywood,CA,91606,Unknown,660000.0,TVADS,Television Ads.,TV Advertising,,N,N,tv advertising,television
2025,1,2899,P,Mamdani,Zohran,K,H,14,F,,,R0222802,10/14/2025,2025-10-14,Debra Schommer Media Group,CORP,Y,,,,North Hollywood,CA,91606,Unknown,15000.0,TVADS,Television Ads.,TV Advertising,,N,N,tv advertising,television
2025,1,2899,P,Mamdani,Zohran,K,H,14,F,,,R0222806,10/14/2025,2025-10-14,Debra Schommer Media Group,CORP,Y,,,,North Hollywood,CA,91606,Unknown,75000.0,TVADS,Television Ads.,TV Production,,N,N,tv production,television
2025,1,2899,P,Mamdani,Zohran,K,H,15,F,,,R0222811,10/22/2025,2025-10-22,Debra Schommer Media Group,CORP,Y,,,,North Hollywood,CA,91606,Unknown,888000.0,TVADS,Television Ads.,TV Advertising,,N,N,tv advertising,television
2025,1,2899,P,Mamdani,Zohran,K,H,15,F,,,R0222815,10/22/2025,2025-10-22,Debra Schommer Media Group,CORP,Y,,,,North Hollywood,CA,91606,Unknown,12000.0,TVADS,Television Ads.,TV Production,,N,N,tv production,television
2025,1,2899,P,Mamdani,Zohran,K,H,15,F,,,R0222819,10/22/2025,2025-10-22,Debra Schommer Media Group,CORP,Y,,,,North Hollywood,CA,91606,Unknown,100000.0,TVADS,Television Ads.,TV Production,,N,N,tv production,television
2025,1,2899,P,Mamdani,Zohran,K,H,15,F,,,R0224287,10/28/2025,2025-10-28,Debra Schommer Media Group,CORP,Y,,,,North Hollywood,CA,91606,Unknown,936400.0,TVADS,Television Ads.,TV Advertising,,N,N,tv advertising,television
2025,1,2899,P,Mamdani,Zohran,K,H,15,F,,,R0224290,10/28/2025,2025-10-28,Debra Schommer Media Group,CORP,Y,,,,North Hollywood,CA,91606,Unknown,13100.0,TVADS,Television Ads.,TV Production,,N,N,tv production,television
2025,1,2899,P,Mamdani,Zohran,K,H,15,F,,,R0224293,10/28/2025,2025-10-28,Debra Schommer Media Group,CORP,Y,,,,North Hollywood,CA,91606,Unknown,105500.0,TVADS,Television Ads.,TV Production,,N,N,tv production,television
2025,1,2899,P,Mamdani,Zohran,K,H,9,F,,,R0108222,4/23/2025,2025-04-24,Debra Schommer Media Group,CORP,Y,,,,North Hollywood,CA,91606,Unknown,131750.0,TVADS,Television Ads.,TV Advertising,,N,N,tv advertising,television
2025,1,2899,P,Mamdani,Zohran,K,H,9,F,,,R0108228,4/23/2025,2025-04-24,Debra Schommer Media Group,CORP,Y,,,,North Hollywood,CA,91606,Unknown,2325.0,TVADS,Television Ads.,TV Production,,N,N,tv production,television
2025,1,2899,P,Mamdani,Zohran,K,H,9,F,,,R0108232,4/23/2025,2025-04-24,Debra Schommer Media Group,CORP,Y,,,,North Hollywood,CA,91606,Unknown,20925.0,TVADS,Television Ads.,TV Production,,N,N,tv production,television
2025,1,2899,P,Mamdani,Zohran,K,H,9,F,,,R0108236,4/28/2025,2025-04-28,Debra Schommer Media Group,CORP,Y,,,,North Hollywood,CA,91606,Unknown,158100.0,TVADS,Television Ads.,TV Advertising,,N,N,tv advertising,television
2025,1,2899,P,Mamdani,Zohran,K,H,9,F,,,R0108240,4/28/2025,2025-04-28,Debra Schommer Media Group,CORP,Y,,,,North Hollywood,CA,91606,Unknown,25110.0,TVADS,Television Ads.,TV Production,,N,N,tv production,television
2025,1,2899,P,Mamdani,Zohran,K,H,9,F,,,R0108244,4/28/2025,2025-04-28,Debra Schommer Media Group,CORP,Y,,,,North Hollywood,CA,91606,Unknown,2790.0,TVADS,Television Ads.,TV Production,,N,N,tv production,television
2025,1,2899,P,Mamdani,Zohran,K,H,9,F,,,R0108248,5/5/2025,2025-05-05,Debra Schommer Media Group,CORP,Y,,,,North Hollywood,CA,91606,Unknown,2455.35,TVADS,Television Ads.,TV Production,,N,N,tv production,television
2025,1,2899,P,Mamdani,Zohran,K,H,9,F,,,R0108252,5/5/2025,2025-05-05,Debra Schommer Media Group,CORP,Y,,,,North Hollywood,CA,91606,Unknown,22098.15,TVADS,Television Ads.,TV Production,,N,N,tv production,television
2025,1,2899,P,Mamdani,Zohran,K,H,9,F,,,R0108256,5/5/2025,2025-05-05,Debra Schommer Media Group,CORP,Y,,,,North Hollywood,CA,91606,Unknown,139136.5,TVADS,Television Ads.,TV Advertising,,N,N,tv advertising,television
2025,1,2899,P,Mamdani,Zohran,K,H,9,F,,,R0108260,5/8/2025,2025-05-08,Debra Schommer Media Group,CORP,Y,,,,North Hollywood,CA,91606,Unknown,1800.0,TVADS,Television Ads.,TV Production,,N,N,tv production,television
2025,1,2899,P,Mamdani,Zohran,K,H,9,F,,,R0108264,5/8/2025,2025-05-08,Debra Schommer Media Group,CORP,Y,,,,North Hollywood,CA,91606,Unknown,16200.0,TVADS,Television Ads.,TV Production,,N,N,tv production,television
2025,1,2899,P,Mamdani,Zohran,K,H,9,F,,,R0108268,5/8/2025,2025-05-08,Debra Schommer Media Group,CORP,Y,,,,North Hollywood,CA,91606,Unknown,102000.0,TVADS,Television Ads.,TV Advertising,,N,N,tv advertising,television
2025,1,2899,P,Mamdani,Zohran,K,H,9,F,,,R0108272,5/8/2025,2025-05-09,Debra Schommer Media Group,CORP,Y,,,,North Hollywood,CA,91606,Unknown,750.0,TVADS,Television Ads.,TV Production,,N,N,tv production,television
2025,1,2899,P,Mamdani,Zohran,K,H,9,F,,,R0108276,5/8/2025,2025-05-09,Debra Schommer Media Group,CORP,Y,,,,North Hollywood,CA,91606,Unknown,6750.0,TVADS,Television Ads.,TV Production,,N,N,tv production,television
2025,1,2899,P,Mamdani,Zohran,K,H,9,F,,,R0108280,5/8/2025,2025-05-09,Debra Schommer Media Group,CORP,Y,,,,North Hollywood,CA,91606,Unknown,42500.0,TVADS,Television Ads.,TV Advertising,,N,N,tv advertising,television
2025,1,2899,P,Mamdani,Zohran,K,H,9,F,,,R0108284,5/12/2025,2025-05-12,Debra Schommer Media Group,CORP,Y,,,,North Hollywood,CA,91606,Unknown,446250.0,TVADS,Television Ads.,TV Advertising,,N,N,tv advertising,television
2025,1,2899,P,Mamdani,Zohran,K,H,9,F,,,R0108288,5/12/2025,2025-05-12,Debra Schommer Media Group,CORP,Y,,,,North Hollywood,CA,91606,Unknown,148750.0,TVADS,Television Ads.,Digital Advertising,,N,N,digital advertising,television
2025,1,2899,P,Mamdani,Zohran,K,H,9,F,,,R0108292,5/12/2025,2025-05-12,Debra Schommer Media Group,CORP,Y,,,,North Hollywood,CA,91606,Unknown,94500.0,TVADS,Television Ads.,TV Production,,N,N,tv production,television
2025,1,2899,P,Mamdani,Zohran,K,H,9,F,,,R0108296,5/12/2025,2025-05-12,Debra Schommer Media Group,CORP,Y,,,,North Hollywood,CA,91606,Unknown,10500.0,TVADS,Television Ads.,TV Production,,N,N,tv production,television
2025,1,2899,P,Mamdani,Zohran,K,H,9,F,,,R0108300,5/19/2025,2025-05-19,Debra Schommer Media Group,CORP,Y,,,,North Hollywood,CA,91606,Unknown,408000.0,TVADS,Television Ads.,TV Advertising,,N,N,tv advertising,television
2025,1,2899,P,Mamdani,Zohran,K,H,9,F,,,R0108304,5/19/2025,2025-05-19,Debra Schommer Media Group,CORP,Y,,,,North Hollywood,CA,91606,Unknown,127500.0,TVADS,Television Ads.,Digital Advertising,,N,N,digital advertising,television
2025,1,2899,P,Mamdani,Zohran,K,H,9,F,,,R0108308,5/19/2025,2025-05-19,Debra Schommer Media Group,CORP,Y,,,,North Hollywood,CA,91606,Unknown,85050.0,TVADS,Television Ads.,TV Production,,N,N,tv production,television
2025,1,2899,P,Mamdani,Zohran,K,H,9,F,,,R0108312,5/19/2025,2025-05-19,Debra Schommer Media Group,CORP,Y,,,,North Hollywood,CA,91606,Unknown,9450.0,TVADS,Television Ads.,TV Production,,N,N,tv production,television
2025,1,2899,P,Mamdani,Zohran,K,H,15,F,,,R0224047,10/21/2025,2025-10-22,Der Blatt,CORP,Y,,,,Monroe,NY,10950,Unknown,1450.0,PRINT,Print Ads,Print Ads,,N,N,print ads,print
2025,1,2899,P,Mamdani,Zohran,K,H,15,F,,,R0224237,10/14/2025,2025-10-27,Desh,CORP,Y,,,,Flushing,NY,11372,Unknown,1200.0,PRINT,Print Ads,Print Ads,,N,N,print ads,print
2025,5,2917,P,Thompson,Collin,L,H,8,F,,,R0000405,2/20/2025,2025-02-21,Digital Room LLC,CORP,Y,,,,,,,Unknown,505.44,PRINT,Print Ads,Rack Cards,,N,N,rack cards,print
2025,5,2917,P,Thompson,Collin,L,H,8,F,,,R0000406,1/13/2025,2025-01-14,Digital Room LLC,CORP,Y,,,,,,,Unknown,651.3,PRINT,Print Ads,Banners,,N,N,banners,print
2025,5,2917,P,Thompson,Collin,L,H,8,F,,,R0000409,1/13/2025,2025-01-15,Digital Room LLC,CORP,Y,,,,,,,Unknown,440.8,PRINT,Print Ads,Banners,,N,N,banners,print
2025,5,2917,P,Thompson,Collin,L,H,8,F,,,R0000411,1/12/2025,2025-01-13,Digital Room LLC,CORP,Y,,,,,,,Unknown,658.88,PRINT,Print Ads,Rack Cards,,N,N,rack cards,print
2025,5,2867,P,Hankerson,Ty,,H,10,F,,,R0002770,6/6/2025,2025-06-06,Disney Campaign Manager,CORP,Y,,,,New York,NY,10013,Unknown,500.0,TVADS,Television Ads.,Streaming ADS,,N,N,streaming ads,television
2025,5,2867,P,Hankerson,Ty,,H,13,F,,,R0003027,6/6/2025,2025-06-14,Disney Campaign Manager,CORP,Y,,,,New York,NY,10013,Unknown,437.13,TVADS,Television Ads.,Streaming ADS,,N,N,streaming ads,television
2025,5,2867,P,Hankerson,Ty,,H,13,F,,,R0003031,6/25/2025,2025-06-25,Disney Campaign Manager,CORP,Y,,,,New York,NY,10013,Unknown,775.66,TVADS,Television Ads.,Streaming ADS,,N,N,streaming ads,television
2025,5,2867,P,Hankerson,Ty,,H,13,F,,,R0003034,7/8/2025,2025-07-08,Disney Campaign Manager,CORP,Y,,,,New York,NY,10013,Unknown,224.33,TVADS,Television Ads.,Streaming ADS,,N,N,streaming ads,television
2025,2,1227,P,Williams,Jumaane,D,R,10,F,,,R0048471,6/1/2025,2025-06-03,DMGSDG,LLC,Y,,,,Montclair,NJ,7042,Unknown,100000.0,TVADS,Television Ads.,commercial air time,,N,N,commercial air time,television
2025,2,1227,P,Williams,Jumaane,D,R,11,F,,,R0049062,6/10/2025,2025-06-18,DMGSDG,LLC,Y,,,,Montclair,NJ,7042,Unknown,10300.0,TVADS,Television Ads.,commercial air time,,N,N,commercial air time,television
2025,2,1227,P,Williams,Jumaane,D,R,9,F,,,R0047660,5/7/2025,2025-05-09,DMGSDG,LLC,Y,,,,Montclair,NJ,7042,Unknown,250000.0,TVADS,Television Ads.,commercial air time,,N,N,commercial air time,television
2025,4,1597,P,Edwards,Khari,,J,10,F,,,R0016091,6/5/2025,2025-06-06,Dominique Devereaux Inc.,CORP,Y,,,,Glen Rock,NJ,7452,Unknown,2000.0,RADIO,Radio Ads.,Radio Ads,,N,N,radio ads,radio
2025,5,2996,P,Clarke,Athena,,H,13,F,,,R0001374,9/25/2025,2025-09-25,Drop 40 Productions,OTHR,Y,,,,Brooklyn,NY,11225,Unknown,6000.0,TVADS,Television Ads.,Director ad,,N,N,director ad,television
2025,5,2972,P,Sarantopoulos,George,,H,11,F,,,R0002414,6/24/2025,2025-06-25,Drop Inc - Paypal,CORP,Y,,,,Commerce,CA,90023,Unknown,36.0,RADIO,Radio Ads.,eCommercial,,N,N,ecommercial,radio
2025,5,2972,P,Sarantopoulos,George,,H,11,F,,,R0002417,6/24/2025,2025-06-25,Drop Inc - Paypal,CORP,Y,,,,Commerce,CA,90023,Unknown,36.0,RADIO,Radio Ads.,eCommercial,,N,N,ecommercial,radio
2025,5,2972,P,Sarantopoulos,George,,H,11,F,,,R0002420,6/24/2025,2025-06-25,Drop Inc - Paypal,CORP,Y,,,,Commerce,CA,90023,Unknown,36.0,RADIO,Radio Ads.,eCommercial,,N,N,ecommercial,radio
2025,5,2972,P,Sarantopoulos,George,,H,11,F,,,R0002423,6/24/2025,2025-06-25,Drop Inc - Paypal,CORP,Y,,,,Commerce,CA,90023,Unknown,36.0,RADIO,Radio Ads.,eCommercial,,N,N,ecommercial,radio
2025,5,2972,P,Sarantopoulos,George,,H,11,F,,,R0002426,6/24/2025,2025-06-25,Drop Inc - Paypal,CORP,Y,,,,Commerce,CA,90023,Unknown,36.0,RADIO,Radio Ads.,eCommercial,,N,N,ecommercial,radio
2025,5,2972,P,Sarantopoulos,George,,H,11,F,,,R0002429,6/24/2025,2025-06-25,Drop Inc - Paypal,CORP,Y,,,,Commerce,CA,90023,Unknown,36.0,RADIO,Radio Ads.,eCommercial,,N,N,ecommercial,radio
2025,5,2972,P,Sarantopoulos,George,,H,11,F,,,R0002432,6/18/2025,2025-06-23,Drop Inc - Paypal,CORP,Y,,,,Commerce,CA,90023,Unknown,103.0,RADIO,Radio Ads.,eCommercial,,N,N,ecommercial,radio
2025,5,2972,P,Sarantopoulos,George,,H,11,F,,,R0002435,6/18/2025,2025-06-20,Drop Inc - Paypal,CORP,Y,,,,Commerce,CA,90023,Unknown,361.0,RADIO,Radio Ads.,eCommercial,,N,N,ecommercial,radio
2025,5,2972,P,Sarantopoulos,George,,H,15,F,,,R0004543,10/28/2025,2025-10-28,Drop Inc - Paypal,CORP,Y,,,,Commerce,CA,90023,Unknown,103.0,RADIO,Radio Ads.,eCommercial,,N,N,ecommercial,radio
2025,5,2972,P,Sarantopoulos,George,,H,9,F,,,R0000674,3/23/2025,2025-03-23,Drop Inc - Paypal,CORP,Y,,,,Commerce,CA,90023,Unknown,361.0,RADIO,Radio Ads.,eCommercial,,N,N,ecommercial,radio
2025,5,2973,P,Chou,Benjamin,,H,11,F,,,R0003069,6/27/2025,2025-06-27,DS Political,CORP,Y,,,,Washington,DC,20005,Unknown,2494.06,PRINT,Print Ads,Media ads,,N,N,media ads,print
2025,5,2972,P,Sarantopoulos,George,,H,10,F,,,R0001802,4/23/2025,2025-06-04,Duna News Inc,CORP,Y,,,,Brooklyn,NY,11230,Unknown,1500.0,PRINT,Print Ads,Full Page Ads,,N,N,full page ads,print
2025,5,2972,P,Sarantopoulos,George,,H,11,F,,,R0002493,4/23/2025,2025-06-24,Duna News Inc,CORP,Y,,,,Brooklyn,NY,11230,Unknown,1500.0,PRINT,Print Ads,Full Page Ads,,N,N,full page ads,print
2025,5,2972,P,Sarantopoulos,George,,H,14,F,,,R0003963,10/3/2025,2025-10-03,Duna News Inc,CORP,Y,,,,Brooklyn,NY,11230,Unknown,1000.0,PRINT,Print Ads,Ads,,N,N,ads,print
2025,5,2972,P,Sarantopoulos,George,,H,15,F,,,R0004590,10/3/2025,2025-10-10,Duna News Inc,CORP,Y,,,,Brooklyn,NY,11230,Unknown,1250.0,PRINT,Print Ads,Ads,,N,N,ads,print
2025,5,2972,P,Sarantopoulos,George,,H,15,F,,,R0004592,10/3/2025,2025-10-28,Duna News Inc,CORP,Y,,,,Brooklyn,NY,11230,Unknown,1250.0,PRINT,Print Ads,Ads,,N,N,ads,print
2025,5,2972,P,Sarantopoulos,George,,H,9,F,,,R0001003,4/23/2025,2025-04-28,Duna News Inc,CORP,Y,,,,Brooklyn,NY,11230,Unknown,1500.0,PRINT,Print Ads,Full Page Ads,,N,N,full page ads,print
2025,4,1597,P,Edwards,Khari,,J,11,F,,,R0016401,6/18/2025,2025-06-24,Dunya News,CORP,Y,,,,Brooklyn,NY,11230,Unknown,800.0,PRINT,Print Ads,Print Ad,,N,N,print ad,print
2025,5,2620,P,Mohan,Radhakrishna,,I,15,F,,,R0003500,10/29/2025,2025-10-29,Dunya News,CORP,Y,,,,Brooklyn,NY,11230,Unknown,1200.0,PRINT,Print Ads,Advertising,,N,N,advertising,print
2025,5,2620,P,Mohan,Radhakrishna,,I,15,F,,,R0003503,10/29/2025,2025-10-31,Dunya News,CORP,Y,,,,Brooklyn,NY,11230,Unknown,1200.0,PRINT,Print Ads,Advertising,,N,N,advertising,print
2025,5,2975,P,Barsamian,Dikran,,H,11,F,,,R0001457,6/5/2025,2025-06-17,Dunya News Inc.,CORP,Y,,,,Brooklyn,NY,11230,Unknown,1500.0,PRINT,Print Ads,News Ad,,N,N,news ad,print
2025,5,2312,P,Bottcher,Erik,,K,14,F,,,R0016639,10/4/2025,2025-10-06,Duotone 365,LLC,Y,,,,Englewood,NJ,7631,Unknown,511.8,PRINT,Print Ads,Banner Printing,,N,N,banner printing,print
2025,5,2489,P,Gates,Sabrina,,I,11,F,,,R0001707,6/12/2025,2025-06-12,Eagle Urban Media,CORP,Y,,,,Brooklyn Heights,NY,11201,Unknown,1250.0,PRINT,Print Ads,Brooklyn Eagle,,N,N,brooklyn eagle,print
2025,5,2489,P,Gates,Sabrina,,I,11,F,,,R0001733,6/23/2025,2025-06-23,Eagle Urban Media,CORP,Y,,,,Brooklyn Heights,NY,11201,Unknown,500.0,PRINT,Print Ads,Ads,,N,N,ads,print
2025,5,2975,P,Barsamian,Dikran,,H,11,F,,,R0001585,6/17/2025,2025-06-26,Eagle Urban Media,CORP,Y,,,,Brooklyn Heights,NY,11201,Unknown,1000.0,PRINT,Print Ads,News Ad,,N,N,news ad,print
2025,1,2899,P,Mamdani,Zohran,K,H,15,F,,,R0223677,10/16/2025,2025-10-22,El Diario,LLC,Y,,,,Las Vegas,NV,89193,Unknown,10000.0,PRINT,Print Ads,Print Ads,,N,N,print ads,print
2025,1,2993,P,Cuomo,Andrew,M,H,15,F,,,R0056425,10/17/2025,2025-10-22,El Especialito,CORP,Y,,,,Union City,NJ,7087,Unknown,6300.0,PRINT,Print Ads,Newspaper Ad,,N,N,newspaper ad,print
2025,5,2892,P,Ortiz,Antirson,R,H,11,F,,,R0002332,6/8/2025,2025-06-13,Entre Lideres,CORP,Y,,,,New York,NY,10034,Unknown,1000.0,TVADS,Television Ads.,Promo Televison Ads,,N,N,promo televison ads,television
2025,5,2343,P,Ung,Sandra,,K,14,F,,,R0002073,10/10/2025,2025-10-10,Epoch Group Inc,CORP,Y,,,,New York,NY,10001,Unknown,2200.0,PRINT,Print Ads,eday ads,,N,N,eday ads,print
2025,5,2343,P,Ung,Sandra,,K,9,F,,,R0001851,3/17/2025,2025-03-17,Epoch Group Inc,CORP,Y,,,,New York,NY,10001,Unknown,500.0,PRINT,Print Ads,2024 xmas ads,,N,N,2024 xmas ads,print
2025,5,2937,P,Ye,Ling,,H,11,F,,,R0002615,6/13/2025,2025-06-23,Epoch Group INC,CORP,Y,,,,New York,NY,10001,Unknown,1500.0,PRINT,Print Ads,Newspaper Ad,,N,N,newspaper ad,print
2025,5,2942,P,Wong,Phil,W,H,14,F,,,R0003784,10/20/2025,2025-10-20,Epoch Group Inc,CORP,Y,,,,New York,NY,10001,Unknown,3700.0,PRINT,Print Ads,ads,,N,N,ads,print
2025,5,2942,P,Wong,Phil,W,H,14,F,,,R0003819,6/8/2025,2025-06-08,Epoch Group Inc,CORP,Y,,,,New York,NY,10001,Unknown,2000.0,PRINT,Print Ads,Ads,,N,N,ads,print
2025,5,3025,P,Wang,Steven,,H,16,F,,,R0000986,8/20/2025,2025-08-20,Epoch Group inc,CORP,Y,,,,New York,NY,10001,Unknown,2000.0,PRINT,Print Ads,NEWSPAPER ADS,,N,N,newspaper ads,print
2025,5,2384,P,Paladino,Vickie,,K,13,F,,,R0014762,9/27/2025,2025-09-28,Epoch Times,OTHR,Y,,,,New York,NY,10001,Unknown,1200.0,PRINT,Print Ads,Ads,,N,N,ads,print
2025,1,2618,P,Sliwa,Curtis,A,I,14,F,,,R0137192,10/1/2025,2025-10-01,Epoch Times,CORP,Y,,,,New York,NY,10001,Unknown,9750.0,PRINT,Print Ads,print ads,,N,N,print ads,print
2025,5,1185,NP,King,Andy,,N,13,F,,,R0002372,6/9/2025,2025-06-09,Facebook,CORP,Y,,,,Menlo Park,CA,94025,Unknown,9.17,PRINT,Print Ads,social media,,N,N,social media,print
2025,5,2312,P,Bottcher,Erik,,K,15,F,,,R0016716,10/30/2025,2025-10-30,"Facebook / Meta Platforms, Inc",CORP,Y,,,,Menlo Park,CA,94025,Unknown,2.0,PRINT,Print Ads,Social Media Boost,,N,N,social media boost,print
2025,5,2312,P,Bottcher,Erik,,K,15,F,,,R0016719,10/30/2025,2025-10-30,"Facebook / Meta Platforms, Inc",CORP,Y,,,,Menlo Park,CA,94025,Unknown,3.0,PRINT,Print Ads,Social Media Boost,,N,N,social media boost,print
2025,5,2312,P,Bottcher,Erik,,K,15,F,,,R0016722,10/30/2025,2025-10-30,"Facebook / Meta Platforms, Inc",CORP,Y,,,,Menlo Park,CA,94025,Unknown,4.0,PRINT,Print Ads,Social Media Boost,,N,N,social media boost,print
2025,5,2312,P,Bottcher,Erik,,K,15,F,,,R0016725,10/30/2025,2025-10-30,"Facebook / Meta Platforms, Inc",CORP,Y,,,,Menlo Park,CA,94025,Unknown,5.0,PRINT,Print Ads,Social Media Boost,,N,N,social media boost,print
2025,5,2312,P,Bottcher,Erik,,K,15,F,,,R0016728,10/30/2025,2025-10-30,"Facebook / Meta Platforms, Inc",CORP,Y,,,,Menlo Park,CA,94025,Unknown,6.0,PRINT,Print Ads,Social Media Boost,,N,N,social media boost,print
2025,5,2312,P,Bottcher,Erik,,K,15,F,,,R0016731,10/30/2025,2025-10-30,"Facebook / Meta Platforms, Inc",CORP,Y,,,,Menlo Park,CA,94025,Unknown,7.0,PRINT,Print Ads,Social Media Boost,,N,N,social media boost,print
2025,5,2312,P,Bottcher,Erik,,K,15,F,,,R0016734,10/30/2025,2025-10-30,"Facebook / Meta Platforms, Inc",CORP,Y,,,,Menlo Park,CA,94025,Unknown,8.0,PRINT,Print Ads,Social Media Boost,,N,N,social media boost,print
2025,5,2312,P,Bottcher,Erik,,K,15,F,,,R0016737,10/30/2025,2025-10-30,"Facebook / Meta Platforms, Inc",CORP,Y,,,,Menlo Park,CA,94025,Unknown,9.0,PRINT,Print Ads,Social Media Boost,,N,N,social media boost,print
2025,5,2312,P,Bottcher,Erik,,K,15,F,,,R0016740,10/30/2025,2025-10-30,"Facebook / Meta Platforms, Inc",CORP,Y,,,,Menlo Park,CA,94025,Unknown,10.0,PRINT,Print Ads,Social Media Boost,,N,N,social media boost,print
2025,5,2312,P,Bottcher,Erik,,K,15,F,,,R0016743,10/30/2025,2025-10-30,"Facebook / Meta Platforms, Inc",CORP,Y,,,,Menlo Park,CA,94025,Unknown,11.0,PRINT,Print Ads,Social Media Boost,,N,N,social media boost,print
2025,5,2312,P,Bottcher,Erik,,K,15,F,,,R0016746,10/30/2025,2025-10-30,"Facebook / Meta Platforms, Inc",CORP,Y,,,,Menlo Park,CA,94025,Unknown,12.0,PRINT,Print Ads,Social Media Boost,,N,N,social media boost,print
2025,5,2312,P,Bottcher,Erik,,K,15,F,,,R0016749,10/30/2025,2025-10-30,"Facebook / Meta Platforms, Inc",CORP,Y,,,,Menlo Park,CA,94025,Unknown,13.0,PRINT,Print Ads,Social Media Boost,,N,N,social media boost,print
2025,5,2312,P,Bottcher,Erik,,K,15,F,,,R0016752,10/30/2025,2025-10-30,"Facebook / Meta Platforms, Inc",CORP,Y,,,,Menlo Park,CA,94025,Unknown,14.0,PRINT,Print Ads,Social Media Boost,,N,N,social media boost,print
2025,5,2312,P,Bottcher,Erik,,K,15,F,,,R0016755,10/30/2025,2025-10-30,"Facebook / Meta Platforms, Inc",CORP,Y,,,,Menlo Park,CA,94025,Unknown,14.0,PRINT,Print Ads,Social Media Boost,,N,N,social media boost,print
2025,5,2312,P,Bottcher,Erik,,K,15,F,,,R0016758,10/30/2025,2025-10-30,"Facebook / Meta Platforms, Inc",CORP,Y,,,,Menlo Park,CA,94025,Unknown,14.0,PRINT,Print Ads,Social Media Boost,,N,N,social media boost,print
2025,5,2312,P,Bottcher,Erik,,K,15,F,,,R0016761,10/31/2025,2025-10-31,"Facebook / Meta Platforms, Inc",CORP,Y,,,,Menlo Park,CA,94025,Unknown,14.0,PRINT,Print Ads,Social Media Boost,,N,N,social media boost,print
2025,5,2312,P,Bottcher,Erik,,K,15,F,,,R0016764,10/31/2025,2025-10-31,"Facebook / Meta Platforms, Inc",CORP,Y,,,,Menlo Park,CA,94025,Unknown,14.0,PRINT,Print Ads,Social Media Boost,,N,N,social media boost,print
2025,5,2312,P,Bottcher,Erik,,K,15,F,,,R0016767,10/31/2025,2025-10-31,"Facebook / Meta Platforms, Inc",CORP,Y,,,,Menlo Park,CA,94025,Unknown,14.0,PRINT,Print Ads,Social Media Boost,,N,N,social media boost,print
2025,5,2312,P,Bottcher,Erik,,K,15,F,,,R0016770,10/31/2025,2025-10-31,"Facebook / Meta Platforms, Inc",CORP,Y,,,,Menlo Park,CA,94025,Unknown,14.0,PRINT,Print Ads,Social Media Boost,,N,N,social media boost,print
2025,5,2312,P,Bottcher,Erik,,K,15,F,,,R0016773,10/31/2025,2025-10-31,"Facebook / Meta Platforms, Inc",CORP,Y,,,,Menlo Park,CA,94025,Unknown,14.0,PRINT,Print Ads,Social Media Boost,,N,N,social media boost,print
2025,5,2312,P,Bottcher,Erik,,K,15,F,,,R0016776,10/31/2025,2025-10-31,"Facebook / Meta Platforms, Inc",CORP,Y,,,,Menlo Park,CA,94025,Unknown,14.0,PRINT,Print Ads,Social Media Boost,,N,N,social media boost,print
2025,5,2312,P,Bottcher,Erik,,K,15,F,,,R0016779,10/31/2025,2025-10-31,"Facebook / Meta Platforms, Inc",CORP,Y,,,,Menlo Park,CA,94025,Unknown,14.0,PRINT,Print Ads,Social Media Boost,,N,N,social media boost,print
2025,5,2312,P,Bottcher,Erik,,K,15,F,,,R0016782,10/31/2025,2025-10-31,"Facebook / Meta Platforms, Inc",CORP,Y,,,,Menlo Park,CA,94025,Unknown,14.0,PRINT,Print Ads,Social Media Boost,,N,N,social media boost,print
2025,5,2312,P,Bottcher,Erik,,K,15,F,,,R0016785,10/31/2025,2025-10-31,"Facebook / Meta Platforms, Inc",CORP,Y,,,,Menlo Park,CA,94025,Unknown,14.0,PRINT,Print Ads,Social Media Boost,,N,N,social media boost,print
2025,5,2312,P,Bottcher,Erik,,K,15,F,,,R0016788,10/31/2025,2025-10-31,"Facebook / Meta Platforms, Inc",CORP,Y,,,,Menlo Park,CA,94025,Unknown,14.0,PRINT,Print Ads,Social Media Boost,,N,N,social media boost,print
2025,5,2312,P,Bottcher,Erik,,K,15,F,,,R0016791,10/31/2025,2025-10-31,"Facebook / Meta Platforms, Inc",CORP,Y,,,,Menlo Park,CA,94025,Unknown,14.0,PRINT,Print Ads,Social Media Boost,,N,N,social media boost,print
2025,5,2312,P,Bottcher,Erik,,K,15,F,,,R0016794,10/31/2025,2025-10-31,"Facebook / Meta Platforms, Inc",CORP,Y,,,,Menlo Park,CA,94025,Unknown,16.0,PRINT,Print Ads,Social Media Boost,,N,N,social media boost,print
2025,5,2312,P,Bottcher,Erik,,K,15,F,,,R0016797,10/31/2025,2025-10-31,"Facebook / Meta Platforms, Inc",CORP,Y,,,,Menlo Park,CA,94025,Unknown,18.0,PRINT,Print Ads,Social Media Boost,,N,N,social media boost,print
2025,5,2312,P,Bottcher,Erik,,K,15,F,,,R0016800,10/31/2025,2025-10-31,"Facebook / Meta Platforms, Inc",CORP,Y,,,,Menlo Park,CA,94025,Unknown,20.0,PRINT,Print Ads,Social Media Boost,,N,N,social media boost,print
2025,5,2312,P,Bottcher,Erik,,K,15,F,,,R0016803,10/31/2025,2025-10-31,"Facebook / Meta Platforms, Inc",CORP,Y,,,,Menlo Park,CA,94025,Unknown,250.0,PRINT,Print Ads,Social Media Boost,,N,N,social media boost,print
2025,5,2312,P,Bottcher,Erik,,K,15,F,,,R0016806,11/1/2025,2025-11-01,"Facebook / Meta Platforms, Inc",CORP,Y,,,,Menlo Park,CA,94025,Unknown,250.0,PRINT,Print Ads,Social Media Boost,,N,N,social media boost,print
2025,5,2895,P,Joseph,Shakur,T,H,11,F,,,R0001386,6/1/2025,2025-06-01,Facebook Ads,CORP,Y,,,,Menlo Park,CA,94025,Unknown,100.0,TVADS,Television Ads.,Social Media Ads,,N,N,social media ads,television
2025,5,2895,P,Joseph,Shakur,T,H,11,F,,,R0001387,6/11/2025,2025-06-11,Facebook Ads,CORP,Y,,,,Menlo Park,CA,94025,Unknown,139.31,TVADS,Television Ads.,Social Media Ads,,N,N,social media ads,television
2025,5,2895,P,Joseph,Shakur,T,H,11,F,,,R0001388,6/23/2025,2025-06-23,Facebook Ads,CORP,Y,,,,Menlo Park,CA,94025,Unknown,100.0,TVADS,Television Ads.,Social Media Ads,,N,N,social media ads,television
2025,1,2897,P,Manning,James,L,H,8,F,,,R0000322,2/3/2025,2025-02-06,Fast Signs,CORP,Y,,,,Glendale,NY,11385,Unknown,869.08,PRINT,Print Ads,Van vinyl graphics,,N,N,van vinyl graphics,print
2025,1,2897,P,Manning,James,L,H,8,F,,,R0000407,2/3/2025,2025-02-14,Fast Signs,CORP,Y,,,,Glendale,NY,11385,Unknown,869.08,PRINT,Print Ads,Van vinyl graphics,,N,N,van vinyl graphics,print
2025,5,2622,P,Ryan,Allie,L,J,10,F,,,R0001368,5/16/2025,2025-05-16,FastSigns,CORP,Y,,,,New York,NY,10012,Unknown,202.28,PRINT,Print Ads,Banner,,N,N,banner,print
2025,5,2917,P,Thompson,Collin,L,H,10,F,,,R0001110,5/27/2025,2025-05-28,FEDEX,CORP,Y,,,,,,,Unknown,99.94,PRINT,Print Ads,printing services,,N,N,printing services,print
2025,5,2917,P,Thompson,Collin,L,H,10,F,,,R0001113,5/24/2025,2025-05-27,FEDEX,CORP,Y,,,,,,,Unknown,7.41,PRINT,Print Ads,printing services,,N,N,printing services,print
2025,4,2988,P,Acquafredda,Janine,,H,15,F,,,R0004520,10/31/2025,2025-10-31,FiDi Media,CORP,Y,,,,New York,NY,10038,Unknown,92896.0,TVADS,Television Ads.,TV Ad Buy,,N,N,tv ad buy,television
2025,2,2855,NP,Aquino,Angela,,H,7,F,,,R0000891,11/25/2024,2024-11-25,FIVERR,OTHR,Y,,,,,,,Unknown,13.55,PRINT,Print Ads,transpo worker,,N,N,transpo worker,print
2025,5,1717,P,Kagan,Ari,,M,11,F,,,R0010660,6/9/2025,2025-06-10,Flatbush Jewish Journal,CORP,Y,,,,Brooklyn,NY,11230,Unknown,4600.0,PRINT,Print Ads,ads,,N,N,ads,print
2025,5,1717,P,Kagan,Ari,,M,9,F,,,R0009487,4/7/2025,2025-04-07,Flatbush Jewish Journal,CORP,Y,,,,Brooklyn,NY,11230,Unknown,400.0,PRINT,Print Ads,ads,,N,N,ads,print
2025,5,2423,P,Vernikov,Inna,,J,11,F,,,R0009485,6/10/2025,2025-06-10,Flatbush Jewish Journal,OTHR,Y,,,,Brooklyn,NY,11230,Unknown,5000.0,PRINT,Print Ads,Magazine Ads,,N,N,magazine ads,print
2025,1,2993,P,Cuomo,Andrew,M,H,15,F,,,R0056591,10/21/2025,2025-10-23,Flatbush Jewish Journal,CORP,Y,,,,Brooklyn,NY,11230,Unknown,1900.0,PRINT,Print Ads,Page Ads,,N,N,page ads,print
2025,3,311,P,Levine,Mark,,P,11,F,,,R0039385,6/10/2025,2025-06-10,Flatbush Jewish Journal,CORP,Y,,,,Brooklyn,NY,11230,Unknown,1600.0,PRINT,Print Ads,Weekly Ads,,N,N,weekly ads,print
2025,5,2853,P,Flores,Louis,,H,5,D,,,R0000052,,2024-06-27,"Flores, Louis",IND,N,,,,New York,NY,10001,,11.43,PRINT,Print Ads,Copy flyers,,N,,copy flyers,print
2025,5,433,P,Schulman,Lynn,,M,5,F,,,R0008487,7/9/2024,2024-07-09,Forest Hills Jewish Center,CORP,Y,,,,Flushing,NY,11375,Unknown,400.0,PRINT,Print Ads,Journal,,N,N,journal,print
2025,5,433,P,Schulman,Lynn,,M,8,F,,,R0009777,3/1/2025,2025-03-12,Forest Hills Jewish Center,CORP,Y,,,,Flushing,NY,11375,Unknown,400.0,PRINT,Print Ads,Journal,,N,N,journal,print
2025,4,2988,P,Acquafredda,Janine,,H,15,F,,,R0004449,11/3/2025,2025-11-04,Freedom FM,CORP,Y,,,,Brooklyn,NY,11224,Unknown,1000.0,RADIO,Radio Ads.,Radio Commercial,,N,N,radio commercial,radio
2025,5,2975,P,Barsamian,Dikran,,H,11,F,,,R0001455,6/17/2025,2025-06-18,Freedom FM Radio,CORP,Y,,,,Brooklyn,NY,11224,Unknown,1500.0,RADIO,Radio Ads.,Radio Commercial,,N,N,radio commercial,radio
2025,5,2975,P,Barsamian,Dikran,,H,11,F,,,R0001611,6/3/2025,2025-06-06,Freedom FM Radio,CORP,Y,,,,Brooklyn,NY,11224,Unknown,2500.0,RADIO,Radio Ads.,Radio Commercial,,N,N,radio commercial,radio
2025,4,1550,P,Reynoso,Antonio,,M,10,F,,,R0022891,6/4/2025,2025-06-06,FriedCo Media,CORP,Y,,,,Brooklyn,NY,11211,Unknown,24080.0,PRINT,Print Ads,Marketing & media,,N,N,marketing & media,print
2025,5,2455,P,Restler,Lincoln,,K,11,F,,,R0003926,6/11/2025,2025-06-17,FriedCo Media,CORP,Y,,,,Brooklyn,NY,11211,Unknown,10000.0,PRINT,Print Ads,advertising,,N,N,advertising,print
2025,5,2455,P,Restler,Lincoln,,K,11,F,,,R0003928,6/11/2025,2025-06-17,FriedCo Media,CORP,Y,,,,Brooklyn,NY,11211,Unknown,10000.0,PRINT,Print Ads,advertising,,N,N,advertising,print
2025,5,2455,P,Restler,Lincoln,,K,11,F,,,R0003930,6/19/2025,2025-06-19,FriedCo Media,CORP,Y,,,,Brooklyn,NY,11211,Unknown,5000.0,PRINT,Print Ads,advertising,,N,N,advertising,print
2025,1,2993,P,Cuomo,Andrew,M,H,11,F,,,R0030881,6/11/2025,2025-06-12,FriedCo Media,CORP,Y,,,,Brooklyn,NY,11211,Unknown,20000.0,PRINT,Print Ads,Ads,,N,N,ads,print
2025,5,313,P,Felder,Simcha,,I,14,F,,,R0001532,10/6/2025,2025-10-08,Friedco Media,CORP,Y,,,,Brooklyn,NY,11211,Unknown,67544.81,PRINT,Print Ads,Advertising,,N,N,advertising,print
2025,5,313,P,Felder,Simcha,,I,15,F,,,R0001563,10/28/2025,2025-10-28,Friedco Media,CORP,Y,,,,Brooklyn,NY,11211,Unknown,38740.0,PRINT,Print Ads,Advertising,,N,N,advertising,print
2025,5,1717,P,Kagan,Ari,,M,10,F,,,R0010500,5/22/2025,2025-05-22,Geometria Media Company,CORP,Y,,,,,,,Unknown,2819.86,TVADS,Television Ads.,Ads,,N,N,ads,television
2025,5,2343,P,Ung,Sandra,,K,14,F,,,R0002124,10/14/2025,2025-10-14,Global Chinese Times,CORP,Y,,,,Flushing,NY,11354,Unknown,1000.0,PRINT,Print Ads,eday ads,,N,N,eday ads,print
2025,4,296,P,Hoylman-Sigal,Brad,,K,10,F,,,R0008618,6/3/2025,2025-06-04,GMMB,CORP,Y,,,,Washington,DC,20007,Unknown,62004.0,TVADS,Television Ads.,air fees,,N,N,air fees,television
2025,4,296,P,Hoylman-Sigal,Brad,,K,10,F,,,R0008957,6/3/2025,2025-06-06,GMMB,CORP,Y,,,,Washington,DC,20007,Unknown,41701.0,TVADS,Television Ads.,air fees,,N,N,air fees,television
2025,4,296,P,Hoylman-Sigal,Brad,,K,11,F,,,R0009071,6/12/2025,2025-06-13,GMMB,CORP,Y,,,,Washington,DC,20007,Unknown,61996.0,TVADS,Television Ads.,air fees,,N,N,air fees,television
2025,4,296,P,Hoylman-Sigal,Brad,,K,11,F,,,R0009074,6/12/2025,2025-06-13,GMMB,CORP,Y,,,,Washington,DC,20007,Unknown,41701.0,TVADS,Television Ads.,air fees,,N,N,air fees,television
2025,5,2856,P,Murillo,Jason,C,H,8,F,,,R0000486,2/28/2025,2025-02-28,GoDaddy,LLC,Y,,,,Tempe,AZ,85281,Unknown,35.16,RADIO,Radio Ads.,Radio Promotion,,N,N,radio promotion,radio
2025,5,2867,P,Hankerson,Ty,,H,7,F,,,R0001491,1/4/2025,2025-01-11,"Golsey Jr, Christopher",IND,N,,,,Valley Stream,NY,11581,Unknown,500.0,PRINT,Print Ads,Social media Ad,,N,N,social media ad,print
2025,5,2598,P,Aiken,David,,I,11,F,,,R0002448,6/18/2025,2025-06-20,Gotham Graphics Corp,CORP,Y,,,,Flushing,NY,11369,Unknown,925.44,PRINT,Print Ads,campaign posters,,N,N,campaign posters,print
2025,5,2598,P,Aiken,David,,I,11,F,,,R0002451,6/19/2025,2025-06-20,Gotham Graphics Corp,CORP,Y,,,,Flushing,NY,11369,Unknown,1021.0,PRINT,Print Ads,campaign literature,,N,N,campaign literature,print
2025,5,2598,P,Aiken,David,,I,11,F,,,R0002454,6/17/2025,2025-06-18,Gotham Graphics Corp,CORP,Y,,,,Flushing,NY,11369,Unknown,2068.63,PRINT,Print Ads,palm cards,,N,N,palm cards,print
2025,5,2598,P,Aiken,David,,I,11,F,,,R0002457,6/11/2025,2025-06-13,Gotham Graphics Corp,CORP,Y,,,,Flushing,NY,11369,Unknown,2218.63,PRINT,Print Ads,palm cards,,N,N,palm cards,print
2025,5,2598,P,Aiken,David,,I,11,F,,,R0002460,6/17/2025,2025-06-18,Gotham Graphics Corp,CORP,Y,,,,Flushing,NY,11369,Unknown,2056.5,PRINT,Print Ads,campaign mailers,,N,N,campaign mailers,print
2025,5,2598,P,Aiken,David,,I,11,F,,,R0002463,6/6/2025,2025-06-13,Gotham Graphics Corp,CORP,Y,,,,Flushing,NY,11369,Unknown,2056.5,PRINT,Print Ads,campaign mailers,,N,N,campaign mailers,print
2025,5,2598,P,Aiken,David,,I,11,F,,,R0002466,6/6/2025,2025-06-10,Gotham Graphics Corp,CORP,Y,,,,Flushing,NY,11369,Unknown,2056.5,PRINT,Print Ads,campaign mailers,,N,N,campaign mailers,print
2025,2,1682,P,Rajkumar,Jenifer,,I,9,F,,,R0007782,1/30/2025,2025-03-20,Government Media Executive Gro,LLC,Y,,,,New York,NY,10005,Unknown,6000.0,PRINT,Print Ads,Sponsored Article,,N,N,sponsored article,print
2025,1,1164,P,Lander,Brad,,N,10,F,,,R0109111,5/29/2025,2025-05-29,Great American Media,CORP,Y,,,,St. Louis,MO,63177,Unknown,20000.0,TVADS,Television Ads.,TV and digital,,N,N,tv and digital,television
2025,1,1164,P,Lander,Brad,,N,10,F,,,R0109129,5/29/2025,2025-05-29,Great American Media,CORP,Y,,,,St. Louis,MO,63177,Unknown,200935.0,TVADS,Television Ads.,TV and digital,,N,N,tv and digital,television
2025,1,1164,P,Lander,Brad,,N,10,F,,,R0109214,5/30/2025,2025-05-30,Great American Media,CORP,Y,,,,St. Louis,MO,63177,Unknown,75106.5,TVADS,Television Ads.,TV and digital,,N,N,tv and digital,television
2025,1,1164,P,Lander,Brad,,N,10,F,,,R0109242,5/30/2025,2025-05-30,Great American Media,CORP,Y,,,,St. Louis,MO,63177,Unknown,207456.0,TVADS,Television Ads.,TV and digital,,N,N,tv and digital,television
2025,1,1164,P,Lander,Brad,,N,10,F,,,R0109348,6/5/2025,2025-06-05,Great American Media,CORP,Y,,,,St. Louis,MO,63177,Unknown,207456.0,TVADS,Television Ads.,TV and digital,,N,N,tv and digital,television
2025,1,1164,P,Lander,Brad,,N,10,F,,,R0109369,6/5/2025,2025-06-05,Great American Media,CORP,Y,,,,St. Louis,MO,63177,Unknown,75106.5,TVADS,Television Ads.,TV and digital,,N,N,tv and digital,television
2025,1,1164,P,Lander,Brad,,N,10,F,,,R0109410,6/9/2025,2025-06-09,Great American Media,CORP,Y,,,,St. Louis,MO,63177,Unknown,73221.0,TVADS,Television Ads.,TV and digital,,N,N,tv and digital,television
2025,1,1164,P,Lander,Brad,,N,10,F,,,R0109437,6/9/2025,2025-06-09,Great American Media,CORP,Y,,,,St. Louis,MO,63177,Unknown,247350.0,TVADS,Television Ads.,TV and digital,,N,N,tv and digital,television
2025,1,1164,P,Lander,Brad,,N,11,F,,,R0109024,6/11/2025,2025-06-12,Great American Media,CORP,Y,,,,St. Louis,MO,63177,Unknown,320571.0,TVADS,Television Ads.,TV and digital,,N,N,tv and digital,television
2025,1,1164,P,Lander,Brad,,N,9,F,,,R0105834,5/5/2025,2025-05-05,Great American Media,CORP,Y,,,,St. Louis,MO,63177,Unknown,244467.0,TVADS,Television Ads.,TV and digital,,N,N,tv and digital,television
2025,1,1164,P,Lander,Brad,,N,9,F,,,R0105837,5/5/2025,2025-05-05,Great American Media,CORP,Y,,,,St. Louis,MO,63177,Unknown,732413.0,TVADS,Television Ads.,TV and digital,,N,N,tv and digital,television
2025,1,1164,P,Lander,Brad,,N,9,F,,,R0105933,5/9/2025,2025-05-09,Great American Media,CORP,Y,,,,St. Louis,MO,63177,Unknown,872495.0,TVADS,Television Ads.,TV and digital,,N,N,tv and digital,television
2025,1,1164,P,Lander,Brad,,N,9,F,,,R0106035,5/16/2025,2025-05-16,Great American Media,CORP,Y,,,,St. Louis,MO,63177,Unknown,692803.0,TVADS,Television Ads.,TV and digital,,N,N,tv and digital,television
2025,5,2843,P,Encarnacion,Elsie,,H,10,F,,,R0002969,6/4/2025,2025-06-09,Hamilton Campaign Network,LLC,Y,,,,New York,NY,10034,Unknown,20000.0,TVADS,Television Ads.,Video Production,,N,N,video production,television
2025,1,2993,P,Cuomo,Andrew,M,H,15,F,,,R0056422,10/20/2025,2025-10-22,Hamodia,CORP,Y,,,,Brooklyn,NY,11230,Unknown,2200.0,PRINT,Print Ads,1/2 Page Ad,,N,N,1/2 page ad,print
2025,5,2885,P,Caruso,Alexander,J,H,11,F,,,R0001837,6/13/2025,2025-06-13,Harland Clarke,CORP,Y,,,,,,,Unknown,45.2,PRINT,Print Ads,printing,,N,N,printing,print
2025,1,2193,P,Blake,Michael,A,I,11,F,,,R0012874,6/23/2025,2025-06-23,iHeart  Media,CORP,Y,,,,,,,Unknown,9050.0,RADIO,Radio Ads.,radio ads,,N,N,radio ads,radio
2025,1,2193,P,Blake,Michael,A,I,11,F,,,R0012932,6/24/2025,2025-07-01,iHeart  Media,CORP,Y,,,,,,,Unknown,3450.0,RADIO,Radio Ads.,radio ads,,N,N,radio ads,radio
2025,5,2949,P,Morano,Frank,,I,15,F,,,R0003287,11/4/2025,2025-11-04,iHeart Media,CORP,Y,,,,San Antonio,TX,78258,Unknown,2070.0,RADIO,Radio Ads.,campaign radio spots,,N,N,campaign radio spots,radio
2025,5,2738,P,Haque,Shah,S,I,7,F,,,R0000827,10/22/2024,2024-10-24,ihope Design & Printing Inc,CORP,Y,,,,Jamaica,NY,11432,Unknown,1500.0,PRINT,Print Ads,All Prints Job,,N,N,all prints job,print
2025,5,2867,P,Hankerson,Ty,,H,16,N,,,R0002588,,2025-01-06,Ikon.grafik,LLC,Y,,,,Rosedale,NY,11422,,50.0,PRINT,Print Ads,Photo for Campaign,,N,N,photo for campaign,print
2025,5,2423,P,Vernikov,Inna,,J,11,F,,,R0009379,5/21/2025,2025-06-30,Image Magazine,OTHR,Y,,,,Brooklyn,NY,11223,Unknown,1800.0,PRINT,Print Ads,Magazine,,N,N,magazine,print
2025,1,2897,P,Manning,James,L,H,8,F,,,R0000563,3/2/2025,2025-03-02,Imprint.Com,CORP,Y,,,,Houston,TX,77083,Unknown,84.15,PRINT,Print Ads,Buttons,,N,N,buttons,print
2025,5,2895,P,Joseph,Shakur,T,H,7,F,,,R0000217,12/28/2024,2024-12-28,ImprintNow,CORP,Y,,,,Meadows Place,TX,77477,Unknown,283.52,PRINT,Print Ads,Campaign Tablecloth,,N,N,campaign tablecloth,print
2025,5,2845,P,Lynch,Lawman,,H,11,F,,,R0002439,6/20/2025,2025-06-20,Innovation Print,CORP,Y,,,,Ozone Park,NY,11417,Unknown,961.91,PRINT,Print Ads,Palm cards,,N,N,palm cards,print
2025,5,2839,P,Ashman,Dion,M,H,11,F,,,R0002795,6/10/2025,2025-06-10,Intuit Mail Chimp,CORP,Y,,,,Atlanta,GA,30308,Unknown,250.41,PRINT,Print Ads,Mailing ads,,N,N,mailing ads,print
2025,1,2193,P,Blake,Michael,A,I,11,F,,,R0012910,6/23/2025,2025-06-24,Irie Jam Media Corp.,CORP,Y,,,,Alden Manor,NY,11003,Unknown,7500.0,RADIO,Radio Ads.,radio ads,,N,N,radio ads,radio
2025,1,2993,P,Cuomo,Andrew,M,H,15,F,,,R0058341,10/30/2025,2025-10-30,Irie Jam Radio,CORP,Y,,,,Alden Manor,NY,11003,Unknown,4000.0,RADIO,Radio Ads.,Radio Ads,,N,N,radio ads,radio
2025,1,2618,P,Sliwa,Curtis,A,I,14,F,,,R0131890,10/14/2025,2025-10-14,ITalk Media Inc,LLC,Y,,,,Brooklyn,NY,11224,Unknown,16350.0,RADIO,Radio Ads.,ads,,N,N,ads,radio
2025,5,2910,P,Reyes,Nicholas,,H,10,F,,,R0001435,5/22/2025,2025-05-22,Jared Ryder Visuals,LLC,Y,,,,Brooklyn,NY,11231,Unknown,2750.0,TVADS,Television Ads.,video/photos,,N,N,video/photos,television
2025,5,1159,P,Narcisse,Mercedes,,L,9,F,,,R0005643,3/31/2025,2025-04-02,JCC of Marine Park,CORP,Y,,,,Brooklyn,NY,11234,Unknown,500.0,PRINT,Print Ads,April Print Ad,,N,N,april print ad,print
2025,1,1164,P,Lander,Brad,,N,11,F,,,R0112875,6/18/2025,2025-06-18,JCN Marketing,CORP,Y,,,,Brooklyn,NY,11219,Unknown,750.0,PRINT,Print Ads,Advertising,,N,N,advertising,print
2025,1,1164,P,Lander,Brad,,N,11,F,,,R0110766,6/17/2025,2025-06-25,JD Media Marketing Inc.,CORP,Y,,,,Monsey,NY,10952,Unknown,500.0,RADIO,Radio Ads.,Radio ads,,N,N,radio ads,radio
2025,4,1707,P,Gibson,Vanessa,L,N,10,F,,,R0018574,4/11/2025,2025-06-09,Jewish Post,CORP,Y,,,,Jericho,NY,11753,Unknown,650.0,PRINT,Print Ads,Passover ad,,N,N,passover ad,print
2025,4,1707,P,Gibson,Vanessa,L,N,10,F,,,R0018575,5/30/2025,2025-06-09,Jewish Post,CORP,Y,,,,Jericho,NY,11753,Unknown,650.0,PRINT,Print Ads,Celebrate Israel,,N,N,celebrate israel,print
2025,4,1707,P,Gibson,Vanessa,L,N,11,F,,,R0018943,6/18/2025,2025-06-23,Jewish Post,CORP,Y,,,,Jericho,NY,11753,Unknown,900.0,PRINT,Print Ads,ad,,N,N,ad,print
2025,5,2860,P,Epstein,Harvey,D,H,14,F,,,R0005681,10/17/2025,2025-10-17,Jewish Post,CORP,Y,,,,Jericho,NY,11753,Unknown,650.0,PRINT,Print Ads,quarter page ad,,N,N,quarter page ad,print
2025,1,2993,P,Cuomo,Andrew,M,H,15,F,,,R0058554,10/29/2025,2025-10-31,Jewish Vue,CORP,Y,,,,Brooklyn,NY,11230,Unknown,1000.0,PRINT,Print Ads,Full Page,,N,N,full page,print
2025,5,1185,NP,King,Andy,,N,16,F,,,R0002446,6/26/2025,2025-10-02,JLC Printing & Graphics,CORP,Y,,,,Bronx,NY,10454,Unknown,509.54,PRINT,Print Ads,Banners,,N,N,banners,print
2025,5,2847,P,Perez Jr.,Freddy,,H,8,F,,,R0001728,3/4/2025,2025-03-06,JLC Printing & Graphics Inc.,OTHR,Y,,,,Bronx,NY,10454,Unknown,6400.0,PRINT,Print Ads,partial van wrap,,N,N,partial van wrap,print
2025,5,2892,P,Ortiz,Antirson,R,H,10,F,,,R0002185,5/26/2025,2025-05-29,JM Creativos Audiovision Produ,CORP,Y,,,,Beaver Meadows,PA,18216,Unknown,2800.0,TVADS,Television Ads.,TV ad about Ortiz,,N,N,tv ad about ortiz,television
2025,5,2940,P,Vaichunas,Alicia,B,H,13,F,,,R0001858,9/29/2025,2025-09-29,Juniper Valley Civic,OTHR,Y,,,,Middle Village,NY,11379,Unknown,1000.0,PRINT,Print Ads,Print ad,,N,N,print ad,print
2025,1,2899,P,Mamdani,Zohran,K,H,15,F,,,R0224088,10/21/2025,2025-10-23,Jus Broadcasting Corp,CORP,Y,,,,Freeport,NY,11520,Unknown,1500.0,TVADS,Television Ads.,TV Advertising,,N,N,tv advertising,television
2025,5,2343,P,Ung,Sandra,,K,14,F,,,R0002101,10/10/2025,2025-10-10,K-Radio,CORP,Y,,,,Flushing,NY,11361,Unknown,1500.0,RADIO,Radio Ads.,eday ads,,N,N,eday ads,radio
2025,1,1164,P,Lander,Brad,,N,10,F,,,R0109336,6/4/2025,2025-06-04,Kahn Communications,OTHR,Y,,,,Bronx,NY,10471,Unknown,5000.0,PRINT,Print Ads,Comms,,N,N,comms,print
2025,5,2972,P,Sarantopoulos,George,,H,10,F,,,R0001818,6/3/2025,2025-06-05,Kathleen Fowler,OTHR,Y,,,,Brooklyn,NY,11234,Unknown,2000.0,RADIO,Radio Ads.,Ads,,N,N,ads,radio
2025,5,2015,P,Henderson,Jamell,,I,10,F,,,R0002016,6/3/2025,2025-06-07,"KBK Strategies, LLC",PCOMC,Y,,,,,,,Unknown,1200.0,PRINT,Print Ads,Campaign Ads,,N,N,campaign ads,print
2025,5,2839,P,Ashman,Dion,M,H,10,F,,,R0002589,5/26/2025,2025-06-02,Kennedy Communications Inc,CORP,Y,,,,Laurel,MD,20708,Unknown,750.0,PRINT,Print Ads,printing,,N,N,printing,print
2025,5,2839,P,Ashman,Dion,M,H,10,F,,,R0002863,6/2/2025,2025-06-06,Kennedy Communications Inc,CORP,Y,,,,Laurel,MD,20708,Unknown,17396.0,PRINT,Print Ads,Mailing ads,,N,N,mailing ads,print
2025,5,2839,P,Ashman,Dion,M,H,11,F,,,R0002928,6/9/2025,2025-06-13,Kennedy Communications Inc,CORP,Y,,,,Laurel,MD,20708,Unknown,17396.0,PRINT,Print Ads,Mailing ads,,N,N,mailing ads,print
2025,5,2839,P,Ashman,Dion,M,H,13,F,,,R0003456,6/13/2025,2025-06-13,Kennedy Communications Inc,CORP,Y,,,,Laurel,MD,20708,Unknown,17396.0,PRINT,Print Ads,Mailing ads,,N,N,mailing ads,print
2025,5,2839,P,Ashman,Dion,M,H,8,F,,,R0001904,1/31/2025,2025-01-31,Kennedy Communications Inc,CORP,Y,,,,Laurel,MD,20708,Unknown,750.0,PRINT,Print Ads,Flyers to hand out,,N,N,flyers to hand out,print
2025,5,2839,P,Ashman,Dion,M,H,8,F,,,R0002011,1/31/2024,2025-02-06,Kennedy Communications Inc,CORP,Y,,,,Laurel,MD,20708,Unknown,15399.0,PRINT,Print Ads,Direct Mailing,,N,N,direct mailing,print
2025,1,2899,P,Mamdani,Zohran,K,H,15,F,,,R0223708,10/14/2025,2025-10-23,Khasokhas,CORP,Y,,,,Corona,NY,11368,Unknown,2600.0,TVADS,Television Ads.,Digital Advertising,,N,N,digital advertising,television
2025,1,1164,P,Lander,Brad,,N,11,F,,,R0111620,6/30/2025,2025-06-30,Kik Vinkel,CORP,Y,,,,Brooklyn,NY,11219,Unknown,4000.0,PRINT,Print Ads,Print ads,,N,N,print ads,print
2025,5,2973,P,Chou,Benjamin,,H,13,F,,,R0005864,9/26/2025,2025-09-29,Kinetic Strategies LLC,CORP,Y,,,,Brooklyn,NY,11222,Unknown,12000.0,PRINT,Print Ads,digital ads buy,,N,N,digital ads buy,print
2025,5,2973,P,Chou,Benjamin,,H,15,F,,,R0006127,9/26/2025,2025-10-22,Kinetic Strategies LLC,CORP,Y,,,,Brooklyn,NY,11222,Unknown,6000.0,PRINT,Print Ads,digital ads buy,,N,N,digital ads buy,print
2025,5,2973,P,Chou,Benjamin,,H,15,F,,,R0006179,9/26/2025,2025-10-31,Kinetic Strategies LLC,CORP,Y,,,,Brooklyn,NY,11222,Unknown,5000.0,PRINT,Print Ads,digital ads buy,,N,N,digital ads buy,print
2025,3,311,P,Levine,Mark,,P,11,F,,,R0039573,6/12/2025,2025-06-12,"Klal Media, Inc.",CORP,Y,,,,Brooklyn,NY,11219,Unknown,10000.0,PRINT,Print Ads,Design & Placement,,N,N,design & placement,print
2025,3,311,P,Levine,Mark,,P,11,F,,,R0039689,6/18/2025,2025-06-18,"Klal Media, Inc.",CORP,Y,,,,Brooklyn,NY,11219,Unknown,700.0,PRINT,Print Ads,Ad runs,,N,N,ad runs,print
2025,3,311,P,Levine,Mark,,P,11,F,,,R0039714,6/12/2025,2025-06-19,"Klal Media, Inc.",CORP,Y,,,,Brooklyn,NY,11219,Unknown,650.0,PRINT,Print Ads,Design & Placement,,N,N,design & placement,print
2025,5,2312,P,Bottcher,Erik,,K,11,F,,,R0016414,6/19/2025,2025-06-19,KOB Publishing,LLC,Y,,,,New York,NY,10108,Unknown,2500.0,PRINT,Print Ads,Online ads,,N,N,online ads,print
2025,5,2312,P,Bottcher,Erik,,K,12,F,,,R0016546,8/1/2025,2025-08-02,KOB Publishing,LLC,Y,,,,New York,NY,10108,Unknown,3000.0,PRINT,Print Ads,Online ads,,N,N,online ads,print
2025,5,2312,P,Bottcher,Erik,,K,12,F,,,R0016547,8/1/2025,2025-08-03,KOB Publishing,LLC,Y,,,,New York,NY,10108,Unknown,2100.0,PRINT,Print Ads,Online ads,,N,N,online ads,print
2025,1,1164,P,Lander,Brad,,N,11,F,,,R0110793,6/23/2025,2025-06-27,Kol Berama,CORP,Y,,,,Brooklyn,NY,11219,Unknown,500.0,PRINT,Print Ads,Print ads,,N,N,print ads,print
2025,5,2343,P,Ung,Sandra,,K,14,F,,,R0002106,10/10/2025,2025-10-10,Korea Daily,CORP,Y,,,,Astoria,NY,11101,Unknown,900.0,PRINT,Print Ads,eday ads,,N,N,eday ads,print
2025,5,2343,P,Ung,Sandra,,K,14,F,,,R0002078,10/10/2025,2025-10-10,Korean New York Daily,CORP,Y,,,,Flushing,NY,11358,Unknown,500.0,PRINT,Print Ads,eday ads,,N,N,eday ads,print
2025,5,2274,P,Willabus,Dimple,,I,11,F,,,R0005907,6/20/2025,2025-06-20,La Bande Raralage,CORP,Y,,,,Sunrise,FL,33319,Unknown,630.0,RADIO,Radio Ads.,Radio Interview,,N,N,radio interview,radio
2025,5,2892,P,Ortiz,Antirson,R,H,11,F,,,R0002753,6/22/2025,2025-06-27,La Hora TV,CORP,Y,,,,Bronx,NY,10457,Unknown,300.0,TVADS,Television Ads.,Spot promotion,,N,N,spot promotion,television
2025,5,2349,P,De La Rosa,Carmen,,K,10,F,,,R0009909,5/22/2025,2025-06-02,La Hora TV Media Group,CORP,Y,,,,Bronx,NY,10457,Unknown,4800.0,TVADS,Television Ads.,Spanish Media,,N,N,spanish media,television
2025,3,1990,P,Brannan,Justin,,N,10,F,,,R0029920,5/28/2025,2025-05-30,LC Media,LLC,Y,,,,Huntingdon Valley,PA,19006,Unknown,630000.0,TVADS,Television Ads.,Media Buy,,N,N,media buy,television
2025,3,1990,P,Brannan,Justin,,N,10,F,,,R0029921,6/4/2025,2025-06-06,LC Media,LLC,Y,,,,Huntingdon Valley,PA,19006,Unknown,630000.0,TVADS,Television Ads.,Week 2 Media Buy,,N,N,week 2 media buy,television
2025,3,1990,P,Brannan,Justin,,N,10,F,,,R0029922,5/22/2025,2025-05-22,LC Media,LLC,Y,,,,Huntingdon Valley,PA,19006,Unknown,740000.0,TVADS,Television Ads.,Media Buy,,N,N,media buy,television
2025,3,1990,P,Brannan,Justin,,N,11,F,,,R0029963,6/13/2025,2025-06-13,LC Media,LLC,Y,,,,Huntingdon Valley,PA,19006,Unknown,480000.0,TVADS,Television Ads.,media buy,,N,N,media buy,television
2025,3,1990,P,Brannan,Justin,,N,11,F,,,R0030027,6/20/2025,2025-06-20,LC Media,LLC,Y,,,,Huntingdon Valley,PA,19006,Unknown,270000.0,TVADS,Television Ads.,Media Buy,,N,N,media buy,television
2025,5,2867,P,Hankerson,Ty,,H,11,F,,,R0002976,6/24/2025,2025-06-24,LED in Motion,CORP,Y,,,,Medford,NY,11763,Unknown,1750.0,PRINT,Print Ads,Truck AD,,N,N,truck ad,print
2025,5,1717,P,Kagan,Ari,,M,9,F,,,R0009732,3/26/2025,2025-04-21,"Lesti Media, LTD",OTHR,Y,,,,Brooklyn,NY,11235,Unknown,150.0,PRINT,Print Ads,palm cards,,N,N,palm cards,print
2025,5,1717,P,Kagan,Ari,,M,9,F,,,R0009733,3/24/2025,2025-04-21,"Lesti Media, LTD",OTHR,Y,,,,Brooklyn,NY,11235,Unknown,150.0,PRINT,Print Ads,palm cards,,N,N,palm cards,print
2025,5,1717,P,Kagan,Ari,,M,9,F,,,R0009736,4/15/2025,2025-04-21,"Lesti Media, LTD",OTHR,Y,,,,Brooklyn,NY,11235,Unknown,250.0,PRINT,Print Ads,palm cards,,N,N,palm cards,print
2025,5,1717,P,Kagan,Ari,,M,9,F,,,R0009737,4/16/2025,2025-04-21,"Lesti Media, LTD",OTHR,Y,,,,Brooklyn,NY,11235,Unknown,325.0,PRINT,Print Ads,palm cards,,N,N,palm cards,print
2025,5,1717,P,Kagan,Ari,,M,10,F,,,R0010576,5/12/2025,2025-06-05,Lesti Publishing Corp,CORP,Y,,,,Brooklyn,NY,11235,Unknown,300.0,PRINT,Print Ads,Ads,,N,N,ads,print
2025,5,1717,P,Kagan,Ari,,M,11,F,,,R0010965,6/10/2025,2025-06-18,Lesti Publishing Corp,CORP,Y,,,,Brooklyn,NY,11235,Unknown,1200.0,PRINT,Print Ads,ads,,N,N,ads,print
2025,5,1717,P,Kagan,Ari,,M,11,F,,,R0010967,6/12/2025,2025-06-18,Lesti Publishing Corp,CORP,Y,,,,Brooklyn,NY,11235,Unknown,900.0,PRINT,Print Ads,ads,,N,N,ads,print
2025,5,2423,P,Vernikov,Inna,,J,11,F,,,R0009792,5/3/2025,2025-06-20,Lesti Publishing Corp,CORP,Y,,,,Brooklyn,NY,11235,Unknown,1000.0,PRINT,Print Ads,Newspaper ads,,N,N,newspaper ads,print
2025,5,2975,P,Barsamian,Dikran,,H,12,F,,,R0001674,7/14/2025,2025-07-15,Lesti Publishing Corp,CORP,Y,,,,Brooklyn,NY,11235,Unknown,300.0,PRINT,Print Ads,News Ad,,N,N,news ad,print
2025,5,2891,P,Blas,Sarah,,H,15,N,,,R0002115,,2025-06-20,Linda Masiello,LLC,Y,,,,Staten Island,NY,10310,,200.0,PRINT,Print Ads,Advertisement,,N,N,advertisement,print
2025,5,2885,P,Caruso,Alexander,J,H,10,F,,,R0001576,5/25/2025,2025-05-27,Linktree,OTHR,Y,,,,"Collingwood, Victoria",,3066,Unknown,97.34,PRINT,Print Ads,Social media,,N,N,social media,print
2025,5,2885,P,Caruso,Alexander,J,H,10,F,,,R0001584,5/27/2025,2025-05-27,Linktree,OTHR,Y,,,,"Collingwood, Victoria",,3066,Unknown,9.73,PRINT,Print Ads,social media,,N,N,social media,print
2025,5,1185,NP,King,Andy,,N,10,F,,,R0002223,5/1/2025,2025-05-02,Lino Press Inc.,LLC,Y,,,,New York,NY,10040,Unknown,435.5,PRINT,Print Ads,Campaign materials,,N,N,campaign materials,print
2025,5,1185,NP,King,Andy,,N,11,F,,,R0002349,6/28/2025,2025-06-28,Lino Press Inc.,LLC,Y,,,,New York,NY,10040,Unknown,707.69,PRINT,Print Ads,Campaign materials,,N,N,campaign materials,print
2025,5,1185,NP,King,Andy,,N,13,F,,,R0002368,6/6/2025,2025-06-16,Lino Press Inc.,LLC,Y,,,,New York,NY,10040,Unknown,272.19,PRINT,Print Ads,Campaign,,N,N,campaign,print
2025,5,1185,NP,King,Andy,,N,9,F,,,R0002146,4/1/2025,2025-04-01,Lino Press Inc.,LLC,Y,,,,New York,NY,10040,Unknown,300.0,PRINT,Print Ads,Poster,,N,N,poster,print
2025,5,2839,P,Ashman,Dion,M,H,8,F,,,R0002093,2/28/2025,2025-03-03,LinopressNY,CORP,Y,,,,New York,NY,10040,Unknown,762.13,PRINT,Print Ads,Posters,,N,N,posters,print
2025,2,1682,P,Rajkumar,Jenifer,,I,11,F,,,R0008480,4/12/2025,2025-04-14,Little Africa News,OTHR,Y,,,,Bronx,NY,10475,Unknown,1500.0,PRINT,Print Ads,Digital Ad,,N,N,digital ad,print
2025,5,1996,P,Hanks,Kamillah,M,L,8,F,,,R0010696,3/3/2025,2025-03-03,M Joane Pillard Design LLC,CORP,Y,,,,Brooklyn Heights,NY,11201,Unknown,518.79,PRINT,Print Ads,design,,N,N,design,print
2025,1,2857,P,Myrie,Zellnor,,H,10,F,,,R0030827,5/20/2025,2025-05-21,Mark Guma Communications,CORP,Y,,,,Bethlehem,CT,6751,Unknown,28450.0,TVADS,Television Ads.,Media Buy,,N,N,media buy,television
2025,1,2857,P,Myrie,Zellnor,,H,11,F,,,R0032921,6/20/2025,2025-06-24,Mark Guma Communications,CORP,Y,,,,Bethlehem,CT,6751,Unknown,27051.0,PRINT,Print Ads,Media Buy,,N,N,media buy,print
2025,1,2857,P,Myrie,Zellnor,,H,11,F,,,R0032927,6/20/2025,2025-06-24,Mark Guma Communications,CORP,Y,,,,Bethlehem,CT,6751,Unknown,4500.0,RADIO,Radio Ads.,Media Buy,,N,N,media buy,radio
2025,1,2857,P,Myrie,Zellnor,,H,11,F,,,R0032931,6/20/2025,2025-06-24,Mark Guma Communications,CORP,Y,,,,Bethlehem,CT,6751,Unknown,107451.0,RADIO,Radio Ads.,Media Buy,,N,N,media buy,radio
2025,1,2857,P,Myrie,Zellnor,,H,11,F,,,R0032935,6/20/2025,2025-06-24,Mark Guma Communications,CORP,Y,,,,Bethlehem,CT,6751,Unknown,36364.0,RADIO,Radio Ads.,Media Buy,,N,N,media buy,radio
2025,1,2857,P,Myrie,Zellnor,,H,11,F,,,R0032939,6/20/2025,2025-06-24,Mark Guma Communications,CORP,Y,,,,Bethlehem,CT,6751,Unknown,9091.0,TVADS,Television Ads.,Media Buy,,N,N,media buy,television
2025,1,2857,P,Myrie,Zellnor,,H,9,F,,,R0026919,4/25/2025,2025-04-25,Mark Guma Communications,CORP,Y,,,,Bethlehem,CT,6751,Unknown,390000.0,TVADS,Television Ads.,Media Buy,,N,N,media buy,television
2025,1,2857,P,Myrie,Zellnor,,H,9,F,,,R0027621,5/2/2025,2025-05-05,Mark Guma Communications,CORP,Y,,,,Bethlehem,CT,6751,Unknown,365000.0,TVADS,Television Ads.,Media Buy,,N,N,media buy,television
2025,1,2857,P,Myrie,Zellnor,,H,9,F,,,R0028380,5/2/2025,2025-05-13,Mark Guma Communications,CORP,Y,,,,Bethlehem,CT,6751,Unknown,245000.0,TVADS,Television Ads.,Media Buy,,N,N,media buy,television
2025,4,296,P,Hoylman-Sigal,Brad,,K,15,F,,,R0011200,10/31/2025,2025-10-31,Mark Guma Communications,LLC,Y,,,,Bethlehem,CT,6751,Unknown,750.0,PRINT,Print Ads,photo shoot,,N,N,photo shoot,print
2025,4,296,P,Hoylman-Sigal,Brad,,K,15,F,,,R0011203,10/28/2025,2025-10-31,Mark Guma Communications,LLC,Y,,,,Bethlehem,CT,6751,Unknown,36650.0,PRINT,Print Ads,print ads,,N,N,print ads,print
2025,3,311,P,Levine,Mark,,P,10,F,,,R0038933,6/4/2025,2025-06-04,"MARK I PUBLICATIONS, INC.",CORP,Y,,,,Glendale,NY,11385,Unknown,2530.0,PRINT,Print Ads,Queens Chronicle Ads,,N,N,queens chronicle ads,print
2025,5,2274,P,Willabus,Dimple,,I,11,F,,,R0005953,6/23/2025,2025-06-27,Master Signs NY,CORP,Y,,,,Brooklyn,NY,11218,Unknown,1120.0,PRINT,Print Ads,Campaign Banners,,N,N,campaign banners,print
2025,5,2839,P,Ashman,Dion,M,H,5,F,,,R0000727,2/16/2024,2024-02-16,Maximus Graphics,OTHR,Y,,,,Woodside,NY,11377,Unknown,110.0,PRINT,Print Ads,Comedy FOLKUS,,N,N,comedy folkus,print
2025,2,1227,P,Williams,Jumaane,D,R,11,F,,,R0048881,6/15/2025,2025-06-27,MDJ Productions,LLC,Y,,,,Brooklyn,NY,11210,Unknown,400.0,RADIO,Radio Ads.,GOTV,,N,N,gotv,radio
2025,5,2851,P,LeGrand,Latoya,,H,11,F,,,R0001980,6/16/2025,2025-06-16,"MEDIA CO, NY RADIO",CORP,Y,,,,,,,Unknown,2250.0,RADIO,Radio Ads.,RADIO AD/WBLS,,N,N,radio ad/wbls,radio
2025,1,2193,P,Blake,Michael,A,I,11,F,,,R0012862,6/23/2025,2025-06-23,MediaCo Holding Inc,CORP,Y,,,,New York,NY,10014,Unknown,7500.0,RADIO,Radio Ads.,radio ads,,N,N,radio ads,radio
2025,1,2993,P,Cuomo,Andrew,M,H,15,F,,,R0058283,10/28/2025,2025-10-28,MediaCo Holding Inc,CORP,Y,,,,Philadelphia,PA,19106,Unknown,12000.0,RADIO,Radio Ads.,Radio Ads,,N,N,radio ads,radio
2025,5,2489,P,Gates,Sabrina,,I,11,F,,,R0001740,6/23/2025,2025-06-23,Mega Format,CORP,Y,,,,Brooklyn,NY,11205,Unknown,1.0,PRINT,Print Ads,Posters,,N,N,posters,print
2025,5,2885,P,Caruso,Alexander,J,H,10,F,,,R0001558,5/21/2025,2025-05-22,Meta (FaceBook),OTHR,Y,,,,Menlo Park,CA,94025,Unknown,2.0,PRINT,Print Ads,Facebook Ads,,N,N,facebook ads,print
2025,5,2885,P,Caruso,Alexander,J,H,10,F,,,R0001561,5/20/2025,2025-05-22,Meta (FaceBook),OTHR,Y,,,,Menlo Park,CA,94025,Unknown,2.0,PRINT,Print Ads,Facebook Ads,,N,N,facebook ads,print
2025,5,2885,P,Caruso,Alexander,J,H,10,F,,,R0001563,5/22/2025,2025-05-22,Meta (FaceBook),OTHR,Y,,,,Menlo Park,CA,94025,Unknown,2.0,PRINT,Print Ads,Facebook Ads,,N,N,facebook ads,print
2025,5,2885,P,Caruso,Alexander,J,H,10,F,,,R0001566,5/21/2025,2025-05-22,Meta (FaceBook),OTHR,Y,,,,Menlo Park,CA,94025,Unknown,2.0,PRINT,Print Ads,Facebook Ads,,N,N,facebook ads,print
2025,5,2885,P,Caruso,Alexander,J,H,10,F,,,R0001569,5/22/2025,2025-05-23,Meta (FaceBook),OTHR,Y,,,,Menlo Park,CA,94025,Unknown,2.0,PRINT,Print Ads,Facebook Ads,,N,N,facebook ads,print
2025,5,2885,P,Caruso,Alexander,J,H,10,F,,,R0001572,5/22/2025,2025-05-23,Meta (FaceBook),OTHR,Y,,,,Menlo Park,CA,94025,Unknown,2.0,PRINT,Print Ads,Facebook Ads,,N,N,facebook ads,print
2025,5,2885,P,Caruso,Alexander,J,H,10,F,,,R0001586,5/27/2025,2025-05-27,Meta (FaceBook),OTHR,Y,,,,Menlo Park,CA,94025,Unknown,5.0,PRINT,Print Ads,Facebook Ads,,N,N,facebook ads,print
2025,5,2885,P,Caruso,Alexander,J,H,10,F,,,R0001591,5/25/2025,2025-05-27,Meta (FaceBook),OTHR,Y,,,,Menlo Park,CA,94025,Unknown,3.0,PRINT,Print Ads,Facebook Ads,,N,N,facebook ads,print
2025,5,2885,P,Caruso,Alexander,J,H,10,F,,,R0001593,5/27/2025,2025-05-27,Meta (FaceBook),OTHR,Y,,,,Menlo Park,CA,94025,Unknown,3.0,PRINT,Print Ads,Facebook Ads,,N,N,facebook ads,print
2025,5,2885,P,Caruso,Alexander,J,H,10,F,,,R0001595,5/27/2025,2025-05-27,Meta (FaceBook),OTHR,Y,,,,Menlo Park,CA,94025,Unknown,3.0,PRINT,Print Ads,Facebook Ads,,N,N,facebook ads,print
2025,5,2885,P,Caruso,Alexander,J,H,10,F,,,R0001597,5/27/2025,2025-05-27,Meta (FaceBook),OTHR,Y,,,,Menlo Park,CA,94025,Unknown,2.0,PRINT,Print Ads,Facebook Ads,,N,N,facebook ads,print
2025,5,2885,P,Caruso,Alexander,J,H,10,F,,,R0001599,5/27/2025,2025-05-27,Meta (FaceBook),OTHR,Y,,,,Menlo Park,CA,94025,Unknown,2.0,PRINT,Print Ads,Facebook Ads,,N,N,facebook ads,print
2025,5,2885,P,Caruso,Alexander,J,H,10,F,,,R0001602,5/27/2025,2025-05-28,Meta (FaceBook),OTHR,Y,,,,Menlo Park,CA,94025,Unknown,5.0,PRINT,Print Ads,Facebook Ads,,N,N,facebook ads,print
2025,5,2885,P,Caruso,Alexander,J,H,10,F,,,R0001605,5/28/2025,2025-05-29,Meta (FaceBook),OTHR,Y,,,,Menlo Park,CA,94025,Unknown,5.0,PRINT,Print Ads,Facebook Ads,,N,N,facebook ads,print
2025,5,2892,P,Ortiz,Antirson,R,H,11,F,,,R0002331,6/7/2025,2025-06-16,"Morrobel, Gregorio",IND,N,,,,New York,NY,10034,Unknown,300.0,TVADS,Television Ads.,Promo Televison Ads,,N,N,promo televison ads,television
2025,5,2942,P,Wong,Phil,W,H,14,F,,,R0003787,10/20/2025,2025-10-20,Multicultural Radio Broadcasti,CORP,Y,,,,New York,NY,10005,Unknown,1122.0,PRINT,Print Ads,ads,,N,N,ads,print
2025,5,2942,P,Wong,Phil,W,H,14,F,,,R0003788,6/13/2025,2025-06-13,Multicultural Radio Broadcasti,CORP,Y,,,,New York,NY,10005,Unknown,935.0,RADIO,Radio Ads.,Radio Ad,,N,N,radio ad,radio
2025,5,2942,P,Wong,Phil,W,H,14,F,,,R0003790,10/20/2025,2025-10-20,Multicultural Radio Broadcasti,CORP,Y,,,,New York,NY,10005,Unknown,935.0,RADIO,Radio Ads.,ads,,N,N,ads,radio
2025,1,2993,P,Cuomo,Andrew,M,H,14,F,,,R0052515,10/10/2025,2025-10-10,Multicultural Radio Broadcasti,CORP,Y,,,,New York,NY,10005,Unknown,2150.5,RADIO,Radio Ads.,Radio Ads,,N,N,radio ads,radio
2025,1,2993,P,Cuomo,Andrew,M,H,14,F,,,R0052516,10/10/2025,2025-10-10,Multicultural Radio Broadcasti,CORP,Y,,,,New York,NY,10005,Unknown,2805.0,RADIO,Radio Ads.,Radio Ads,,N,N,radio ads,radio
2025,1,2993,P,Cuomo,Andrew,M,H,15,F,,,R0056415,10/9/2025,2025-10-22,NC News & Media House Inc,CORP,Y,,,,Farmingville,NY,11738,Unknown,2000.0,RADIO,Radio Ads.,Radio Ads,,N,N,radio ads,radio
2025,5,2285,NP,Williams,Nantasha,,K,13,F,,,R0005159,9/26/2025,2025-09-26,NCNW Queens County Section,OTHR,Y,,,,Rochdale,NY,11434,Unknown,80.0,PRINT,Print Ads,Campaign Ad,,N,N,campaign ad,print
2025,5,2285,NP,Williams,Nantasha,,K,9,F,,,R0004528,5/16/2025,2025-05-16,NCNW Queens County Section,OTHR,Y,,,,Rochdale,NY,11434,Unknown,260.0,PRINT,Print Ads,Visibility AD,,N,N,visibility ad,print
2025,1,148,P,Stringer,Scott,M,S,9,F,,,R0098598,3/31/2025,2025-04-03,New York Post,CORP,Y,,,,Philadelphia,PA,19170,Unknown,5000.0,PRINT,Print Ads,Digital ad banner,,N,N,digital ad banner,print
2025,1,148,P,Stringer,Scott,M,S,7,F,,,R0092150,1/3/2025,2025-01-03,New York Times Digital,CORP,Y,,,,New York,NY,10018,Unknown,10000.0,PRINT,Print Ads,nyt ads,,N,N,nyt ads,print
2025,1,2993,P,Cuomo,Andrew,M,H,14,F,,,R0051107,10/2/2025,2025-10-06,New York Voice News LLC,LLC,Y,,,,Bronx,NY,10475,Unknown,7000.0,PRINT,Print Ads,Newspaper Ad,,N,N,newspaper ad,print
2025,1,2899,P,Mamdani,Zohran,K,H,15,F,,,R0224101,10/21/2025,2025-10-23,"New York Voice News, LLC",LLC,Y,,,,Bronx,NY,10475,Unknown,3500.0,PRINT,Print Ads,Print Ads,,N,N,print ads,print
2025,1,2899,P,Mamdani,Zohran,K,H,15,F,,,R0224242,10/14/2025,2025-10-27,"News Bangladesh, Inc.",CORP,Y,,,,Jamaica,NY,11432,Unknown,1800.0,PRINT,Print Ads,Print Ads,,N,N,print ads,print
2025,1,2869,P,Huq,Md,M,H,6,F,,,R0000123,7/11/2024,2024-07-22,News Pakistan,CORP,Y,,,,Rosedale,NY,11422,Unknown,400.0,PRINT,Print Ads,Full page color ad,,N,N,full page color ad,print
2025,3,2842,P,Malave,Ismael,,H,10,F,,,R0005854,5/23/2025,2025-05-23,Next Day Flyers,CORP,Y,,,,Lake Balboa,CA,91406,Unknown,957.29,PRINT,Print Ads,Palm Cards,,N,N,palm cards,print
2025,3,2842,P,Malave,Ismael,,H,10,F,,,R0005855,4/28/2025,2025-04-28,Next Day Flyers,CORP,Y,,,,Lake Balboa,CA,91406,Unknown,715.98,PRINT,Print Ads,Palm Card,,N,N,palm card,print
2025,5,2839,P,Ashman,Dion,M,H,6,F,,,R0001346,8/5/2024,2024-08-05,Nish Brothers Enterprise,OTHR,Y,,,,Brooklyn,NY,11225,Unknown,165.27,PRINT,Print Ads,Flyers,,N,N,flyers,print
2025,4,1597,P,Edwards,Khari,,J,11,F,,,R0016421,5/5/2025,2025-07-02,NOBLE NY,OTHR,Y,,,,Great Neck Plaza,NY,11021,Unknown,300.0,PRINT,Print Ads,Print Ad,,N,N,print ad,print
2025,4,1597,P,Edwards,Khari,,J,15,F,,,R0016442,5/5/2025,2025-06-23,NOBLE NY,OTHR,Y,,,,Great Neck Plaza,NY,11021,Unknown,300.0,PRINT,Print Ads,Print Ad,,N,N,print ad,print
2025,1,2993,P,Cuomo,Andrew,M,H,14,F,,,R0051928,9/25/2025,2025-10-08,North Shore Strategies,CORP,Y,,,,New York,NY,10018,Unknown,100000.0,PRINT,Print Ads,Retainer/Palm Cards,,N,N,retainer/palm cards,print
2025,1,2993,P,Cuomo,Andrew,M,H,14,F,,,R0051929,9/25/2025,2025-10-08,North Shore Strategies,CORP,Y,,,,New York,NY,10018,Unknown,100000.0,PRINT,Print Ads,Retainer/Palm Cards,,N,N,retainer/palm cards,print
2025,1,2993,P,Cuomo,Andrew,M,H,14,F,,,R0051930,9/25/2025,2025-10-08,North Shore Strategies,CORP,Y,,,,New York,NY,10018,Unknown,13929.0,PRINT,Print Ads,Retainer/Palm Cards,,N,N,retainer/palm cards,print
2025,1,2993,P,Cuomo,Andrew,M,H,15,F,,,R0058345,10/30/2025,2025-10-30,North Shore Strategies,CORP,Y,,,,New York,NY,10018,Unknown,100000.0,PRINT,Print Ads,Palm Cards/Other,,N,N,palm cards/other,print
2025,1,2993,P,Cuomo,Andrew,M,H,15,F,,,R0058346,10/30/2025,2025-10-30,North Shore Strategies,CORP,Y,,,,New York,NY,10018,Unknown,100000.0,PRINT,Print Ads,Palm Cards/Other,,N,N,palm cards/other,print
2025,1,2993,P,Cuomo,Andrew,M,H,15,F,,,R0058347,10/30/2025,2025-10-30,North Shore Strategies,CORP,Y,,,,New York,NY,10018,Unknown,20111.0,PRINT,Print Ads,Palm Cards/Other,,N,N,palm cards/other,print
2025,1,2993,P,Cuomo,Andrew,M,H,15,F,,,R0058350,10/13/2025,2025-10-30,North Shore Strategies,CORP,Y,,,,New York,NY,10018,Unknown,100000.0,PRINT,Print Ads,Direct Mail/Other,,N,N,direct mail/other,print
2025,1,2993,P,Cuomo,Andrew,M,H,15,F,,,R0058351,10/13/2025,2025-10-30,North Shore Strategies,CORP,Y,,,,New York,NY,10018,Unknown,93687.0,PRINT,Print Ads,Direct Mail/Other,,N,N,direct mail/other,print
2025,5,1717,P,Kagan,Ari,,M,11,F,,,R0011143,6/16/2025,2025-06-25,NOVIY NEW YORK,CORP,Y,,,,Brooklyn,NY,11223,Unknown,150.0,PRINT,Print Ads,newspaper,,N,N,newspaper,print
2025,5,2913,P,Pogozelski,Paul,J,H,9,F,,,R0001732,4/7/2025,2025-04-08,Nowy Dziennik,CORP,Y,,,,Clark,NJ,7066,Unknown,2000.0,PRINT,Print Ads,1/2 full color ad,,N,N,1/2 full color ad,print
2025,5,1185,NP,King,Andy,,N,9,F,,,R0002030,3/19/2025,2025-03-20,NY Prints L.L.C,LLC,Y,,,,Flushing,NY,11378,Unknown,190.53,PRINT,Print Ads,Campaign,,N,N,campaign,print
2025,5,2839,P,Ashman,Dion,M,H,6,F,,,R0001361,7/23/2024,2024-07-23,NYC Fast Print LLC,LLC,Y,,,,Brooklyn,NY,11225,Unknown,65.33,PRINT,Print Ads,Flyers,,N,N,flyers,print
2025,1,2993,P,Cuomo,Andrew,M,H,10,F,,,R0028358,5/19/2025,2025-05-22,NYPrints LLC,LLC,Y,,,,Flushing,NY,11378,Unknown,364.73,PRINT,Print Ads,Palm Cards,,N,N,palm cards,print
2025,1,2993,P,Cuomo,Andrew,M,H,10,F,,,R0028359,5/19/2025,2025-05-22,NYPrints LLC,LLC,Y,,,,Flushing,NY,11378,Unknown,5421.98,PRINT,Print Ads,Palm Cards,,N,N,palm cards,print
2025,1,2993,P,Cuomo,Andrew,M,H,10,F,,,R0029203,5/28/2025,2025-05-29,NYPrints LLC,LLC,Y,,,,Flushing,NY,11378,Unknown,680.47,PRINT,Print Ads,Posters,,N,N,posters,print
2025,1,2993,P,Cuomo,Andrew,M,H,10,F,,,R0029204,5/28/2025,2025-05-29,NYPrints LLC,LLC,Y,,,,Flushing,NY,11378,Unknown,381.06,PRINT,Print Ads,Posters,,N,N,posters,print
2025,1,2993,P,Cuomo,Andrew,M,H,10,F,,,R0029923,6/4/2025,2025-06-06,NYPrints LLC,LLC,Y,,,,Flushing,NY,11378,Unknown,5691.16,PRINT,Print Ads,Palm Cards,,N,N,palm cards,print
2025,1,2993,P,Cuomo,Andrew,M,H,10,F,,,R0030273,6/4/2025,2025-06-09,NYPrints LLC,LLC,Y,,,,Flushing,NY,11378,Unknown,3.0,PRINT,Print Ads,Palm Cards,,N,N,palm cards,print
2025,1,2993,P,Cuomo,Andrew,M,H,11,F,,,R0030606,6/9/2025,2025-06-12,NYPrints LLC,LLC,Y,,,,Flushing,NY,11378,Unknown,1344.61,PRINT,Print Ads,Banners,,N,N,banners,print
2025,1,2993,P,Cuomo,Andrew,M,H,11,F,,,R0030607,6/9/2025,2025-06-12,NYPrints LLC,LLC,Y,,,,Flushing,NY,11378,Unknown,1197.63,PRINT,Print Ads,Placard,,N,N,placard,print
2025,1,2993,P,Cuomo,Andrew,M,H,11,F,,,R0030746,6/11/2025,2025-06-13,NYPrints LLC,LLC,Y,,,,Flushing,NY,11378,Unknown,958.1,PRINT,Print Ads,Palm Cards,,N,N,palm cards,print
2025,1,2993,P,Cuomo,Andrew,M,H,11,F,,,R0030747,6/11/2025,2025-06-13,NYPrints LLC,LLC,Y,,,,Flushing,NY,11378,Unknown,3026.73,PRINT,Print Ads,Palm Cards,,N,N,palm cards,print
2025,1,2993,P,Cuomo,Andrew,M,H,11,F,,,R0031583,6/18/2025,2025-06-20,NYPrints LLC,LLC,Y,,,,Flushing,NY,11378,Unknown,1045.2,PRINT,Print Ads,Palm Cards,,N,N,palm cards,print
2025,1,2993,P,Cuomo,Andrew,M,H,11,F,,,R0031584,6/18/2025,2025-06-20,NYPrints LLC,LLC,Y,,,,Flushing,NY,11378,Unknown,2819.86,PRINT,Print Ads,Posters,,N,N,posters,print
2025,1,2993,P,Cuomo,Andrew,M,H,11,F,,,R0031585,6/18/2025,2025-06-20,NYPrints LLC,LLC,Y,,,,Flushing,NY,11378,Unknown,17525.63,PRINT,Print Ads,Palm Cards,,N,N,palm cards,print
2025,1,2993,P,Cuomo,Andrew,M,H,11,F,,,R0031738,6/20/2025,2025-06-23,NYPrints LLC,LLC,Y,,,,Flushing,NY,11378,Unknown,9145.5,PRINT,Print Ads,Palm Cards,,N,N,palm cards,print
2025,1,2993,P,Cuomo,Andrew,M,H,12,F,,,R0035380,8/8/2025,2025-08-15,NYPrints LLC,LLC,Y,,,,Flushing,NY,11378,Unknown,1388.16,PRINT,Print Ads,Banners/Signs,,N,N,banners/signs,print
2025,2,1227,P,Williams,Jumaane,D,R,10,F,,,R0049050,5/29/2025,2025-06-09,"Off With Her Head Productions,",LLC,Y,,,,Glen Rock,NJ,7452,Unknown,2000.0,PRINT,Print Ads,comedy show,,N,N,comedy show,print
2025,5,1185,NP,King,Andy,,N,11,F,,,R0002358,6/20/2025,2025-06-23,Optimum Media,CORP,Y,,,,Astoria,NY,11101,Unknown,1060.0,TVADS,Television Ads.,Campaign ad,,N,N,campaign ad,television
2025,5,2910,P,Reyes,Nicholas,,H,11,F,,,R0002084,6/11/2025,2025-06-11,Optimum Media,CORP,Y,,,,,,,Unknown,3000.0,TVADS,Television Ads.,Campaign Ad,,N,N,campaign ad,television
2025,5,2950,P,Torres,Jacqueline,J,H,11,F,,,R0001145,6/19/2025,2025-06-19,Optimum Media,OTHR,Y,,,,Long Island City,NY,11101,Unknown,4980.0,TVADS,Television Ads.,Video Ad,,N,N,video ad,television
2025,5,2996,P,Clarke,Athena,,H,13,F,,,R0001182,9/26/2025,2025-09-26,Optimum Media,CORP,Y,,,,,,,Unknown,15900.0,TVADS,Television Ads.,Advertising,,N,N,advertising,television
2025,5,1256,P,Cabrera,Fernando,L,N,10,F,,,R0001866,5/23/2025,2025-05-27,Optimum.Media,OTHR,Y,,,,Astoria,NY,11101,Unknown,4563.0,TVADS,Television Ads.,Commercials,,N,N,commercials,television
2025,5,1256,P,Cabrera,Fernando,L,N,11,F,,,R0001969,6/17/2025,2025-06-18,Optimum.Media,OTHR,Y,,,,Astoria,NY,11101,Unknown,1160.0,TVADS,Television Ads.,CampaignAds,,N,N,campaignads,television
2025,1,2063,P,Adams,Adrienne,E,M,11,F,,,R0037471,6/17/2025,2025-06-17,"Orlattle, LLC",LLC,Y,,,,Washington,DC,20003,Unknown,614495.0,TVADS,Television Ads.,Media coverage,,N,N,media coverage,television
2025,5,2865,NP,Daniels,Vera,V,H,8,F,,,R0000903,2/12/2025,2025-02-12,Our Times Comunity Newspaper,OTHR,Y,,,,,,,Unknown,450.0,PRINT,Print Ads,Voter Engagement,,N,N,voter engagement,print
2025,5,2423,P,Vernikov,Inna,,J,9,F,,,R0009151,5/13/2025,2025-05-13,Overseas Media Inc,CORP,Y,,,,Long Island City,NY,11101,Unknown,6550.0,RADIO,Radio Ads.,Radio Ads,,N,N,radio ads,radio
2025,1,2993,P,Cuomo,Andrew,M,H,15,F,,,R0057767,10/24/2025,2025-10-27,Overseas Media Inc,CORP,Y,,,,Astoria,NY,11101,Unknown,2000.0,TVADS,Television Ads.,TV Ads,,N,N,tv ads,television
2025,5,1717,P,Kagan,Ari,,M,10,F,,,R0010621,5/30/2025,2025-06-06,Overseas Media Inc.,CORP,Y,,,,Astoria,NY,11101,Unknown,2000.0,TVADS,Television Ads.,tv ads,,N,N,tv ads,television
2025,5,1717,P,Kagan,Ari,,M,10,F,,,R0010647,5/30/2025,2025-06-09,Overseas Media Inc.,CORP,Y,,,,Astoria,NY,11101,Unknown,500.0,TVADS,Television Ads.,tv ads,,N,N,tv ads,television
2025,5,1717,P,Kagan,Ari,,M,9,F,,,R0010243,5/12/2025,2025-05-13,Overseas Media Inc.,CORP,Y,,,,Astoria,NY,11101,Unknown,1000.0,TVADS,Television Ads.,ads,,N,N,ads,television
2025,5,2976,P,Usmanov,Fedir,,H,11,F,,,R0001066,6/10/2025,2025-06-11,Overseas Media Inc.,CORP,Y,,,,Astoria,NY,11101,Unknown,1000.0,TVADS,Television Ads.,TV ad,,N,N,tv ad,television
2025,5,2892,P,Ortiz,Antirson,R,H,10,F,,,R0002180,5/23/2025,2025-05-27,P. Alvarez & Associates Corp,CORP,Y,,,,Bronx,NY,10453,Unknown,500.0,TVADS,Television Ads.,1hr. TV Interview,,N,N,1hr. tv interview,television
2025,5,2343,P,Ung,Sandra,,K,14,F,,,R0002094,10/10/2025,2025-10-10,Pacific Culture Enterprise,CORP,Y,,,,New York,NY,10016,Unknown,1500.0,PRINT,Print Ads,eday ads,,N,N,eday ads,print
2025,1,148,P,Stringer,Scott,M,S,11,F,,,R0104126,6/20/2025,2025-06-23,Pacific Culture Enterprise Inc,CORP,Y,,,,New York,NY,10016,Unknown,1760.0,PRINT,Print Ads,ad,,N,N,ad,print
2025,1,2899,P,Mamdani,Zohran,K,H,14,F,,,R0223076,10/14/2025,2025-10-16,Parikh Worldwide Media,CORP,Y,,,,Edison,NJ,8820,Unknown,2160.0,TVADS,Television Ads.,TV Advertising,,N,N,tv advertising,television
2025,1,2899,P,Mamdani,Zohran,K,H,14,F,,,R0223080,10/14/2025,2025-10-16,Parikh Worldwide Media,CORP,Y,,,,Edison,NJ,8820,Unknown,3100.0,PRINT,Print Ads,Print Ads,,N,N,print ads,print
2025,5,2856,P,Murillo,Jason,C,H,15,F,,,R0001635,10/31/2025,2025-11-01,Politika,LLC,Y,,,,Staten Island,NY,10307,Unknown,3000.0,TVADS,Television Ads.,OTC,,N,N,otc,television
2025,5,2895,P,Joseph,Shakur,T,H,7,F,,,R0000213,12/28/2024,2024-12-28,Post Up Stand,CORP,Y,,,,Fall River,MA,2720,Unknown,262.33,PRINT,Print Ads,Campaign Banner,,N,N,campaign banner,print
2025,5,2856,P,Murillo,Jason,C,H,10,F,,,R0000729,6/6/2025,2025-06-06,PosterMyWall 250 Mils LLC,LLC,Y,,,,Carlsbad,CA,92009,Unknown,9.95,PRINT,Print Ads,Print Ads,,N,N,print ads,print
2025,5,2904,P,Romeo,Dominick,,H,14,F,,,R0001267,10/5/2025,2025-10-05,Print Runner,CORP,Y,,,,Lake Balboa,CA,91406,Unknown,450.56,PRINT,Print Ads,Postcards 2nd,,N,N,postcards 2nd,print
2025,5,2923,P,Thomas-Henry,Shanel,,H,9,F,,,R0002200,5/14/2025,2025-05-19,Printing Digital USA Inc.,CORP,Y,,,,Brooklyn,NY,11218,Unknown,5443.75,PRINT,Print Ads,Posters Install,,N,N,posters install,print
2025,1,2193,P,Blake,Michael,A,I,11,F,,,R0012744,6/9/2025,2025-06-18,PromoSuns Inc,CORP,Y,,,,,,,Unknown,638.47,PRINT,Print Ads,Promotional Products,,N,N,promotional products,print
2025,1,2899,P,Mamdani,Zohran,K,H,15,F,,,R0223665,10/15/2025,2025-10-23,Prothom Alo North America,CORP,Y,,,,Flushing,NY,11372,Unknown,1200.0,PRINT,Print Ads,Print Ads,,N,N,print ads,print
2025,4,1597,P,Edwards,Khari,,J,11,F,,,R0016347,6/18/2025,2025-06-20,Pure Purpose Media Group,CORP,Y,,,,Brooklyn,NY,11205,Unknown,1500.0,PRINT,Print Ads,Print Ad,,N,N,print ad,print
2025,5,2343,P,Ung,Sandra,,K,14,F,,,R0002039,10/7/2025,2025-10-07,Queens Chroncile,CORP,Y,,,,Glendale,NY,11385,Unknown,1455.0,PRINT,Print Ads,eday ads,,N,N,eday ads,print
2025,5,2384,P,Paladino,Vickie,,K,13,F,,,R0014355,9/8/2025,2025-09-10,Queens Chronicle,OTHR,Y,,,,Glendale,NY,11385,Unknown,12875.0,PRINT,Print Ads,Ads,,N,N,ads,print
2025,5,2913,P,Pogozelski,Paul,J,H,10,F,,,R0002339,5/28/2025,2025-05-28,Queens Chronicle,CORP,Y,,,,Glendale,NY,11385,Unknown,2175.0,PRINT,Print Ads,Ads,,N,N,ads,print
2025,5,2913,P,Pogozelski,Paul,J,H,8,F,,,R0000908,2/4/2025,2025-02-04,Queens Chronicle,CORP,Y,,,,Glendale,NY,11385,Unknown,485.0,PRINT,Print Ads,1/2 Page ad,,N,N,1/2 page ad,print
2025,5,2940,P,Vaichunas,Alicia,B,H,15,F,,,R0002034,10/28/2025,2025-10-29,Queens Chronicle,OTHR,Y,,,,Glendale,NY,11385,Unknown,875.0,PRINT,Print Ads,Newspaper Ad,,N,N,newspaper ad,print
2025,5,433,P,Schulman,Lynn,,M,15,F,,,R0010630,10/23/2025,2025-10-29,Queens Chronicle,CORP,Y,,,,Flushing,NY,11385,Unknown,725.0,PRINT,Print Ads,full page,,N,N,full page,print
2025,5,504,P,Ariola,Joann,,M,8,F,,,R0009877,12/18/2024,2025-03-12,Queens Chronicle,CORP,Y,,,,Glendale,NY,11385,Unknown,175.0,PRINT,Print Ads,Display Ad,,N,N,display ad,print
2025,5,1624,NP,Brooks-Powers,Selvena,,L,10,F,,,R0013954,5/19/2025,2025-05-21,Queens Chronicles,CORP,Y,,,,Flushing,NY,11385,Unknown,350.0,PRINT,Print Ads,holiday greeting ad,,N,N,holiday greeting ad,print
2025,1,148,P,Stringer,Scott,M,S,11,F,,,R0103970,6/18/2025,2025-06-18,Queens Jewish Link,CORP,Y,,,,Flushing,NY,11367,Unknown,1500.0,PRINT,Print Ads,full color displayad,,N,N,full color displayad,print
2025,2,1682,P,Rajkumar,Jenifer,,I,10,F,,,R0008341,5/28/2025,2025-06-02,Queens Jewish Link,LLC,Y,,,,Flushing,NY,11367,Unknown,1650.0,PRINT,Print Ads,Newsletter Ads,,N,N,newsletter ads,print
2025,2,1682,P,Rajkumar,Jenifer,,I,11,F,,,R0008452,4/4/2025,2025-04-07,Queens Jewish Link,LLC,Y,,,,Flushing,NY,11367,Unknown,1000.0,PRINT,Print Ads,Newspaper Ads,,N,N,newspaper ads,print
2025,2,1682,P,Rajkumar,Jenifer,,I,9,F,,,R0007828,4/7/2025,2025-04-10,Queens Jewish Link,LLC,Y,,,,Flushing,NY,11367,Unknown,1300.0,PRINT,Print Ads,Newspaper Ads,,N,N,newspaper ads,print
2025,5,2343,P,Ung,Sandra,,K,14,F,,,R0002069,10/20/2025,2025-10-20,Queens Jewish Link,CORP,Y,,,,Flushing,NY,11367,Unknown,650.0,PRINT,Print Ads,eday ads,,N,N,eday ads,print
2025,5,2384,P,Paladino,Vickie,,K,14,F,,,R0015292,10/20/2025,2025-10-20,Queens Jewish Link,CORP,Y,,,,Flushing,NY,11367,Unknown,1000.0,PRINT,Print Ads,Ads,,N,N,ads,print
2025,5,2384,P,Paladino,Vickie,,K,15,F,,,R0015390,10/23/2025,2025-10-23,Queens Jewish Link,CORP,Y,,,,Flushing,NY,11367,Unknown,1000.0,PRINT,Print Ads,Ads,,N,N,ads,print
2025,5,2384,P,Paladino,Vickie,,K,15,F,,,R0015526,10/29/2025,2025-10-29,Queens Jewish Link,CORP,Y,,,,Flushing,NY,11367,Unknown,1000.0,PRINT,Print Ads,Ads,,N,N,ads,print
2025,5,2384,P,Paladino,Vickie,,K,6,F,,,R0012250,9/13/2024,2024-10-03,Queens Jewish Link,CORP,Y,,,,Flushing,NY,11367,Unknown,250.0,PRINT,Print Ads,Ads,,N,N,ads,print
2025,5,2384,P,Paladino,Vickie,,K,7,F,,,R0013005,12/26/2024,2024-12-26,Queens Jewish Link,CORP,Y,,,,Flushing,NY,11367,Unknown,500.0,PRINT,Print Ads,Ad,,N,N,ad,print
2025,5,2384,P,Paladino,Vickie,,K,9,F,,,R0013487,4/15/2025,2025-04-15,Queens Jewish Link,CORP,Y,,,,Flushing,NY,11367,Unknown,900.0,PRINT,Print Ads,Ads,,N,N,ads,print
2025,5,2453,P,Lee,Linda,,K,13,F,,,R0001718,9/19/2025,2025-09-19,Queens Jewish Link,CORP,Y,,,,Flushing,NY,11367,Unknown,500.0,PRINT,Print Ads,ad,,N,N,ad,print
2025,5,2453,P,Lee,Linda,,K,9,F,,,R0001426,4/4/2025,2025-04-04,Queens Jewish Link,CORP,Y,,,,Flushing,NY,11367,Unknown,500.0,PRINT,Print Ads,newspaper ad,,N,N,newspaper ad,print
2025,1,2618,P,Sliwa,Curtis,A,I,10,F,,,R0075632,5/26/2025,2025-05-26,Queens Jewish Link,OTHR,Y,,,,Flushing,NY,11367,Unknown,1000.0,PRINT,Print Ads,Ads,,N,N,ads,print
2025,1,2618,P,Sliwa,Curtis,A,I,11,F,,,R0081865,7/9/2025,2025-07-09,Queens Jewish Link,OTHR,Y,,,,Flushing,NY,11367,Unknown,3100.0,PRINT,Print Ads,Ads,,N,N,ads,print
2025,1,2618,P,Sliwa,Curtis,A,I,11,F,,,R0082301,6/30/2025,2025-07-01,Queens Jewish Link,OTHR,Y,,,,Flushing,NY,11367,Unknown,1700.0,PRINT,Print Ads,Ads,,N,N,ads,print
2025,1,2618,P,Sliwa,Curtis,A,I,11,F,,,R0086979,5/13/2025,2025-05-13,Queens Jewish Link,OTHR,Y,,,,Flushing,NY,11367,Unknown,650.0,PRINT,Print Ads,newspaper ad,,N,N,newspaper ad,print
2025,1,2618,P,Sliwa,Curtis,A,I,12,F,,,R0096802,7/28/2025,2025-07-28,Queens Jewish Link,OTHR,Y,,,,Flushing,NY,11367,Unknown,1700.0,PRINT,Print Ads,Newspaper Ad,,N,N,newspaper ad,print
2025,1,2618,P,Sliwa,Curtis,A,I,12,F,,,R0102620,8/13/2025,2025-08-13,Queens Jewish Link,OTHR,Y,,,,Flushing,NY,11367,Unknown,1650.0,PRINT,Print Ads,Holiday Ad,,N,N,holiday ad,print
2025,1,2618,P,Sliwa,Curtis,A,I,13,F,,,R0109385,8/27/2025,2025-08-27,Queens Jewish Link,OTHR,Y,,,,Flushing,NY,11367,Unknown,1650.0,PRINT,Print Ads,Event ad,,N,N,event ad,print
2025,1,2618,P,Sliwa,Curtis,A,I,13,F,,,R0113495,8/20/2025,2025-08-20,Queens Jewish Link,OTHR,Y,,,,Flushing,NY,11367,Unknown,1659.0,PRINT,Print Ads,Ads,,N,N,ads,print
2025,1,2618,P,Sliwa,Curtis,A,I,13,F,,,R0119745,9/25/2025,2025-09-25,Queens Jewish Link,OTHR,Y,,,,Flushing,NY,11367,Unknown,700.0,PRINT,Print Ads,Ads,,N,N,ads,print
2025,1,2618,P,Sliwa,Curtis,A,I,13,F,,,R0119751,9/24/2025,2025-09-24,Queens Jewish Link,OTHR,Y,,,,Flushing,NY,11367,Unknown,1650.0,PRINT,Print Ads,Ads,,N,N,ads,print
2025,1,2618,P,Sliwa,Curtis,A,I,13,F,,,R0120602,9/17/2025,2025-09-17,Queens Jewish Link,OTHR,Y,,,,Flushing,NY,11367,Unknown,1650.0,PRINT,Print Ads,Ads,,N,N,ads,print
2025,1,2618,P,Sliwa,Curtis,A,I,13,F,,,R0120770,9/3/2025,2025-09-03,Queens Jewish Link,OTHR,Y,,,,Flushing,NY,11367,Unknown,2350.0,PRINT,Print Ads,Ads,,N,N,ads,print
2025,1,2618,P,Sliwa,Curtis,A,I,14,F,,,R0131737,10/1/2025,2025-10-01,Queens Jewish Link,OTHR,Y,,,,Flushing,NY,11367,Unknown,1650.0,PRINT,Print Ads,Ads,,N,N,ads,print
2025,1,2618,P,Sliwa,Curtis,A,I,15,F,,,R0133953,10/23/2025,2025-10-23,Queens Jewish Link,OTHR,Y,,,,Flushing,NY,11367,Unknown,1650.0,PRINT,Print Ads,Ads,,N,N,ads,print
2025,1,2618,P,Sliwa,Curtis,A,I,9,F,,,R0072149,4/7/2025,2025-04-11,Queens Jewish Link,OTHR,Y,,,,Flushing,NY,11367,Unknown,650.0,PRINT,Print Ads,ad for holiday,,N,N,ad for holiday,print
2025,1,2920,P,Tilson,Whitney,R,H,9,F,,,R0010486,4/9/2025,2025-04-09,Queens Jewish Link,LLC,Y,,,,Flushing,NY,11367,Unknown,650.0,PRINT,Print Ads,Ad,,N,N,ad,print
2025,5,2956,P,Wang,Allen,H,H,11,F,,,R0000875,4/3/2025,2025-04-03,Queens Jewish Link,CORP,Y,,,,Kew Gardens Hills,NY,11367,Unknown,650.0,PRINT,Print Ads,See notes,,N,N,see notes,print
2025,1,2993,P,Cuomo,Andrew,M,H,11,F,,,R0030895,6/10/2025,2025-06-13,Queens Jewish Link,CORP,Y,,,,Flushing,NY,11367,Unknown,500.0,PRINT,Print Ads,Newspaper Ad,,N,N,newspaper ad,print
2025,1,2993,P,Cuomo,Andrew,M,H,11,F,,,R0031550,6/18/2025,2025-06-19,Queens Jewish Link,CORP,Y,,,,Flushing,NY,11367,Unknown,500.0,PRINT,Print Ads,Newspaper Ad,,N,N,newspaper ad,print
2025,1,2993,P,Cuomo,Andrew,M,H,15,F,,,R0056426,10/21/2025,2025-10-22,Queens Jewish Link,CORP,Y,,,,Flushing,NY,11367,Unknown,1000.0,PRINT,Print Ads,Full Page,,N,N,full page,print
2025,1,2993,P,Cuomo,Andrew,M,H,15,F,,,R0058353,10/27/2025,2025-10-30,Queens Jewish Link,CORP,Y,,,,Flushing,NY,11367,Unknown,650.0,PRINT,Print Ads,Half Page Ad,,N,N,half page ad,print
2025,3,311,P,Levine,Mark,,P,10,F,,,R0038816,5/26/2025,2025-06-01,Queens Jewish Link,CORP,Y,,,,Flushing,NY,11367,Unknown,500.0,PRINT,Print Ads,1/4-page Ad,,N,N,1/4-page ad,print
2025,5,433,P,Schulman,Lynn,,M,15,F,,,R0010597,9/2/2025,2025-10-23,Queens Jewish Link,CORP,Y,,,,Flushing,NY,11367,Unknown,650.0,PRINT,Print Ads,full page,,N,N,full page,print
2025,5,433,P,Schulman,Lynn,,M,15,F,,,R0010623,10/23/2025,2025-10-30,Queens Jewish Link,CORP,Y,,,,Flushing,NY,11367,Unknown,650.0,PRINT,Print Ads,half page,,N,N,half page,print
2025,5,433,P,Schulman,Lynn,,M,7,F,,,R0008837,10/2/2024,2024-11-05,Queens Jewish Link,CORP,Y,,,,Flushing,NY,11367,Unknown,650.0,PRINT,Print Ads,Display ad,,N,N,display ad,print
2025,5,433,P,Schulman,Lynn,,M,9,F,,,R0009841,3/31/2025,2025-04-19,Queens Jewish Link,CORP,Y,,,,Flushing,NY,11367,Unknown,650.0,PRINT,Print Ads,Full page,,N,N,full page,print
2025,5,272,P,Monserrate,Hiram,,Q,7,F,,,R0006602,12/24/2024,2024-12-24,Queens Latino,CORP,Y,,,,Jackson Heights,NY,11372,Unknown,250.0,PRINT,Print Ads,HOLIDAY AD,,N,N,holiday ad,print
2025,5,2343,P,Ung,Sandra,,K,14,F,,,R0002060,10/17/2025,2025-10-17,Queens Ledger,CORP,Y,,,,Flushing,NY,11378,Unknown,871.0,PRINT,Print Ads,eday ads,,N,N,eday ads,print
2025,3,311,P,Levine,Mark,,P,11,F,,,R0039609,6/13/2025,2025-06-13,Queens Ledger,CORP,Y,,,,Flushing,NY,11378,Unknown,1359.0,PRINT,Print Ads,Ad runs,,N,N,ad runs,print
2025,5,2972,P,Sarantopoulos,George,,H,11,F,,,R0002065,6/20/2025,2025-06-20,R Reklama,CORP,Y,,,,Brooklyn,NY,11235,Unknown,1000.0,PRINT,Print Ads,Color Ads,,N,N,color ads,print
2025,5,1996,P,Hanks,Kamillah,M,L,7,F,,,R0010279,10/30/2024,2024-10-31,R&L Press,CORP,Y,,,,Staten Island,NY,10310,Unknown,451.1,PRINT,Print Ads,SIGNS FOR FUNDRAISER,,N,N,signs for fundraiser,print
2025,5,1159,P,Narcisse,Mercedes,,L,15,F,,,R0007765,6/10/2025,2025-10-21,Radio Comedy FM,OTHR,Y,,,,Brooklyn,NY,11210,Unknown,800.0,RADIO,Radio Ads.,Radio Ads,,N,N,radio ads,radio
2025,5,1159,P,Narcisse,Mercedes,,L,15,F,,,R0007843,10/30/2025,2025-11-04,Radio Comedy FM,OTHR,Y,,,,Brooklyn,NY,11210,Unknown,500.0,RADIO,Radio Ads.,Radio Ad,,N,N,radio ad,radio
2025,5,1159,P,Narcisse,Mercedes,,L,11,F,,,R0006560,5/31/2025,2025-06-11,Radio Omega,CORP,Y,,,,Brooklyn,NY,11203,Unknown,500.0,RADIO,Radio Ads.,Radio Ads,,N,N,radio ads,radio
2025,5,1159,P,Narcisse,Mercedes,,L,15,F,,,R0007845,10/30/2025,2025-11-04,Radio Omega,CORP,Y,,,,Brooklyn,NY,11203,Unknown,500.0,RADIO,Radio Ads.,Radio Ad,,N,N,radio ad,radio
2025,1,2618,P,Sliwa,Curtis,A,I,14,F,,,R0137253,10/20/2025,2025-10-20,Radio Rampa,CORP,Y,,,,Brooklyn,NY,11222,Unknown,6000.0,RADIO,Radio Ads.,radio ads,,N,N,radio ads,radio
2025,5,1159,P,Narcisse,Mercedes,,L,11,F,,,R0006644,6/3/2025,2025-06-16,Radio Tele Miracle,CORP,Y,,,,Brooklyn,NY,11236,Unknown,653.25,RADIO,Radio Ads.,Radio Ads,,N,N,radio ads,radio
2025,5,1159,P,Narcisse,Mercedes,,L,15,F,,,R0007847,10/30/2025,2025-11-04,Radio Tele Miracle,CORP,Y,,,,Brooklyn,NY,11236,Unknown,500.0,RADIO,Radio Ads.,Radio Ad,,N,N,radio ad,radio
2025,1,2993,P,Cuomo,Andrew,M,H,15,F,,,R0056629,10/20/2025,2025-10-23,Radio Zindagi USA LLC,LLC,Y,,,,Edison,NJ,8820,Unknown,2000.0,RADIO,Radio Ads.,Radio Ads,,N,N,radio ads,radio
2025,1,2899,P,Mamdani,Zohran,K,H,14,F,,,R0223101,10/14/2025,2025-10-20,"Radio Zindagi USA, LLC",LLC,Y,,,,Edison,NJ,8820,Unknown,2000.0,RADIO,Radio Ads.,Radio Advertisement,,N,N,radio advertisement,radio
2025,5,2935,P,Cunningham,Bianca,,H,11,F,,,R0002234,6/23/2025,2025-06-27,Radix Printing & Publishing Co,OTHR,Y,,,,Brooklyn,NY,11217,Unknown,455.89,PRINT,Print Ads,H Frame Yard Signs,,N,N,h frame yard signs,print
2025,5,1159,P,Narcisse,Mercedes,,L,13,F,,,R0007050,6/3/2025,2025-09-08,Radyo PaNou,CORP,Y,,,,Brooklyn,NY,11226,Unknown,1000.0,RADIO,Radio Ads.,Radio Ads,,N,N,radio ads,radio
2025,5,1159,P,Narcisse,Mercedes,,L,15,F,,,R0007833,10/30/2025,2025-11-03,Radyo PaNou,CORP,Y,,,,Brooklyn,NY,11226,Unknown,500.0,RADIO,Radio Ads.,Radio Ad,,N,N,radio ad,radio
2025,3,311,P,Levine,Mark,,P,10,F,,,R0038622,5/21/2025,2025-05-22,Ralston Lapp Guinn Media,CORP,Y,,,,Washington,DC,20007,Unknown,160385.5,TVADS,Television Ads.,Production+Placement,,N,N,production+placement,television
2025,3,311,P,Levine,Mark,,P,10,F,,,R0038698,5/28/2025,2025-05-29,Ralston Lapp Guinn Media,CORP,Y,,,,Washington,DC,20007,Unknown,457673.55,TVADS,Television Ads.,Production+Placement,,N,N,production+placement,television
2025,3,311,P,Levine,Mark,,P,10,F,,,R0039048,6/5/2025,2025-06-06,Ralston Lapp Guinn Media,CORP,Y,,,,Washington,DC,20007,Unknown,589684.0,TVADS,Television Ads.,Placement,,N,N,placement,television
2025,3,311,P,Levine,Mark,,P,11,F,,,R0039569,6/12/2025,2025-06-12,Ralston Lapp Guinn Media,CORP,Y,,,,Washington,DC,20007,Unknown,988160.0,TVADS,Television Ads.,Production+Placement,,N,N,production+placement,television
2025,3,311,P,Levine,Mark,,P,11,F,,,R0039586,6/12/2025,2025-06-13,Ralston Lapp Guinn Media,CORP,Y,,,,Washington,DC,20007,Unknown,17973.96,TVADS,Television Ads.,Production+Placement,,N,N,production+placement,television
2025,3,311,P,Levine,Mark,,P,9,F,,,R0036565,5/9/2025,2025-05-09,Ralston Lapp Guinn Media,CORP,Y,,,,Washington,DC,20007,Unknown,162998.14,TVADS,Television Ads.,Production+Placement,,N,N,production+placement,television
2025,3,311,P,Levine,Mark,,P,9,F,,,R0037021,5/15/2025,2025-05-15,Ralston Lapp Guinn Media,CORP,Y,,,,Washington,DC,20007,Unknown,91875.0,TVADS,Television Ads.,Placement,,N,N,placement,television
2025,4,2721,P,Fossella,Vito,J,J,15,F,,,R0005259,10/28/2025,2025-10-28,Red Apple Media,LLC,Y,,,,New York,NY,10022,Unknown,11300.0,RADIO,Radio Ads.,Radio Ads,,N,N,radio ads,radio
2025,4,2721,P,Fossella,Vito,J,J,15,F,,,R0005262,10/28/2025,2025-10-28,Red Apple Media,LLC,Y,,,,New York,NY,10022,Unknown,6550.0,RADIO,Radio Ads.,Radio Ads,,N,N,radio ads,radio
2025,1,2963,P,Nahom,Ronen,,H,8,F,,,R0000098,3/11/2025,2025-03-11,Red Apple Media - WABC 77 Radi,CORP,Y,,,,New York,NY,10022,Unknown,1827.0,RADIO,Radio Ads.,Radio Ad,,N,N,radio ad,radio
2025,1,2903,P,Walden,James,,H,12,F,,,R0015841,7/16/2025,2025-07-16,"Red Apple Media, INC",CORP,Y,,,,New York,NY,10022,Unknown,35250.0,RADIO,Radio Ads.,Radio Ads,,N,N,radio ads,radio
2025,4,1550,P,Reynoso,Antonio,,M,10,F,,,R0022874,5/29/2025,2025-06-02,Red Horse Strategies,CORP,Y,,,,Brooklyn,NY,11201,Unknown,100000.0,TVADS,Television Ads.,Nuestros Ninos,,N,N,nuestros ninos,television
2025,4,1550,P,Reynoso,Antonio,,M,11,F,,,R0022960,6/16/2025,2025-06-23,Red Horse Strategies,CORP,Y,,,,Brooklyn,NY,11201,Unknown,221480.91,TVADS,Television Ads.,Ads and prints,,N,N,ads and prints,television
2025,4,1550,P,Reynoso,Antonio,,M,11,F,,,R0022962,6/8/2025,2025-06-23,Red Horse Strategies,CORP,Y,,,,Brooklyn,NY,11201,Unknown,161292.0,TVADS,Television Ads.,Nuestros Ninos,,N,N,nuestros ninos,television
2025,4,1550,P,Reynoso,Antonio,,M,11,F,,,R0023033,6/20/2025,2025-06-25,Red Horse Strategies,CORP,Y,,,,Brooklyn,NY,11201,Unknown,126000.0,TVADS,Television Ads.,TV Buy,,N,N,tv buy,television
2025,4,1938,P,Powers,Keith,,M,11,F,,,R0019689,6/11/2025,2025-06-11,Red Horse Strategies,LLC,Y,,,,Brooklyn Heights,NY,11201,Unknown,212500.0,TVADS,Television Ads.,TV and digital,,N,N,tv and digital,television
2025,5,2312,P,Bottcher,Erik,,K,15,F,,,R0016683,10/31/2025,2025-10-31,Red Horse Strategies,CORP,Y,,,,Brooklyn Heights,NY,11201,Unknown,22668.8,PRINT,Print Ads,Final Mailings,,N,N,final mailings,print
2025,4,2898,P,Colombo,Michael,,H,15,F,,,R0004254,10/27/2025,2025-10-27,Red Horse Strategies,CORP,Y,,,,Brooklyn Heights,NY,11201,Unknown,10000.0,PRINT,Print Ads,social media ads,,N,N,social media ads,print
2025,5,2909,P,Maloney,Virginia,,H,7,F,,,R0002665,12/16/2024,2025-01-09,Red Horse Strategies,LLC,Y,,,,Brooklyn Heights,NY,11201,Unknown,14250.0,TVADS,Television Ads.,Shoot/Placement,,N,N,shoot/placement,television
2025,1,2993,P,Cuomo,Andrew,M,H,11,F,,,R0031729,6/20/2025,2025-06-23,Renaissance Campaign Strategie,CORP,Y,,,,Tampa,FL,33613,Unknown,30000.0,PRINT,Print Ads,Mailers,,N,N,mailers,print
2025,1,2993,P,Cuomo,Andrew,M,H,9,F,,,R0024915,5/5/2025,2025-05-08,Renaissance Campaign Strategie,CORP,Y,,,,Tampa,FL,33613,Unknown,4817.75,PRINT,Print Ads,Posters/signs,,N,N,posters/signs,print
2025,1,2993,P,Cuomo,Andrew,M,H,9,F,,,R0024916,5/5/2025,2025-05-08,Renaissance Campaign Strategie,CORP,Y,,,,Tampa,FL,33613,Unknown,11085.0,PRINT,Print Ads,Palm Cards,,N,N,palm cards,print
2025,1,2993,P,Cuomo,Andrew,M,H,9,F,,,R0027486,5/16/2025,2025-05-19,Renaissance Campaign Strategie,CORP,Y,,,,Tampa,FL,33613,Unknown,1000.0,PRINT,Print Ads,Palm Cards,,N,N,palm cards,print
2025,5,504,P,Ariola,Joann,,M,11,F,,,R0009984,5/23/2025,2025-06-26,Rockaway Point News,CORP,Y,,,,Breezy Point,NY,11697,Unknown,175.0,PRINT,Print Ads,Newspaper Ad,,N,N,newspaper ad,print
2025,5,504,P,Ariola,Joann,,M,11,F,,,R0009985,9/9/2024,2025-06-26,Rockaway Point News,CORP,Y,,,,Breezy Point,NY,11697,Unknown,135.0,PRINT,Print Ads,Newspaper Ad,,N,N,newspaper ad,print
2025,5,504,P,Ariola,Joann,,M,13,F,,,R0010103,9/8/2025,2025-09-15,Rockaway Point News,CORP,Y,,,,Breezy Point,NY,11697,Unknown,85.0,PRINT,Print Ads,9/11 Ad,,N,N,9/11 ad,print
2025,5,504,P,Ariola,Joann,,M,13,F,,,R0010106,3/4/2024,2025-09-15,Rockaway Point News,CORP,Y,,,,Breezy Point,NY,11697,Unknown,135.0,PRINT,Print Ads,quarter color page,,N,N,quarter color page,print
2025,1,2193,P,Blake,Michael,A,I,11,F,,,R0012881,6/23/2025,2025-06-24,Rolling Box Media,CORP,Y,,,,Sands Point,NY,11050,Unknown,23750.0,PRINT,Print Ads,rolling ads,,N,N,rolling ads,print
2025,1,2993,P,Cuomo,Andrew,M,H,10,F,,,R0030123,6/6/2025,2025-06-09,Royal Printing Service,CORP,Y,,,,West New York,NJ,7093,Unknown,28810.0,PRINT,Print Ads,Mailers,,N,N,mailers,print
2025,1,2993,P,Cuomo,Andrew,M,H,10,F,,,R0030124,6/6/2025,2025-06-09,Royal Printing Service,CORP,Y,,,,West New York,NJ,7093,Unknown,13155.0,PRINT,Print Ads,Mailers,,N,N,mailers,print
2025,1,2993,P,Cuomo,Andrew,M,H,11,F,,,R0030450,6/2/2025,2025-06-11,Royal Printing Service,CORP,Y,,,,West New York,NJ,7093,Unknown,7500.89,PRINT,Print Ads,Mailers,,N,N,mailers,print
2025,1,2993,P,Cuomo,Andrew,M,H,11,F,,,R0030452,6/2/2025,2025-06-11,Royal Printing Service,CORP,Y,,,,West New York,NJ,7093,Unknown,24935.9,PRINT,Print Ads,Mailers,,N,N,mailers,print
2025,1,2993,P,Cuomo,Andrew,M,H,11,F,,,R0030728,6/11/2025,2025-06-13,Royal Printing Service,CORP,Y,,,,West New York,NJ,7093,Unknown,28810.0,PRINT,Print Ads,Mailers,,N,N,mailers,print
2025,1,2993,P,Cuomo,Andrew,M,H,11,F,,,R0031339,6/17/2025,2025-06-17,Royal Printing Service,CORP,Y,,,,West New York,NJ,7093,Unknown,13155.0,PRINT,Print Ads,Mailers,,N,N,mailers,print
2025,1,2993,P,Cuomo,Andrew,M,H,11,F,,,R0031340,6/17/2025,2025-06-17,Royal Printing Service,CORP,Y,,,,West New York,NJ,7093,Unknown,28810.0,PRINT,Print Ads,Mailers,,N,N,mailers,print
2025,5,2972,P,Sarantopoulos,George,,H,10,F,,,R0001559,5/20/2025,2025-05-22,RUSA Radio Inc - Da Nu Media,CORP,Y,,,,Brooklyn,NY,11235,Unknown,3000.0,RADIO,Radio Ads.,Radio ads,,N,N,radio ads,radio
2025,5,2972,P,Sarantopoulos,George,,H,11,F,,,R0002074,6/11/2025,2025-06-20,RUSA Radio Inc - Da Nu Media,CORP,Y,,,,Brooklyn,NY,11235,Unknown,3000.0,RADIO,Radio Ads.,Radio Ads,,N,N,radio ads,radio
2025,5,2423,P,Vernikov,Inna,,J,10,F,,,R0009351,5/22/2025,2025-05-22,"Rusa Radio, Inc.",CORP,Y,,,,Brooklyn,NY,11235,Unknown,2000.0,RADIO,Radio Ads.,Radio Ads,,N,N,radio ads,radio
2025,5,1717,P,Kagan,Ari,,M,10,F,,,R0010574,5/8/2025,2025-06-06,Russian Media Group LLC,LLC,Y,,,,Brooklyn,NY,11223,Unknown,1700.0,TVADS,Television Ads.,tv ads,,N,N,tv ads,television
2025,5,1717,P,Kagan,Ari,,M,11,F,,,R0011037,6/18/2025,2025-06-22,Russian Media Group LLC,LLC,Y,,,,Brooklyn,NY,11223,Unknown,400.0,TVADS,Television Ads.,Commercial,,N,N,commercial,television
2025,5,1717,P,Kagan,Ari,,M,9,F,,,R0010154,5/8/2025,2025-05-08,Russian Media Group LLC,LLC,Y,,,,Brooklyn,NY,11223,Unknown,1000.0,TVADS,Television Ads.,tv ads,,N,N,tv ads,television
2025,1,2993,P,Cuomo,Andrew,M,H,15,F,,,R0058356,10/27/2025,2025-10-31,Russion Television Network of,CORP,Y,,,,Brooklyn,NY,11223,Unknown,1000.0,RADIO,Radio Ads.,Commercial,,N,N,commercial,radio
2025,5,2928,NP,Schargel,Gail,,H,12,F,,,R0000089,7/15/2025,2025-07-18,"Schargel, Gail",CAN,N,,,,New York,NY,10003,Unknown,333.88,PRINT,Print Ads,Buttons,,N,N,buttons,print
2025,5,1159,P,Narcisse,Mercedes,,L,10,F,,,R0006738,5/26/2025,2025-05-29,Schneps Media,CORP,Y,,,,Flushing,NY,11361,Unknown,3556.0,PRINT,Print Ads,Print Ads,,N,N,print ads,print
2025,5,1290,P,Rivera,Joel,R,J,10,F,,,R0002725,5/22/2025,2025-05-22,Schneps Media,CORP,Y,,,,Flushing,NY,11361,Unknown,2060.0,PRINT,Print Ads,Newspaper,,N,N,newspaper,print
2025,5,1290,P,Rivera,Joel,R,J,9,F,,,R0002708,5/19/2025,2025-05-19,Schneps Media,CORP,Y,,,,Flushing,NY,11361,Unknown,1158.75,PRINT,Print Ads,Newspaper,,N,N,newspaper,print
2025,4,1597,P,Edwards,Khari,,J,11,F,,,R0016293,6/12/2025,2025-06-16,Schneps Media,CORP,Y,,,,Flushing,NY,11361,Unknown,4000.0,PRINT,Print Ads,Print Ads,,N,N,print ads,print
2025,5,1717,P,Kagan,Ari,,M,11,F,,,R0010849,6/5/2025,2025-06-11,Schneps media,OTHR,Y,,,,Flushing,NY,11361,Unknown,975.0,PRINT,Print Ads,ads,,N,N,ads,print
2025,4,1938,P,Powers,Keith,,M,10,F,,,R0019663,6/9/2025,2025-06-09,Schneps Media,CORP,Y,,,,Douglaston,NY,11362,Unknown,10000.0,PRINT,Print Ads,Ads,,N,N,ads,print
2025,5,2256,P,Hanif,Shahana,,K,11,F,,,R0016481,6/16/2025,2025-06-16,Schneps Media,CORP,Y,,,,Flushing,NY,11361,Unknown,2000.0,PRINT,Print Ads,Print ads,,N,N,print ads,print
2025,5,2274,P,Willabus,Dimple,,I,11,F,,,R0006008,6/18/2025,2025-06-18,Schneps Media,CORP,Y,,,,Brooklyn,NY,11201,Unknown,12000.0,PRINT,Print Ads,Election Week Ads,,N,N,election week ads,print
2025,5,2274,P,Willabus,Dimple,,I,11,F,,,R0006010,6/16/2025,2025-06-17,Schneps Media,CORP,Y,,,,Brooklyn,NY,11201,Unknown,2472.0,PRINT,Print Ads,Campaign Ads,,N,N,campaign ads,print
2025,5,2274,P,Willabus,Dimple,,I,7,F,,,R0004846,11/20/2024,2024-11-22,Schneps Media,CORP,Y,,,,Brooklyn,NY,11201,Unknown,900.0,PRINT,Print Ads,Thanksgiving Print,,N,N,thanksgiving print,print
2025,5,2274,P,Willabus,Dimple,,I,7,F,,,R0005053,12/20/2024,2024-12-30,Schneps Media,CORP,Y,,,,Brooklyn,NY,11201,Unknown,900.0,PRINT,Print Ads,Holiday Print Ad,,N,N,holiday print ad,print
2025,5,2274,P,Willabus,Dimple,,I,8,F,,,R0005202,1/10/2025,2025-01-15,Schneps Media,CORP,Y,,,,Brooklyn,NY,11201,Unknown,1000.0,PRINT,Print Ads,Jan Full Page,,N,N,jan full page,print
2025,5,2312,P,Bottcher,Erik,,K,15,F,,,R0016680,10/30/2025,2025-10-30,Schneps Media,CORP,Y,,,,Bayside,NY,11361,Unknown,800.0,PRINT,Print Ads,GOTV ads,,N,N,gotv ads,print
2025,5,2343,P,Ung,Sandra,,K,13,F,,,R0002018,9/29/2025,2025-09-29,Schneps Media,CORP,Y,,,,Flushing,NY,11361,Unknown,3250.0,PRINT,Print Ads,ads,,N,N,ads,print
2025,5,2423,P,Vernikov,Inna,,J,11,F,,,R0009580,6/20/2025,2025-06-20,Schneps Media,OTHR,Y,,,,Flushing,NY,11361,Unknown,1200.0,PRINT,Print Ads,Newspaper Ads,,N,N,newspaper ads,print
2025,5,2489,P,Gates,Sabrina,,I,10,F,,,R0001626,6/5/2025,2025-06-05,Schneps Media,CORP,Y,,,,Bayside,NY,11361,Unknown,1570.0,PRINT,Print Ads,Brooklyn Paper,,N,N,brooklyn paper,print
2025,5,2845,P,Lynch,Lawman,,H,10,F,,,R0002253,5/31/2025,2025-06-09,Schneps Media,CORP,Y,,,,Brooklyn Heights,NY,11201,Unknown,2200.0,TVADS,Television Ads.,Video Recording,,N,N,video recording,television
2025,5,2885,P,Caruso,Alexander,J,H,10,F,,,R0001613,5/27/2025,2025-05-29,Schneps Media,OTHR,Y,,,,Bayside,NY,11361,Unknown,1030.0,PRINT,Print Ads,Running ads,,N,N,running ads,print
2025,1,2899,P,Mamdani,Zohran,K,H,15,F,,,R0223672,10/16/2025,2025-10-23,Schneps Media,LLC,Y,,,,Flushing,NY,11361,Unknown,8372.0,PRINT,Print Ads,Print Ads,,N,N,print ads,print
2025,5,2942,P,Wong,Phil,W,H,10,F,,,R0001914,5/29/2025,2025-05-29,SCHNEPS MEDIA,CORP,Y,,,,Brooklyn Heights,NY,11201,Unknown,3200.0,PRINT,Print Ads,ads,,N,N,ads,print
2025,5,2972,P,Sarantopoulos,George,,H,9,F,,,R0000684,3/21/2025,2025-03-24,Schneps Media,CORP,Y,,,,Bayside,NY,11361,Unknown,1100.0,PRINT,Print Ads,Ad,,N,N,ad,print
2025,5,2973,P,Chou,Benjamin,,H,10,F,,,R0002547,5/27/2025,2025-05-27,Schneps Media,LLC,Y,,,,Bayside,NY,11361,Unknown,1000.0,PRINT,Print Ads,ads,,N,N,ads,print
2025,5,2973,P,Chou,Benjamin,,H,11,F,,,R0002954,6/12/2025,2025-06-12,Schneps Media,LLC,Y,,,,Bayside,NY,11361,Unknown,4800.0,PRINT,Print Ads,ads,,N,N,ads,print
2025,5,2973,P,Chou,Benjamin,,H,11,F,,,R0003073,6/30/2025,2025-06-30,Schneps Media,LLC,Y,,,,Bayside,NY,11361,Unknown,2500.0,PRINT,Print Ads,ad,,N,N,ad,print
2025,5,2975,P,Barsamian,Dikran,,H,10,F,,,R0001388,6/1/2025,2025-06-06,Schneps Media,CORP,Y,,,,Brooklyn Heights,NY,11201,Unknown,1900.0,PRINT,Print Ads,Paper Ads,,N,N,paper ads,print
2025,5,2976,P,Usmanov,Fedir,,H,11,F,,,R0001061,6/10/2025,2025-06-10,Schneps Media,CORP,Y,,,,Flushing,NY,11361,Unknown,4974.9,TVADS,Television Ads.,Newspaper & Streamin,,N,N,newspaper & streamin,television
2025,1,2993,P,Cuomo,Andrew,M,H,14,F,,,R0052846,10/13/2025,2025-10-14,Schneps Media,CORP,Y,,,,Flushing,NY,11361,Unknown,75000.0,PRINT,Print Ads,Newspaper Ads,,N,N,newspaper ads,print
2025,5,3010,P,Bonsell,Alina,,H,14,F,,,R0003711,10/10/2025,2025-10-14,Schneps Media,LLC,Y,,,,Brooklyn Heights,NY,11201,Unknown,1030.0,PRINT,Print Ads,1/2 page ad,,N,N,1/2 page ad,print
2025,1,3034,P,Hernandez,Joseph,,H,14,F,,,R0001446,10/16/2025,2025-10-16,Schneps Media,CORP,Y,,,,Flushing,NY,11361,Unknown,2500.0,PRINT,Print Ads,Newspaper ad,,N,N,newspaper ad,print
2025,1,3034,P,Hernandez,Joseph,,H,14,F,,,R0001449,9/26/2025,2025-09-26,Schneps Media,CORP,Y,,,,Flushing,NY,11361,Unknown,1625.0,PRINT,Print Ads,Newspaper ad,,N,N,newspaper ad,print
2025,3,311,P,Levine,Mark,,P,11,F,,,R0039370,6/6/2025,2025-06-10,Schneps Media,CORP,Y,,,,Flushing,NY,11361,Unknown,15000.0,PRINT,Print Ads,Ad runs,,N,N,ad runs,print
2025,5,2913,P,Pogozelski,Paul,J,H,10,F,,,R0002564,5/30/2025,2025-05-31,Schneps Media Advertisement,CORP,Y,,,,Flushing,NY,11362,Unknown,1030.0,PRINT,Print Ads,Print Ads,,N,N,print ads,print
2025,5,2913,P,Pogozelski,Paul,J,H,11,F,,,R0002971,6/30/2025,2025-06-30,Schneps Media Advertisement,CORP,Y,,,,Flushing,NY,11362,Unknown,1545.0,PRINT,Print Ads,Ads,,N,N,ads,print
2025,5,2913,P,Pogozelski,Paul,J,H,7,F,,,R0000793,1/5/2025,2025-01-10,Schneps Media Advertisement,CORP,Y,,,,Flushing,NY,11362,Unknown,200.0,PRINT,Print Ads,Advertising,,N,N,advertising,print
2025,5,2913,P,Pogozelski,Paul,J,H,8,F,,,R0001064,3/3/2025,2025-03-03,Schneps Media Advertisement,CORP,Y,,,,Flushing,NY,11362,Unknown,515.0,PRINT,Print Ads,Print Ad,,N,N,print ad,print
2025,5,2913,P,Pogozelski,Paul,J,H,9,F,,,R0001865,4/28/2025,2025-04-28,Schneps Media Advertisement,CORP,Y,,,,Flushing,NY,11362,Unknown,463.5,PRINT,Print Ads,Communications,,N,N,communications,print
2025,5,2913,P,Pogozelski,Paul,J,H,9,F,,,R0002569,4/1/2025,2025-04-01,Schneps Media Advertisement,CORP,Y,,,,Flushing,NY,11362,Unknown,412.0,PRINT,Print Ads,Ad,,N,N,ad,print
2025,5,2750,P,Pacheco,Ricardo,J,I,11,F,,,R0003651,6/18/2025,2025-06-18,Schneps Media Advertising,CORP,Y,,,,Bayside,NY,11361,Unknown,1030.0,PRINT,Print Ads,website ad/banner,,N,N,website ad/banner,print
2025,5,2874,P,Coleman,Jess,K,H,11,F,,,R0003127,6/17/2025,2025-06-17,Schneps Media Advertising & Ev,CORP,Y,,,,Brooklyn Heights,NY,11201,Unknown,824.0,PRINT,Print Ads,Newspaper ads,,N,N,newspaper ads,print
2025,4,1902,P,Salamanca,Rafael,,N,12,F,,,R0016033,6/20/2025,2025-07-22,Schneps Media LLC,OTHR,Y,,,,Flushing,NY,11361,Unknown,1000.0,PRINT,Print Ads,Full Page,,N,N,full page,print
2025,4,1902,P,Salamanca,Rafael,,N,12,F,,,R0016034,6/6/2025,2025-07-22,Schneps Media LLC,OTHR,Y,,,,Flushing,NY,11361,Unknown,1000.0,PRINT,Print Ads,Full Page,,N,N,full page,print
2025,4,1902,P,Salamanca,Rafael,,N,12,F,,,R0016035,6/6/2025,2025-07-22,Schneps Media LLC,OTHR,Y,,,,Flushing,NY,11361,Unknown,1000.0,PRINT,Print Ads,Full Page,,N,N,full page,print
2025,5,2192,P,Dinowitz,Eric,,L,10,F,,,R0006167,6/6/2025,2025-06-06,Schneps Media LLC,OTHR,Y,,,,Bayside,NY,11361,Unknown,1000.0,PRINT,Print Ads,Bx Times Reporter x2,,N,N,bx times reporter x2,print
2025,5,2384,P,Paladino,Vickie,,K,13,F,,,R0014256,9/1/2025,2025-09-01,Schneps Media LLC,CORP,Y,,,,Queens,NY,11362,Unknown,12080.0,PRINT,Print Ads,Ads,,N,N,ads,print
2025,5,2384,P,Paladino,Vickie,,K,13,F,,,R0014257,9/1/2025,2025-09-01,Schneps Media LLC,CORP,Y,,,,Queens,NY,11362,Unknown,9180.0,PRINT,Print Ads,Ads,,N,N,ads,print
2025,5,2384,P,Paladino,Vickie,,K,13,F,,,R0014258,9/1/2025,2025-09-01,Schneps Media LLC,CORP,Y,,,,Queens,NY,11362,Unknown,2000.0,PRINT,Print Ads,Ads,,N,N,ads,print
2025,5,2384,P,Paladino,Vickie,,K,13,F,,,R0014259,9/1/2025,2025-09-01,Schneps Media LLC,CORP,Y,,,,Queens,NY,11362,Unknown,10500.0,PRINT,Print Ads,Ads,,N,N,ads,print
2025,5,2384,P,Paladino,Vickie,,K,15,F,,,R0015305,10/16/2025,2025-10-21,Schneps Media LLC,CORP,Y,,,,Queens,NY,11362,Unknown,700.0,PRINT,Print Ads,Ads,,N,N,ads,print
2025,5,2384,P,Paladino,Vickie,,K,15,F,,,R0015532,10/30/2025,2025-10-30,Schneps Media LLC,CORP,Y,,,,Queens,NY,11362,Unknown,1000.0,PRINT,Print Ads,Ads,,N,N,ads,print
2025,5,2860,P,Epstein,Harvey,D,H,15,F,,,R0005721,10/22/2025,2025-10-22,Schneps Media LLC,LLC,Y,,,,Flushing,NY,11361,Unknown,600.0,PRINT,Print Ads,Villager/Gay City,,N,N,villager/gay city,print
2025,5,2909,P,Maloney,Virginia,,H,11,F,,,R0006080,6/6/2025,2025-06-11,Schneps Media LLC,LLC,Y,,,,Bayside,NY,11361,Unknown,750.0,PRINT,Print Ads,Newspaper Ads,,N,N,newspaper ads,print
2025,5,2909,P,Maloney,Virginia,,H,15,F,,,R0007357,10/16/2025,2025-10-22,Schneps Media LLC,LLC,Y,,,,Bayside,NY,11361,Unknown,2060.0,PRINT,Print Ads,Newspaper ads,,N,N,newspaper ads,print
2025,2,1227,P,Williams,Jumaane,D,R,8,F,,,R0045368,2/14/2025,2025-02-14,"Shaw, Hulando",IND,N,,,,Jamaica,NY,11434,Unknown,2500.0,RADIO,Radio Ads.,management,,N,N,management,radio
2025,2,1227,P,Williams,Jumaane,D,R,9,F,,,R0047266,2/14/2025,2025-03-19,"Shaw, Hulando",IND,N,,,,Jamaica,NY,11434,Unknown,1500.0,RADIO,Radio Ads.,management,,N,N,management,radio
2025,5,2874,P,Coleman,Jess,K,H,7,F,,,R0001153,12/21/2024,2024-12-26,Sheinkopf Communications LLC,CORP,Y,,,,New York,NY,10018,Unknown,7068.2,PRINT,Print Ads,"Print, Wages, Ads",,N,N,"print, wages, ads",print
2025,5,2966,P,Diaz,Elijah,,H,13,F,,,R0001072,6/23/2025,2025-06-23,Signs dot com,CORP,Y,,,,Lake Balboa,CA,91406,Unknown,33.27,PRINT,Print Ads,Signs,,N,N,signs,print
2025,5,2789,P,Qiu,Helen,J,I,15,F,,,R0008286,10/23/2025,2025-10-27,Sing Tao Daily,CORP,Y,,,,New York,NY,10013,Unknown,3200.0,PRINT,Print Ads,Ads,,N,N,ads,print
2025,5,2789,P,Qiu,Helen,J,I,15,F,,,R0008288,10/26/2025,2025-10-27,Sing Tao Daily,CORP,Y,,,,New York,NY,10013,Unknown,4890.9,PRINT,Print Ads,Ads,,N,N,ads,print
2025,5,2789,P,Qiu,Helen,J,I,15,F,,,R0008325,10/29/2025,2025-10-29,Sing Tao Daily,CORP,Y,,,,New York,NY,10013,Unknown,1229.95,PRINT,Print Ads,Ads,,N,N,ads,print
2025,5,2942,P,Wong,Phil,W,H,11,F,,,R0002293,6/10/2025,2025-06-13,Sing Tao Newspaper,CORP,Y,,,,New York,NY,10013,Unknown,2691.36,PRINT,Print Ads,Newspaper Ad,,N,N,newspaper ad,print
2025,5,2942,P,Wong,Phil,W,H,14,F,,,R0003773,10/14/2025,2025-10-15,Sing Tao Newspaper,CORP,Y,,,,New York,NY,10013,Unknown,2691.36,PRINT,Print Ads,advertisment,,N,N,advertisment,print
2025,5,2343,P,Ung,Sandra,,K,14,F,,,R0002064,10/10/2025,2025-10-10,Sing Tao Newspapers,CORP,Y,,,,Canal Street,NY,10013,Unknown,3119.2,PRINT,Print Ads,eday ads,,N,N,eday ads,print
2025,1,2618,P,Sliwa,Curtis,A,I,14,F,,,R0131870,10/8/2025,2025-10-08,Sing Tao NewsPapers,LLC,Y,,,,New York,NY,10013,Unknown,9578.18,PRINT,Print Ads,ads,,N,N,ads,print
2025,1,2618,P,Sliwa,Curtis,A,I,14,F,,,R0131877,10/8/2025,2025-10-08,Sing Tao NewsPapers,LLC,Y,,,,New York,NY,10013,Unknown,1440.0,PRINT,Print Ads,ads,,N,N,ads,print
2025,1,2993,P,Cuomo,Andrew,M,H,14,F,,,R0051545,10/6/2025,2025-10-07,Sing Tao Newspapers LTD,OTHR,Y,,,,New York,NY,10013,Unknown,3896.06,PRINT,Print Ads,Newspaper Ad,,N,N,newspaper ad,print
2025,5,2937,P,Ye,Ling,,H,11,F,,,R0002329,6/21/2025,2025-06-24,Sing Tao Newspapers New York,CORP,Y,,,,New York,NY,10013,Unknown,2700.0,PRINT,Print Ads,Canvassing Ad,,N,N,canvassing ad,print
2025,5,1987,P,Marte,Christopher,,L,11,F,,,R0021200,6/20/2025,2025-06-20,Sing Tao Newspapers New York L,CORP,Y,,,,New York,NY,10013,Unknown,362.95,PRINT,Print Ads,Ads,,N,N,ads,print
2025,5,1987,P,Marte,Christopher,,L,15,F,,,R0022147,6/20/2025,2025-06-20,Sing Tao Newspapers New York L,CORP,Y,,,,New York,NY,10013,Unknown,362.95,PRINT,Print Ads,Advertising,,N,N,advertising,print
2025,5,2343,P,Ung,Sandra,,K,14,F,,,R0002088,10/10/2025,2025-10-10,Sinovision,CORP,Y,,,,New York,NY,10016,Unknown,2000.0,TVADS,Television Ads.,eday ads,,N,N,eday ads,television
2025,5,2867,P,Hankerson,Ty,,H,9,F,,,R0002560,5/4/2025,2025-05-04,"Smith, Shannel",IND,N,,,,Queens,NY,11427,Unknown,150.0,PRINT,Print Ads,Photo for Campaign,,N,N,photo for campaign,print
2025,1,2993,P,Cuomo,Andrew,M,H,15,F,,,R0056421,10/17/2025,2025-10-22,Spanish Broadcasting System In,CORP,Y,,,,Doral,FL,33166,Unknown,5982.0,RADIO,Radio Ads.,Radio Ads,,N,N,radio ads,radio
2025,3,1990,P,Brannan,Justin,,N,11,F,,,R0030058,5/8/2025,2025-06-23,Spiros Consulting,CORP,Y,,,,Washington,DC,20009,Unknown,2981.0,TVADS,Television Ads.,Shoot Vetting,,N,N,shoot vetting,television
2025,5,1185,NP,King,Andy,,N,11,F,,,R0002352,6/27/2025,2025-06-27,Squarespace,CORP,Y,,,,New York,NY,10014,Unknown,25.0,PRINT,Print Ads,Website,,N,N,website,print
2025,5,1185,NP,King,Andy,,N,13,F,,,R0002429,7/28/2025,2025-07-28,Squarespace,CORP,Y,,,,New York,NY,10014,Unknown,25.0,PRINT,Print Ads,website,,N,N,website,print
2025,5,1185,NP,King,Andy,,N,13,F,,,R0002430,8/27/2025,2025-08-27,Squarespace,CORP,Y,,,,New York,NY,10014,Unknown,25.0,PRINT,Print Ads,website,,N,N,website,print
2025,5,1185,NP,King,Andy,,N,13,F,,,R0002431,9/29/2025,2025-09-29,Squarespace,CORP,Y,,,,New York,NY,10014,Unknown,25.0,PRINT,Print Ads,website,,N,N,website,print
2025,1,2881,P,Alny,Joe,,H,7,F,,,R0000138,10/25/2024,2024-10-25,Staples,CORP,Y,,,,New York,NY,10022,Unknown,7.61,PRINT,Print Ads,Print Paper,,N,N,print paper,print
2025,5,2966,P,Diaz,Elijah,,H,13,F,,,R0000503,8/20/2025,2025-08-20,STAPLES,LLC,Y,,,,Brooklyn,NY,11230,Unknown,70.06,PRINT,Print Ads,Supplies,,N,N,supplies,print
2025,5,3010,P,Bonsell,Alina,,H,12,F,,,R0001422,7/18/2025,2025-07-18,Staples,CORP,Y,,,,,,,Unknown,20.94,PRINT,Print Ads,Fundraiser Ads,,N,N,fundraiser ads,print
2025,5,2620,P,Mohan,Radhakrishna,,I,15,F,,,R0003493,10/31/2025,2025-10-31,Staten Island Advance,CORP,Y,,,,Staten Island,NY,10314,Unknown,1219.0,PRINT,Print Ads,Advertising,,N,N,advertising,print
2025,5,2620,P,Mohan,Radhakrishna,,I,15,F,,,R0003497,10/29/2025,2025-10-29,Staten Island Advance,CORP,Y,,,,Staten Island,NY,10314,Unknown,1000.0,PRINT,Print Ads,Advertising,,N,N,advertising,print
2025,5,2620,P,Mohan,Radhakrishna,,I,15,F,,,R0003509,10/31/2025,2025-10-31,Staten Island Democratic Assoi,PCOMP,Y,,,,Staten Island,NY,10314,Unknown,250.0,PRINT,Print Ads,Journal ad,,N,N,journal ad,print
2025,4,2721,P,Fossella,Vito,J,J,15,F,,,R0005267,10/29/2025,2025-10-29,Staten Island Media Group,LLC,Y,,,,Detroit,MI,48277,Unknown,10000.0,PRINT,Print Ads,Local site Ads,,N,N,local site ads,print
2025,4,2721,P,Fossella,Vito,J,J,15,F,,,R0005270,10/24/2025,2025-10-29,Staten Island Media Group,LLC,Y,,,,Detroit,MI,48277,Unknown,5908.0,PRINT,Print Ads,SI Advance,,N,N,si advance,print
2025,5,2860,P,Epstein,Harvey,D,H,14,F,,,R0005675,10/17/2025,2025-10-17,Stauss Media Manhattan,CORP,Y,,,,Chester,NY,10918,Unknown,1125.0,PRINT,Print Ads,OurTown-OT Downtown,,N,N,ourtown-ot downtown,print
2025,4,2988,P,Acquafredda,Janine,,H,15,F,,,R0004516,10/31/2025,2025-10-31,Steeplechase Strategies Inc,CORP,Y,,,,New York,NY,10028,Unknown,31000.0,RADIO,Radio Ads.,Radio&GOTV,,N,N,radio&gotv,radio
2025,3,2842,P,Malave,Ismael,,H,9,F,,,R0005481,4/11/2025,2025-04-11,Stonewall Rebellion Veteran' A,OTHR,Y,,,,New York,NY,10011,Unknown,500.0,PRINT,Print Ads,Advertising,,N,N,advertising,print
2025,2,1682,P,Rajkumar,Jenifer,,I,11,F,,,R0008453,4/24/2025,2025-04-24,Stonewall Veterans Association,PCOMZ,Y,,,,New York,NY,10011,Unknown,1000.0,PRINT,Print Ads,Newsletter Ads,,N,N,newsletter ads,print
2025,4,1938,P,Powers,Keith,,M,10,F,,,R0019652,6/6/2025,2025-06-06,Straus Media,CORP,Y,,,,Chesther,NY,10918,Unknown,4150.0,PRINT,Print Ads,Ads,,N,N,ads,print
2025,3,311,P,Levine,Mark,,P,10,F,,,R0038897,5/30/2025,2025-06-04,Straus Media,OTHR,Y,,,,Chester,NY,10918,Unknown,5900.0,PRINT,Print Ads,Local Weekly Ads,,N,N,local weekly ads,print
2025,5,2312,P,Bottcher,Erik,,K,14,F,,,R0016648,10/16/2025,2025-10-16,Straus Media - Manhattan,CORP,Y,,,,Chester,NY,10918,Unknown,1125.0,PRINT,Print Ads,Mailer Insert,,N,N,mailer insert,print
2025,5,2622,P,Ryan,Allie,L,J,15,F,,,R0001721,10/27/2025,2025-10-27,Straus Media Manhattan,LLC,Y,,,,,,,Unknown,625.0,PRINT,Print Ads,Ad,,N,N,ad,print
2025,5,2909,P,Maloney,Virginia,,H,10,F,,,R0005921,6/3/2025,2025-06-04,Straus Media- Manhattan,CORP,Y,,,,Chester,NY,10918,Unknown,2300.0,PRINT,Print Ads,Newspaper Print Ads,,N,N,newspaper print ads,print
2025,5,2909,P,Maloney,Virginia,,H,14,F,,,R0007331,10/14/2025,2025-10-20,Straus Media- Manhattan,CORP,Y,,,,Chester,NY,10918,Unknown,2000.0,PRINT,Print Ads,Newsletter Ad,,N,N,newsletter ad,print
2025,5,2852,P,Florczak,Lukas,,H,7,F,,,R0000409,12/6/2024,2024-12-06,Straus News,CORP,Y,,,,Chester,NY,10918,Unknown,800.0,PRINT,Print Ads,Newspaper Ad,,N,N,newspaper ad,print
2025,5,2904,P,Romeo,Dominick,,H,14,F,,,R0001233,10/16/2025,2025-10-16,Strauss Media,CORP,Y,,,,New York,NY,10018,Unknown,4150.0,PRINT,Print Ads,"Chelsea Now, etc.",,N,N,"chelsea now, etc.",print
2025,5,3010,P,Bonsell,Alina,,H,14,F,,,R0003739,10/15/2025,2025-10-16,Strauss Media Manhattan,LLC,Y,,,,Chester,NY,10918,Unknown,1000.0,PRINT,Print Ads,Ad in newspaper,,N,N,ad in newspaper,print
2025,5,2306,P,Aviles,Alexa,,K,16,F,,,R0008821,1/6/2025,2025-01-06,Sunset Post,CORP,Y,,,,Brooklyn,NY,11220,Unknown,175.0,PRINT,Print Ads,Advertising,,N,N,advertising,print
2025,1,2993,P,Cuomo,Andrew,M,H,14,F,,,R0052949,10/9/2025,2025-10-14,Sunuafrik Inc,CORP,Y,,,,New York,NY,10027,Unknown,3000.0,RADIO,Radio Ads.,Radio/Web,,N,N,radio/web,radio
2025,1,1164,P,Lander,Brad,,N,11,F,,,R0110786,6/19/2025,2025-06-24,Talkline Network,CORP,Y,,,,Long Beach,NY,11561,Unknown,1000.0,RADIO,Radio Ads.,Radio ads,,N,N,radio ads,radio
2025,1,148,P,Stringer,Scott,M,S,11,F,,,R0104089,6/20/2025,2025-06-20,Talkline Network,CORP,Y,,,,Lido Beach,NY,11561,Unknown,4500.0,RADIO,Radio Ads.,talk radio,,N,N,talk radio,radio
2025,4,1597,P,Edwards,Khari,,J,9,F,,,R0014870,5/12/2025,2025-05-13,Talkline Network,CORP,Y,,,,Long Beach,NY,11561,Unknown,6250.0,RADIO,Radio Ads.,Radio Ads,,N,N,radio ads,radio
2025,5,1717,P,Kagan,Ari,,M,11,F,,,R0010830,6/11/2025,2025-06-11,Talkline Network,OTHR,Y,,,,E ATLANTC BCH,NY,11561,Unknown,1500.0,RADIO,Radio Ads.,ads,,N,N,ads,radio
2025,5,2423,P,Vernikov,Inna,,J,11,F,,,R0009622,6/14/2025,2025-06-18,Talkline Network,OTHR,Y,,,,Lido Beach,NY,11561,Unknown,750.0,RADIO,Radio Ads.,Radio Ads,,N,N,radio ads,radio
2025,5,2423,P,Vernikov,Inna,,J,11,F,,,R0009702,6/14/2025,2025-06-24,Talkline Network,OTHR,Y,,,,Lido Beach,NY,11561,Unknown,750.0,RADIO,Radio Ads.,Radio Ads,,N,N,radio ads,radio
2025,3,311,P,Levine,Mark,,P,11,F,,,R0039380,6/4/2025,2025-06-10,Talkline Network,CORP,Y,,,,Long Beach,NY,11561,Unknown,1500.0,RADIO,Radio Ads.,Broadcast Runs,,N,N,broadcast runs,radio
2025,5,2183,P,Tischler,Harold,,L,12,F,,,R0006887,7/17/2025,2025-07-23,Talkline Radio,CORP,Y,,,,New York,NY,10024,Unknown,2900.0,RADIO,Radio Ads.,Ads,,N,N,ads,radio
2025,5,2183,P,Tischler,Harold,,L,12,F,,,R0006908,7/17/2025,2025-08-11,Talkline Radio,CORP,Y,,,,New York,NY,10024,Unknown,2900.0,RADIO,Radio Ads.,Ads,,N,N,ads,radio
2025,5,2183,P,Tischler,Harold,,L,13,F,,,R0007020,7/17/2025,2025-09-02,Talkline Radio,CORP,Y,,,,New York,NY,10024,Unknown,3625.0,RADIO,Radio Ads.,Ads,,N,N,ads,radio
2025,5,2183,P,Tischler,Harold,,L,13,F,,,R0007099,9/18/2025,2025-09-25,Talkline Radio,CORP,Y,,,,New York,NY,10024,Unknown,5000.0,RADIO,Radio Ads.,Radio Ads,,N,N,radio ads,radio
2025,5,2183,P,Tischler,Harold,,L,14,F,,,R0007134,10/9/2025,2025-10-20,Talkline Radio,CORP,Y,,,,New York,NY,10024,Unknown,50610.0,RADIO,Radio Ads.,Radio Ads,,N,N,radio ads,radio
2025,5,2183,P,Tischler,Harold,,L,15,F,,,R0007161,10/30/2025,2025-11-03,Talkline Radio,CORP,Y,,,,New York,NY,10024,Unknown,3000.0,RADIO,Radio Ads.,Ads,,N,N,ads,radio
2025,5,2183,P,Tischler,Harold,,L,15,F,,,R0007165,10/29/2025,2025-10-29,Talkline Radio,CORP,Y,,,,New York,NY,10024,Unknown,3320.0,RADIO,Radio Ads.,Ads,,N,N,ads,radio
2025,1,2618,P,Sliwa,Curtis,A,I,13,F,,,R0120483,9/18/2025,2025-09-18,TARGET ENTERPRISES,OTHR,Y,,,,Van Nuys,CA,91403,Unknown,500000.0,TVADS,Television Ads.,tv ads,,N,N,tv ads,television
2025,1,2618,P,Sliwa,Curtis,A,I,13,F,,,R0120490,9/8/2025,2025-09-08,TARGET ENTERPRISES,OTHR,Y,,,,Van Nuys,CA,91403,Unknown,250000.0,TVADS,Television Ads.,television ads,,N,N,television ads,television
2025,1,2618,P,Sliwa,Curtis,A,I,14,F,,,R0131218,10/20/2025,2025-10-20,TARGET ENTERPRISES,OTHR,Y,,,,Van Nuys,CA,91403,Unknown,300000.0,TVADS,Television Ads.,TV Ads,,N,N,tv ads,television
2025,1,2618,P,Sliwa,Curtis,A,I,14,F,,,R0131229,10/20/2025,2025-10-20,TARGET ENTERPRISES,OTHR,Y,,,,Van Nuys,CA,91403,Unknown,150000.0,TVADS,Television Ads.,tv ads,,N,N,tv ads,television
2025,1,2618,P,Sliwa,Curtis,A,I,14,F,,,R0131235,10/16/2025,2025-10-16,TARGET ENTERPRISES,OTHR,Y,,,,Van Nuys,CA,91403,Unknown,350000.0,TVADS,Television Ads.,TV ads,,N,N,tv ads,television
2025,1,2618,P,Sliwa,Curtis,A,I,14,F,,,R0131257,10/14/2025,2025-10-14,TARGET ENTERPRISES,OTHR,Y,,,,Van Nuys,CA,91403,Unknown,400000.0,TVADS,Television Ads.,tv ads,,N,N,tv ads,television
2025,1,2618,P,Sliwa,Curtis,A,I,14,F,,,R0131658,9/30/2025,2025-09-30,TARGET ENTERPRISES,OTHR,Y,,,,Van Nuys,CA,91403,Unknown,500000.0,TVADS,Television Ads.,Tv Ads,,N,N,tv ads,television
2025,1,2618,P,Sliwa,Curtis,A,I,14,F,,,R0131661,10/3/2025,2025-10-03,TARGET ENTERPRISES,OTHR,Y,,,,Van Nuys,CA,91403,Unknown,100000.0,TVADS,Television Ads.,tv ads,,N,N,tv ads,television
2025,1,2618,P,Sliwa,Curtis,A,I,14,F,,,R0131664,10/7/2025,2025-10-07,TARGET ENTERPRISES,OTHR,Y,,,,Van Nuys,CA,91403,Unknown,37500.0,TVADS,Television Ads.,Tv Ads,,N,N,tv ads,television
2025,1,2618,P,Sliwa,Curtis,A,I,15,F,,,R0135277,10/31/2025,2025-10-31,TARGET ENTERPRISES,OTHR,Y,,,,Van Nuys,CA,91403,Unknown,200000.0,TVADS,Television Ads.,tv ads,,N,N,tv ads,television
2025,1,2618,P,Sliwa,Curtis,A,I,16,N,,,R0136198,,2025-11-03,TARGET ENTERPRISES,OTHR,Y,,,,Van Nuys,CA,91403,,100000.0,TVADS,Television Ads.,Tv ads,,N,N,tv ads,television
2025,5,2905,P,El-Gamasy,Hatem,,H,14,F,,,R0001208,10/10/2025,2025-10-15,"Taylor, Sandra",IND,N,,,,Brooklyn,NY,11236,Unknown,3100.0,PRINT,Print Ads,ads on Dollar vans,,N,N,ads on dollar vans,print
2025,5,1159,P,Narcisse,Mercedes,,L,11,F,,,R0006719,6/8/2025,2025-06-24,Tele Image,CORP,Y,,,,Baldwin,NY,11510,Unknown,700.0,TVADS,Television Ads.,TV Ads,,N,N,tv ads,television
2025,5,1987,P,Marte,Christopher,,L,10,F,,,R0020697,5/30/2025,2025-05-30,The Broadsheet Inc.,CORP,Y,,,,New York,NY,10280,Unknown,634.75,PRINT,Print Ads,Ads,,N,N,ads,print
2025,5,1987,P,Marte,Christopher,,L,15,F,,,R0021934,10/29/2025,2025-10-30,The Broadsheet Inc.,CORP,Y,,,,New York,NY,10280,Unknown,1207.5,PRINT,Print Ads,Advertising,,N,N,advertising,print
2025,5,2922,NP,Lewinsohn,Elizabeth,,H,10,F,,,R0001617,6/2/2025,2025-06-03,"The Broadstreet, Inc.",CORP,Y,,,,New York,NY,10280,Unknown,3926.25,PRINT,Print Ads,Online Ads,,N,N,online ads,print
2025,5,433,P,Schulman,Lynn,,M,14,F,,,R0010478,9/17/2025,2025-09-30,The Bukharian Times,CORP,Y,,,,Flushing,NY,11375,Unknown,300.0,PRINT,Print Ads,half page,,N,N,half page,print
2025,1,2884,P,Ramos,Jessica,,H,7,F,,,R0003425,11/1/2024,2024-11-14,The Chief,CORP,Y,,,,New York,NY,10007,Unknown,1920.0,PRINT,Print Ads,Ad,,N,N,ad,print
2025,1,2884,P,Ramos,Jessica,,H,8,F,,,R0005600,1/2/2025,2025-01-21,The Chief,CORP,Y,,,,New York,NY,10007,Unknown,1920.0,PRINT,Print Ads,Ad,,N,N,ad,print
2025,5,2966,P,Diaz,Elijah,,H,15,F,,,R0002157,11/1/2025,2025-11-03,The Finest Unfiltered Podcast,LLC,Y,,,,Ponte Vedra Beach,FL,32081,Unknown,2000.0,RADIO,Radio Ads.,Sponsored segment,,N,N,sponsored segment,radio
2025,1,148,P,Stringer,Scott,M,S,11,F,,,R0104051,6/22/2025,2025-06-23,The Friedlander Consulting Gro,CORP,Y,,,,Brooklyn,NY,11219,Unknown,4000.0,PRINT,Print Ads,ads,,N,N,ads,print
2025,5,433,P,Schulman,Lynn,,M,15,F,,,R0010641,10/31/2025,2025-11-04,"The Hamilton Campaign Network,",LLC,Y,,,,New York,NY,10034,Unknown,8000.0,RADIO,Radio Ads.,Digital,,N,N,digital,radio
2025,1,2993,P,Cuomo,Andrew,M,H,15,F,,,R0056630,10/20/2025,2025-10-23,The Indian Eye USA LLC,LLC,Y,,,,North Bergen,NJ,7047,Unknown,2000.0,PRINT,Print Ads,Ad Placement,,N,N,ad placement,print
2025,1,2899,P,Mamdani,Zohran,K,H,15,F,,,R0224320,10/15/2025,2025-10-28,"The Indian Eye USA, LLC",LLC,Y,,,,North Bergen,NJ,7047,Unknown,2000.0,PRINT,Print Ads,Print Ads,,N,N,print ads,print
2025,5,1717,P,Kagan,Ari,,M,10,F,,,R0010454,5/20/2025,2025-05-20,The Jewish Press,OTHR,Y,,,,Brooklyn,NY,11229,Unknown,2600.0,PRINT,Print Ads,Ads,,N,N,ads,print
2025,5,2384,P,Paladino,Vickie,,K,15,F,,,R0015600,10/31/2025,2025-10-31,The Jewish Press,CORP,Y,,,,Brooklyn,NY,11229,Unknown,1500.0,PRINT,Print Ads,Ads,,N,N,ads,print
2025,5,2423,P,Vernikov,Inna,,J,11,F,,,R0009575,6/18/2025,2025-06-18,The Jewish Press,OTHR,Y,,,,Brooklyn,NY,11229,Unknown,2300.0,RADIO,Radio Ads.,Newspapers Ads,,N,N,newspapers ads,radio
2025,1,2993,P,Cuomo,Andrew,M,H,15,F,,,R0058354,10/30/2025,2025-10-30,The Jewish Press,CORP,Y,,,,Brooklyn,NY,11229,Unknown,1500.0,PRINT,Print Ads,Full Page,,N,N,full page,print
2025,5,2343,P,Ung,Sandra,,K,15,F,,,R0002313,10/28/2025,2025-10-28,The Korea Times,CORP,Y,,,,Flushing,NY,11354,Unknown,1000.0,PRINT,Print Ads,korean ads,,N,N,korean ads,print
2025,5,2384,P,Paladino,Vickie,,K,15,F,,,R0015620,11/3/2025,2025-11-03,The Korea Times,CORP,Y,,,,Flushing,NY,11354,Unknown,1500.0,PRINT,Print Ads,Ads,,N,N,ads,print
2025,5,2343,P,Ung,Sandra,,K,14,F,,,R0002111,10/10/2025,2025-10-10,The Korean Channel,CORP,Y,,,,Flushing,NY,11354,Unknown,1000.0,TVADS,Television Ads.,eday ads,,N,N,eday ads,television
2025,5,2384,P,Paladino,Vickie,,K,14,F,,,R0014781,9/29/2025,2025-09-30,The Korean Channel,CORP,Y,,,,Flushing,NY,11354,Unknown,1000.0,TVADS,Television Ads.,Ads,,N,N,ads,television
2025,1,2193,P,Blake,Michael,A,I,11,F,,,R0012789,6/9/2025,2025-06-21,The Original Print Shoppe,CORP,Y,,,,Pontiac,MI,48341,Unknown,15376.0,PRINT,Print Ads,rack cards,,N,N,rack cards,print
2025,5,2306,P,Aviles,Alexa,,K,11,F,,,R0008170,6/11/2025,2025-06-11,The Red Hook Star Revue,CORP,Y,,,,Brooklyn,NY,11231,Unknown,400.0,PRINT,Print Ads,Print ad,,N,N,print ad,print
2025,1,2618,P,Sliwa,Curtis,A,I,15,F,,,R0135226,10/31/2025,2025-10-31,The Rockaway Times,CORP,Y,,,,Belle Harbor,NY,11694,Unknown,250.0,PRINT,Print Ads,ad,,N,N,ad,print
2025,5,1159,P,Narcisse,Mercedes,,L,11,F,,,R0006670,5/24/2025,2025-06-23,The Voice of the Community,CORP,Y,,,,Brooklyn,NY,11236,Unknown,1000.0,RADIO,Radio Ads.,Radio Ads,,N,N,radio ads,radio
2025,5,1159,P,Narcisse,Mercedes,,L,15,F,,,R0007835,10/4/2025,2025-11-03,The Voice of the Community,CORP,Y,,,,Brooklyn,NY,11236,Unknown,500.0,RADIO,Radio Ads.,Radio Ad,,N,N,radio ad,radio
2025,5,1717,P,Kagan,Ari,,M,10,F,,,R0010632,6/9/2025,2025-06-09,THE VUES,CORP,Y,,,,Brooklyn,NY,11210,Unknown,1100.0,PRINT,Print Ads,ads,,N,N,ads,print
2025,5,2423,P,Vernikov,Inna,,J,13,F,,,R0010143,9/17/2025,2025-09-17,The Vues,CORP,Y,,,,Brooklyn,NY,11230,Unknown,850.0,PRINT,Print Ads,Newspaper Ad,,N,N,newspaper ad,print
2025,5,2423,P,Vernikov,Inna,,J,14,F,,,R0010151,10/1/2025,2025-10-01,The Vues,CORP,Y,,,,Brooklyn,NY,11230,Unknown,800.0,PRINT,Print Ads,Newspaper Ad,,N,N,newspaper ad,print
2025,5,2423,P,Vernikov,Inna,,J,15,F,,,R0010262,10/29/2025,2025-10-29,The Vues,CORP,Y,,,,Brooklyn,NY,11230,Unknown,800.0,PRINT,Print Ads,Newspaper Ad,,N,N,newspaper ad,print
2025,5,2423,P,Vernikov,Inna,,J,9,F,,,R0009198,5/14/2025,2025-05-15,The Vues,CORP,Y,,,,Brooklyn,NY,11230,Unknown,7300.0,PRINT,Print Ads,Newspaper Ad,,N,N,newspaper ad,print
2025,5,1624,NP,Brooks-Powers,Selvena,,L,10,F,,,R0013963,12/27/2024,2025-06-09,The Wave,CORP,Y,,,,Far Rockaway,NY,11693,Unknown,120.0,PRINT,Print Ads,holiday greeting,,N,N,holiday greeting,print
2025,5,504,P,Ariola,Joann,,M,13,F,,,R0010095,12/27/2024,2025-09-03,The Wave,CORP,Y,,,,Rockaway Beach,NY,11693,Unknown,60.0,PRINT,Print Ads,Holiday Greeting,,N,N,holiday greeting,print
2025,5,504,P,Ariola,Joann,,M,13,F,,,R0010097,6/27/2025,2025-09-03,The Wave,CORP,Y,,,,Rockaway Beach,NY,11693,Unknown,275.0,PRINT,Print Ads,Summer Guide,,N,N,summer guide,print
2025,5,504,P,Ariola,Joann,,M,6,F,,,R0009218,7/5/2024,2024-09-16,The Wave,CORP,Y,,,,Rockaway Beach,NY,11693,Unknown,275.0,PRINT,Print Ads,Newspaper Ads,,N,N,newspaper ads,print
2025,5,504,P,Ariola,Joann,,M,6,F,,,R0009219,4/30/2024,2024-09-16,The Wave,CORP,Y,,,,Rockaway Beach,NY,11693,Unknown,60.0,PRINT,Print Ads,Newspaper Ads,,N,N,newspaper ads,print
2025,1,2618,P,Sliwa,Curtis,A,I,15,F,,,R0135229,10/31/2025,2025-10-31,THE WAVE OF QUEENS,OTHR,Y,,,,ROCKAWAY BEACH,NY,21145,Unknown,350.0,PRINT,Print Ads,ads,,N,N,ads,print
2025,1,2993,P,Cuomo,Andrew,M,H,15,F,,,R0056666,10/22/2025,2025-10-23,The Williamsburg View,CORP,Y,,,,Monsey,NY,10952,Unknown,950.0,PRINT,Print Ads,Ad Placement,,N,N,ad placement,print
2025,5,2738,P,Haque,Shah,S,I,7,F,,,R0000815,12/15/2024,2024-12-15,Thikana,CORP,Y,,,,Jackson Heights,NY,11372,Unknown,1000.0,PRINT,Print Ads,Campgain Posters,,N,N,campgain posters,print
2025,1,2869,P,Huq,Md,M,H,6,F,,,R0000124,7/22/2024,2024-07-22,THIKANA,CORP,Y,,,,Jackson Heights,NY,11372,Unknown,150.0,PRINT,Print Ads,half page color ad,,N,N,half page color ad,print
2025,1,2899,P,Mamdani,Zohran,K,H,16,N,,,R0226523,,2025-10-24,Thikana,CORP,Y,,,,Flushing,NY,11372,,1200.0,PRINT,Print Ads,Display Ads,,N,N,display ads,print
2025,1,148,P,Stringer,Scott,M,S,11,F,,,R0103866,6/12/2025,2025-06-12,Three Point Media,LLC,Y,,,,Methuen,MA,1844,Unknown,10718.0,PRINT,Print Ads,media ads,,N,N,media ads,print
2025,1,148,P,Stringer,Scott,M,S,11,F,,,R0104669,4/17/2025,2025-04-22,Three Point Media,LLC,Y,,,,Methuen,MA,1844,Unknown,17353.92,TVADS,Television Ads.,production,,N,N,production,television
2025,5,2851,P,LeGrand,Latoya,,H,11,F,,,R0001967,6/17/2025,2025-06-17,Top Knotch Entertainment,CORP,Y,,,,,,,Unknown,300.0,RADIO,Radio Ads.,RADIO AD,,N,N,radio ad,radio
2025,5,2942,P,Wong,Phil,W,H,15,F,,,R0004103,10/25/2025,2025-10-31,Top Mark Inc,CORP,Y,,,,Queens,NY,11373,Unknown,6422.95,PRINT,Print Ads,Mailer,,N,N,mailer,print
2025,5,2942,P,Wong,Phil,W,H,15,F,,,R0004135,10/25/2025,2025-10-31,Top Mark Inc,CORP,Y,,,,Queens,NY,11373,Unknown,4739.89,PRINT,Print Ads,Mailer,,N,N,mailer,print
2025,1,2899,P,Mamdani,Zohran,K,H,15,F,,,R0223718,10/14/2025,2025-10-22,Total Broadcasting Network,LLC,Y,,,,Flushing,NY,11377,Unknown,5000.0,TVADS,Television Ads.,TV Advertising,,N,N,tv advertising,television
2025,5,2622,P,Ryan,Allie,L,J,9,F,,,R0001141,4/10/2025,2025-04-17,Trade Media Partners,CORP,Y,,,,Maywood,NJ,7607,Unknown,353.84,PRINT,Print Ads,Petition Prints,,N,N,petition prints,print
2025,4,1902,P,Salamanca,Rafael,,N,9,F,,,R0014769,5/5/2025,2025-05-05,Trademedia Partners,OTHR,Y,,,,Maywood,NJ,7607,Unknown,865.56,PRINT,Print Ads,Posters,,N,N,posters,print
2025,4,1902,P,Salamanca,Rafael,,N,9,F,,,R0014800,5/8/2025,2025-05-08,Trademedia Partners,OTHR,Y,,,,Maywood,NJ,7607,Unknown,2390.0,PRINT,Print Ads,Literature,,N,N,literature,print
2025,4,1902,P,Salamanca,Rafael,,N,9,F,,,R0014802,5/8/2025,2025-05-08,Trademedia Partners,OTHR,Y,,,,Maywood,NJ,7607,Unknown,865.56,PRINT,Print Ads,Literature,,N,N,literature,print
2025,5,2942,P,Wong,Phil,W,H,15,F,,,R0004107,10/24/2025,2025-10-24,Tri-Star Offset Corp,CORP,Y,,,,Maspeth,NY,11378,Unknown,5687.75,PRINT,Print Ads,Mailer,,N,N,mailer,print
2025,5,1987,P,Marte,Christopher,,L,15,F,,,R0021938,11/4/2025,2025-11-04,Tribeca Citizen,CORP,Y,,,,New York,NY,10007,Unknown,400.0,PRINT,Print Ads,Advertising,,N,N,advertising,print
2025,5,2874,P,Coleman,Jess,K,H,10,F,,,R0002966,6/1/2025,2025-06-07,Tribeca Citizen,CORP,Y,,,,New York,NY,10007,Unknown,700.0,PRINT,Print Ads,Campaign ad,,N,N,campaign ad,print
2025,5,2922,NP,Lewinsohn,Elizabeth,,H,16,F,,,R0001928,6/25/2025,2025-07-18,Tribeca Citizen,CORP,Y,,,,New York,NY,10007,Unknown,700.0,PRINT,Print Ads,Advertisement,,N,N,advertisement,print
2025,5,1987,P,Marte,Christopher,,L,15,F,,,R0021927,10/30/2025,2025-11-03,Tribeca Trib,CORP,Y,,,,New York,NY,10013,Unknown,245.0,PRINT,Print Ads,Advertising,,N,N,advertising,print
2025,5,2922,NP,Lewinsohn,Elizabeth,,H,11,F,,,R0001763,6/11/2025,2025-06-13,Tribeca Trib,CORP,Y,,,,New York,NY,10013,Unknown,495.0,PRINT,Print Ads,Web Ad Placement,,N,N,web ad placement,print
2025,5,2922,NP,Lewinsohn,Elizabeth,,H,10,F,,,R0001582,5/25/2025,2025-05-29,Trip Yang Strategies,LLC,Y,,,,Brooklyn,NY,11232,Unknown,10000.0,PRINT,Print Ads,World Journal Ad,,N,N,world journal ad,print
2025,5,2922,NP,Lewinsohn,Elizabeth,,H,10,F,,,R0001583,5/25/2025,2025-05-29,Trip Yang Strategies,LLC,Y,,,,Brooklyn,NY,11232,Unknown,10000.0,PRINT,Print Ads,Sing Tao Daily Ad,,N,N,sing tao daily ad,print
2025,5,2922,NP,Lewinsohn,Elizabeth,,H,11,F,,,R0001743,6/11/2025,2025-06-11,Trip Yang Strategies,LLC,Y,,,,Brooklyn,NY,11232,Unknown,2125.0,PRINT,Print Ads,Ad Design/Placement,,N,N,ad design/placement,print
2025,5,2922,NP,Lewinsohn,Elizabeth,,H,11,F,,,R0001744,6/11/2025,2025-06-11,Trip Yang Strategies,LLC,Y,,,,Brooklyn,NY,11232,Unknown,6000.0,PRINT,Print Ads,Ad Design/Placement,,N,N,ad design/placement,print
2025,5,2922,NP,Lewinsohn,Elizabeth,,H,11,F,,,R0001890,6/23/2025,2025-07-07,Trip Yang Strategies,LLC,Y,,,,Brooklyn,NY,11232,Unknown,3500.0,PRINT,Print Ads,Election Day Ad,,N,N,election day ad,print
2025,2,1227,P,Williams,Jumaane,D,R,11,F,,,R0048891,6/19/2025,2025-06-27,Trip Yang Strategies LLC,LLC,Y,,,,Brooklyn,NY,11232,Unknown,1500.0,PRINT,Print Ads,GOTV,,N,N,gotv,print
2025,2,1227,P,Williams,Jumaane,D,R,11,F,,,R0048892,6/21/2025,2025-06-27,Trip Yang Strategies LLC,LLC,Y,,,,Brooklyn,NY,11232,Unknown,1000.0,PRINT,Print Ads,GOTV,,N,N,gotv,print
2025,2,1227,P,Williams,Jumaane,D,R,11,F,,,R0048893,6/23/2025,2025-06-27,Trip Yang Strategies LLC,LLC,Y,,,,Brooklyn,NY,11232,Unknown,1000.0,PRINT,Print Ads,GOTV,,N,N,gotv,print
2025,2,1227,P,Williams,Jumaane,D,R,11,F,,,R0048894,6/23/2025,2025-06-27,Trip Yang Strategies LLC,LLC,Y,,,,Brooklyn,NY,11232,Unknown,2875.0,PRINT,Print Ads,GOTV,,N,N,gotv,print
2025,5,2206,P,Krishnan,Shekar,,K,11,F,,,R0010792,6/19/2025,2025-06-20,Trip Yang Strategies LLC,LLC,Y,,,,Brooklyn,NY,11232,Unknown,1200.0,PRINT,Print Ads,bangla ad,,N,N,bangla ad,print
2025,5,2206,P,Krishnan,Shekar,,K,15,F,,,R0011801,11/3/2025,2025-11-03,Trip Yang Strategies LLC,LLC,Y,,,,Brooklyn,NY,11232,Unknown,900.0,PRINT,Print Ads,print ad,,N,N,print ad,print
2025,1,148,P,Stringer,Scott,M,S,11,F,,,R0104952,7/9/2025,2025-07-09,Twitter/X,CORP,Y,,,,San Francisco,CA,94103,Unknown,89.32,PRINT,Print Ads,Social Media,,N,N,social media,print
2025,1,2618,P,Sliwa,Curtis,A,I,15,F,,,R0136349,10/30/2025,2025-10-30,Urdu News,LLC,Y,,,,Uniondale,NY,11553,Unknown,500.0,PRINT,Print Ads,Ads,,N,N,ads,print
2025,2,1227,P,Williams,Jumaane,D,R,10,F,,,R0048444,5/24/2025,2025-05-29,Van Ness Creative Strategies,CORP,Y,,,,HUNTINGTN STA,NY,11747,Unknown,200000.0,TVADS,Television Ads.,AIR TIME,,N,N,air time,television
2025,2,1227,P,Williams,Jumaane,D,R,11,F,,,R0048923,6/12/2025,2025-07-01,Van Ness Creative Strategies,CORP,Y,,,,HUNTINGTN STA,NY,11747,Unknown,15000.0,TVADS,Television Ads.,media,,N,N,media,television
2025,2,1227,P,Williams,Jumaane,D,R,9,F,,,R0047742,5/7/2025,2025-05-19,Van Ness Creative Strategies,CORP,Y,,,,HUNTINGTN STA,NY,11747,Unknown,20075.0,TVADS,Television Ads.,production,,N,N,production,television
2025,4,1707,P,Gibson,Vanessa,L,N,10,F,,,R0017755,5/21/2025,2025-05-23,Van Ness Creative Strategies,LLC,Y,,,,HUNTINGTN STA,NY,11747,Unknown,150000.0,TVADS,Television Ads.,MediaAdsbuy&creative,,N,N,mediaadsbuy&creative,television
2025,5,3010,P,Bonsell,Alina,,H,15,F,,,R0004151,10/26/2025,2025-10-27,Vibes,LLC,Y,,,,Chicago,IL,60606,Unknown,500.0,TVADS,Television Ads.,Streaming ads,,N,N,streaming ads,television
2025,5,3010,P,Bonsell,Alina,,H,15,F,,,R0004209,10/25/2025,2025-10-27,Vibes,LLC,Y,,,,Chicago,IL,60606,Unknown,100.0,TVADS,Television Ads.,Streaming ads,,N,N,streaming ads,television
2025,5,3010,P,Bonsell,Alina,,H,15,F,,,R0004210,10/27/2025,2025-10-28,Vibes,LLC,Y,,,,Chicago,IL,60606,Unknown,500.0,TVADS,Television Ads.,Streaming ads,,N,N,streaming ads,television
2025,5,3010,P,Bonsell,Alina,,H,15,F,,,R0004212,10/27/2025,2025-10-28,Vibes,LLC,Y,,,,Chicago,IL,60606,Unknown,500.0,TVADS,Television Ads.,Streaming ads,,N,N,streaming ads,television
2025,5,3010,P,Bonsell,Alina,,H,15,F,,,R0004248,10/28/2025,2025-10-29,Vibes,LLC,Y,,,,Chicago,IL,60606,Unknown,500.0,TVADS,Television Ads.,Streaming ads,,N,N,streaming ads,television
2025,5,3010,P,Bonsell,Alina,,H,15,F,,,R0004252,10/29/2025,2025-10-30,Vibes,LLC,Y,,,,Chicago,IL,60606,Unknown,500.0,TVADS,Television Ads.,Streaming ads,,N,N,streaming ads,television
2025,5,3010,P,Bonsell,Alina,,H,15,F,,,R0004255,10/30/2025,2025-10-31,Vibes,LLC,Y,,,,Chicago,IL,60606,Unknown,500.0,TVADS,Television Ads.,Streaming ads,,N,N,streaming ads,television
2025,5,3010,P,Bonsell,Alina,,H,15,F,,,R0004258,10/30/2025,2025-10-31,Vibes,LLC,Y,,,,Chicago,IL,60606,Unknown,500.0,TVADS,Television Ads.,Streaming ads,,N,N,streaming ads,television
2025,5,3010,P,Bonsell,Alina,,H,15,F,,,R0004268,10/31/2025,2025-11-03,Vibes,LLC,Y,,,,Chicago,IL,60606,Unknown,500.0,TVADS,Television Ads.,Streaming ads,,N,N,streaming ads,television
2025,5,3010,P,Bonsell,Alina,,H,15,F,,,R0004271,11/1/2025,2025-11-03,Vibes,LLC,Y,,,,Chicago,IL,60606,Unknown,500.0,TVADS,Television Ads.,Streaming ads,,N,N,streaming ads,television
2025,5,3010,P,Bonsell,Alina,,H,15,F,,,R0004274,11/1/2025,2025-11-03,Vibes,LLC,Y,,,,Chicago,IL,60606,Unknown,500.0,TVADS,Television Ads.,Streaming ads,,N,N,streaming ads,television
2025,5,3010,P,Bonsell,Alina,,H,15,F,,,R0004278,11/2/2025,2025-11-03,Vibes,LLC,Y,,,,Chicago,IL,60606,Unknown,500.0,TVADS,Television Ads.,Streaming ads,,N,N,streaming ads,television
2025,5,3010,P,Bonsell,Alina,,H,15,F,,,R0004281,11/3/2025,2025-11-04,Vibes,LLC,Y,,,,Chicago,IL,60606,Unknown,500.0,TVADS,Television Ads.,Streaming ads,,N,N,streaming ads,television
2025,5,3010,P,Bonsell,Alina,,H,15,F,,,R0004284,11/3/2025,2025-11-04,Vibes,LLC,Y,,,,Chicago,IL,60606,Unknown,500.0,TVADS,Television Ads.,Streaming ads,,N,N,streaming ads,television
2025,5,2972,P,Sarantopoulos,George,,H,14,F,,,R0004358,10/20/2025,2025-10-20,Vision Times - Kanzhongguo,CORP,Y,,,,New York,NY,10036,Unknown,1250.0,PRINT,Print Ads,Ads,,N,N,ads,print
2025,5,2917,P,Thompson,Collin,L,H,8,F,,,R0000448,3/8/2025,2025-03-10,Vista Print,CORP,Y,,,,,,,Unknown,225.9,PRINT,Print Ads,Sandwich board,,N,N,sandwich board,print
2025,5,3010,P,Bonsell,Alina,,H,10,F,,,R0000179,5/20/2025,2025-05-20,Vista Print,CORP,Y,,,,,,,Unknown,151.31,PRINT,Print Ads,Palm Cards,,N,N,palm cards,print
2025,5,3010,P,Bonsell,Alina,,H,10,F,,,R0000217,5/21/2025,2025-05-21,Vista Print,CORP,Y,,,,,,,Unknown,124.09,PRINT,Print Ads,Palm Cards,,N,N,palm cards,print
2025,5,3010,P,Bonsell,Alina,,H,12,F,,,R0001408,7/14/2025,2025-07-14,Vista Print,CORP,Y,,,,,,,Unknown,396.29,PRINT,Print Ads,Palm Cards,,N,N,palm cards,print
2025,5,2847,P,Perez Jr.,Freddy,,H,9,F,,,R0001960,4/18/2025,2025-04-18,VIV Printing Corp,OTHR,Y,,,,Bronx,NY,10459,Unknown,2000.0,PRINT,Print Ads,posters,,N,N,posters,print
2025,5,2847,P,Perez Jr.,Freddy,,H,9,F,,,R0001963,4/25/2025,2025-04-25,VIV Printing Corp,OTHR,Y,,,,Bronx,NY,10459,Unknown,1484.0,PRINT,Print Ads,posters,,N,N,posters,print
2025,2,2879,NP,Dolan,Martin,W,H,6,F,,,R0000073,10/2/2024,2024-10-03,WABC Radio,CORP,Y,,,,New York,NY,10022,Unknown,1000.0,RADIO,Radio Ads.,Advertisements,,N,N,advertisements,radio
2025,5,2384,P,Paladino,Vickie,,K,14,F,,,R0015153,10/16/2025,2025-10-16,WABC-AM Radio,CORP,Y,,,,New York,NY,10022,Unknown,5600.0,RADIO,Radio Ads.,Ads,,N,N,ads,radio
2025,5,2639,P,Singh,Japneet,,I,10,F,,,R0002448,5/4/2025,2025-05-21,We Gat Ah Yah Bac Corp.,CORP,Y,,,,South Richmond Hill,NY,11419,Unknown,500.0,TVADS,Television Ads.,Sponsorship,,N,N,sponsorship,television
2025,5,2256,P,Hanif,Shahana,,K,16,N,,,R0016399,,2025-06-20,Weekly Bangalee,CORP,Y,,,,Glen Oaks,NY,11004,,500.0,PRINT,Print Ads,Ads,,N,N,ads,print
2025,1,2899,P,Mamdani,Zohran,K,H,15,F,,,R0224538,10/14/2025,2025-10-30,"Weekly Bangalee, Inc.",CORP,Y,,,,Glen Oaks,NY,11004,Unknown,1200.0,PRINT,Print Ads,Print Ads,,N,N,print ads,print
2025,1,2869,P,Huq,Md,M,H,6,F,,,R0000149,7/11/2024,2024-07-26,Weekly Bangladesh,OTHR,Y,,,,Jamaica,NY,11432,Unknown,100.0,PRINT,Print Ads,half page color ad,,N,N,half page color ad,print
2025,1,2993,P,Cuomo,Andrew,M,H,15,F,,,R0056590,10/20/2025,2025-10-23,Weekly Link,CORP,Y,,,,Brooklyn,NY,11219,Unknown,925.0,PRINT,Print Ads,Full Page,,N,N,full page,print
2025,1,2869,P,Huq,Md,M,H,6,F,,,R0000182,7/26/2024,2024-08-09,Weekly Probash,OTHR,Y,,,,Jackson Heights,NY,11372,Unknown,150.0,PRINT,Print Ads,half page color ad,,N,N,half page color ad,print
2025,5,2311,P,Feliz,Oswald,,L,14,F,,,R0005581,10/2/2025,2025-10-02,Westerleigh Press LLC,CORP,Y,,,,,,,Unknown,7680.0,PRINT,Print Ads,Mail,,N,N,mail,print
2025,5,2913,P,Pogozelski,Paul,J,H,9,F,,,R0001698,4/1/2025,2025-04-07,White Eagle Media,CORP,Y,,,,Boston,MA,2205,Unknown,825.0,PRINT,Print Ads,1/4 page ads,,N,N,1/4 page ads,print
2025,1,2618,P,Sliwa,Curtis,A,I,16,N,,,R0137120,,2025-10-21,"WHITE EAGLE MEDIA, LLC",LLC,Y,,,,Boston,MA,2205,,2000.0,PRINT,Print Ads,Ads,,N,N,ads,print
2025,1,148,P,Stringer,Scott,M,S,11,F,,,R0104114,6/20/2025,2025-06-20,World Journal,CORP,Y,,,,Whitestone,NY,11357,Unknown,2397.0,PRINT,Print Ads,ad,,N,N,ad,print
2025,5,1987,P,Marte,Christopher,,L,11,F,,,R0021198,6/20/2025,2025-06-20,World Journal,CORP,Y,,,,Flushing,NY,11357,Unknown,432.6,PRINT,Print Ads,Ads,,N,N,ads,print
2025,5,2343,P,Ung,Sandra,,K,14,F,,,R0002083,10/10/2025,2025-10-10,World Journal,CORP,Y,,,,Flushing,NY,11357,Unknown,3000.0,PRINT,Print Ads,eday ads,,N,N,eday ads,print
2025,5,2384,P,Paladino,Vickie,,K,13,F,,,R0014571,9/24/2025,2025-09-25,World Journal,CORP,Y,,,,Whitestone,NY,11357,Unknown,3039.0,PRINT,Print Ads,Ads,,N,N,ads,print
2025,5,2789,P,Qiu,Helen,J,I,15,F,,,R0008694,11/4/2025,2025-11-04,World Journal,CORP,Y,,,,Flushing,NY,11357,Unknown,1125.0,PRINT,Print Ads,Newspaper Ad,,N,N,newspaper ad,print
2025,5,2937,P,Ye,Ling,,H,11,F,,,R0002339,6/17/2025,2025-07-03,World Journal,CORP,Y,,,,New York,NY,10013,Unknown,1650.0,PRINT,Print Ads,Canvassing Adv.,,N,N,canvassing adv.,print
2025,5,2942,P,Wong,Phil,W,H,11,F,,,R0002431,6/11/2025,2025-06-11,World Journal,CORP,Y,,,,Beechhurst,NY,11357,Unknown,2651.0,PRINT,Print Ads,News Ad,,N,N,news ad,print
2025,1,2618,P,Sliwa,Curtis,A,I,14,F,,,R0131201,10/15/2025,2025-10-15,World Journal LLC,LLC,Y,,,,Whitestone,NY,11357,Unknown,13425.0,PRINT,Print Ads,World Journal,,N,N,world journal,print
2025,1,2618,P,Sliwa,Curtis,A,I,14,F,,,R0136415,10/20/2025,2025-10-20,World Journal LLC,LLC,Y,,,,Whitestone,NY,11357,Unknown,15.45,PRINT,Print Ads,World Journal,,N,N,world journal,print
2025,1,2993,P,Cuomo,Andrew,M,H,14,F,,,R0051587,10/7/2025,2025-10-07,World Journal LLC,LLC,Y,,,,Beechhurst,NY,11357,Unknown,9923.0,PRINT,Print Ads,Newspaper Ad,,N,N,newspaper ad,print
2025,1,3004,P,Stachel,Karen,,H,15,F,,,R0000053,11/4/2025,2025-11-04,X Ads,CORP,Y,,,,,,,Unknown,17.58,PRINT,Print Ads,X Ad,,N,N,x ad,print
2025,1,3004,P,Stachel,Karen,,H,15,F,,,R0000054,11/1/2025,2025-11-01,X Ads,CORP,Y,,,,,,,Unknown,15.73,PRINT,Print Ads,X Ad,,N,N,x ad,print
2025,1,3004,P,Stachel,Karen,,H,15,F,,,R0000055,10/30/2025,2025-10-30,X Ads,CORP,Y,,,,,,,Unknown,15.25,PRINT,Print Ads,X Ad,,N,N,x ad,print
2025,1,3004,P,Stachel,Karen,,H,15,F,,,R0000056,10/28/2025,2025-10-28,X Ads,CORP,Y,,,,,,,Unknown,14.46,PRINT,Print Ads,X Ad,,N,N,x ad,print
2025,1,3004,P,Stachel,Karen,,H,15,F,,,R0000057,10/26/2025,2025-10-26,X Ads,CORP,Y,,,,,,,Unknown,17.31,PRINT,Print Ads,X Ad,,N,N,x ad,print
2025,1,2618,P,Sliwa,Curtis,A,I,12,F,,,R0102607,8/14/2025,2025-08-14,YAAKOV SERLE ADVERTISING,LLC,Y,,,,Flushing,NY,11367,Unknown,1000.0,PRINT,Print Ads,Event Ads,,N,N,event ads,print
2025,1,2618,P,Sliwa,Curtis,A,I,12,F,,,R0102609,8/14/2025,2025-08-14,YAAKOV SERLE ADVERTISING,LLC,Y,,,,Flushing,NY,11367,Unknown,1200.0,PRINT,Print Ads,Holiday Ad,,N,N,holiday ad,print
2025,1,2618,P,Sliwa,Curtis,A,I,12,F,,,R0102613,8/13/2025,2025-08-13,YAAKOV SERLE ADVERTISING,LLC,Y,,,,Flushing,NY,11367,Unknown,1800.0,PRINT,Print Ads,Holiday Ad,,N,N,holiday ad,print
2025,1,2618,P,Sliwa,Curtis,A,I,12,F,,,R0102616,8/13/2025,2025-08-13,YAAKOV SERLE ADVERTISING,LLC,Y,,,,Flushing,NY,11367,Unknown,5600.0,PRINT,Print Ads,Holiday Ad,,N,N,holiday ad,print
2025,1,2618,P,Sliwa,Curtis,A,I,13,F,,,R0103124,8/21/2025,2025-08-21,YAAKOV SERLE ADVERTISING,LLC,Y,,,,Flushing,NY,11367,Unknown,1500.0,PRINT,Print Ads,Event ad,,N,N,event ad,print
2025,1,2618,P,Sliwa,Curtis,A,I,13,F,,,R0109320,8/28/2025,2025-08-28,YAAKOV SERLE ADVERTISING,LLC,Y,,,,Flushing,NY,11367,Unknown,300.0,PRINT,Print Ads,Advertising,,N,N,advertising,print
2025,1,2618,P,Sliwa,Curtis,A,I,13,F,,,R0109323,8/28/2025,2025-08-28,YAAKOV SERLE ADVERTISING,LLC,Y,,,,Flushing,NY,11367,Unknown,1200.0,PRINT,Print Ads,Event Ad,,N,N,event ad,print
2025,1,2618,P,Sliwa,Curtis,A,I,13,F,,,R0109326,8/28/2025,2025-08-28,YAAKOV SERLE ADVERTISING,LLC,Y,,,,Flushing,NY,11367,Unknown,1000.0,PRINT,Print Ads,Event Ad,,N,N,event ad,print
2025,1,2618,P,Sliwa,Curtis,A,I,13,F,,,R0109339,8/28/2025,2025-08-28,YAAKOV SERLE ADVERTISING,LLC,Y,,,,Flushing,NY,11367,Unknown,1500.0,PRINT,Print Ads,Event Ad,,N,N,event ad,print
2025,1,2618,P,Sliwa,Curtis,A,I,13,F,,,R0113518,8/22/2025,2025-08-22,YAAKOV SERLE ADVERTISING,LLC,Y,,,,Flushing,NY,11367,Unknown,1000.0,PRINT,Print Ads,Ads,,N,N,ads,print
2025,1,2618,P,Sliwa,Curtis,A,I,13,F,,,R0113519,8/22/2025,2025-08-22,YAAKOV SERLE ADVERTISING,LLC,Y,,,,Flushing,NY,11367,Unknown,1200.0,PRINT,Print Ads,Ads,,N,N,ads,print
2025,1,2618,P,Sliwa,Curtis,A,I,13,F,,,R0120557,9/19/2025,2025-09-19,YAAKOV SERLE ADVERTISING,LLC,Y,,,,Flushing,NY,11367,Unknown,2200.0,PRINT,Print Ads,Ads,,N,N,ads,print
2025,1,2618,P,Sliwa,Curtis,A,I,13,F,,,R0120598,9/17/2025,2025-09-17,YAAKOV SERLE ADVERTISING,LLC,Y,,,,Flushing,NY,11367,Unknown,1500.0,PRINT,Print Ads,Ads,,N,N,ads,print
2025,1,2618,P,Sliwa,Curtis,A,I,13,F,,,R0120747,9/4/2025,2025-09-04,YAAKOV SERLE ADVERTISING,LLC,Y,,,,Flushing,NY,11367,Unknown,1200.0,PRINT,Print Ads,Ads,,N,N,ads,print
2025,1,2618,P,Sliwa,Curtis,A,I,13,F,,,R0120749,9/4/2025,2025-09-04,YAAKOV SERLE ADVERTISING,LLC,Y,,,,Flushing,NY,11367,Unknown,1000.0,PRINT,Print Ads,Ads,,N,N,ads,print
2025,1,2618,P,Sliwa,Curtis,A,I,13,F,,,R0120764,9/3/2025,2025-09-03,YAAKOV SERLE ADVERTISING,LLC,Y,,,,Flushing,NY,11367,Unknown,1500.0,PRINT,Print Ads,Ads,,N,N,ads,print
2025,1,2618,P,Sliwa,Curtis,A,I,13,F,,,R0131714,9/29/2025,2025-09-29,YAAKOV SERLE ADVERTISING,LLC,Y,,,,Flushing,NY,11367,Unknown,1400.0,PRINT,Print Ads,Ads,,N,N,ads,print
2025,1,2618,P,Sliwa,Curtis,A,I,14,F,,,R0131292,10/2/2025,2025-10-02,YAAKOV SERLE ADVERTISING,LLC,Y,,,,Flushing,NY,11367,Unknown,2200.0,PRINT,Print Ads,Ads,,N,N,ads,print
2025,1,2618,P,Sliwa,Curtis,A,I,14,F,,,R0131745,10/1/2025,2025-10-01,YAAKOV SERLE ADVERTISING,LLC,Y,,,,Flushing,NY,11367,Unknown,1500.0,PRINT,Print Ads,Ads,,N,N,ads,print
2025,1,2618,P,Sliwa,Curtis,A,I,14,F,,,R0131917,10/17/2025,2025-10-17,YAAKOV SERLE ADVERTISING,LLC,Y,,,,Flushing,NY,11367,Unknown,1500.0,PRINT,Print Ads,Ads,,N,N,ads,print
2025,1,2618,P,Sliwa,Curtis,A,I,15,F,,,R0133944,10/21/2025,2025-10-21,YAAKOV SERLE ADVERTISING,LLC,Y,,,,Flushing,NY,11367,Unknown,4350.0,PRINT,Print Ads,Ads,,N,N,ads,print
2025,1,2618,P,Sliwa,Curtis,A,I,15,F,,,R0133946,10/22/2025,2025-10-22,YAAKOV SERLE ADVERTISING,LLC,Y,,,,Flushing,NY,11367,Unknown,5000.0,PRINT,Print Ads,Ads,,N,N,ads,print
2025,1,2618,P,Sliwa,Curtis,A,I,15,F,,,R0134967,10/28/2025,2025-10-28,YAAKOV SERLE ADVERTISING,LLC,Y,,,,Flushing,NY,11367,Unknown,4200.0,PRINT,Print Ads,ads,,N,N,ads,print
2025,5,1717,P,Kagan,Ari,,M,11,F,,,R0010969,6/7/2025,2025-06-18,YEVREISKI MIR,CORP,Y,,,,Brooklyn,NY,11230,Unknown,500.0,PRINT,Print Ads,ads,,N,N,ads,print
2025,5,1717,P,Kagan,Ari,,M,9,F,,,R0009742,4/1/2025,2025-04-15,YEVREISKI MIR,CORP,Y,,,,Brooklyn,NY,11230,Unknown,75.0,PRINT,Print Ads,ads,,N,N,ads,print
2025,5,2423,P,Vernikov,Inna,,J,12,F,,,R0009913,6/15/2025,2025-07-06,Yevreiski Mir,OTHR,Y,,,,Brooklyn,NY,11230,Unknown,1450.0,PRINT,Print Ads,Newspaper ads,,N,N,newspaper ads,print
2025,1,148,P,Stringer,Scott,M,S,10,F,,,R0102017,5/19/2025,2025-05-22,"Yip, Pik Man",IND,N,,,,Woodside,NY,11377,Unknown,2700.0,TVADS,Television Ads.,promotion fee,,N,N,promotion fee,television
2025,1,1164,P,Lander,Brad,,N,11,F,,,R0111651,7/8/2025,2025-07-08,YL Media,CORP,Y,,,,Brooklyn,NY,11219,Unknown,395.0,PRINT,Print Ads,Print ads,,N,N,print ads,print
2025,5,2937,P,Ye,Ling,,H,11,F,,,R0002333,6/16/2025,2025-06-17,Zach Technology,CORP,Y,,,,Walnut,CA,91789,Unknown,525.0,PRINT,Print Ads,Canvassing Adv,,N,N,canvassing adv,print
2025,5,2865,NP,Daniels,Vera,V,H,6,F,,,R0000438,7/17/2024,2024-07-18,Zazzle.com online Printing Com,OTHR,Y,,,,,,,Unknown,134.9,PRINT,Print Ads,Posters,,N,N,posters,print
2025,4,2833,P,Ikezi,Henry,,H,5,F,,,R0000301,6/28/2024,2024-06-28,Adobe,CORP,Y,,,,,,,Unknown,32.58,OTHER,Other: explntion,digital ads,,N,N,digital ads,digital
2025,1,1164,P,Lander,Brad,,N,11,F,,,R0110770,6/19/2025,2025-06-27,AhBlickLive,CORP,Y,,,,Monsey,NY,10952,Unknown,1000.0,OTHER,Other: explntion,Digital ad,,N,N,digital ad,digital
2025,1,2899,P,Mamdani,Zohran,K,H,15,F,,,R0224227,10/15/2025,2025-10-27,Al Hawadeth Newspaper,LLC,Y,,,,North Haledon,NJ,7508,Unknown,500.0,OTHER,Other: explntion,Digital Ads,,N,N,digital ads,digital
2025,4,1597,P,Edwards,Khari,,J,10,F,,,R0015840,5/27/2025,2025-05-28,"Allen, Tyren",IND,N,,,,Brooklyn,NY,11233,Unknown,158.8,OTHER,Other: explntion,Social Media Ads,,N,N,social media ads,digital
2025,4,1597,P,Edwards,Khari,,J,10,F,,,R0016236,6/5/2025,2025-06-09,"Allen, Tyren",IND,N,,,,Brooklyn,NY,11233,Unknown,486.74,OTHER,Other: explntion,Social Media Ads,,N,N,social media ads,digital
2025,4,1597,P,Edwards,Khari,,J,11,F,,,R0016264,6/9/2025,2025-06-11,"Allen, Tyren",IND,N,,,,Brooklyn,NY,11233,Unknown,138.0,OTHER,Other: explntion,Social Media Ads,,N,N,social media ads,digital
2025,4,1597,P,Edwards,Khari,,J,11,F,,,R0016265,6/10/2025,2025-06-12,"Allen, Tyren",IND,N,,,,Brooklyn,NY,11233,Unknown,152.0,OTHER,Other: explntion,Social Media Ads,,N,N,social media ads,digital
2025,4,1597,P,Edwards,Khari,,J,11,F,,,R0016294,6/13/2025,2025-06-16,"Allen, Tyren",IND,N,,,,Brooklyn,NY,11233,Unknown,168.0,OTHER,Other: explntion,Social Media Ads,,N,N,social media ads,digital
2025,4,1597,P,Edwards,Khari,,J,11,F,,,R0016308,6/16/2025,2025-06-17,"Allen, Tyren",IND,N,,,,Brooklyn,NY,11233,Unknown,389.0,OTHER,Other: explntion,Social Media Ads,,N,N,social media ads,digital
2025,4,1597,P,Edwards,Khari,,J,11,F,,,R0016387,6/22/2025,2025-06-23,"Allen, Tyren",IND,N,,,,Brooklyn,NY,11233,Unknown,244.97,OTHER,Other: explntion,Social Media Ads,,N,N,social media ads,digital
2025,4,1597,P,Edwards,Khari,,J,11,F,,,R0016416,6/27/2025,2025-07-02,"Allen, Tyren",IND,N,,,,Brooklyn,NY,11233,Unknown,554.43,OTHER,Other: explntion,Social Media Ads,,N,N,social media ads,digital
2025,1,2899,P,Mamdani,Zohran,K,H,15,F,,,R0224064,10/15/2025,2025-10-22,Apna Punjab Media Group,CORP,Y,,,,South Richmond Hill,NY,11419,Unknown,300.0,OTHER,Other: explntion,Digital Ads,,N,N,digital ads,digital
2025,5,3010,P,Bonsell,Alina,,H,9,F,,,R0000163,5/5/2025,2025-05-05,Apple,CORP,Y,,,,,,,Unknown,28.57,OTHER,Other: explntion,Social Media,,N,N,social media,digital
2025,1,2993,P,Cuomo,Andrew,M,H,15,F,,,R0058551,10/29/2025,2025-10-31,Balaaz LLC,LLC,Y,,,,Brooklyn,NY,11218,Unknown,1800.0,OTHER,Other: explntion,Digital Ads,,N,N,digital ads,digital
2025,5,2312,P,Bottcher,Erik,,K,7,F,,,R0014225,12/16/2024,2024-12-17,Berlin Rosen,LLC,Y,,,,New York,NY,10038,Unknown,10000.0,OTHER,Other: explntion,Digital Buy,,N,N,digital buy,digital
2025,5,2312,P,Bottcher,Erik,,K,8,F,,,R0015166,1/23/2025,2025-01-27,Berlin Rosen,LLC,Y,,,,New York,NY,10038,Unknown,10000.0,OTHER,Other: explntion,Digital Buy,,N,N,digital buy,digital
2025,5,2922,NP,Lewinsohn,Elizabeth,,H,10,F,,,R0001531,5/23/2025,2025-05-23,Berlin Rosen LLC,LLC,Y,,,,New York,NY,10038,Unknown,15000.0,OTHER,Other: explntion,Digital Ad Buy,,N,N,digital ad buy,digital
2025,5,2922,NP,Lewinsohn,Elizabeth,,H,10,F,,,R0001555,5/23/2025,2025-05-27,Berlin Rosen LLC,LLC,Y,,,,New York,NY,10038,Unknown,1771.0,OTHER,Other: explntion,Digital Ad Buy,,N,N,digital ad buy,digital
2025,5,2922,NP,Lewinsohn,Elizabeth,,H,10,F,,,R0001584,5/28/2025,2025-05-29,Berlin Rosen LLC,LLC,Y,,,,New York,NY,10038,Unknown,17843.0,OTHER,Other: explntion,Digital Ad Buy,,N,N,digital ad buy,digital
2025,5,2922,NP,Lewinsohn,Elizabeth,,H,10,F,,,R0001685,6/5/2025,2025-06-09,Berlin Rosen LLC,LLC,Y,,,,New York,NY,10038,Unknown,49819.0,OTHER,Other: explntion,Digital Ad Buy,,N,N,digital ad buy,digital
2025,5,2922,NP,Lewinsohn,Elizabeth,,H,10,F,,,R0001687,6/6/2025,2025-06-09,Berlin Rosen LLC,LLC,Y,,,,New York,NY,10038,Unknown,15000.0,OTHER,Other: explntion,Digital Ads,,N,N,digital ads,digital
2025,5,2922,NP,Lewinsohn,Elizabeth,,H,11,F,,,R0001733,6/6/2025,2025-06-11,Berlin Rosen LLC,LLC,Y,,,,New York,NY,10038,Unknown,5300.0,OTHER,Other: explntion,Digital Ads,,N,N,digital ads,digital
2025,5,2922,NP,Lewinsohn,Elizabeth,,H,11,F,,,R0001738,6/10/2025,2025-06-11,Berlin Rosen LLC,LLC,Y,,,,New York,NY,10038,Unknown,48747.0,OTHER,Other: explntion,Digital Ad Buy,,N,N,digital ad buy,digital
2025,5,2922,NP,Lewinsohn,Elizabeth,,H,9,F,,,R0001298,4/28/2025,2025-04-29,Berlin Rosen LLC,LLC,Y,,,,New York,NY,10038,Unknown,6050.0,OTHER,Other: explntion,Digital Ads,,N,N,digital ads,digital
2025,5,2922,NP,Lewinsohn,Elizabeth,,H,9,F,,,R0001299,4/28/2025,2025-04-29,Berlin Rosen LLC,LLC,Y,,,,New York,NY,10038,Unknown,6431.0,OTHER,Other: explntion,Digital Ads,,N,N,digital ads,digital
2025,5,2922,NP,Lewinsohn,Elizabeth,,H,9,F,,,R0001353,5/1/2025,2025-05-05,Berlin Rosen LLC,LLC,Y,,,,New York,NY,10038,Unknown,6431.0,OTHER,Other: explntion,Digital Ad Buy,,N,N,digital ad buy,digital
2025,5,2922,NP,Lewinsohn,Elizabeth,,H,9,F,,,R0001402,5/8/2025,2025-05-09,Berlin Rosen LLC,LLC,Y,,,,New York,NY,10038,Unknown,6531.0,OTHER,Other: explntion,Digital Ad Buy,,N,N,digital ad buy,digital
2025,5,2922,NP,Lewinsohn,Elizabeth,,H,9,F,,,R0001453,5/15/2025,2025-05-15,Berlin Rosen LLC,LLC,Y,,,,New York,NY,10038,Unknown,6050.0,OTHER,Other: explntion,Digital Ads,,N,N,digital ads,digital
2025,5,2922,NP,Lewinsohn,Elizabeth,,H,9,F,,,R0001454,5/15/2025,2025-05-15,Berlin Rosen LLC,LLC,Y,,,,New York,NY,10038,Unknown,6531.0,OTHER,Other: explntion,Digital Ad Buy,,N,N,digital ad buy,digital
2025,4,296,P,Hoylman-Sigal,Brad,,K,10,F,,,R0008568,5/22/2025,2025-05-27,Berlin Rosen LLC,LLC,Y,,,,PECK SLIP,NY,10038,Unknown,30255.0,OTHER,Other: explntion,digital ads,,N,N,digital ads,digital
2025,5,2639,P,Singh,Japneet,,I,11,F,,,R0002755,6/20/2025,2025-06-20,Build the Wave,CORP,Y,,,,Astoria,NY,11101,Unknown,2500.0,OTHER,Other: explntion,Facebook ads,,N,N,facebook ads,digital
2025,5,2839,P,Ashman,Dion,M,H,9,F,,,R0002650,5/2/2025,2025-05-02,Clevinger & Co,CORP,Y,,,,Tallahassee,FL,32310,Unknown,2460.0,OTHER,Other: explntion,Social Media Ads,,N,N,social media ads,digital
2025,5,2996,P,Clarke,Athena,,H,13,F,,,R0001397,7/29/2025,2025-07-30,Daily Clout,CORP,Y,,,,Millerton,NY,12546,Unknown,12000.0,OTHER,Other: explntion,Internet Advertising,,N,N,internet advertising,digital
2025,5,2423,P,Vernikov,Inna,,J,10,F,,,R0009458,5/27/2025,2025-06-05,"Dashevsky, Yuri",IND,N,,,,Brooklyn,NY,11229,Unknown,2500.0,OTHER,Other: explntion,Youtube Ads Livestre,,N,N,youtube ads livestre,digital
2025,5,2974,P,Hagen,Clifford,A,I,15,F,,,R0000914,11/2/2025,2025-11-03,"Downballot Consulting, LLC",LLC,Y,,,,Staten Island,NY,10310,Unknown,11500.0,OTHER,Other: explntion,Digital Ads,,N,N,digital ads,digital
2025,4,2988,P,Acquafredda,Janine,,H,11,F,,,R0000740,6/18/2025,2025-06-23,Epeius LLC,LLC,Y,,,,Brooklyn,NY,11209,Unknown,196.84,OTHER,Other: explntion,Facebook Ad,,N,N,facebook ad,digital
2025,4,2988,P,Acquafredda,Janine,,H,11,F,,,R0000744,6/17/2025,2025-06-23,Epeius LLC,LLC,Y,,,,Brooklyn,NY,11209,Unknown,132.6,OTHER,Other: explntion,Facebook Ad,,N,N,facebook ad,digital
2025,4,2988,P,Acquafredda,Janine,,H,12,F,,,R0001725,7/25/2025,2025-08-11,Epeius LLC,LLC,Y,,,,Brooklyn,NY,11209,Unknown,425.0,OTHER,Other: explntion,Facebook Ad,,N,N,facebook ad,digital
2025,4,2721,P,Fossella,Vito,J,J,15,F,,,R0005253,10/23/2025,2025-10-23,EVUS,LLC,Y,,,,New York,NY,10004,Unknown,23411.76,OTHER,Other: explntion,Digital Ad,,N,N,digital ad,digital
2025,1,1164,P,Lander,Brad,,N,11,F,,,R0111070,6/16/2025,2025-06-16,Facebook,CORP,Y,,,,West Menlo Park,CA,94025,Unknown,50.0,OTHER,Other: explntion,Digital ads,,N,N,digital ads,digital
2025,1,1164,P,Lander,Brad,,N,11,F,,,R0111098,6/16/2025,2025-06-16,Facebook,CORP,Y,,,,West Menlo Park,CA,94025,Unknown,125.0,OTHER,Other: explntion,Digital ads,,N,N,digital ads,digital
2025,1,1164,P,Lander,Brad,,N,11,F,,,R0111104,6/16/2025,2025-06-16,Facebook,CORP,Y,,,,West Menlo Park,CA,94025,Unknown,50.0,OTHER,Other: explntion,Digital ads,,N,N,digital ads,digital
2025,1,1164,P,Lander,Brad,,N,11,F,,,R0111110,6/16/2025,2025-06-16,Facebook,CORP,Y,,,,West Menlo Park,CA,94025,Unknown,92.0,OTHER,Other: explntion,Digital ads,,N,N,digital ads,digital
2025,1,1164,P,Lander,Brad,,N,11,F,,,R0111124,6/16/2025,2025-06-16,Facebook,CORP,Y,,,,West Menlo Park,CA,94025,Unknown,50.0,OTHER,Other: explntion,Digital ads,,N,N,digital ads,digital
2025,1,1164,P,Lander,Brad,,N,11,F,,,R0111155,6/16/2025,2025-06-16,Facebook,CORP,Y,,,,West Menlo Park,CA,94025,Unknown,138.0,OTHER,Other: explntion,Digital ads,,N,N,digital ads,digital
2025,1,1164,P,Lander,Brad,,N,11,F,,,R0111180,6/16/2025,2025-06-16,Facebook,CORP,Y,,,,West Menlo Park,CA,94025,Unknown,83.0,OTHER,Other: explntion,Digital ads,,N,N,digital ads,digital
2025,1,1164,P,Lander,Brad,,N,11,F,,,R0111192,6/16/2025,2025-06-16,Facebook,CORP,Y,,,,West Menlo Park,CA,94025,Unknown,75.0,OTHER,Other: explntion,Digital ads,,N,N,digital ads,digital
2025,1,1164,P,Lander,Brad,,N,11,F,,,R0111210,6/16/2025,2025-06-16,Facebook,CORP,Y,,,,West Menlo Park,CA,94025,Unknown,102.0,OTHER,Other: explntion,Digital ads,,N,N,digital ads,digital
2025,1,1164,P,Lander,Brad,,N,11,F,,,R0111212,6/16/2025,2025-06-16,Facebook,CORP,Y,,,,West Menlo Park,CA,94025,Unknown,113.0,OTHER,Other: explntion,Digital ads,,N,N,digital ads,digital
2025,1,1164,P,Lander,Brad,,N,11,F,,,R0111230,6/17/2025,2025-06-17,Facebook,CORP,Y,,,,West Menlo Park,CA,94025,Unknown,168.0,OTHER,Other: explntion,Digital ads,,N,N,digital ads,digital
2025,1,1164,P,Lander,Brad,,N,11,F,,,R0111240,6/17/2025,2025-06-17,Facebook,CORP,Y,,,,West Menlo Park,CA,94025,Unknown,152.0,OTHER,Other: explntion,Digital ads,,N,N,digital ads,digital
2025,1,1164,P,Lander,Brad,,N,11,F,,,R0111259,6/18/2025,2025-06-18,Facebook,CORP,Y,,,,West Menlo Park,CA,94025,Unknown,204.0,OTHER,Other: explntion,Digital ads,,N,N,digital ads,digital
2025,1,1164,P,Lander,Brad,,N,11,F,,,R0111263,6/18/2025,2025-06-18,Facebook,CORP,Y,,,,West Menlo Park,CA,94025,Unknown,185.0,OTHER,Other: explntion,Digital ads,,N,N,digital ads,digital
2025,1,1164,P,Lander,Brad,,N,11,F,,,R0111298,6/20/2025,2025-06-20,Facebook,CORP,Y,,,,West Menlo Park,CA,94025,Unknown,273.0,OTHER,Other: explntion,Digital ads,,N,N,digital ads,digital
2025,1,1164,P,Lander,Brad,,N,11,F,,,R0111330,6/20/2025,2025-06-20,Facebook,CORP,Y,,,,West Menlo Park,CA,94025,Unknown,225.0,OTHER,Other: explntion,Digital ads,,N,N,digital ads,digital
2025,1,1164,P,Lander,Brad,,N,11,F,,,R0111352,6/20/2025,2025-06-20,Facebook,CORP,Y,,,,West Menlo Park,CA,94025,Unknown,248.0,OTHER,Other: explntion,Digital ads,,N,N,digital ads,digital
2025,1,1164,P,Lander,Brad,,N,11,F,,,R0111354,6/20/2025,2025-06-20,Facebook,CORP,Y,,,,West Menlo Park,CA,94025,Unknown,301.0,OTHER,Other: explntion,Digital ads,,N,N,digital ads,digital
2025,1,1164,P,Lander,Brad,,N,11,F,,,R0111393,6/23/2025,2025-06-23,Facebook,CORP,Y,,,,West Menlo Park,CA,94025,Unknown,444.0,OTHER,Other: explntion,Digital ads,,N,N,digital ads,digital
2025,1,1164,P,Lander,Brad,,N,11,F,,,R0111415,6/23/2025,2025-06-23,Facebook,CORP,Y,,,,West Menlo Park,CA,94025,Unknown,366.0,OTHER,Other: explntion,Digital ads,,N,N,digital ads,digital
2025,1,1164,P,Lander,Brad,,N,11,F,,,R0111435,6/23/2025,2025-06-23,Facebook,CORP,Y,,,,West Menlo Park,CA,94025,Unknown,332.0,OTHER,Other: explntion,Digital ads,,N,N,digital ads,digital
2025,1,1164,P,Lander,Brad,,N,11,F,,,R0111467,6/23/2025,2025-06-23,Facebook,CORP,Y,,,,West Menlo Park,CA,94025,Unknown,403.0,OTHER,Other: explntion,Digital ads,,N,N,digital ads,digital
2025,1,1164,P,Lander,Brad,,N,11,F,,,R0111525,6/24/2025,2025-06-24,Facebook,CORP,Y,,,,West Menlo Park,CA,94025,Unknown,489.0,OTHER,Other: explntion,Digital ads,,N,N,digital ads,digital
2025,1,1164,P,Lander,Brad,,N,11,F,,,R0111579,6/25/2025,2025-06-25,Facebook,CORP,Y,,,,West Menlo Park,CA,94025,Unknown,538.0,OTHER,Other: explntion,Digital ads,,N,N,digital ads,digital
2025,1,1164,P,Lander,Brad,,N,11,F,,,R0111637,7/1/2025,2025-07-01,Facebook,CORP,Y,,,,West Menlo Park,CA,94025,Unknown,270.68,OTHER,Other: explntion,Digital ads,,N,N,digital ads,digital
2025,1,1164,P,Lander,Brad,,N,11,F,,,R0111639,7/2/2025,2025-07-02,Facebook,CORP,Y,,,,West Menlo Park,CA,94025,Unknown,559.17,OTHER,Other: explntion,Digital ad,,N,N,digital ad,digital
2025,5,1987,P,Marte,Christopher,,L,11,F,,,R0021174,6/16/2025,2025-06-16,Facebook,CORP,Y,,,,Menlo Park,CA,94025,Unknown,900.0,OTHER,Other: explntion,Digital ads,,N,N,digital ads,digital
2025,5,1987,P,Marte,Christopher,,L,11,F,,,R0021228,7/1/2025,2025-07-01,Facebook,CORP,Y,,,,Menlo Park,CA,94025,Unknown,863.13,OTHER,Other: explntion,Digital ads,,N,N,digital ads,digital
2025,5,1987,P,Marte,Christopher,,L,15,F,,,R0022071,11/3/2025,2025-11-03,Facebook,CORP,Y,,,,Menlo Park,CA,94025,Unknown,113.47,OTHER,Other: explntion,Digital ads,,N,N,digital ads,digital
2025,5,1987,P,Marte,Christopher,,L,15,F,,,R0022145,10/30/2025,2025-10-30,Facebook,CORP,Y,,,,Menlo Park,CA,94025,Unknown,900.0,OTHER,Other: explntion,Digital ads,,N,N,digital ads,digital
2025,5,2311,P,Feliz,Oswald,,L,14,F,,,R0005603,10/10/2025,2025-10-10,Facebook,CORP,Y,,,,West Menlo Park,CA,94025,Unknown,646.0,OTHER,Other: explntion,Digital ad,,N,N,digital ad,digital
2025,5,2311,P,Feliz,Oswald,,L,14,F,,,R0005606,10/1/2025,2025-10-01,Facebook,CORP,Y,,,,West Menlo Park,CA,94025,Unknown,143.22,OTHER,Other: explntion,Digital ad,,N,N,digital ad,digital
2025,5,2927,P,Herbert-Guggenheim,Danielle,,H,11,F,,,R0002255,6/11/2025,2025-06-11,Facebook,CORP,Y,,,,Menlo Park,CA,94025,Unknown,59.0,OTHER,Other: explntion,Facebook Ads,,N,N,facebook ads,digital
2025,5,2927,P,Herbert-Guggenheim,Danielle,,H,11,F,,,R0002258,6/9/2025,2025-06-09,Facebook,CORP,Y,,,,Menlo Park,CA,94025,Unknown,43.0,OTHER,Other: explntion,Facebook Ads,,N,N,facebook ads,digital
2025,5,2927,P,Herbert-Guggenheim,Danielle,,H,11,F,,,R0002261,5/31/2025,2025-06-12,Facebook,CORP,Y,,,,Menlo Park,CA,94025,Unknown,39.0,OTHER,Other: explntion,Facebook Ads,,N,N,facebook ads,digital
2025,5,2927,P,Herbert-Guggenheim,Danielle,,H,9,F,,,R0001460,4/23/2025,2025-04-23,Facebook,CORP,Y,,,,Menlo Park,CA,94025,Unknown,2.0,OTHER,Other: explntion,Facebook Ads,,N,N,facebook ads,digital
2025,5,2927,P,Herbert-Guggenheim,Danielle,,H,9,F,,,R0001463,4/24/2025,2025-04-24,Facebook,CORP,Y,,,,Menlo Park,CA,94025,Unknown,2.0,OTHER,Other: explntion,Facebook Ads,,N,N,facebook ads,digital
2025,5,2927,P,Herbert-Guggenheim,Danielle,,H,9,F,,,R0001466,4/24/2025,2025-04-24,Facebook,CORP,Y,,,,Menlo Park,CA,94025,Unknown,2.0,OTHER,Other: explntion,Facebook Ads,,N,N,facebook ads,digital
2025,5,2927,P,Herbert-Guggenheim,Danielle,,H,9,F,,,R0001469,4/25/2025,2025-04-25,Facebook,CORP,Y,,,,Menlo Park,CA,94025,Unknown,3.0,OTHER,Other: explntion,Facebook Ads,,N,N,facebook ads,digital
2025,5,2927,P,Herbert-Guggenheim,Danielle,,H,9,F,,,R0001472,4/26/2025,2025-04-26,Facebook,CORP,Y,,,,Menlo Park,CA,94025,Unknown,5.0,OTHER,Other: explntion,Facebook Ads,,N,N,facebook ads,digital
2025,5,2927,P,Herbert-Guggenheim,Danielle,,H,9,F,,,R0001475,4/27/2025,2025-04-27,Facebook,CORP,Y,,,,Menlo Park,CA,94025,Unknown,5.0,OTHER,Other: explntion,Facebook Ads,,N,N,facebook ads,digital
2025,5,2927,P,Herbert-Guggenheim,Danielle,,H,9,F,,,R0001478,4/28/2025,2025-04-28,Facebook,CORP,Y,,,,Menlo Park,CA,94025,Unknown,8.0,OTHER,Other: explntion,Facebook Ads,,N,N,facebook ads,digital
2025,5,2927,P,Herbert-Guggenheim,Danielle,,H,9,F,,,R0001481,4/29/2025,2025-04-29,Facebook,CORP,Y,,,,Menlo Park,CA,94025,Unknown,12.0,OTHER,Other: explntion,Facebook Ads,,N,N,facebook ads,digital
2025,5,2927,P,Herbert-Guggenheim,Danielle,,H,9,F,,,R0001484,5/2/2025,2025-05-02,Facebook,CORP,Y,,,,Menlo Park,CA,94025,Unknown,18.0,OTHER,Other: explntion,Facebook Ads,,N,N,facebook ads,digital
2025,5,2927,P,Herbert-Guggenheim,Danielle,,H,9,F,,,R0001487,5/3/2025,2025-05-03,Facebook,CORP,Y,,,,Menlo Park,CA,94025,Unknown,20.0,OTHER,Other: explntion,Facebook Ads,,N,N,facebook ads,digital
2025,5,2927,P,Herbert-Guggenheim,Danielle,,H,9,F,,,R0001495,5/9/2025,2025-05-09,Facebook,CORP,Y,,,,Menlo Park,CA,94025,Unknown,25.0,OTHER,Other: explntion,Facebook Ads,,N,N,facebook ads,digital
2025,5,2927,P,Herbert-Guggenheim,Danielle,,H,9,F,,,R0001498,5/11/2025,2025-05-11,Facebook,CORP,Y,,,,Menlo Park,CA,94025,Unknown,28.0,OTHER,Other: explntion,Facebook Ads,,N,N,facebook ads,digital
2025,5,2927,P,Herbert-Guggenheim,Danielle,,H,9,F,,,R0001501,5/14/2025,2025-05-14,Facebook,CORP,Y,,,,Menlo Park,CA,94025,Unknown,31.0,OTHER,Other: explntion,Facebook Ads,,N,N,facebook ads,digital
2025,5,2949,P,Morano,Frank,,I,10,F,,,R0001340,6/5/2025,2025-06-05,Facebook,CORP,Y,,,,Menlo Park,CA,94025,Unknown,302.0,OTHER,Other: explntion,online ads facebook,,N,N,online ads facebook,digital
2025,5,2949,P,Morano,Frank,,I,10,F,,,R0001341,6/2/2025,2025-06-02,Facebook,CORP,Y,,,,Menlo Park,CA,94025,Unknown,249.0,OTHER,Other: explntion,online ads facebook,,N,N,online ads facebook,digital
2025,5,2949,P,Morano,Frank,,I,10,F,,,R0001378,6/9/2025,2025-06-09,Facebook,CORP,Y,,,,Menlo Park,CA,94025,Unknown,333.0,OTHER,Other: explntion,facebook ads,,N,N,facebook ads,digital
2025,5,2949,P,Morano,Frank,,I,11,F,,,R0001516,6/13/2025,2025-06-13,Facebook,CORP,Y,,,,Menlo Park,CA,94025,Unknown,404.0,OTHER,Other: explntion,online ads facebook,,N,N,online ads facebook,digital
2025,5,2949,P,Morano,Frank,,I,11,F,,,R0001536,6/16/2025,2025-06-16,Facebook,CORP,Y,,,,Menlo Park,CA,94025,Unknown,445.0,OTHER,Other: explntion,online ads facebook,,N,N,online ads facebook,digital
2025,5,2949,P,Morano,Frank,,I,11,F,,,R0001543,6/16/2025,2025-06-16,Facebook,CORP,Y,,,,Menlo Park,CA,94025,Unknown,169.53,OTHER,Other: explntion,online ads facebook,,N,N,online ads facebook,digital
2025,5,2949,P,Morano,Frank,,I,11,F,,,R0001547,6/16/2025,2025-06-16,Facebook,CORP,Y,,,,Menlo Park,CA,94025,Unknown,92.37,OTHER,Other: explntion,Facebook Ads,,N,N,facebook ads,digital
2025,5,2949,P,Morano,Frank,,I,11,F,,,R0001549,6/17/2025,2025-06-17,Facebook,CORP,Y,,,,Menlo Park,CA,94025,Unknown,490.0,OTHER,Other: explntion,Facebook Ads,,N,N,facebook ads,digital
2025,5,2949,P,Morano,Frank,,I,11,F,,,R0001551,6/18/2025,2025-06-18,Facebook,CORP,Y,,,,Menlo Park,CA,94025,Unknown,539.0,OTHER,Other: explntion,Facebook Ads,,N,N,facebook ads,digital
2025,5,2949,P,Morano,Frank,,I,11,F,,,R0001553,6/20/2025,2025-06-20,Facebook,CORP,Y,,,,Menlo Park,CA,94025,Unknown,593.0,OTHER,Other: explntion,Facebook Ads,,N,N,facebook ads,digital
2025,5,2949,P,Morano,Frank,,I,11,F,,,R0001555,6/20/2025,2025-06-20,Facebook,CORP,Y,,,,Menlo Park,CA,94025,Unknown,593.0,OTHER,Other: explntion,Facebook Ads,,N,N,facebook ads,digital
2025,5,2949,P,Morano,Frank,,I,11,F,,,R0001557,6/20/2025,2025-06-20,Facebook,CORP,Y,,,,Menlo Park,CA,94025,Unknown,653.0,OTHER,Other: explntion,Facebook Ads,,N,N,facebook ads,digital
2025,5,2949,P,Morano,Frank,,I,12,F,,,R0002435,8/15/2025,2025-08-15,Facebook,CORP,Y,,,,Menlo Park,CA,94025,Unknown,4.7,OTHER,Other: explntion,online ads,,N,N,online ads,digital
2025,5,2949,P,Morano,Frank,,I,12,F,,,R0002438,8/15/2025,2025-08-15,Facebook,CORP,Y,,,,Menlo Park,CA,94025,Unknown,84.64,OTHER,Other: explntion,online ads,,N,N,online ads,digital
2025,5,2949,P,Morano,Frank,,I,12,F,,,R0002457,8/11/2025,2025-08-11,Facebook,CORP,Y,,,,Menlo Park,CA,94025,Unknown,11.34,OTHER,Other: explntion,online ads,,N,N,online ads,digital
2025,5,2949,P,Morano,Frank,,I,13,F,,,R0002930,9/15/2025,2025-09-15,Facebook,CORP,Y,,,,Menlo Park,CA,94025,Unknown,67.47,OTHER,Other: explntion,Facebook Ads,,N,N,facebook ads,digital
2025,5,2949,P,Morano,Frank,,I,14,F,,,R0003263,10/15/2025,2025-10-15,Facebook,CORP,Y,,,,Menlo Park,CA,94025,Unknown,506.38,OTHER,Other: explntion,online ads,,N,N,online ads,digital
2025,5,2949,P,Morano,Frank,,I,15,F,,,R0003319,11/1/2025,2025-11-01,Facebook,CORP,Y,,,,Menlo Park,CA,94025,Unknown,900.0,OTHER,Other: explntion,online ads,,N,N,online ads,digital
2025,5,2949,P,Morano,Frank,,I,9,F,,,R0001155,5/15/2025,2025-05-15,Facebook,CORP,Y,,,,Menlo Park,CA,94025,Unknown,61.79,OTHER,Other: explntion,online ads,,N,N,online ads,digital
2025,5,3010,P,Bonsell,Alina,,H,13,F,,,R0002791,9/25/2025,2025-09-26,Facebook,CORP,Y,,,,Menlo Park,CA,94025,Unknown,34.0,OTHER,Other: explntion,Facebook ads,,N,N,facebook ads,digital
2025,5,3010,P,Bonsell,Alina,,H,13,F,,,R0002792,9/24/2025,2025-09-25,Facebook,CORP,Y,,,,Menlo Park,CA,94025,Unknown,31.0,OTHER,Other: explntion,Facebook ads,,N,N,facebook ads,digital
2025,5,3010,P,Bonsell,Alina,,H,13,F,,,R0002828,9/22/2025,2025-09-23,Facebook,CORP,Y,,,,Menlo Park,CA,94025,Unknown,25.0,OTHER,Other: explntion,Facebook ads,,N,N,facebook ads,digital
2025,5,3010,P,Bonsell,Alina,,H,13,F,,,R0002835,9/21/2025,2025-09-22,Facebook,CORP,Y,,,,Menlo Park,CA,94025,Unknown,23.0,OTHER,Other: explntion,Facebook ads,,N,N,facebook ads,digital
2025,5,3010,P,Bonsell,Alina,,H,13,F,,,R0002836,9/20/2025,2025-09-22,Facebook,CORP,Y,,,,Menlo Park,CA,94025,Unknown,21.0,OTHER,Other: explntion,Facebook ads,,N,N,facebook ads,digital
2025,5,3010,P,Bonsell,Alina,,H,13,F,,,R0002837,9/20/2025,2025-09-22,Facebook,CORP,Y,,,,Menlo Park,CA,94025,Unknown,19.0,OTHER,Other: explntion,Facebook ads,,N,N,facebook ads,digital
2025,5,3010,P,Bonsell,Alina,,H,13,F,,,R0002838,9/20/2025,2025-09-22,Facebook,CORP,Y,,,,Menlo Park,CA,94025,Unknown,17.0,OTHER,Other: explntion,Facebook ads,,N,N,facebook ads,digital
2025,5,3010,P,Bonsell,Alina,,H,13,F,,,R0002839,9/19/2025,2025-09-22,Facebook,CORP,Y,,,,Menlo Park,CA,94025,Unknown,15.0,OTHER,Other: explntion,Facebook ads,,N,N,facebook ads,digital
2025,5,3010,P,Bonsell,Alina,,H,13,F,,,R0002840,9/19/2025,2025-09-22,Facebook,CORP,Y,,,,Menlo Park,CA,94025,Unknown,13.0,OTHER,Other: explntion,Facebook ads,,N,N,facebook ads,digital
2025,5,3010,P,Bonsell,Alina,,H,13,F,,,R0002856,9/18/2025,2025-09-19,Facebook,CORP,Y,,,,Menlo Park,CA,94025,Unknown,11.0,OTHER,Other: explntion,Facebook ads,,N,N,facebook ads,digital
2025,5,3010,P,Bonsell,Alina,,H,13,F,,,R0002857,9/18/2025,2025-09-19,Facebook,CORP,Y,,,,Menlo Park,CA,94025,Unknown,10.0,OTHER,Other: explntion,Facebook ads,,N,N,facebook ads,digital
2025,5,3010,P,Bonsell,Alina,,H,13,F,,,R0002859,9/18/2025,2025-09-19,Facebook,CORP,Y,,,,Menlo Park,CA,94025,Unknown,12.0,OTHER,Other: explntion,Facebook ads,,N,N,facebook ads,digital
2025,5,3010,P,Bonsell,Alina,,H,13,F,,,R0002868,9/17/2025,2025-09-18,Facebook,CORP,Y,,,,Menlo Park,CA,94025,Unknown,9.0,OTHER,Other: explntion,Facebook ads,,N,N,facebook ads,digital
2025,5,3010,P,Bonsell,Alina,,H,13,F,,,R0002869,9/17/2025,2025-09-18,Facebook,CORP,Y,,,,Menlo Park,CA,94025,Unknown,8.0,OTHER,Other: explntion,Facebook ads,,N,N,facebook ads,digital
2025,5,3010,P,Bonsell,Alina,,H,13,F,,,R0002870,9/17/2025,2025-09-18,Facebook,CORP,Y,,,,Menlo Park,CA,94025,Unknown,4.0,OTHER,Other: explntion,Facebook ads,,N,N,facebook ads,digital
2025,5,3010,P,Bonsell,Alina,,H,13,F,,,R0002871,9/17/2025,2025-09-18,Facebook,CORP,Y,,,,Menlo Park,CA,94025,Unknown,7.0,OTHER,Other: explntion,Facebook ads,,N,N,facebook ads,digital
2025,5,3010,P,Bonsell,Alina,,H,13,F,,,R0002872,9/17/2025,2025-09-18,Facebook,CORP,Y,,,,Menlo Park,CA,94025,Unknown,6.0,OTHER,Other: explntion,Facebook ads,,N,N,facebook ads,digital
2025,5,3010,P,Bonsell,Alina,,H,13,F,,,R0002873,9/17/2025,2025-09-18,Facebook,CORP,Y,,,,Menlo Park,CA,94025,Unknown,5.0,OTHER,Other: explntion,Facebook ads,,N,N,facebook ads,digital
2025,5,3010,P,Bonsell,Alina,,H,13,F,,,R0002880,9/17/2025,2025-09-17,Facebook,CORP,Y,,,,Menlo Park,CA,94025,Unknown,3.0,OTHER,Other: explntion,Facebook ads,,N,N,facebook ads,digital
2025,5,3010,P,Bonsell,Alina,,H,13,F,,,R0002881,9/16/2025,2025-09-17,Facebook,CORP,Y,,,,Menlo Park,CA,94025,Unknown,2.0,OTHER,Other: explntion,Facebook ads,,N,N,facebook ads,digital
2025,5,3010,P,Bonsell,Alina,,H,13,F,,,R0002882,8/28/2025,2025-08-29,Facebook,CORP,Y,,,,Menlo Park,CA,94025,Unknown,2.0,OTHER,Other: explntion,Facebook ads,,N,N,facebook ads,digital
2025,5,3010,P,Bonsell,Alina,,H,13,F,,,R0002883,8/28/2025,2025-08-29,Facebook,CORP,Y,,,,Menlo Park,CA,94025,Unknown,3.0,OTHER,Other: explntion,Facebook ads,,N,N,facebook ads,digital
2025,5,3010,P,Bonsell,Alina,,H,13,F,,,R0002884,8/28/2025,2025-08-29,Facebook,CORP,Y,,,,Menlo Park,CA,94025,Unknown,3.0,OTHER,Other: explntion,Facebook ads,,N,N,facebook ads,digital
2025,5,3010,P,Bonsell,Alina,,H,13,F,,,R0002893,8/27/2025,2025-08-28,Facebook,CORP,Y,,,,Menlo Park,CA,94025,Unknown,2.0,OTHER,Other: explntion,Facebook ads,,N,N,facebook ads,digital
2025,5,3010,P,Bonsell,Alina,,H,13,F,,,R0002894,8/27/2025,2025-08-28,Facebook,CORP,Y,,,,Menlo Park,CA,94025,Unknown,2.0,OTHER,Other: explntion,Facebook ads,,N,N,facebook ads,digital
2025,5,3010,P,Bonsell,Alina,,H,13,F,,,R0002895,8/27/2025,2025-08-28,Facebook,CORP,Y,,,,Menlo Park,CA,94025,Unknown,2.0,OTHER,Other: explntion,Facebook ads,,N,N,facebook ads,digital
2025,5,3010,P,Bonsell,Alina,,H,13,F,,,R0002896,8/27/2025,2025-08-28,Facebook,CORP,Y,,,,Menlo Park,CA,94025,Unknown,2.0,OTHER,Other: explntion,Facebook ads,,N,N,facebook ads,digital
2025,5,3010,P,Bonsell,Alina,,H,13,F,,,R0002897,8/28/2025,2025-08-28,Facebook,CORP,Y,,,,Menlo Park,CA,94025,Unknown,2.0,OTHER,Other: explntion,Facebook ads,,N,N,facebook ads,digital
2025,5,3010,P,Bonsell,Alina,,H,13,F,,,R0002898,8/27/2025,2025-08-28,Facebook,CORP,Y,,,,Menlo Park,CA,94025,Unknown,2.0,OTHER,Other: explntion,Facebook ads,,N,N,facebook ads,digital
2025,5,3010,P,Bonsell,Alina,,H,13,F,,,R0003004,9/28/2025,2025-09-29,Facebook,CORP,Y,,,,Menlo Park,CA,94025,Unknown,44.0,OTHER,Other: explntion,Facebook ads,,N,N,facebook ads,digital
2025,5,3010,P,Bonsell,Alina,,H,13,F,,,R0003005,9/27/2025,2025-09-29,Facebook,CORP,Y,,,,Menlo Park,CA,94025,Unknown,40.0,OTHER,Other: explntion,Facebook ads,,N,N,facebook ads,digital
2025,5,3010,P,Bonsell,Alina,,H,13,F,,,R0003006,9/26/2025,2025-09-29,Facebook,CORP,Y,,,,Menlo Park,CA,94025,Unknown,37.0,OTHER,Other: explntion,Facebook ads,,N,N,facebook ads,digital
2025,5,3010,P,Bonsell,Alina,,H,13,F,,,R0003132,8/27/2025,2025-08-28,Facebook,CORP,Y,,,,Menlo Park,CA,94025,Unknown,2.0,OTHER,Other: explntion,Facebook ads,,N,N,facebook ads,digital
2025,5,3010,P,Bonsell,Alina,,H,14,F,,,R0003809,9/29/2025,2025-09-30,Facebook,CORP,Y,,,,Menlo Park,CA,94025,Unknown,70.0,OTHER,Other: explntion,Meta ads,,N,N,meta ads,digital
2025,5,3010,P,Bonsell,Alina,,H,14,F,,,R0003812,10/1/2025,2025-10-02,Facebook,CORP,Y,,,,Menlo Park,CA,94025,Unknown,83.0,OTHER,Other: explntion,Meta ads,,N,N,meta ads,digital
2025,5,3010,P,Bonsell,Alina,,H,14,F,,,R0003815,10/1/2025,2025-10-02,Facebook,CORP,Y,,,,Menlo Park,CA,94025,Unknown,97.0,OTHER,Other: explntion,Meta ads,,N,N,meta ads,digital
2025,5,3010,P,Bonsell,Alina,,H,14,F,,,R0003818,10/2/2025,2025-10-03,Facebook,CORP,Y,,,,Menlo Park,CA,94025,Unknown,98.0,OTHER,Other: explntion,Meta ads,,N,N,meta ads,digital
2025,5,3010,P,Bonsell,Alina,,H,14,F,,,R0003821,10/3/2025,2025-10-06,Facebook,CORP,Y,,,,Menlo Park,CA,94025,Unknown,112.0,OTHER,Other: explntion,Meta ads,,N,N,meta ads,digital
2025,5,3010,P,Bonsell,Alina,,H,14,F,,,R0003824,10/4/2025,2025-10-06,Facebook,CORP,Y,,,,Menlo Park,CA,94025,Unknown,126.0,OTHER,Other: explntion,Meta ads,,N,N,meta ads,digital
2025,5,3010,P,Bonsell,Alina,,H,14,F,,,R0003827,10/4/2025,2025-10-06,Facebook,CORP,Y,,,,Menlo Park,CA,94025,Unknown,135.0,OTHER,Other: explntion,Meta ads,,N,N,meta ads,digital
2025,5,3010,P,Bonsell,Alina,,H,14,F,,,R0003830,10/5/2025,2025-10-06,Facebook,CORP,Y,,,,Menlo Park,CA,94025,Unknown,140.0,OTHER,Other: explntion,Meta ads,,N,N,meta ads,digital
2025,5,3010,P,Bonsell,Alina,,H,14,F,,,R0003833,10/6/2025,2025-10-07,Facebook,CORP,Y,,,,Menlo Park,CA,94025,Unknown,160.0,OTHER,Other: explntion,Meta ads,,N,N,meta ads,digital
2025,5,3010,P,Bonsell,Alina,,H,14,F,,,R0003836,10/6/2025,2025-10-07,Facebook,CORP,Y,,,,Menlo Park,CA,94025,Unknown,173.0,OTHER,Other: explntion,Meta ads,,N,N,meta ads,digital
2025,5,3010,P,Bonsell,Alina,,H,14,F,,,R0003840,10/7/2025,2025-10-08,Facebook,CORP,Y,,,,Menlo Park,CA,94025,Unknown,173.0,OTHER,Other: explntion,Meta ads,,N,N,meta ads,digital
2025,5,3010,P,Bonsell,Alina,,H,14,F,,,R0003845,10/8/2025,2025-10-09,Facebook,CORP,Y,,,,Menlo Park,CA,94025,Unknown,209.0,OTHER,Other: explntion,Meta ads,,N,N,meta ads,digital
2025,5,3010,P,Bonsell,Alina,,H,14,F,,,R0003848,10/8/2025,2025-10-09,Facebook,CORP,Y,,,,Menlo Park,CA,94025,Unknown,223.0,OTHER,Other: explntion,Meta ads,,N,N,meta ads,digital
2025,5,3010,P,Bonsell,Alina,,H,14,F,,,R0003851,10/9/2025,2025-10-10,Facebook,CORP,Y,,,,Menlo Park,CA,94025,Unknown,252.0,OTHER,Other: explntion,Meta ads,,N,N,meta ads,digital
2025,5,3010,P,Bonsell,Alina,,H,14,F,,,R0003854,10/10/2025,2025-10-14,Facebook,CORP,Y,,,,Menlo Park,CA,94025,Unknown,291.0,OTHER,Other: explntion,Meta ads,,N,N,meta ads,digital
2025,5,3010,P,Bonsell,Alina,,H,14,F,,,R0003857,10/11/2025,2025-10-14,Facebook,CORP,Y,,,,Menlo Park,CA,94025,Unknown,302.0,OTHER,Other: explntion,Meta ads,,N,N,meta ads,digital
2025,5,3010,P,Bonsell,Alina,,H,14,F,,,R0003860,10/12/2025,2025-10-14,Facebook,CORP,Y,,,,Menlo Park,CA,94025,Unknown,319.0,OTHER,Other: explntion,Meta ads,,N,N,meta ads,digital
2025,5,3010,P,Bonsell,Alina,,H,14,F,,,R0003863,10/12/2025,2025-10-14,Facebook,CORP,Y,,,,Menlo Park,CA,94025,Unknown,347.0,OTHER,Other: explntion,Meta ads,,N,N,meta ads,digital
2025,5,3010,P,Bonsell,Alina,,H,14,F,,,R0003866,10/13/2025,2025-10-14,Facebook,CORP,Y,,,,Menlo Park,CA,94025,Unknown,352.0,OTHER,Other: explntion,Meta ads,,N,N,meta ads,digital
2025,5,3010,P,Bonsell,Alina,,H,14,F,,,R0003869,10/14/2025,2025-10-15,Facebook,CORP,Y,,,,Menlo Park,CA,94025,Unknown,366.0,OTHER,Other: explntion,Meta ads,,N,N,meta ads,digital
2025,5,3010,P,Bonsell,Alina,,H,14,F,,,R0003872,10/15/2025,2025-10-16,Facebook,CORP,Y,,,,Menlo Park,CA,94025,Unknown,366.0,OTHER,Other: explntion,Meta ads,,N,N,meta ads,digital
2025,5,3010,P,Bonsell,Alina,,H,14,F,,,R0003875,10/16/2025,2025-10-17,Facebook,CORP,Y,,,,Menlo Park,CA,94025,Unknown,182.41,OTHER,Other: explntion,Meta ads,,N,N,meta ads,digital
2025,5,3010,P,Bonsell,Alina,,H,14,F,,,R0003878,10/17/2025,2025-10-20,Facebook,CORP,Y,,,,Menlo Park,CA,94025,Unknown,381.0,OTHER,Other: explntion,Meta ads,,N,N,meta ads,digital
2025,5,3010,P,Bonsell,Alina,,H,14,F,,,R0003882,10/18/2025,2025-10-20,Facebook,CORP,Y,,,,Menlo Park,CA,94025,Unknown,397.0,OTHER,Other: explntion,Meta ads,,N,N,meta ads,digital
2025,5,3010,P,Bonsell,Alina,,H,14,F,,,R0003885,10/19/2025,2025-10-20,Facebook,CORP,Y,,,,Menlo Park,CA,94025,Unknown,414.0,OTHER,Other: explntion,Meta ads,,N,N,meta ads,digital
2025,5,3010,P,Bonsell,Alina,,H,15,F,,,R0003888,10/20/2025,2025-10-21,Facebook,CORP,Y,,,,Menlo Park,CA,94025,Unknown,431.0,OTHER,Other: explntion,Meta ads,,N,N,meta ads,digital
2025,5,3010,P,Bonsell,Alina,,H,15,F,,,R0003891,10/20/2025,2025-10-21,Facebook,CORP,Y,,,,Menlo Park,CA,94025,Unknown,449.0,OTHER,Other: explntion,Meta ads,,N,N,meta ads,digital
2025,5,3010,P,Bonsell,Alina,,H,15,F,,,R0003895,10/21/2025,2025-10-22,Facebook,CORP,Y,,,,Menlo Park,CA,94025,Unknown,467.0,OTHER,Other: explntion,Meta ads,,N,N,meta ads,digital
2025,5,3010,P,Bonsell,Alina,,H,15,F,,,R0003898,10/22/2025,2025-10-23,Facebook,CORP,Y,,,,Menlo Park,CA,94025,Unknown,486.0,OTHER,Other: explntion,Meta ads,,N,N,meta ads,digital
2025,5,3010,P,Bonsell,Alina,,H,15,F,,,R0004112,10/23/2025,2025-10-24,Facebook,CORP,Y,,,,Menlo Park,CA,94025,Unknown,506.0,OTHER,Other: explntion,Meta ads,,N,N,meta ads,digital
2025,5,3010,P,Bonsell,Alina,,H,15,F,,,R0004196,10/27/2025,2025-10-28,Facebook,CORP,Y,,,,Menlo Park,CA,94025,Unknown,593.0,OTHER,Other: explntion,Meta ads,,N,N,meta ads,digital
2025,5,3010,P,Bonsell,Alina,,H,15,F,,,R0004242,10/28/2025,2025-10-29,Facebook,CORP,Y,,,,Menlo Park,CA,94025,Unknown,616.0,OTHER,Other: explntion,Meta ads,,N,N,meta ads,digital
2025,5,3010,P,Bonsell,Alina,,H,15,F,,,R0004386,10/29/2025,2025-10-30,Facebook,CORP,Y,,,,Menlo Park,CA,94025,Unknown,640.0,OTHER,Other: explntion,Meta ads,,N,N,meta ads,digital
2025,5,3010,P,Bonsell,Alina,,H,15,F,,,R0004408,10/30/2025,2025-10-31,Facebook,CORP,Y,,,,Menlo Park,CA,94025,Unknown,664.0,OTHER,Other: explntion,Meta ads,,N,N,meta ads,digital
2025,5,3010,P,Bonsell,Alina,,H,15,F,,,R0004446,11/2/2025,2025-11-03,Facebook,CORP,Y,,,,Menlo Park,CA,94025,Unknown,715.0,OTHER,Other: explntion,Meta ads,,N,N,meta ads,digital
2025,5,3010,P,Bonsell,Alina,,H,15,F,,,R0004447,10/24/2025,2025-10-27,Facebook,CORP,Y,,,,Menlo Park,CA,94025,Unknown,527.0,OTHER,Other: explntion,Meta ads,,N,N,meta ads,digital
2025,5,3010,P,Bonsell,Alina,,H,15,F,,,R0004448,10/25/2025,2025-10-27,Facebook,CORP,Y,,,,Menlo Park,CA,94025,Unknown,548.0,OTHER,Other: explntion,Meta ads,,N,N,meta ads,digital
2025,5,3010,P,Bonsell,Alina,,H,15,F,,,R0004449,10/24/2025,2025-10-27,Facebook,CORP,Y,,,,Menlo Park,CA,94025,Unknown,570.0,OTHER,Other: explntion,Meta ads,,N,N,meta ads,digital
2025,5,3010,P,Bonsell,Alina,,H,15,F,,,R0004453,11/1/2025,2025-11-03,Facebook,CORP,Y,,,,Menlo Park,CA,94025,Unknown,689.0,OTHER,Other: explntion,Meta ads,,N,N,meta ads,digital
2025,5,3010,P,Bonsell,Alina,,H,15,F,,,R0004553,11/3/2025,2025-11-04,Facebook,CORP,Y,,,,Menlo Park,CA,94025,Unknown,654.78,OTHER,Other: explntion,Meta ads,,N,N,meta ads,digital
2025,1,2618,P,Sliwa,Curtis,A,I,11,F,,,R0083157,7/11/2025,2025-07-11,Facebook (Meta),CORP,Y,,,,Menlo Park,CA,94025,Unknown,201.5,OTHER,Other: explntion,Social Media Ads,,N,N,social media ads,digital
2025,1,2618,P,Sliwa,Curtis,A,I,11,F,,,R0086352,4/19/2025,2025-04-19,Facebook (Meta),CORP,Y,,,,Menlo Park,CA,94025,Unknown,28.0,OTHER,Other: explntion,online ads facebook,,N,N,online ads facebook,digital
2025,1,2618,P,Sliwa,Curtis,A,I,12,F,,,R0089995,7/14/2025,2025-07-14,Facebook (Meta),CORP,Y,,,,Menlo Park,CA,94025,Unknown,16.28,OTHER,Other: explntion,online ads facebook,,N,N,online ads facebook,digital
2025,1,2618,P,Sliwa,Curtis,A,I,12,F,,,R0089998,7/14/2025,2025-07-14,Facebook (Meta),CORP,Y,,,,Menlo Park,CA,94025,Unknown,543.76,OTHER,Other: explntion,online ads facebook,,N,N,online ads facebook,digital
2025,1,2618,P,Sliwa,Curtis,A,I,12,F,,,R0090001,7/14/2025,2025-07-14,Facebook (Meta),CORP,Y,,,,Menlo Park,CA,94025,Unknown,460.0,OTHER,Other: explntion,online Facebook ads,,N,N,online facebook ads,digital
2025,1,2618,P,Sliwa,Curtis,A,I,12,F,,,R0090004,7/14/2025,2025-07-14,Facebook (Meta),CORP,Y,,,,Menlo Park,CA,94025,Unknown,418.0,OTHER,Other: explntion,online ads facebook,,N,N,online ads facebook,digital
2025,1,2618,P,Sliwa,Curtis,A,I,12,F,,,R0090007,7/14/2025,2025-07-14,Facebook (Meta),CORP,Y,,,,Menlo Park,CA,94025,Unknown,380.0,OTHER,Other: explntion,online ads facebook,,N,N,online ads facebook,digital
2025,1,2618,P,Sliwa,Curtis,A,I,12,F,,,R0090010,7/14/2025,2025-07-14,Facebook (Meta),CORP,Y,,,,Menlo Park,CA,94025,Unknown,345.0,OTHER,Other: explntion,online ads facebook,,N,N,online ads facebook,digital
2025,1,2618,P,Sliwa,Curtis,A,I,12,F,,,R0090013,7/14/2025,2025-07-14,Facebook (Meta),CORP,Y,,,,Menlo Park,CA,94025,Unknown,313.0,OTHER,Other: explntion,online ads facebook,,N,N,online ads facebook,digital
2025,1,2618,P,Sliwa,Curtis,A,I,12,F,,,R0090016,7/14/2025,2025-07-14,Facebook (Meta),CORP,Y,,,,Menlo Park,CA,94025,Unknown,284.0,OTHER,Other: explntion,online ads facebook,,N,N,online ads facebook,digital
2025,1,2618,P,Sliwa,Curtis,A,I,12,F,,,R0090019,7/14/2025,2025-07-14,Facebook (Meta),CORP,Y,,,,Menlo Park,CA,94025,Unknown,258.0,OTHER,Other: explntion,online ads facebook,,N,N,online ads facebook,digital
2025,1,2618,P,Sliwa,Curtis,A,I,12,F,,,R0090022,7/14/2025,2025-07-14,Facebook (Meta),CORP,Y,,,,Menlo Park,CA,94025,Unknown,258.0,OTHER,Other: explntion,online ads facebook,,N,N,online ads facebook,digital
2025,1,2618,P,Sliwa,Curtis,A,I,13,F,,,R0119479,9/29/2025,2025-09-29,Facebook (Meta),CORP,Y,,,,Menlo Park,CA,94025,Unknown,885.45,OTHER,Other: explntion,Online Ads,,N,N,online ads,digital
2025,1,2618,P,Sliwa,Curtis,A,I,13,F,,,R0119482,9/29/2025,2025-09-29,Facebook (Meta),CORP,Y,,,,Menlo Park,CA,94025,Unknown,858.0,OTHER,Other: explntion,Online Ads,,N,N,online ads,digital
2025,1,2618,P,Sliwa,Curtis,A,I,13,F,,,R0119485,9/29/2025,2025-09-29,Facebook (Meta),CORP,Y,,,,Menlo Park,CA,94025,Unknown,831.0,OTHER,Other: explntion,Online Ads,,N,N,online ads,digital
2025,1,2618,P,Sliwa,Curtis,A,I,13,F,,,R0119497,9/28/2025,2025-09-28,Facebook (Meta),CORP,Y,,,,Menlo Park,CA,94025,Unknown,777.0,OTHER,Other: explntion,Online Ads,,N,N,online ads,digital
2025,1,2618,P,Sliwa,Curtis,A,I,13,F,,,R0119500,9/28/2025,2025-09-28,Facebook (Meta),CORP,Y,,,,Menlo Park,CA,94025,Unknown,750.0,OTHER,Other: explntion,Online Ads,,N,N,online ads,digital
2025,1,2618,P,Sliwa,Curtis,A,I,13,F,,,R0119503,9/28/2025,2025-09-28,Facebook (Meta),CORP,Y,,,,Menlo Park,CA,94025,Unknown,726.0,OTHER,Other: explntion,Online Ads,,N,N,online ads,digital
2025,1,2618,P,Sliwa,Curtis,A,I,13,F,,,R0119506,9/28/2025,2025-09-28,Facebook (Meta),CORP,Y,,,,Menlo Park,CA,94025,Unknown,702.0,OTHER,Other: explntion,Online Ads,,N,N,online ads,digital
2025,1,2618,P,Sliwa,Curtis,A,I,13,F,,,R0119693,9/27/2025,2025-09-27,Facebook (Meta),CORP,Y,,,,Menlo Park,CA,94025,Unknown,678.0,OTHER,Other: explntion,Online Ads,,N,N,online ads,digital
2025,1,2618,P,Sliwa,Curtis,A,I,13,F,,,R0119696,9/27/2025,2025-09-27,Facebook (Meta),CORP,Y,,,,Menlo Park,CA,94025,Unknown,654.0,OTHER,Other: explntion,Online Ads,,N,N,online ads,digital
2025,1,2618,P,Sliwa,Curtis,A,I,13,F,,,R0119699,9/27/2025,2025-09-27,Facebook (Meta),CORP,Y,,,,Menlo Park,CA,94025,Unknown,684.97,OTHER,Other: explntion,Online Ads,,N,N,online ads,digital
2025,1,2618,P,Sliwa,Curtis,A,I,13,F,,,R0119702,9/27/2025,2025-09-27,Facebook (Meta),CORP,Y,,,,Menlo Park,CA,94025,Unknown,634.0,OTHER,Other: explntion,Online Ads,,N,N,online ads,digital
2025,1,2618,P,Sliwa,Curtis,A,I,13,F,,,R0119709,9/26/2025,2025-09-26,Facebook (Meta),CORP,Y,,,,Menlo Park,CA,94025,Unknown,614.0,OTHER,Other: explntion,Online Ads,,N,N,online ads,digital
2025,1,2618,P,Sliwa,Curtis,A,I,13,F,,,R0119719,9/26/2025,2025-09-26,Facebook (Meta),CORP,Y,,,,Menlo Park,CA,94025,Unknown,594.0,OTHER,Other: explntion,Online Ads,,N,N,online ads,digital
2025,1,2618,P,Sliwa,Curtis,A,I,13,F,,,R0119722,9/26/2025,2025-09-26,Facebook (Meta),CORP,Y,,,,Menlo Park,CA,94025,Unknown,574.0,OTHER,Other: explntion,Online Ads,,N,N,online ads,digital
2025,1,2618,P,Sliwa,Curtis,A,I,13,F,,,R0119726,9/26/2025,2025-09-26,Facebook (Meta),CORP,Y,,,,Menlo Park,CA,94025,Unknown,557.0,OTHER,Other: explntion,Online Ads,,N,N,online ads,digital
2025,1,2618,P,Sliwa,Curtis,A,I,13,F,,,R0119729,9/26/2025,2025-09-26,Facebook (Meta),CORP,Y,,,,Menlo Park,CA,94025,Unknown,540.0,OTHER,Other: explntion,Online Ads,,N,N,online ads,digital
2025,1,2618,P,Sliwa,Curtis,A,I,13,F,,,R0119733,9/26/2025,2025-09-26,Facebook (Meta),CORP,Y,,,,Menlo Park,CA,94025,Unknown,523.0,OTHER,Other: explntion,Online Ads,,N,N,online ads,digital
2025,1,2618,P,Sliwa,Curtis,A,I,13,F,,,R0119736,9/26/2025,2025-09-26,Facebook (Meta),CORP,Y,,,,Menlo Park,CA,94025,Unknown,506.0,OTHER,Other: explntion,Online Ads,,N,N,online ads,digital
2025,1,2618,P,Sliwa,Curtis,A,I,14,F,,,R0119458,9/30/2025,2025-09-30,Facebook (Meta),CORP,Y,,,,Menlo Park,CA,94025,Unknown,884.0,OTHER,Other: explntion,Online Ads,,N,N,online ads,digital
2025,1,2618,P,Sliwa,Curtis,A,I,14,F,,,R0119460,9/30/2025,2025-09-30,Facebook (Meta),CORP,Y,,,,Menlo Park,CA,94025,Unknown,1942.95,OTHER,Other: explntion,Online Ads,,N,N,online ads,digital
2025,1,2618,P,Sliwa,Curtis,A,I,14,F,,,R0131303,10/4/2025,2025-10-04,Facebook (Meta),CORP,Y,,,,Menlo Park,CA,94025,Unknown,900.0,OTHER,Other: explntion,Online Ads,,N,N,online ads,digital
2025,1,2618,P,Sliwa,Curtis,A,I,14,F,,,R0131305,10/4/2025,2025-10-04,Facebook (Meta),CORP,Y,,,,Menlo Park,CA,94025,Unknown,900.0,OTHER,Other: explntion,Online Ads,,N,N,online ads,digital
2025,1,2618,P,Sliwa,Curtis,A,I,14,F,,,R0131307,10/4/2025,2025-10-04,Facebook (Meta),CORP,Y,,,,Menlo Park,CA,94025,Unknown,900.0,OTHER,Other: explntion,Online Ads,,N,N,online ads,digital
2025,1,2618,P,Sliwa,Curtis,A,I,14,F,,,R0131309,10/4/2025,2025-10-04,Facebook (Meta),CORP,Y,,,,Menlo Park,CA,94025,Unknown,900.0,OTHER,Other: explntion,Online Ads,,N,N,online ads,digital
2025,1,2618,P,Sliwa,Curtis,A,I,14,F,,,R0131315,10/4/2025,2025-10-04,Facebook (Meta),CORP,Y,,,,Menlo Park,CA,94025,Unknown,900.0,OTHER,Other: explntion,Online Ads,,N,N,online ads,digital
2025,1,2618,P,Sliwa,Curtis,A,I,14,F,,,R0131316,10/5/2025,2025-10-05,Facebook (Meta),CORP,Y,,,,Menlo Park,CA,94025,Unknown,900.0,OTHER,Other: explntion,Online Ads,,N,N,online ads,digital
2025,1,2618,P,Sliwa,Curtis,A,I,14,F,,,R0131318,10/5/2025,2025-10-05,Facebook (Meta),CORP,Y,,,,Menlo Park,CA,94025,Unknown,900.0,OTHER,Other: explntion,Online Ads,,N,N,online ads,digital
2025,1,2618,P,Sliwa,Curtis,A,I,14,F,,,R0131320,10/5/2025,2025-10-05,Facebook (Meta),CORP,Y,,,,Menlo Park,CA,94025,Unknown,900.0,OTHER,Other: explntion,Online Ads,,N,N,online ads,digital
2025,1,2618,P,Sliwa,Curtis,A,I,14,F,,,R0131330,10/5/2025,2025-10-05,Facebook (Meta),CORP,Y,,,,Menlo Park,CA,94025,Unknown,900.0,OTHER,Other: explntion,Online Ads,,N,N,online ads,digital
2025,1,2618,P,Sliwa,Curtis,A,I,14,F,,,R0131335,10/5/2025,2025-10-05,Facebook (Meta),CORP,Y,,,,Menlo Park,CA,94025,Unknown,900.0,OTHER,Other: explntion,Online Ads,,N,N,online ads,digital
2025,1,2618,P,Sliwa,Curtis,A,I,14,F,,,R0131345,10/6/2025,2025-10-06,Facebook (Meta),CORP,Y,,,,Menlo Park,CA,94025,Unknown,900.0,OTHER,Other: explntion,Online Ads,,N,N,online ads,digital
2025,1,2618,P,Sliwa,Curtis,A,I,14,F,,,R0131356,10/6/2025,2025-10-06,Facebook (Meta),CORP,Y,,,,Menlo Park,CA,94025,Unknown,900.0,OTHER,Other: explntion,Online Ads,,N,N,online ads,digital
2025,1,2618,P,Sliwa,Curtis,A,I,14,F,,,R0131359,10/6/2025,2025-10-06,Facebook (Meta),CORP,Y,,,,Menlo Park,CA,94025,Unknown,900.0,OTHER,Other: explntion,Online Ads,,N,N,online ads,digital
2025,1,2618,P,Sliwa,Curtis,A,I,14,F,,,R0131361,10/6/2025,2025-10-06,Facebook (Meta),CORP,Y,,,,Menlo Park,CA,94025,Unknown,900.0,OTHER,Other: explntion,Online Ads,,N,N,online ads,digital
2025,1,2618,P,Sliwa,Curtis,A,I,14,F,,,R0131720,9/30/2025,2025-09-30,Facebook (Meta),CORP,Y,,,,Menlo Park,CA,94025,Unknown,900.0,OTHER,Other: explntion,Online Ads,,N,N,online ads,digital
2025,1,2618,P,Sliwa,Curtis,A,I,14,F,,,R0131722,10/1/2025,2025-10-01,Facebook (Meta),CORP,Y,,,,Menlo Park,CA,94025,Unknown,900.0,OTHER,Other: explntion,Online Ads,,N,N,online ads,digital
2025,1,2618,P,Sliwa,Curtis,A,I,14,F,,,R0131729,10/1/2025,2025-10-01,Facebook (Meta),CORP,Y,,,,Menlo Park,CA,94025,Unknown,900.0,OTHER,Other: explntion,Online Ads,,N,N,online ads,digital
2025,1,2618,P,Sliwa,Curtis,A,I,14,F,,,R0131730,10/1/2025,2025-10-01,Facebook (Meta),CORP,Y,,,,Menlo Park,CA,94025,Unknown,900.0,OTHER,Other: explntion,Online Ads,,N,N,online ads,digital
2025,1,2618,P,Sliwa,Curtis,A,I,14,F,,,R0131822,10/6/2025,2025-10-06,Facebook (Meta),CORP,Y,,,,Menlo Park,CA,94025,Unknown,900.0,OTHER,Other: explntion,Online Ads,,N,N,online ads,digital
2025,1,2618,P,Sliwa,Curtis,A,I,14,F,,,R0132028,10/7/2025,2025-10-07,Facebook (Meta),CORP,Y,,,,Menlo Park,CA,94025,Unknown,900.0,OTHER,Other: explntion,Online Ads,,N,N,online ads,digital
2025,1,2618,P,Sliwa,Curtis,A,I,14,F,,,R0132031,10/7/2025,2025-10-07,Facebook (Meta),CORP,Y,,,,Menlo Park,CA,94025,Unknown,900.0,OTHER,Other: explntion,Online Ads,,N,N,online ads,digital
2025,1,2618,P,Sliwa,Curtis,A,I,14,F,,,R0132036,10/7/2025,2025-10-07,Facebook (Meta),CORP,Y,,,,Menlo Park,CA,94025,Unknown,900.0,OTHER,Other: explntion,Online Ads,,N,N,online ads,digital
2025,1,2618,P,Sliwa,Curtis,A,I,14,F,,,R0132039,10/7/2025,2025-10-07,Facebook (Meta),CORP,Y,,,,Menlo Park,CA,94025,Unknown,900.0,OTHER,Other: explntion,Online Ads,,N,N,online ads,digital
2025,1,2618,P,Sliwa,Curtis,A,I,14,F,,,R0132042,10/7/2025,2025-10-07,Facebook (Meta),CORP,Y,,,,Menlo Park,CA,94025,Unknown,900.0,OTHER,Other: explntion,Online Ads,,N,N,online ads,digital
2025,1,2618,P,Sliwa,Curtis,A,I,14,F,,,R0132047,10/8/2025,2025-10-08,Facebook (Meta),CORP,Y,,,,Menlo Park,CA,94025,Unknown,900.0,OTHER,Other: explntion,Online Ads,,N,N,online ads,digital
2025,1,2618,P,Sliwa,Curtis,A,I,14,F,,,R0132051,10/8/2025,2025-10-08,Facebook (Meta),CORP,Y,,,,Menlo Park,CA,94025,Unknown,900.0,OTHER,Other: explntion,Online Ads,,N,N,online ads,digital
2025,1,2618,P,Sliwa,Curtis,A,I,14,F,,,R0132054,10/8/2025,2025-10-08,Facebook (Meta),CORP,Y,,,,Menlo Park,CA,94025,Unknown,900.0,OTHER,Other: explntion,Online Ads,,N,N,online ads,digital
2025,1,2618,P,Sliwa,Curtis,A,I,14,F,,,R0132056,10/8/2025,2025-10-08,Facebook (Meta),CORP,Y,,,,Menlo Park,CA,94025,Unknown,900.0,OTHER,Other: explntion,Online Ads,,N,N,online ads,digital
2025,1,2618,P,Sliwa,Curtis,A,I,14,F,,,R0132058,10/8/2025,2025-10-08,Facebook (Meta),CORP,Y,,,,Menlo Park,CA,94025,Unknown,900.0,OTHER,Other: explntion,Online Ads,,N,N,online ads,digital
2025,1,2618,P,Sliwa,Curtis,A,I,14,F,,,R0132060,10/9/2025,2025-10-09,Facebook (Meta),CORP,Y,,,,Menlo Park,CA,94025,Unknown,900.0,OTHER,Other: explntion,Online Ads,,N,N,online ads,digital
2025,1,2618,P,Sliwa,Curtis,A,I,14,F,,,R0132063,10/9/2025,2025-10-09,Facebook (Meta),CORP,Y,,,,Menlo Park,CA,94025,Unknown,900.0,OTHER,Other: explntion,Online Ads,,N,N,online ads,digital
2025,1,2618,P,Sliwa,Curtis,A,I,14,F,,,R0132065,10/9/2025,2025-10-09,Facebook (Meta),CORP,Y,,,,Menlo Park,CA,94025,Unknown,900.0,OTHER,Other: explntion,Online Ads,,N,N,online ads,digital
2025,1,2618,P,Sliwa,Curtis,A,I,14,F,,,R0132067,10/9/2025,2025-10-09,Facebook (Meta),CORP,Y,,,,Menlo Park,CA,94025,Unknown,900.0,OTHER,Other: explntion,Online Ads,,N,N,online ads,digital
2025,1,2618,P,Sliwa,Curtis,A,I,14,F,,,R0132069,10/9/2025,2025-10-09,Facebook (Meta),CORP,Y,,,,Menlo Park,CA,94025,Unknown,900.0,OTHER,Other: explntion,Online Ads,,N,N,online ads,digital
2025,1,2618,P,Sliwa,Curtis,A,I,14,F,,,R0132071,10/10/2025,2025-10-10,Facebook (Meta),CORP,Y,,,,Menlo Park,CA,94025,Unknown,900.0,OTHER,Other: explntion,Online Ads,,N,N,online ads,digital
2025,1,2618,P,Sliwa,Curtis,A,I,14,F,,,R0132073,10/10/2025,2025-10-10,Facebook (Meta),CORP,Y,,,,Menlo Park,CA,94025,Unknown,900.0,OTHER,Other: explntion,Online Ads,,N,N,online ads,digital
2025,1,2618,P,Sliwa,Curtis,A,I,14,F,,,R0132080,10/10/2025,2025-10-10,Facebook (Meta),CORP,Y,,,,Menlo Park,CA,94025,Unknown,900.0,OTHER,Other: explntion,Online Ads,,N,N,online ads,digital
2025,1,2618,P,Sliwa,Curtis,A,I,14,F,,,R0132084,10/11/2025,2025-10-11,Facebook (Meta),CORP,Y,,,,Menlo Park,CA,94025,Unknown,900.0,OTHER,Other: explntion,Online Ads,,N,N,online ads,digital
2025,1,2618,P,Sliwa,Curtis,A,I,14,F,,,R0132087,10/11/2025,2025-10-11,Facebook (Meta),CORP,Y,,,,Menlo Park,CA,94025,Unknown,900.0,OTHER,Other: explntion,Online Ads,,N,N,online ads,digital
2025,1,2618,P,Sliwa,Curtis,A,I,14,F,,,R0132091,10/11/2025,2025-10-11,Facebook (Meta),CORP,Y,,,,Menlo Park,CA,94025,Unknown,900.0,OTHER,Other: explntion,Online Ads,,N,N,online ads,digital
2025,1,2618,P,Sliwa,Curtis,A,I,14,F,,,R0132095,10/11/2025,2025-10-11,Facebook (Meta),CORP,Y,,,,Menlo Park,CA,94025,Unknown,900.0,OTHER,Other: explntion,Online Ads,,N,N,online ads,digital
2025,1,2618,P,Sliwa,Curtis,A,I,14,F,,,R0132098,10/11/2025,2025-10-11,Facebook (Meta),CORP,Y,,,,Menlo Park,CA,94025,Unknown,900.0,OTHER,Other: explntion,Online Ads,,N,N,online ads,digital
2025,1,2618,P,Sliwa,Curtis,A,I,14,F,,,R0132156,10/12/2025,2025-10-12,Facebook (Meta),CORP,Y,,,,Menlo Park,CA,94025,Unknown,900.0,OTHER,Other: explntion,Online Ads,,N,N,online ads,digital
2025,1,2618,P,Sliwa,Curtis,A,I,14,F,,,R0132158,10/12/2025,2025-10-12,Facebook (Meta),CORP,Y,,,,Menlo Park,CA,94025,Unknown,900.0,OTHER,Other: explntion,Online Ads,,N,N,online ads,digital
2025,1,2618,P,Sliwa,Curtis,A,I,14,F,,,R0132160,10/12/2025,2025-10-12,Facebook (Meta),CORP,Y,,,,Menlo Park,CA,94025,Unknown,900.0,OTHER,Other: explntion,Online Ads,,N,N,online ads,digital
2025,1,2618,P,Sliwa,Curtis,A,I,14,F,,,R0132162,10/12/2025,2025-10-12,Facebook (Meta),CORP,Y,,,,Menlo Park,CA,94025,Unknown,900.0,OTHER,Other: explntion,Online Ads,,N,N,online ads,digital
2025,1,2618,P,Sliwa,Curtis,A,I,14,F,,,R0132164,10/12/2025,2025-10-12,Facebook (Meta),CORP,Y,,,,Menlo Park,CA,94025,Unknown,900.0,OTHER,Other: explntion,Online Ads,,N,N,online ads,digital
2025,1,2618,P,Sliwa,Curtis,A,I,14,F,,,R0132166,10/12/2025,2025-10-12,Facebook (Meta),CORP,Y,,,,Menlo Park,CA,94025,Unknown,900.0,OTHER,Other: explntion,Online Ads,,N,N,online ads,digital
2025,1,2618,P,Sliwa,Curtis,A,I,14,F,,,R0132168,10/13/2025,2025-10-13,Facebook (Meta),CORP,Y,,,,Menlo Park,CA,94025,Unknown,900.0,OTHER,Other: explntion,Online Ads,,N,N,online ads,digital
2025,1,2618,P,Sliwa,Curtis,A,I,14,F,,,R0132170,10/13/2025,2025-10-13,Facebook (Meta),CORP,Y,,,,Menlo Park,CA,94025,Unknown,900.0,OTHER,Other: explntion,Online ads,,N,N,online ads,digital
2025,1,2618,P,Sliwa,Curtis,A,I,14,F,,,R0132172,10/13/2025,2025-10-13,Facebook (Meta),CORP,Y,,,,Menlo Park,CA,94025,Unknown,900.0,OTHER,Other: explntion,Online Ads,,N,N,online ads,digital
2025,1,2618,P,Sliwa,Curtis,A,I,14,F,,,R0132185,10/13/2025,2025-10-13,Facebook (Meta),CORP,Y,,,,Menlo Park,CA,94025,Unknown,900.0,OTHER,Other: explntion,Online Ads,,N,N,online ads,digital
2025,1,2618,P,Sliwa,Curtis,A,I,14,F,,,R0132187,10/13/2025,2025-10-13,Facebook (Meta),CORP,Y,,,,Menlo Park,CA,94025,Unknown,900.0,OTHER,Other: explntion,Online Ads,,N,N,online ads,digital
2025,1,2618,P,Sliwa,Curtis,A,I,14,F,,,R0132189,10/14/2025,2025-10-14,Facebook (Meta),CORP,Y,,,,Menlo Park,CA,94025,Unknown,900.0,OTHER,Other: explntion,Online Ads,,N,N,online ads,digital
2025,1,2618,P,Sliwa,Curtis,A,I,14,F,,,R0132195,10/14/2025,2025-10-14,Facebook (Meta),CORP,Y,,,,Menlo Park,CA,94025,Unknown,900.0,OTHER,Other: explntion,Online ads,,N,N,online ads,digital
2025,1,2618,P,Sliwa,Curtis,A,I,14,F,,,R0132198,10/14/2025,2025-10-14,Facebook (Meta),CORP,Y,,,,Menlo Park,CA,94025,Unknown,900.0,OTHER,Other: explntion,Online Ads,,N,N,online ads,digital
2025,1,2618,P,Sliwa,Curtis,A,I,14,F,,,R0132201,10/14/2025,2025-10-14,Facebook (Meta),CORP,Y,,,,Menlo Park,CA,94025,Unknown,900.0,OTHER,Other: explntion,Online Ads,,N,N,online ads,digital
2025,1,2618,P,Sliwa,Curtis,A,I,14,F,,,R0132204,10/14/2025,2025-10-14,Facebook (Meta),CORP,Y,,,,Menlo Park,CA,94025,Unknown,900.0,OTHER,Other: explntion,Online Ads,,N,N,online ads,digital
2025,1,2618,P,Sliwa,Curtis,A,I,14,F,,,R0132207,10/14/2025,2025-10-14,Facebook (Meta),CORP,Y,,,,Menlo Park,CA,94025,Unknown,900.0,OTHER,Other: explntion,Online ads,,N,N,online ads,digital
2025,1,2618,P,Sliwa,Curtis,A,I,14,F,,,R0132215,10/15/2025,2025-10-15,Facebook (Meta),CORP,Y,,,,Menlo Park,CA,94025,Unknown,900.0,OTHER,Other: explntion,Online ads,,N,N,online ads,digital
2025,1,2618,P,Sliwa,Curtis,A,I,14,F,,,R0132219,10/15/2025,2025-10-15,Facebook (Meta),CORP,Y,,,,Menlo Park,CA,94025,Unknown,900.0,OTHER,Other: explntion,Online Ads,,N,N,online ads,digital
2025,1,2618,P,Sliwa,Curtis,A,I,14,F,,,R0132222,10/15/2025,2025-10-15,Facebook (Meta),CORP,Y,,,,Menlo Park,CA,94025,Unknown,900.0,OTHER,Other: explntion,Online Ads,,N,N,online ads,digital
2025,1,2618,P,Sliwa,Curtis,A,I,14,F,,,R0132225,10/15/2025,2025-10-15,Facebook (Meta),CORP,Y,,,,Menlo Park,CA,94025,Unknown,900.0,OTHER,Other: explntion,Online Ads,,N,N,online ads,digital
2025,1,2618,P,Sliwa,Curtis,A,I,14,F,,,R0132228,10/15/2025,2025-10-15,Facebook (Meta),CORP,Y,,,,Menlo Park,CA,94025,Unknown,900.0,OTHER,Other: explntion,Online Ads,,N,N,online ads,digital
2025,1,2618,P,Sliwa,Curtis,A,I,14,F,,,R0132231,10/16/2025,2025-10-16,Facebook (Meta),CORP,Y,,,,Menlo Park,CA,94025,Unknown,900.0,OTHER,Other: explntion,Online Ads,,N,N,online ads,digital
2025,1,2618,P,Sliwa,Curtis,A,I,14,F,,,R0132234,10/16/2025,2025-10-16,Facebook (Meta),CORP,Y,,,,Menlo Park,CA,94025,Unknown,900.0,OTHER,Other: explntion,Online Ads,,N,N,online ads,digital
2025,1,2618,P,Sliwa,Curtis,A,I,14,F,,,R0132239,10/16/2025,2025-10-16,Facebook (Meta),CORP,Y,,,,Menlo Park,CA,94025,Unknown,900.0,OTHER,Other: explntion,Online Ads,,N,N,online ads,digital
2025,1,2618,P,Sliwa,Curtis,A,I,14,F,,,R0132242,10/16/2025,2025-10-16,Facebook (Meta),CORP,Y,,,,Menlo Park,CA,94025,Unknown,900.0,OTHER,Other: explntion,Online Ads,,N,N,online ads,digital
2025,1,2618,P,Sliwa,Curtis,A,I,14,F,,,R0132251,10/16/2025,2025-10-16,Facebook (Meta),CORP,Y,,,,Menlo Park,CA,94025,Unknown,900.0,OTHER,Other: explntion,Online Ads,,N,N,online ads,digital
2025,1,2618,P,Sliwa,Curtis,A,I,14,F,,,R0132260,10/17/2025,2025-10-17,Facebook (Meta),CORP,Y,,,,Menlo Park,CA,94025,Unknown,7.54,OTHER,Other: explntion,Online Ads,,N,N,online ads,digital
2025,1,2618,P,Sliwa,Curtis,A,I,14,F,,,R0132263,10/17/2025,2025-10-17,Facebook (Meta),CORP,Y,,,,Menlo Park,CA,94025,Unknown,900.0,OTHER,Other: explntion,Online Ads,,N,N,online ads,digital
2025,1,2618,P,Sliwa,Curtis,A,I,14,F,,,R0132266,10/17/2025,2025-10-17,Facebook (Meta),CORP,Y,,,,Menlo Park,CA,94025,Unknown,900.0,OTHER,Other: explntion,Online Ads,,N,N,online ads,digital
2025,1,2618,P,Sliwa,Curtis,A,I,14,F,,,R0132275,10/17/2025,2025-10-17,Facebook (Meta),CORP,Y,,,,Menlo Park,CA,94025,Unknown,900.0,OTHER,Other: explntion,Online Ads,,N,N,online ads,digital
2025,1,2618,P,Sliwa,Curtis,A,I,14,F,,,R0132280,10/17/2025,2025-10-17,Facebook (Meta),CORP,Y,,,,Menlo Park,CA,94025,Unknown,900.0,OTHER,Other: explntion,Online Ads,,N,N,online ads,digital
2025,1,2618,P,Sliwa,Curtis,A,I,14,F,,,R0132286,10/17/2025,2025-10-17,Facebook (Meta),CORP,Y,,,,Menlo Park,CA,94025,Unknown,900.0,OTHER,Other: explntion,Online Ads,,N,N,online ads,digital
2025,1,2618,P,Sliwa,Curtis,A,I,14,F,,,R0132292,10/16/2025,2025-10-16,Facebook (Meta),CORP,Y,,,,Menlo Park,CA,94025,Unknown,900.0,OTHER,Other: explntion,Online Ads,,N,N,online ads,digital
2025,1,2618,P,Sliwa,Curtis,A,I,14,F,,,R0132299,10/16/2025,2025-10-16,Facebook (Meta),CORP,Y,,,,Menlo Park,CA,94025,Unknown,900.0,OTHER,Other: explntion,Online Ads,,N,N,online ads,digital
2025,1,2618,P,Sliwa,Curtis,A,I,14,F,,,R0132303,10/17/2025,2025-10-17,Facebook (Meta),CORP,Y,,,,Menlo Park,CA,94025,Unknown,900.0,OTHER,Other: explntion,Online Ads,,N,N,online ads,digital
2025,1,2618,P,Sliwa,Curtis,A,I,14,F,,,R0132310,10/17/2025,2025-10-17,Facebook (Meta),CORP,Y,,,,Menlo Park,CA,94025,Unknown,900.0,OTHER,Other: explntion,Online Ads,,N,N,online ads,digital
2025,1,2618,P,Sliwa,Curtis,A,I,14,F,,,R0132316,10/17/2025,2025-10-17,Facebook (Meta),CORP,Y,,,,Menlo Park,CA,94025,Unknown,900.0,OTHER,Other: explntion,Online Ads,,N,N,online ads,digital
2025,1,2618,P,Sliwa,Curtis,A,I,14,F,,,R0132321,10/18/2025,2025-10-18,Facebook (Meta),CORP,Y,,,,Menlo Park,CA,94025,Unknown,900.0,OTHER,Other: explntion,Online Ads,,N,N,online ads,digital
2025,1,2618,P,Sliwa,Curtis,A,I,14,F,,,R0132325,10/18/2025,2025-10-18,Facebook (Meta),CORP,Y,,,,Menlo Park,CA,94025,Unknown,900.0,OTHER,Other: explntion,Online Ads,,N,N,online ads,digital
2025,1,2618,P,Sliwa,Curtis,A,I,14,F,,,R0132330,10/18/2025,2025-10-18,Facebook (Meta),CORP,Y,,,,Menlo Park,CA,94025,Unknown,900.0,OTHER,Other: explntion,Online Ads,,N,N,online ads,digital
2025,1,2618,P,Sliwa,Curtis,A,I,14,F,,,R0132335,10/18/2025,2025-10-18,Facebook (Meta),CORP,Y,,,,Menlo Park,CA,94025,Unknown,900.0,OTHER,Other: explntion,Online Ads,,N,N,online ads,digital
2025,1,2618,P,Sliwa,Curtis,A,I,14,F,,,R0132339,10/18/2025,2025-10-18,Facebook (Meta),CORP,Y,,,,Menlo Park,CA,94025,Unknown,900.0,OTHER,Other: explntion,Online Ads,,N,N,online ads,digital
2025,1,2618,P,Sliwa,Curtis,A,I,14,F,,,R0132344,10/18/2025,2025-10-18,Facebook (Meta),CORP,Y,,,,Menlo Park,CA,94025,Unknown,900.0,OTHER,Other: explntion,Online Ads,,N,N,online ads,digital
2025,1,2618,P,Sliwa,Curtis,A,I,14,F,,,R0132348,10/19/2025,2025-10-19,Facebook (Meta),CORP,Y,,,,Menlo Park,CA,94025,Unknown,900.0,OTHER,Other: explntion,Online Ads,,N,N,online ads,digital
2025,1,2618,P,Sliwa,Curtis,A,I,14,F,,,R0132353,10/19/2025,2025-10-19,Facebook (Meta),CORP,Y,,,,Menlo Park,CA,94025,Unknown,900.0,OTHER,Other: explntion,Online Ads,,N,N,online ads,digital
2025,1,2618,P,Sliwa,Curtis,A,I,14,F,,,R0132359,10/19/2025,2025-10-19,Facebook (Meta),CORP,Y,,,,Menlo Park,CA,94025,Unknown,900.0,OTHER,Other: explntion,Online Ads,,N,N,online ads,digital
2025,1,2618,P,Sliwa,Curtis,A,I,14,F,,,R0132365,10/19/2025,2025-10-19,Facebook (Meta),CORP,Y,,,,Menlo Park,CA,94025,Unknown,900.0,OTHER,Other: explntion,Online Ads,,N,N,online ads,digital
2025,1,2618,P,Sliwa,Curtis,A,I,14,F,,,R0132369,10/19/2025,2025-10-19,Facebook (Meta),CORP,Y,,,,Menlo Park,CA,94025,Unknown,900.0,OTHER,Other: explntion,Online Ads,,N,N,online ads,digital
2025,1,2618,P,Sliwa,Curtis,A,I,14,F,,,R0132618,10/20/2025,2025-10-20,Facebook (Meta),CORP,Y,,,,Menlo Park,CA,94025,Unknown,900.0,OTHER,Other: explntion,Online Ads,,N,N,online ads,digital
2025,1,2618,P,Sliwa,Curtis,A,I,14,F,,,R0132624,10/20/2025,2025-10-20,Facebook (Meta),CORP,Y,,,,Menlo Park,CA,94025,Unknown,900.0,OTHER,Other: explntion,Online Ads,,N,N,online ads,digital
2025,1,2618,P,Sliwa,Curtis,A,I,14,F,,,R0132628,10/20/2025,2025-10-20,Facebook (Meta),CORP,Y,,,,Menlo Park,CA,94025,Unknown,900.0,OTHER,Other: explntion,Online Ads,,N,N,online ads,digital
2025,1,2618,P,Sliwa,Curtis,A,I,15,F,,,R0133749,10/21/2025,2025-10-21,Facebook (Meta),CORP,Y,,,,Menlo Park,CA,94025,Unknown,900.0,OTHER,Other: explntion,Online Ads,,N,N,online ads,digital
2025,1,2618,P,Sliwa,Curtis,A,I,15,F,,,R0133751,10/21/2025,2025-10-21,Facebook (Meta),CORP,Y,,,,Menlo Park,CA,94025,Unknown,900.0,OTHER,Other: explntion,Online Ads,,N,N,online ads,digital
2025,1,2618,P,Sliwa,Curtis,A,I,15,F,,,R0133753,10/21/2025,2025-10-21,Facebook (Meta),CORP,Y,,,,Menlo Park,CA,94025,Unknown,900.0,OTHER,Other: explntion,Online Ads,,N,N,online ads,digital
2025,1,2618,P,Sliwa,Curtis,A,I,15,F,,,R0133755,10/21/2025,2025-10-21,Facebook (Meta),CORP,Y,,,,Menlo Park,CA,94025,Unknown,900.0,OTHER,Other: explntion,Online Ads,,N,N,online ads,digital
2025,1,2618,P,Sliwa,Curtis,A,I,15,F,,,R0133758,10/21/2025,2025-10-21,Facebook (Meta),CORP,Y,,,,Menlo Park,CA,94025,Unknown,900.0,OTHER,Other: explntion,Online Ads,,N,N,online ads,digital
2025,1,2618,P,Sliwa,Curtis,A,I,15,F,,,R0133759,10/21/2025,2025-10-21,Facebook (Meta),CORP,Y,,,,Menlo Park,CA,94025,Unknown,900.0,OTHER,Other: explntion,Online Ads,,N,N,online ads,digital
2025,1,2618,P,Sliwa,Curtis,A,I,15,F,,,R0133761,10/22/2025,2025-10-22,Facebook (Meta),CORP,Y,,,,Menlo Park,CA,94025,Unknown,900.0,OTHER,Other: explntion,Online Ads,,N,N,online ads,digital
2025,1,2618,P,Sliwa,Curtis,A,I,15,F,,,R0133763,10/22/2025,2025-10-22,Facebook (Meta),CORP,Y,,,,Menlo Park,CA,94025,Unknown,900.0,OTHER,Other: explntion,Online Ads,,N,N,online ads,digital
2025,1,2618,P,Sliwa,Curtis,A,I,15,F,,,R0133765,10/22/2025,2025-10-22,Facebook (Meta),CORP,Y,,,,Menlo Park,CA,94025,Unknown,900.0,OTHER,Other: explntion,Online Ads,,N,N,online ads,digital
2025,1,2618,P,Sliwa,Curtis,A,I,15,F,,,R0133767,10/22/2025,2025-10-22,Facebook (Meta),CORP,Y,,,,Menlo Park,CA,94025,Unknown,900.0,OTHER,Other: explntion,Online Ads,,N,N,online ads,digital
2025,1,2618,P,Sliwa,Curtis,A,I,15,F,,,R0133769,10/22/2025,2025-10-22,Facebook (Meta),CORP,Y,,,,Menlo Park,CA,94025,Unknown,900.0,OTHER,Other: explntion,Online Ads,,N,N,online ads,digital
2025,1,2618,P,Sliwa,Curtis,A,I,15,F,,,R0133771,10/23/2025,2025-10-23,Facebook (Meta),CORP,Y,,,,Menlo Park,CA,94025,Unknown,900.0,OTHER,Other: explntion,Online Ads,,N,N,online ads,digital
2025,1,2618,P,Sliwa,Curtis,A,I,15,F,,,R0133773,10/23/2025,2025-10-23,Facebook (Meta),CORP,Y,,,,Menlo Park,CA,94025,Unknown,900.0,OTHER,Other: explntion,Online Ads,,N,N,online ads,digital
2025,1,2618,P,Sliwa,Curtis,A,I,15,F,,,R0133775,10/23/2025,2025-10-23,Facebook (Meta),CORP,Y,,,,Menlo Park,CA,94025,Unknown,900.0,OTHER,Other: explntion,Online Ads,,N,N,online ads,digital
2025,1,2618,P,Sliwa,Curtis,A,I,15,F,,,R0133777,10/23/2025,2025-10-23,Facebook (Meta),CORP,Y,,,,Menlo Park,CA,94025,Unknown,900.0,OTHER,Other: explntion,Online Ads,,N,N,online ads,digital
2025,1,2618,P,Sliwa,Curtis,A,I,15,F,,,R0133779,10/23/2025,2025-10-23,Facebook (Meta),CORP,Y,,,,Menlo Park,CA,94025,Unknown,900.0,OTHER,Other: explntion,Online Ads,,N,N,online ads,digital
2025,1,2618,P,Sliwa,Curtis,A,I,15,F,,,R0133782,10/24/2025,2025-10-24,Facebook (Meta),CORP,Y,,,,Menlo Park,CA,94025,Unknown,900.0,OTHER,Other: explntion,Online Ads,,N,N,online ads,digital
2025,1,2618,P,Sliwa,Curtis,A,I,15,F,,,R0133783,10/24/2025,2025-10-24,Facebook (Meta),CORP,Y,,,,Menlo Park,CA,94025,Unknown,900.0,OTHER,Other: explntion,Online Ads,,N,N,online ads,digital
2025,1,2618,P,Sliwa,Curtis,A,I,15,F,,,R0133785,10/24/2025,2025-10-24,Facebook (Meta),CORP,Y,,,,Menlo Park,CA,94025,Unknown,900.0,OTHER,Other: explntion,Online Ads,,N,N,online ads,digital
2025,1,2618,P,Sliwa,Curtis,A,I,15,F,,,R0133787,10/24/2025,2025-10-24,Facebook (Meta),CORP,Y,,,,Menlo Park,CA,94025,Unknown,900.0,OTHER,Other: explntion,Online Ads,,N,N,online ads,digital
2025,1,2618,P,Sliwa,Curtis,A,I,15,F,,,R0133789,10/24/2025,2025-10-24,Facebook (Meta),CORP,Y,,,,Menlo Park,CA,94025,Unknown,900.0,OTHER,Other: explntion,Online Ads,,N,N,online ads,digital
2025,1,2618,P,Sliwa,Curtis,A,I,15,F,,,R0133792,10/25/2025,2025-10-25,Facebook (Meta),CORP,Y,,,,Menlo Park,CA,94025,Unknown,900.0,OTHER,Other: explntion,Online Ads,,N,N,online ads,digital
2025,1,2618,P,Sliwa,Curtis,A,I,15,F,,,R0133793,10/25/2025,2025-10-25,Facebook (Meta),CORP,Y,,,,Menlo Park,CA,94025,Unknown,900.0,OTHER,Other: explntion,Online Ads,,N,N,online ads,digital
2025,1,2618,P,Sliwa,Curtis,A,I,15,F,,,R0133795,10/27/2025,2025-10-27,Facebook (Meta),CORP,Y,,,,Menlo Park,CA,94025,Unknown,900.0,OTHER,Other: explntion,Online Ads,,N,N,online ads,digital
2025,1,2618,P,Sliwa,Curtis,A,I,15,F,,,R0133797,10/27/2025,2025-10-27,Facebook (Meta),CORP,Y,,,,Menlo Park,CA,94025,Unknown,900.0,OTHER,Other: explntion,Online Ads,,N,N,online ads,digital
2025,1,2618,P,Sliwa,Curtis,A,I,15,F,,,R0133799,10/27/2025,2025-10-27,Facebook (Meta),CORP,Y,,,,Menlo Park,CA,94025,Unknown,900.0,OTHER,Other: explntion,Online Ads,,N,N,online ads,digital
2025,1,2618,P,Sliwa,Curtis,A,I,15,F,,,R0133801,10/27/2025,2025-10-27,Facebook (Meta),CORP,Y,,,,Menlo Park,CA,94025,Unknown,900.0,OTHER,Other: explntion,Online Ads,,N,N,online ads,digital
2025,1,2618,P,Sliwa,Curtis,A,I,15,F,,,R0133803,10/27/2025,2025-10-27,Facebook (Meta),CORP,Y,,,,Menlo Park,CA,94025,Unknown,900.0,OTHER,Other: explntion,Online Ads,,N,N,online ads,digital
2025,1,2618,P,Sliwa,Curtis,A,I,15,F,,,R0133805,10/27/2025,2025-10-27,Facebook (Meta),CORP,Y,,,,Menlo Park,CA,94025,Unknown,900.0,OTHER,Other: explntion,Online Ads,,N,N,online ads,digital
2025,1,2618,P,Sliwa,Curtis,A,I,15,F,,,R0133816,10/27/2025,2025-10-27,Facebook (Meta),CORP,Y,,,,Menlo Park,CA,94025,Unknown,900.0,OTHER,Other: explntion,Online Ads,,N,N,online ads,digital
2025,1,2618,P,Sliwa,Curtis,A,I,15,F,,,R0133817,10/27/2025,2025-10-27,Facebook (Meta),CORP,Y,,,,Menlo Park,CA,94025,Unknown,900.0,OTHER,Other: explntion,Online Ads,,N,N,online ads,digital
2025,1,2618,P,Sliwa,Curtis,A,I,15,F,,,R0133818,10/27/2025,2025-10-27,Facebook (Meta),CORP,Y,,,,Menlo Park,CA,94025,Unknown,900.0,OTHER,Other: explntion,Online Ads,,N,N,online ads,digital
2025,1,2618,P,Sliwa,Curtis,A,I,15,F,,,R0133819,10/27/2025,2025-10-27,Facebook (Meta),CORP,Y,,,,Menlo Park,CA,94025,Unknown,900.0,OTHER,Other: explntion,Online Ads,,N,N,online ads,digital
2025,1,2618,P,Sliwa,Curtis,A,I,15,F,,,R0133820,10/27/2025,2025-10-27,Facebook (Meta),CORP,Y,,,,Menlo Park,CA,94025,Unknown,900.0,OTHER,Other: explntion,Online Ads,,N,N,online ads,digital
2025,1,2618,P,Sliwa,Curtis,A,I,15,F,,,R0133821,10/27/2025,2025-10-27,Facebook (Meta),CORP,Y,,,,Menlo Park,CA,94025,Unknown,900.0,OTHER,Other: explntion,Online Ads,,N,N,online ads,digital
2025,1,2618,P,Sliwa,Curtis,A,I,15,F,,,R0133822,10/27/2025,2025-10-27,Facebook (Meta),CORP,Y,,,,Menlo Park,CA,94025,Unknown,900.0,OTHER,Other: explntion,Online Ads,,N,N,online ads,digital
2025,1,2618,P,Sliwa,Curtis,A,I,15,F,,,R0133823,10/27/2025,2025-10-27,Facebook (Meta),CORP,Y,,,,Menlo Park,CA,94025,Unknown,900.0,OTHER,Other: explntion,Online Ads,,N,N,online ads,digital
2025,1,2618,P,Sliwa,Curtis,A,I,15,F,,,R0133824,10/27/2025,2025-10-27,Facebook (Meta),CORP,Y,,,,Menlo Park,CA,94025,Unknown,900.0,OTHER,Other: explntion,Online Ads,,N,N,online ads,digital
2025,1,2618,P,Sliwa,Curtis,A,I,15,F,,,R0133825,10/27/2025,2025-10-27,Facebook (Meta),CORP,Y,,,,Menlo Park,CA,94025,Unknown,900.0,OTHER,Other: explntion,Online Ads,,N,N,online ads,digital
2025,1,2618,P,Sliwa,Curtis,A,I,15,F,,,R0134581,10/29/2025,2025-10-29,Facebook (Meta),CORP,Y,,,,Menlo Park,CA,94025,Unknown,900.0,OTHER,Other: explntion,online ads,,N,N,online ads,digital
2025,1,2618,P,Sliwa,Curtis,A,I,15,F,,,R0134584,10/29/2025,2025-10-29,Facebook (Meta),CORP,Y,,,,Menlo Park,CA,94025,Unknown,900.0,OTHER,Other: explntion,online ads,,N,N,online ads,digital
2025,1,2618,P,Sliwa,Curtis,A,I,15,F,,,R0134589,10/29/2025,2025-10-29,Facebook (Meta),CORP,Y,,,,Menlo Park,CA,94025,Unknown,900.0,OTHER,Other: explntion,online ads,,N,N,online ads,digital
2025,1,2618,P,Sliwa,Curtis,A,I,15,F,,,R0134591,10/29/2025,2025-10-29,Facebook (Meta),CORP,Y,,,,Menlo Park,CA,94025,Unknown,900.0,OTHER,Other: explntion,online ads,,N,N,online ads,digital
2025,1,2618,P,Sliwa,Curtis,A,I,15,F,,,R0134594,10/29/2025,2025-10-29,Facebook (Meta),CORP,Y,,,,Menlo Park,CA,94025,Unknown,900.0,OTHER,Other: explntion,online ads,,N,N,online ads,digital
2025,1,2618,P,Sliwa,Curtis,A,I,15,F,,,R0134596,10/29/2025,2025-10-29,Facebook (Meta),CORP,Y,,,,Menlo Park,CA,94025,Unknown,900.0,OTHER,Other: explntion,online ads,,N,N,online ads,digital
2025,1,2618,P,Sliwa,Curtis,A,I,15,F,,,R0134906,10/28/2025,2025-10-28,Facebook (Meta),CORP,Y,,,,Menlo Park,CA,94025,Unknown,900.0,OTHER,Other: explntion,online ads,,N,N,online ads,digital
2025,1,2618,P,Sliwa,Curtis,A,I,15,F,,,R0134912,10/28/2025,2025-10-28,Facebook (Meta),CORP,Y,,,,Menlo Park,CA,94025,Unknown,900.0,OTHER,Other: explntion,online ads,,N,N,online ads,digital
2025,1,2618,P,Sliwa,Curtis,A,I,15,F,,,R0134917,10/28/2025,2025-10-28,Facebook (Meta),CORP,Y,,,,Menlo Park,CA,94025,Unknown,900.0,OTHER,Other: explntion,online ads,,N,N,online ads,digital
2025,1,2618,P,Sliwa,Curtis,A,I,15,F,,,R0134920,10/28/2025,2025-10-28,Facebook (Meta),CORP,Y,,,,Menlo Park,CA,94025,Unknown,900.0,OTHER,Other: explntion,online ads,,N,N,online ads,digital
2025,1,2618,P,Sliwa,Curtis,A,I,15,F,,,R0134925,10/28/2025,2025-10-28,Facebook (Meta),CORP,Y,,,,Menlo Park,CA,94025,Unknown,900.0,OTHER,Other: explntion,online ads,,N,N,online ads,digital
2025,1,2618,P,Sliwa,Curtis,A,I,15,F,,,R0134927,10/28/2025,2025-10-28,Facebook (Meta),CORP,Y,,,,Menlo Park,CA,94025,Unknown,900.0,OTHER,Other: explntion,online ads,,N,N,online ads,digital
2025,1,2618,P,Sliwa,Curtis,A,I,15,F,,,R0135598,10/30/2025,2025-10-30,Facebook (Meta),CORP,Y,,,,Menlo Park,CA,94025,Unknown,900.0,OTHER,Other: explntion,Online Ads,,N,N,online ads,digital
2025,1,2618,P,Sliwa,Curtis,A,I,15,F,,,R0135600,10/30/2025,2025-10-30,Facebook (Meta),CORP,Y,,,,Menlo Park,CA,94025,Unknown,900.0,OTHER,Other: explntion,Online Ads,,N,N,online ads,digital
2025,1,2618,P,Sliwa,Curtis,A,I,15,F,,,R0135602,10/30/2025,2025-10-30,Facebook (Meta),CORP,Y,,,,Menlo Park,CA,94025,Unknown,900.0,OTHER,Other: explntion,Online Ads,,N,N,online ads,digital
2025,1,2618,P,Sliwa,Curtis,A,I,15,F,,,R0135604,10/30/2025,2025-10-30,Facebook (Meta),CORP,Y,,,,Menlo Park,CA,94025,Unknown,900.0,OTHER,Other: explntion,Online Ads,,N,N,online ads,digital
2025,1,2618,P,Sliwa,Curtis,A,I,15,F,,,R0135606,10/30/2025,2025-10-30,Facebook (Meta),CORP,Y,,,,Menlo Park,CA,94025,Unknown,900.0,OTHER,Other: explntion,Online Ads,,N,N,online ads,digital
2025,1,2618,P,Sliwa,Curtis,A,I,15,F,,,R0135608,10/30/2025,2025-10-30,Facebook (Meta),CORP,Y,,,,Menlo Park,CA,94025,Unknown,900.0,OTHER,Other: explntion,Online Ads,,N,N,online ads,digital
2025,1,2618,P,Sliwa,Curtis,A,I,15,F,,,R0135610,10/31/2025,2025-10-31,Facebook (Meta),CORP,Y,,,,Menlo Park,CA,94025,Unknown,900.0,OTHER,Other: explntion,Online Ads,,N,N,online ads,digital
2025,1,2618,P,Sliwa,Curtis,A,I,15,F,,,R0135612,10/31/2025,2025-10-31,Facebook (Meta),CORP,Y,,,,Menlo Park,CA,94025,Unknown,900.0,OTHER,Other: explntion,Online Ads,,N,N,online ads,digital
2025,1,2618,P,Sliwa,Curtis,A,I,15,F,,,R0135614,11/1/2025,2025-11-01,Facebook (Meta),CORP,Y,,,,Menlo Park,CA,94025,Unknown,900.0,OTHER,Other: explntion,Online Ads,,N,N,online ads,digital
2025,1,2618,P,Sliwa,Curtis,A,I,15,F,,,R0135616,11/1/2025,2025-11-01,Facebook (Meta),CORP,Y,,,,Menlo Park,CA,94025,Unknown,900.0,OTHER,Other: explntion,Online Ads,,N,N,online ads,digital
2025,1,2618,P,Sliwa,Curtis,A,I,15,F,,,R0135618,11/1/2025,2025-11-01,Facebook (Meta),CORP,Y,,,,Menlo Park,CA,94025,Unknown,900.0,OTHER,Other: explntion,Online Ads,,N,N,online ads,digital
2025,1,2618,P,Sliwa,Curtis,A,I,15,F,,,R0135622,11/1/2025,2025-11-01,Facebook (Meta),CORP,Y,,,,Menlo Park,CA,94025,Unknown,900.0,OTHER,Other: explntion,Online Ads,,N,N,online ads,digital
2025,1,2618,P,Sliwa,Curtis,A,I,15,F,,,R0135623,11/1/2025,2025-11-01,Facebook (Meta),CORP,Y,,,,Menlo Park,CA,94025,Unknown,900.0,OTHER,Other: explntion,Online Ads,,N,N,online ads,digital
2025,1,2618,P,Sliwa,Curtis,A,I,15,F,,,R0135624,11/1/2025,2025-11-01,Facebook (Meta),CORP,Y,,,,Menlo Park,CA,94025,Unknown,900.0,OTHER,Other: explntion,Online Ads,,N,N,online ads,digital
2025,1,2618,P,Sliwa,Curtis,A,I,15,F,,,R0135627,10/31/2025,2025-10-31,Facebook (Meta),CORP,Y,,,,Menlo Park,CA,94025,Unknown,4739.35,OTHER,Other: explntion,Online Ads,,N,N,online ads,digital
2025,1,2618,P,Sliwa,Curtis,A,I,15,F,,,R0135629,10/30/2025,2025-10-30,Facebook (Meta),CORP,Y,,,,Menlo Park,CA,94025,Unknown,113.36,OTHER,Other: explntion,Online Ads,,N,N,online ads,digital
2025,1,2618,P,Sliwa,Curtis,A,I,15,F,,,R0135631,10/30/2025,2025-10-30,Facebook (Meta),CORP,Y,,,,Menlo Park,CA,94025,Unknown,56.68,OTHER,Other: explntion,Online Ads,,N,N,online ads,digital
2025,1,2618,P,Sliwa,Curtis,A,I,15,F,,,R0137023,11/3/2025,2025-11-03,Facebook (Meta),CORP,Y,,,,Menlo Park,CA,94025,Unknown,900.0,OTHER,Other: explntion,Online Ads,,N,N,online ads,digital
2025,1,2618,P,Sliwa,Curtis,A,I,9,F,,,R0072429,4/17/2025,2025-04-17,Facebook (Meta),CORP,Y,,,,Menlo Park,CA,94025,Unknown,2.0,OTHER,Other: explntion,Social Media Ads,,N,N,social media ads,digital
2025,1,2618,P,Sliwa,Curtis,A,I,9,F,,,R0072432,4/17/2025,2025-04-17,Facebook (Meta),CORP,Y,,,,Menlo Park,CA,94025,Unknown,2.0,OTHER,Other: explntion,Social Media Ads,,N,N,social media ads,digital
2025,1,2618,P,Sliwa,Curtis,A,I,9,F,,,R0072437,4/17/2025,2025-04-17,Facebook (Meta),CORP,Y,,,,Menlo Park,CA,94025,Unknown,2.0,OTHER,Other: explntion,Social Media Ads,,N,N,social media ads,digital
2025,1,2618,P,Sliwa,Curtis,A,I,9,F,,,R0072440,4/17/2025,2025-04-17,Facebook (Meta),CORP,Y,,,,Menlo Park,CA,94025,Unknown,3.0,OTHER,Other: explntion,Social Media Ads,,N,N,social media ads,digital
2025,1,2618,P,Sliwa,Curtis,A,I,9,F,,,R0075609,5/1/2025,2025-05-01,Facebook (Meta),CORP,Y,,,,Menlo Park,CA,94025,Unknown,143.0,OTHER,Other: explntion,Social Media Ads,,N,N,social media ads,digital
2025,1,2618,P,Sliwa,Curtis,A,I,9,F,,,R0075610,5/2/2025,2025-05-02,Facebook (Meta),CORP,Y,,,,Menlo Park,CA,94025,Unknown,158.0,OTHER,Other: explntion,Social Media Ads,,N,N,social media ads,digital
2025,1,2618,P,Sliwa,Curtis,A,I,9,F,,,R0075612,5/4/2025,2025-05-04,Facebook (Meta),CORP,Y,,,,Menlo Park,CA,94025,Unknown,174.0,OTHER,Other: explntion,Social Media Ads,,N,N,social media ads,digital
2025,1,2618,P,Sliwa,Curtis,A,I,9,F,,,R0075614,5/7/2025,2025-05-07,Facebook (Meta),CORP,Y,,,,Menlo Park,CA,94025,Unknown,212.0,OTHER,Other: explntion,Social Media Ads,,N,N,social media ads,digital
2025,1,2618,P,Sliwa,Curtis,A,I,9,F,,,R0075616,5/9/2025,2025-05-09,Facebook (Meta),CORP,Y,,,,Menlo Park,CA,94025,Unknown,234.0,OTHER,Other: explntion,Social Media Ads,,N,N,social media ads,digital
2025,1,2618,P,Sliwa,Curtis,A,I,9,F,,,R0075624,5/5/2025,2025-05-05,Facebook (Meta),CORP,Y,,,,Menlo Park,CA,94025,Unknown,192.0,OTHER,Other: explntion,Social Media Ads,,N,N,social media ads,digital
2025,5,2620,P,Mohan,Radhakrishna,,I,14,F,,,R0003363,10/20/2025,2025-10-20,Foundation Blue,OTHR,Y,,,,Weymouth,MA,2190,Unknown,17569.0,OTHER,Other: explntion,Digital ads,,N,N,digital ads,digital
2025,1,2618,P,Sliwa,Curtis,A,I,15,F,,,R0137107,10/21/2025,2025-10-21,Ganjing World,CORP,Y,,,,Middletown,NY,10940,Unknown,20000.0,OTHER,Other: explntion,Online Ads,,N,N,online ads,digital
2025,4,1902,P,Salamanca,Rafael,,N,11,F,,,R0015927,6/30/2025,2025-06-30,Google,OTHR,Y,,,,Mountain View,CA,94043,Unknown,3110.0,OTHER,Other: explntion,Google Ads,,N,N,google ads,digital
2025,4,1902,P,Salamanca,Rafael,,N,16,F,,,R0016499,6/30/2025,2025-07-01,Google,OTHR,Y,,,,Mountain View,CA,94043,Unknown,23.59,OTHER,Other: explntion,Google Ads,,N,N,google ads,digital
2025,5,1987,P,Marte,Christopher,,L,11,F,,,R0021165,6/12/2025,2025-06-12,Google,CORP,Y,,,,Mountain View,CA,94043,Unknown,500.0,OTHER,Other: explntion,Digital ads,,N,N,digital ads,digital
2025,5,1987,P,Marte,Christopher,,L,11,F,,,R0021178,6/16/2025,2025-06-16,Google,CORP,Y,,,,Mountain View,CA,94043,Unknown,500.0,OTHER,Other: explntion,Digital ads,,N,N,digital ads,digital
2025,5,1987,P,Marte,Christopher,,L,11,F,,,R0021182,6/16/2025,2025-06-16,Google,CORP,Y,,,,Mountain View,CA,94043,Unknown,50.0,OTHER,Other: explntion,Digital ads,,N,N,digital ads,digital
2025,5,1987,P,Marte,Christopher,,L,11,F,,,R0021184,6/16/2025,2025-06-16,Google,CORP,Y,,,,Mountain View,CA,94043,Unknown,10.0,OTHER,Other: explntion,Digital ads,,N,N,digital ads,digital
2025,5,1987,P,Marte,Christopher,,L,11,F,,,R0021186,6/17/2025,2025-06-17,Google,CORP,Y,,,,Mountain View,CA,94043,Unknown,200.0,OTHER,Other: explntion,Digital ads,,N,N,digital ads,digital
2025,5,1987,P,Marte,Christopher,,L,11,F,,,R0021190,6/18/2025,2025-06-18,Google,CORP,Y,,,,Mountain View,CA,94043,Unknown,350.0,OTHER,Other: explntion,Digital ads,,N,N,digital ads,digital
2025,5,1987,P,Marte,Christopher,,L,11,F,,,R0021207,6/23/2025,2025-06-23,Google,CORP,Y,,,,Mountain View,CA,94043,Unknown,500.0,OTHER,Other: explntion,Digital ads,,N,N,digital ads,digital
2025,5,1987,P,Marte,Christopher,,L,11,F,,,R0021239,7/2/2025,2025-07-02,Google,CORP,Y,,,,Mountain View,CA,94043,Unknown,402.11,OTHER,Other: explntion,Digital ads,,N,N,digital ads,digital
2025,5,1987,P,Marte,Christopher,,L,11,F,,,R0021243,7/2/2025,2025-07-02,Google,CORP,Y,,,,Mountain View,CA,94043,Unknown,128.69,OTHER,Other: explntion,Digital ads,,N,N,digital ads,digital
2025,5,2835,P,Batchu,Sarah,L,H,7,F,,,R0004158,12/2/2024,2024-12-02,Google,CORP,Y,,,,Mountain View,CA,94043,Unknown,0.23,OTHER,Other: explntion,Google Ads,,N,N,google ads,digital
2025,5,2835,P,Batchu,Sarah,L,H,8,F,,,R0004747,11/6/2024,2024-11-06,Google,CORP,Y,,,,Mountain View,CA,94043,Unknown,10.0,OTHER,Other: explntion,Google Ads,,N,N,google ads,digital
2025,5,2835,P,Batchu,Sarah,L,H,8,F,,,R0004749,11/12/2024,2024-11-12,Google,CORP,Y,,,,Mountain View,CA,94043,Unknown,50.0,OTHER,Other: explntion,Google Ads,,N,N,google ads,digital
2025,1,2897,P,Manning,James,L,H,11,F,,,R0001288,6/1/2025,2025-06-01,Google,CORP,Y,,,,Mountain View,CA,94043,Unknown,10.62,OTHER,Other: explntion,Online ads,,N,N,online ads,digital
2025,1,2897,P,Manning,James,L,H,11,F,,,R0001307,7/1/2025,2025-07-01,Google,CORP,Y,,,,Mountain View,CA,94043,Unknown,18.29,OTHER,Other: explntion,Online ads,,N,N,online ads,digital
2025,1,2897,P,Manning,James,L,H,12,F,,,R0001649,8/1/2025,2025-08-01,Google,CORP,Y,,,,Mountain View,CA,94043,Unknown,18.29,OTHER,Other: explntion,Online Ads,,N,N,online ads,digital
2025,1,2897,P,Manning,James,L,H,8,F,,,R0000556,2/16/2025,2025-02-16,Google,CORP,Y,,,,Mountain View,CA,94043,Unknown,10.0,OTHER,Other: explntion,Online Ads,,N,N,online ads,digital
2025,1,2897,P,Manning,James,L,H,8,F,,,R0000557,2/16/2025,2025-02-16,Google,CORP,Y,,,,Mountain View,CA,94043,Unknown,50.0,OTHER,Other: explntion,Online Ads,,N,N,online ads,digital
2025,1,2897,P,Manning,James,L,H,8,F,,,R0000558,3/1/2025,2025-03-01,Google,CORP,Y,,,,Mountain View,CA,94043,Unknown,160.69,OTHER,Other: explntion,Online Ads,,N,N,online ads,digital
2025,1,2897,P,Manning,James,L,H,8,F,,,R0000559,3/5/2025,2025-03-05,Google,CORP,Y,,,,Mountain View,CA,94043,Unknown,200.0,OTHER,Other: explntion,Online Ads,,N,N,online ads,digital
2025,1,2897,P,Manning,James,L,H,8,F,,,R0000560,3/10/2025,2025-03-10,Google,CORP,Y,,,,Mountain View,CA,94043,Unknown,350.0,OTHER,Other: explntion,Online Ads,,N,N,online ads,digital
2025,1,2897,P,Manning,James,L,H,9,F,,,R0000792,4/1/2025,2025-04-01,Google,CORP,Y,,,,Mountain View,CA,94043,Unknown,211.91,OTHER,Other: explntion,Online ads,,N,N,online ads,digital
2025,1,2618,P,Sliwa,Curtis,A,I,13,F,,,R0119769,9/23/2025,2025-09-23,Google Ads,OTHR,Y,,,,Mountain View,CA,94043,Unknown,50.0,OTHER,Other: explntion,Online Ads,,N,N,online ads,digital
2025,1,2618,P,Sliwa,Curtis,A,I,13,F,,,R0119772,9/23/2025,2025-09-23,Google Ads,OTHR,Y,,,,Mountain View,CA,94043,Unknown,10.0,OTHER,Other: explntion,Online Ads,,N,N,online ads,digital
2025,1,2618,P,Sliwa,Curtis,A,I,14,F,,,R0131733,10/1/2025,2025-10-01,Google Ads,OTHR,Y,,,,Mountain View,CA,94043,Unknown,58.78,OTHER,Other: explntion,Online Ads,,N,N,online ads,digital
2025,5,1256,P,Cabrera,Fernando,L,N,9,F,,,R0001781,5/1/2025,2025-05-01,Google LLC,LLC,Y,,,,Mountain View,CA,94043,Unknown,28.75,OTHER,Other: explntion,Social Media,,N,N,social media,digital
2025,5,2666,P,Hodge Vasquez,Bryan,,I,11,F,,,R0004045,6/29/2025,2025-06-29,Google LLC,CORP,Y,,,,Mountain View,CA,94043,Unknown,350.0,OTHER,Other: explntion,Digital Ads,,N,N,digital ads,digital
2025,5,2666,P,Hodge Vasquez,Bryan,,I,11,F,,,R0004176,7/2/2025,2025-07-02,Google LLC,CORP,Y,,,,Mountain View,CA,94043,Unknown,11.09,OTHER,Other: explntion,Digital Ads,,N,N,digital ads,digital
2025,5,2666,P,Hodge Vasquez,Bryan,,I,8,F,,,R0002676,1/16/2025,2025-01-17,Google LLC,CORP,Y,,,,Mountain View,CA,94043,Unknown,10.0,OTHER,Other: explntion,Google ads,,N,N,google ads,digital
2025,5,2666,P,Hodge Vasquez,Bryan,,I,8,F,,,R0002679,1/26/2025,2025-01-27,Google LLC,CORP,Y,,,,Mountain View,CA,94043,Unknown,50.0,OTHER,Other: explntion,Google ads,,N,N,google ads,digital
2025,5,2666,P,Hodge Vasquez,Bryan,,I,8,F,,,R0002682,2/28/2025,2025-03-03,Google LLC,CORP,Y,,,,Mountain View,CA,94043,Unknown,151.52,OTHER,Other: explntion,Google ads,,N,N,google ads,digital
2025,5,2666,P,Hodge Vasquez,Bryan,,I,8,F,,,R0002716,2/6/2025,2025-02-06,Google LLC,CORP,Y,,,,Mountain View,CA,94043,Unknown,29.72,OTHER,Other: explntion,Google ads,,N,N,google ads,digital
2025,5,2836,P,Okporo,Edafe,,H,11,F,,,R0005773,6/16/2025,2025-06-16,Google LLC,PCOMC,Y,,,,Mountain View,CA,94043,Unknown,50.0,OTHER,Other: explntion,Google Ads,,N,N,google ads,digital
2025,5,2836,P,Okporo,Edafe,,H,11,F,,,R0006022,6/25/2025,2025-06-25,Google LLC,PCOMC,Y,,,,Mountain View,CA,94043,Unknown,200.0,OTHER,Other: explntion,Google Ads,,N,N,google ads,digital
2025,5,2836,P,Okporo,Edafe,,H,11,F,,,R0006102,6/30/2025,2025-06-30,Google LLC,PCOMC,Y,,,,Mountain View,CA,94043,Unknown,25.89,OTHER,Other: explntion,Google Ads,,N,N,google ads,digital
2025,5,2859,NP,Storch,Rachel,,H,9,F,,,R0006135,4/21/2025,2025-04-21,GPS Impact,CORP,Y,,,,Des Moines,IA,50309,Unknown,4500.0,OTHER,Other: explntion,digital advertising,,N,N,digital advertising,digital
2025,5,2859,NP,Storch,Rachel,,H,9,F,,,R0006188,4/24/2025,2025-04-24,GPS Impact,CORP,Y,,,,Des Moines,IA,50309,Unknown,5117.0,OTHER,Other: explntion,digital advertising,,N,N,digital advertising,digital
2025,5,2859,NP,Storch,Rachel,,H,9,F,,,R0006324,5/1/2025,2025-05-01,GPS Impact,CORP,Y,,,,Des Moines,IA,50309,Unknown,5117.0,OTHER,Other: explntion,online ad,,N,N,online ad,digital
2025,5,2859,NP,Storch,Rachel,,H,9,F,,,R0006446,5/8/2025,2025-05-08,GPS Impact,CORP,Y,,,,Des Moines,IA,50309,Unknown,17271.0,OTHER,Other: explntion,online ad,,N,N,online ad,digital
2025,5,2489,P,Gates,Sabrina,,I,11,F,,,R0001869,7/10/2025,2025-07-10,Hootsuite,CORP,Y,,,,Houston,TX,77043,Unknown,162.23,OTHER,Other: explntion,Social Media,,N,N,social media,digital
2025,1,2993,P,Cuomo,Andrew,M,H,12,F,,,R0033519,7/29/2025,2025-07-29,HootSuite,CORP,Y,,,,New York,NY,10017,Unknown,161.85,OTHER,Other: explntion,Social Media,,N,N,social media,digital
2025,1,2993,P,Cuomo,Andrew,M,H,13,F,,,R0037317,8/29/2025,2025-08-29,HootSuite,CORP,Y,,,,New York,NY,10017,Unknown,161.85,OTHER,Other: explntion,Social Media,,N,N,social media,digital
2025,1,2993,P,Cuomo,Andrew,M,H,13,F,,,R0045372,9/29/2025,2025-09-29,HootSuite,CORP,Y,,,,New York,NY,10017,Unknown,161.85,OTHER,Other: explntion,Social Media,,N,N,social media,digital
2025,1,2993,P,Cuomo,Andrew,M,H,15,F,,,R0058018,10/29/2025,2025-10-29,HootSuite,CORP,Y,,,,New York,NY,10017,Unknown,161.85,OTHER,Other: explntion,Social Media,,N,N,social media,digital
2025,5,2382,P,Carr,David,M,K,13,F,,,R0006734,9/29/2025,2025-09-29,"HubSpot, Inc.",CORP,Y,,,,East Cambridge,MA,2141,Unknown,1132.31,OTHER,Other: explntion,CRM-Digital Ads,,N,N,crm-digital ads,digital
2025,5,2382,P,Carr,David,M,K,15,F,,,R0007214,10/29/2025,2025-10-29,"HubSpot, Inc.",CORP,Y,,,,East Cambridge,MA,2141,Unknown,1404.5,OTHER,Other: explntion,CRM-Digital Ads,,N,N,crm-digital ads,digital
2025,1,2993,P,Cuomo,Andrew,M,H,15,F,,,R0058553,10/24/2025,2025-10-31,Jewish Advertising Group,CORP,Y,,,,Baltimore,MD,21209,Unknown,2500.0,OTHER,Other: explntion,Social Media,,N,N,social media,digital
2025,1,1164,P,Lander,Brad,,N,11,F,,,R0110790,6/24/2025,2025-06-24,Jewish Content Network,CORP,Y,,,,Pikesville,MD,21208,Unknown,1000.0,OTHER,Other: explntion,Digital ads,,N,N,digital ads,digital
2025,1,2897,P,Manning,James,L,H,13,F,,,R0002420,9/3/2025,2025-09-03,Juicer.io,CORP,Y,,,,Las Vegas,NV,89107,Unknown,15.0,OTHER,Other: explntion,Online ads,,N,N,online ads,digital
2025,1,2897,P,Manning,James,L,H,15,F,,,R0002691,10/2/2025,2025-10-02,Juicer.io,CORP,Y,,,,Las Vegas,NV,89107,Unknown,15.0,OTHER,Other: explntion,Online Ads,,N,N,online ads,digital
2025,5,2874,P,Coleman,Jess,K,H,11,F,,,R0003102,6/16/2025,2025-06-16,"Ketchmark, Jenna",IND,N,,,,Brooklyn,NY,11206,Unknown,500.0,OTHER,Other: explntion,Digital Ads,,N,N,digital ads,digital
2025,1,2618,P,Sliwa,Curtis,A,I,14,F,,,R0131889,10/14/2025,2025-10-14,Kikoz & Company,LLC,Y,,,,Albany,NY,12207,Unknown,10000.0,OTHER,Other: explntion,Meta Ads,,N,N,meta ads,digital
2025,5,2758,P,Zhuang,Susan,,J,14,F,,,R0006604,10/14/2025,2025-10-14,Kings County Conservative Part,PCOMZ,Y,,,,,,,Unknown,325.0,OTHER,Other: explntion,Digital Advertisemen,,N,N,digital advertisemen,digital
2025,1,2993,P,Cuomo,Andrew,M,H,15,F,,,R0058549,10/29/2025,2025-10-31,Klal Media Inc,CORP,Y,,,,Brooklyn,NY,11219,Unknown,2500.0,OTHER,Other: explntion,Digital Ads,,N,N,digital ads,digital
2025,1,2993,P,Cuomo,Andrew,M,H,15,F,,,R0058550,10/29/2025,2025-10-31,Kol Haolam,CORP,Y,,,,Lakewood,NJ,8701,Unknown,2500.0,OTHER,Other: explntion,Digital Ads,,N,N,digital ads,digital
2025,5,2917,P,Thompson,Collin,L,H,10,F,,,R0001177,5/27/2025,2025-05-28,Linkedin,CORP,Y,,,,,,,Unknown,56.0,OTHER,Other: explntion,digital ads,,N,N,digital ads,digital
2025,1,2993,P,Cuomo,Andrew,M,H,15,F,,,R0058555,10/23/2025,2025-10-31,Maximum Advertising,CORP,Y,,,,Baltimore,MD,21209,Unknown,2500.0,OTHER,Other: explntion,Digital Ads,,N,N,digital ads,digital
2025,5,2256,P,Hanif,Shahana,,K,10,F,,,R0016046,6/3/2025,2025-06-03,Meta,CORP,Y,,,,Menlo Park,CA,94025,Unknown,1000.0,OTHER,Other: explntion,Digital ads,,N,N,digital ads,digital
2025,5,2256,P,Hanif,Shahana,,K,10,F,,,R0016048,6/3/2025,2025-06-03,Meta,CORP,Y,,,,Menlo Park,CA,94025,Unknown,9.7,OTHER,Other: explntion,Digital ads,,N,N,digital ads,digital
2025,5,2256,P,Hanif,Shahana,,K,10,F,,,R0016055,6/2/2025,2025-06-02,Meta,CORP,Y,,,,Menlo Park,CA,94025,Unknown,11.95,OTHER,Other: explntion,Digital ads,,N,N,digital ads,digital
2025,5,2256,P,Hanif,Shahana,,K,10,F,,,R0016057,6/2/2025,2025-06-02,Meta,CORP,Y,,,,Menlo Park,CA,94025,Unknown,7.0,OTHER,Other: explntion,Digital ads,,N,N,digital ads,digital
2025,5,2256,P,Hanif,Shahana,,K,10,F,,,R0016059,6/2/2025,2025-06-02,Meta,CORP,Y,,,,Menlo Park,CA,94025,Unknown,10.6,OTHER,Other: explntion,Digital ads,,N,N,digital ads,digital
2025,5,2256,P,Hanif,Shahana,,K,10,F,,,R0016061,5/30/2025,2025-05-30,Meta,CORP,Y,,,,Menlo Park,CA,94025,Unknown,6.0,OTHER,Other: explntion,Digital ads,,N,N,digital ads,digital
2025,5,2256,P,Hanif,Shahana,,K,10,F,,,R0016063,5/30/2025,2025-05-30,Meta,CORP,Y,,,,Menlo Park,CA,94025,Unknown,9.87,OTHER,Other: explntion,Digital ads,,N,N,digital ads,digital
2025,5,2256,P,Hanif,Shahana,,K,10,F,,,R0016086,5/29/2025,2025-05-29,Meta,CORP,Y,,,,Menlo Park,CA,94025,Unknown,8.5,OTHER,Other: explntion,Digital ads,,N,N,digital ads,digital
2025,5,2256,P,Hanif,Shahana,,K,10,F,,,R0016088,5/28/2025,2025-05-28,Meta,CORP,Y,,,,Menlo Park,CA,94025,Unknown,5.0,OTHER,Other: explntion,Digital ads,,N,N,digital ads,digital
2025,5,2256,P,Hanif,Shahana,,K,10,F,,,R0016090,5/28/2025,2025-05-28,Meta,CORP,Y,,,,Menlo Park,CA,94025,Unknown,7.0,OTHER,Other: explntion,Digital ads,,N,N,digital ads,digital
2025,5,2256,P,Hanif,Shahana,,K,10,F,,,R0016092,5/27/2025,2025-05-27,Meta,CORP,Y,,,,Menlo Park,CA,94025,Unknown,2.0,OTHER,Other: explntion,Digital ads,,N,N,digital ads,digital
2025,5,2256,P,Hanif,Shahana,,K,10,F,,,R0016094,5/27/2025,2025-05-27,Meta,CORP,Y,,,,Menlo Park,CA,94025,Unknown,4.0,OTHER,Other: explntion,Digital ads,,N,N,digital ads,digital
2025,5,2256,P,Hanif,Shahana,,K,10,F,,,R0016096,5/27/2025,2025-05-27,Meta,CORP,Y,,,,Menlo Park,CA,94025,Unknown,3.0,OTHER,Other: explntion,Digital ads,,N,N,digital ads,digital
2025,5,2256,P,Hanif,Shahana,,K,10,F,,,R0016098,5/27/2025,2025-05-27,Meta,CORP,Y,,,,Menlo Park,CA,94025,Unknown,2.0,OTHER,Other: explntion,Digital ads,,N,N,digital ads,digital
2025,5,2256,P,Hanif,Shahana,,K,10,F,,,R0016100,5/27/2025,2025-05-27,Meta,CORP,Y,,,,Menlo Park,CA,94025,Unknown,2.0,OTHER,Other: explntion,Digital ads,,N,N,digital ads,digital
2025,5,2256,P,Hanif,Shahana,,K,10,F,,,R0016250,6/6/2025,2025-06-06,Meta,CORP,Y,,,,Menlo Park,CA,94025,Unknown,21.71,OTHER,Other: explntion,Digital ads,,N,N,digital ads,digital
2025,5,2256,P,Hanif,Shahana,,K,10,F,,,R0016255,6/9/2025,2025-06-09,Meta,CORP,Y,,,,Menlo Park,CA,94025,Unknown,97.0,OTHER,Other: explntion,Digital ads,,N,N,digital ads,digital
2025,5,2256,P,Hanif,Shahana,,K,10,F,,,R0016257,6/9/2025,2025-06-09,Meta,CORP,Y,,,,Menlo Park,CA,94025,Unknown,107.0,OTHER,Other: explntion,Digital ads,,N,N,digital ads,digital
2025,5,2256,P,Hanif,Shahana,,K,10,F,,,R0016259,6/9/2025,2025-06-09,Meta,CORP,Y,,,,Menlo Park,CA,94025,Unknown,118.0,OTHER,Other: explntion,Digital ads,,N,N,digital ads,digital
2025,5,2256,P,Hanif,Shahana,,K,10,F,,,R0016261,6/9/2025,2025-06-09,Meta,CORP,Y,,,,Menlo Park,CA,94025,Unknown,143.0,OTHER,Other: explntion,Digital ads,,N,N,digital ads,digital
2025,5,2256,P,Hanif,Shahana,,K,10,F,,,R0016263,6/9/2025,2025-06-09,Meta,CORP,Y,,,,Menlo Park,CA,94025,Unknown,130.0,OTHER,Other: explntion,Digital ads,,N,N,digital ads,digital
2025,5,2256,P,Hanif,Shahana,,K,10,F,,,R0016265,6/9/2025,2025-06-09,Meta,CORP,Y,,,,Menlo Park,CA,94025,Unknown,17.4,OTHER,Other: explntion,Digital ads,,N,N,digital ads,digital
2025,5,2256,P,Hanif,Shahana,,K,10,F,,,R0016267,6/9/2025,2025-06-09,Meta,CORP,Y,,,,Menlo Park,CA,94025,Unknown,158.0,OTHER,Other: explntion,Digital ads,,N,N,digital ads,digital
2025,5,2256,P,Hanif,Shahana,,K,10,F,,,R0016269,6/9/2025,2025-06-09,Meta,CORP,Y,,,,Menlo Park,CA,94025,Unknown,174.0,OTHER,Other: explntion,Digital ads,,N,N,digital ads,digital
2025,5,2256,P,Hanif,Shahana,,K,10,F,,,R0016271,6/9/2025,2025-06-09,Meta,CORP,Y,,,,Menlo Park,CA,94025,Unknown,192.0,OTHER,Other: explntion,Digital ads,,N,N,digital ads,digital
2025,5,2256,P,Hanif,Shahana,,K,10,F,,,R0016273,6/9/2025,2025-06-09,Meta,CORP,Y,,,,Menlo Park,CA,94025,Unknown,212.0,OTHER,Other: explntion,Digital ads,,N,N,digital ads,digital
2025,5,2256,P,Hanif,Shahana,,K,10,F,,,R0016275,6/9/2025,2025-06-09,Meta,CORP,Y,,,,Menlo Park,CA,94025,Unknown,234.0,OTHER,Other: explntion,Digital ads,,N,N,digital ads,digital
2025,5,2256,P,Hanif,Shahana,,K,10,F,,,R0016277,6/9/2025,2025-06-09,Meta,CORP,Y,,,,Menlo Park,CA,94025,Unknown,258.0,OTHER,Other: explntion,Digital ads,,N,N,digital ads,digital
2025,5,2256,P,Hanif,Shahana,,K,10,F,,,R0016306,6/9/2025,2025-06-09,Meta,CORP,Y,,,,Menlo Park,CA,94025,Unknown,284.0,OTHER,Other: explntion,Digital ads,,N,N,digital ads,digital
2025,5,2256,P,Hanif,Shahana,,K,11,F,,,R0016317,6/10/2025,2025-06-10,Meta,CORP,Y,,,,Menlo Park,CA,94025,Unknown,380.0,OTHER,Other: explntion,Digital ads,,N,N,digital ads,digital
2025,5,2256,P,Hanif,Shahana,,K,11,F,,,R0016319,6/10/2025,2025-06-10,Meta,CORP,Y,,,,Menlo Park,CA,94025,Unknown,345.0,OTHER,Other: explntion,Digital ads,,N,N,digital ads,digital
2025,5,2256,P,Hanif,Shahana,,K,11,F,,,R0016321,6/10/2025,2025-06-10,Meta,CORP,Y,,,,Menlo Park,CA,94025,Unknown,313.0,OTHER,Other: explntion,Digital ads,,N,N,digital ads,digital
2025,5,2256,P,Hanif,Shahana,,K,11,F,,,R0016457,6/11/2025,2025-06-11,Meta,CORP,Y,,,,Menlo Park,CA,94025,Unknown,418.0,OTHER,Other: explntion,Digital ads,,N,N,digital ads,digital
2025,5,2256,P,Hanif,Shahana,,K,11,F,,,R0016465,6/12/2025,2025-06-12,Meta,CORP,Y,,,,Menlo Park,CA,94025,Unknown,460.0,OTHER,Other: explntion,Digital ads,,N,N,digital ads,digital
2025,5,2256,P,Hanif,Shahana,,K,11,F,,,R0016467,6/13/2025,2025-06-13,Meta,CORP,Y,,,,Menlo Park,CA,94025,Unknown,506.0,OTHER,Other: explntion,Digital ads,,N,N,digital ads,digital
2025,5,2256,P,Hanif,Shahana,,K,11,F,,,R0016471,6/13/2025,2025-06-13,Meta,CORP,Y,,,,Menlo Park,CA,94025,Unknown,557.0,OTHER,Other: explntion,Digital ads,,N,N,digital ads,digital
2025,5,2256,P,Hanif,Shahana,,K,11,F,,,R0016473,6/16/2025,2025-06-16,Meta,CORP,Y,,,,Menlo Park,CA,94025,Unknown,613.0,OTHER,Other: explntion,Digital ads,,N,N,digital ads,digital
2025,5,2256,P,Hanif,Shahana,,K,11,F,,,R0016475,6/16/2025,2025-06-16,Meta,CORP,Y,,,,Menlo Park,CA,94025,Unknown,675.0,OTHER,Other: explntion,Digital ads,,N,N,digital ads,digital
2025,5,2256,P,Hanif,Shahana,,K,11,F,,,R0016477,6/16/2025,2025-06-16,Meta,CORP,Y,,,,Menlo Park,CA,94025,Unknown,743.0,OTHER,Other: explntion,Digital ads,,N,N,digital ads,digital
2025,5,2256,P,Hanif,Shahana,,K,11,F,,,R0016483,6/17/2025,2025-06-17,Meta,CORP,Y,,,,Menlo Park,CA,94025,Unknown,818.0,OTHER,Other: explntion,Digital ads,,N,N,digital ads,digital
2025,5,2256,P,Hanif,Shahana,,K,11,F,,,R0016487,6/18/2025,2025-06-18,Meta,CORP,Y,,,,Menlo Park,CA,94025,Unknown,900.0,OTHER,Other: explntion,Digital ads,,N,N,digital ads,digital
2025,5,2256,P,Hanif,Shahana,,K,11,F,,,R0016494,6/20/2025,2025-06-20,Meta,CORP,Y,,,,Menlo Park,CA,94025,Unknown,900.0,OTHER,Other: explntion,Digital ads,,N,N,digital ads,digital
2025,5,2256,P,Hanif,Shahana,,K,11,F,,,R0016496,6/23/2025,2025-06-23,Meta,CORP,Y,,,,Menlo Park,CA,94025,Unknown,900.0,OTHER,Other: explntion,Digital ads,,N,N,digital ads,digital
2025,5,2256,P,Hanif,Shahana,,K,11,F,,,R0016498,6/23/2025,2025-06-23,Meta,CORP,Y,,,,Menlo Park,CA,94025,Unknown,900.0,OTHER,Other: explntion,Digital ads,,N,N,digital ads,digital
2025,5,2256,P,Hanif,Shahana,,K,11,F,,,R0016502,6/23/2025,2025-06-23,Meta,CORP,Y,,,,Menlo Park,CA,94025,Unknown,900.0,OTHER,Other: explntion,Digital ads,,N,N,digital ads,digital
2025,5,2256,P,Hanif,Shahana,,K,11,F,,,R0016513,6/24/2025,2025-06-24,Meta,CORP,Y,,,,Menlo Park,CA,94025,Unknown,900.0,OTHER,Other: explntion,Digital ads,,N,N,digital ads,digital
2025,5,2256,P,Hanif,Shahana,,K,11,F,,,R0016515,6/24/2025,2025-06-24,Meta,CORP,Y,,,,Menlo Park,CA,94025,Unknown,900.0,OTHER,Other: explntion,Digital ads,,N,N,digital ads,digital
2025,5,2256,P,Hanif,Shahana,,K,11,F,,,R0016575,6/25/2025,2025-06-25,Meta,CORP,Y,,,,Menlo Park,CA,94025,Unknown,900.0,OTHER,Other: explntion,Digital ads,,N,N,digital ads,digital
2025,5,2256,P,Hanif,Shahana,,K,11,F,,,R0016577,6/25/2025,2025-06-25,Meta,CORP,Y,,,,Menlo Park,CA,94025,Unknown,1.66,OTHER,Other: explntion,Digital ads,,N,N,digital ads,digital
2025,5,2256,P,Hanif,Shahana,,K,11,F,,,R0016579,6/26/2025,2025-06-26,Meta,CORP,Y,,,,Menlo Park,CA,94025,Unknown,712.51,OTHER,Other: explntion,Digital ads,,N,N,digital ads,digital
2025,5,2256,P,Hanif,Shahana,,K,12,F,,,R0016667,7/25/2025,2025-07-25,Meta,CORP,Y,,,,Menlo Park,CA,94025,Unknown,3.21,OTHER,Other: explntion,Digital ads,,N,N,digital ads,digital
2025,5,2306,P,Aviles,Alexa,,K,10,F,,,R0007706,5/30/2025,2025-05-30,Meta,CORP,Y,,,,Sacramento,CA,94205,Unknown,105.65,OTHER,Other: explntion,Digital ads,,N,N,digital ads,digital
2025,5,2306,P,Aviles,Alexa,,K,10,F,,,R0007722,5/27/2025,2025-05-27,Meta,CORP,Y,,,,Sacramento,CA,94205,Unknown,1000.0,OTHER,Other: explntion,Digital ads,,N,N,digital ads,digital
2025,5,2306,P,Aviles,Alexa,,K,10,F,,,R0007724,5/27/2025,2025-05-27,Meta,CORP,Y,,,,Sacramento,CA,94205,Unknown,12.0,OTHER,Other: explntion,Digital ads,,N,N,digital ads,digital
2025,5,2306,P,Aviles,Alexa,,K,10,F,,,R0007726,5/27/2025,2025-05-27,Meta,CORP,Y,,,,Sacramento,CA,94205,Unknown,8.0,OTHER,Other: explntion,Digital ads,,N,N,digital ads,digital
2025,5,2306,P,Aviles,Alexa,,K,10,F,,,R0007728,5/27/2025,2025-05-27,Meta,CORP,Y,,,,Sacramento,CA,94205,Unknown,5.0,OTHER,Other: explntion,Digital ads,,N,N,digital ads,digital
2025,5,2306,P,Aviles,Alexa,,K,10,F,,,R0007730,5/27/2025,2025-05-27,Meta,CORP,Y,,,,Sacramento,CA,94205,Unknown,5.0,OTHER,Other: explntion,Digital ads,,N,N,digital ads,digital
2025,5,2306,P,Aviles,Alexa,,K,10,F,,,R0007732,5/27/2025,2025-05-27,Meta,CORP,Y,,,,Sacramento,CA,94205,Unknown,3.0,OTHER,Other: explntion,Digital ads,,N,N,digital ads,digital
2025,5,2306,P,Aviles,Alexa,,K,10,F,,,R0007734,5/27/2025,2025-05-27,Meta,CORP,Y,,,,Sacramento,CA,94205,Unknown,2.0,OTHER,Other: explntion,Digital ads,,N,N,digital ads,digital
2025,5,2306,P,Aviles,Alexa,,K,10,F,,,R0007736,5/27/2025,2025-05-27,Meta,CORP,Y,,,,Sacramento,CA,94205,Unknown,2.0,OTHER,Other: explntion,Digital ads,,N,N,digital ads,digital
2025,5,2306,P,Aviles,Alexa,,K,10,F,,,R0007738,5/27/2025,2025-05-27,Meta,CORP,Y,,,,Sacramento,CA,94205,Unknown,2.0,OTHER,Other: explntion,Digital ads,,N,N,digital ads,digital
2025,5,2306,P,Aviles,Alexa,,K,10,F,,,R0007846,6/2/2025,2025-06-02,Meta,CORP,Y,,,,Sacramento,CA,94205,Unknown,192.0,OTHER,Other: explntion,Digital ads,,N,N,digital ads,digital
2025,5,2306,P,Aviles,Alexa,,K,10,F,,,R0007848,6/2/2025,2025-06-02,Meta,CORP,Y,,,,Sacramento,CA,94205,Unknown,174.0,OTHER,Other: explntion,Digital ads,,N,N,digital ads,digital
2025,5,2306,P,Aviles,Alexa,,K,10,F,,,R0007850,6/2/2025,2025-06-02,Meta,CORP,Y,,,,Sacramento,CA,94205,Unknown,158.0,OTHER,Other: explntion,Digital ads,,N,N,digital ads,digital
2025,5,2306,P,Aviles,Alexa,,K,10,F,,,R0007852,6/2/2025,2025-06-02,Meta,CORP,Y,,,,Sacramento,CA,94205,Unknown,143.0,OTHER,Other: explntion,Digital ads,,N,N,digital ads,digital
2025,5,2306,P,Aviles,Alexa,,K,10,F,,,R0007854,6/2/2025,2025-06-02,Meta,CORP,Y,,,,Sacramento,CA,94205,Unknown,130.0,OTHER,Other: explntion,Digital ads,,N,N,digital ads,digital
2025,5,2306,P,Aviles,Alexa,,K,10,F,,,R0007856,6/2/2025,2025-06-02,Meta,CORP,Y,,,,Sacramento,CA,94205,Unknown,118.0,OTHER,Other: explntion,Digital ads,,N,N,digital ads,digital
2025,5,2306,P,Aviles,Alexa,,K,10,F,,,R0007862,6/3/2025,2025-06-03,Meta,CORP,Y,,,,Sacramento,CA,94205,Unknown,234.0,OTHER,Other: explntion,Digital ads,,N,N,digital ads,digital
2025,5,2306,P,Aviles,Alexa,,K,10,F,,,R0007872,6/4/2025,2025-06-04,Meta,CORP,Y,,,,Sacramento,CA,94205,Unknown,258.0,OTHER,Other: explntion,Digital ads,,N,N,digital ads,digital
2025,5,2306,P,Aviles,Alexa,,K,10,F,,,R0007876,6/5/2025,2025-06-05,Meta,CORP,Y,,,,Sacramento,CA,94205,Unknown,284.0,OTHER,Other: explntion,Digital ads,,N,N,digital ads,digital
2025,5,2306,P,Aviles,Alexa,,K,10,F,,,R0007880,6/6/2025,2025-06-06,Meta,CORP,Y,,,,Sacramento,CA,94205,Unknown,313.0,OTHER,Other: explntion,Digital ads,,N,N,digital ads,digital
2025,5,2306,P,Aviles,Alexa,,K,10,F,,,R0007882,6/6/2025,2025-06-06,Meta,CORP,Y,,,,Sacramento,CA,94205,Unknown,380.0,OTHER,Other: explntion,Digital ads,,N,N,digital ads,digital
2025,5,2306,P,Aviles,Alexa,,K,10,F,,,R0007884,6/6/2025,2025-06-06,Meta,CORP,Y,,,,Sacramento,CA,94205,Unknown,345.0,OTHER,Other: explntion,Digital ads,,N,N,digital ads,digital
2025,5,2306,P,Aviles,Alexa,,K,11,F,,,R0008199,6/10/2025,2025-06-10,Meta,CORP,Y,,,,Sacramento,CA,94205,Unknown,418.0,OTHER,Other: explntion,Digital ads,,N,N,digital ads,digital
2025,5,2306,P,Aviles,Alexa,,K,11,F,,,R0008210,6/12/2025,2025-06-12,Meta,CORP,Y,,,,Sacramento,CA,94205,Unknown,460.0,OTHER,Other: explntion,Digital ads,,N,N,digital ads,digital
2025,5,2306,P,Aviles,Alexa,,K,11,F,,,R0008214,6/13/2025,2025-06-13,Meta,CORP,Y,,,,Sacramento,CA,94205,Unknown,506.0,OTHER,Other: explntion,Digital ads,,N,N,digital ads,digital
2025,5,2306,P,Aviles,Alexa,,K,11,F,,,R0008216,6/16/2025,2025-06-16,Meta,CORP,Y,,,,Sacramento,CA,94205,Unknown,557.0,OTHER,Other: explntion,Digital ads,,N,N,digital ads,digital
2025,5,2306,P,Aviles,Alexa,,K,11,F,,,R0008229,6/17/2025,2025-06-17,Meta,CORP,Y,,,,Sacramento,CA,94205,Unknown,613.0,OTHER,Other: explntion,Digital ads,,N,N,digital ads,digital
2025,5,2306,P,Aviles,Alexa,,K,11,F,,,R0008236,6/20/2025,2025-06-20,Meta,CORP,Y,,,,Sacramento,CA,94205,Unknown,675.0,OTHER,Other: explntion,Digital ads,,N,N,digital ads,digital
2025,5,2306,P,Aviles,Alexa,,K,11,F,,,R0008254,6/23/2025,2025-06-23,Meta,CORP,Y,,,,Sacramento,CA,94205,Unknown,743.0,OTHER,Other: explntion,Digital ads,,N,N,digital ads,digital
2025,5,2306,P,Aviles,Alexa,,K,11,F,,,R0008275,6/25/2025,2025-06-25,Meta,CORP,Y,,,,Sacramento,CA,94205,Unknown,428.98,OTHER,Other: explntion,Digital ads,,N,N,digital ads,digital
2025,5,2306,P,Aviles,Alexa,,K,11,F,,,R0008277,6/25/2025,2025-06-25,Meta,CORP,Y,,,,Sacramento,CA,94205,Unknown,286.03,OTHER,Other: explntion,Digital ads,,N,N,digital ads,digital
2025,5,2306,P,Aviles,Alexa,,K,12,F,,,R0008363,7/25/2025,2025-07-25,Meta,CORP,Y,,,,Sacramento,CA,94205,Unknown,189.55,OTHER,Other: explntion,Digital ads,,N,N,digital ads,digital
2025,5,2306,P,Aviles,Alexa,,K,15,F,,,R0008709,11/3/2025,2025-11-03,Meta,CORP,Y,,,,Sacramento,CA,94205,Unknown,818.0,OTHER,Other: explntion,Digital ads,,N,N,digital ads,digital
2025,5,2306,P,Aviles,Alexa,,K,15,F,,,R0008710,11/3/2025,2025-11-03,Meta,CORP,Y,,,,Sacramento,CA,94205,Unknown,840.0,OTHER,Other: explntion,Digital ads,,N,N,digital ads,digital
2025,5,2306,P,Aviles,Alexa,,K,15,F,,,R0008711,11/3/2025,2025-11-03,Meta,CORP,Y,,,,Sacramento,CA,94205,Unknown,862.0,OTHER,Other: explntion,Digital ads,,N,N,digital ads,digital
2025,5,2306,P,Aviles,Alexa,,K,15,F,,,R0008712,11/3/2025,2025-11-03,Meta,CORP,Y,,,,Sacramento,CA,94205,Unknown,885.0,OTHER,Other: explntion,Digital ads,,N,N,digital ads,digital
2025,5,2306,P,Aviles,Alexa,,K,15,F,,,R0008720,11/4/2025,2025-11-04,Meta,CORP,Y,,,,Sacramento,CA,94205,Unknown,900.0,OTHER,Other: explntion,Digital ads,,N,N,digital ads,digital
2025,5,2306,P,Aviles,Alexa,,K,16,F,,,R0008812,10/31/2025,2025-10-31,Meta,CORP,Y,,,,Sacramento,CA,94205,Unknown,819.24,OTHER,Other: explntion,Digital ads,,N,N,digital ads,digital
2025,5,2836,P,Okporo,Edafe,,H,10,F,,,R0005401,5/28/2025,2025-05-28,Meta,PCOMC,Y,,,,West Menlo Park,CA,94025,Unknown,50.0,OTHER,Other: explntion,Facebook Ads,,N,N,facebook ads,digital
2025,5,2836,P,Okporo,Edafe,,H,10,F,,,R0005452,6/2/2025,2025-06-02,Meta,PCOMC,Y,,,,West Menlo Park,CA,94025,Unknown,26.86,OTHER,Other: explntion,Meta Ads,,N,N,meta ads,digital
2025,5,2836,P,Okporo,Edafe,,H,10,F,,,R0005487,6/2/2025,2025-06-02,Meta,PCOMC,Y,,,,West Menlo Park,CA,94025,Unknown,62.0,OTHER,Other: explntion,Meta Ads,,N,N,meta ads,digital
2025,5,2836,P,Okporo,Edafe,,H,10,F,,,R0005635,6/6/2025,2025-06-06,Meta,PCOMC,Y,,,,West Menlo Park,CA,94025,Unknown,90.0,OTHER,Other: explntion,Meta Ads,,N,N,meta ads,digital
2025,5,2836,P,Okporo,Edafe,,H,10,F,,,R0005646,6/9/2025,2025-06-09,Meta,PCOMC,Y,,,,West Menlo Park,CA,94025,Unknown,99.0,OTHER,Other: explntion,Meta Ads,,N,N,meta ads,digital
2025,5,2836,P,Okporo,Edafe,,H,10,F,,,R0005662,6/9/2025,2025-06-09,Meta,PCOMC,Y,,,,West Menlo Park,CA,94025,Unknown,109.0,OTHER,Other: explntion,Meta Ads,,N,N,meta ads,digital
2025,5,2836,P,Okporo,Edafe,,H,11,F,,,R0005691,6/10/2025,2025-06-10,Meta,PCOMC,Y,,,,West Menlo Park,CA,94025,Unknown,120.0,OTHER,Other: explntion,Meta Ads,,N,N,meta ads,digital
2025,5,2836,P,Okporo,Edafe,,H,11,F,,,R0005743,6/13/2025,2025-06-13,Meta,PCOMC,Y,,,,West Menlo Park,CA,94025,Unknown,146.0,OTHER,Other: explntion,Meta Ads,,N,N,meta ads,digital
2025,5,2836,P,Okporo,Edafe,,H,11,F,,,R0006007,6/23/2025,2025-06-23,Meta,PCOMC,Y,,,,West Menlo Park,CA,94025,Unknown,152.0,OTHER,Other: explntion,Meta Ads,,N,N,meta ads,digital
2025,5,2917,P,Thompson,Collin,L,H,10,F,,,R0001092,6/3/2025,2025-06-04,Meta,CORP,Y,,,,,,,Unknown,747.94,OTHER,Other: explntion,Digital Ads,,N,N,digital ads,digital
2025,5,2917,P,Thompson,Collin,L,H,10,F,,,R0001095,5/28/2025,2025-05-29,Meta,CORP,Y,,,,,,,Unknown,577.95,OTHER,Other: explntion,Digital Ads,,N,N,digital ads,digital
2025,5,2917,P,Thompson,Collin,L,H,10,F,,,R0001098,5/31/2025,2025-06-02,Meta,CORP,Y,,,,,,,Unknown,260.1,OTHER,Other: explntion,Digital Ads,,N,N,digital ads,digital
2025,5,2917,P,Thompson,Collin,L,H,10,F,,,R0001101,5/25/2025,2025-05-27,Meta,CORP,Y,,,,,,,Unknown,722.0,OTHER,Other: explntion,Digital Ads,,N,N,digital ads,digital
2025,5,2917,P,Thompson,Collin,L,H,10,F,,,R0001104,5/19/2025,2025-05-19,Meta,CORP,Y,,,,,,,Unknown,529.76,OTHER,Other: explntion,Digital Ads,,N,N,digital ads,digital
2025,5,2917,P,Thompson,Collin,L,H,10,F,,,R0001107,6/6/2025,2025-06-09,Meta,CORP,Y,,,,,,,Unknown,727.43,OTHER,Other: explntion,Digital Ads,,N,N,digital ads,digital
2025,5,2917,P,Thompson,Collin,L,H,11,F,,,R0001305,6/12/2025,2025-06-13,Meta,CORP,Y,,,,,,,Unknown,332.06,OTHER,Other: explntion,Digital Ads,,N,N,digital ads,digital
2025,5,2917,P,Thompson,Collin,L,H,11,F,,,R0001308,6/19/2025,2025-06-20,Meta,CORP,Y,,,,,,,Unknown,900.0,OTHER,Other: explntion,Digital Ads,,N,N,digital ads,digital
2025,5,2917,P,Thompson,Collin,L,H,11,F,,,R0001311,6/10/2025,2025-06-11,Meta,CORP,Y,,,,,,,Unknown,514.2,OTHER,Other: explntion,Digital Ads,,N,N,digital ads,digital
2025,5,2917,P,Thompson,Collin,L,H,11,F,,,R0001314,6/15/2025,2025-06-16,Meta,CORP,Y,,,,,,,Unknown,795.0,OTHER,Other: explntion,Digital Ads,,N,N,digital ads,digital
2025,5,2917,P,Thompson,Collin,L,H,11,F,,,R0001317,6/23/2025,2025-06-24,Meta,CORP,Y,,,,,,,Unknown,841.14,OTHER,Other: explntion,Digital Ads,,N,N,digital ads,digital
2025,5,2917,P,Thompson,Collin,L,H,11,F,,,R0001321,6/27/2025,2025-06-30,Meta,CORP,Y,,,,,,,Unknown,792.08,OTHER,Other: explntion,Digital Ads,,N,N,digital ads,digital
2025,5,2917,P,Thompson,Collin,L,H,8,F,,,R0000368,3/11/2025,2025-03-12,Meta,CORP,Y,,,,,,,Unknown,104.0,OTHER,Other: explntion,Social Media Ads,,N,N,social media ads,digital
2025,5,2917,P,Thompson,Collin,L,H,8,F,,,R0000369,3/10/2025,2025-03-11,Meta,CORP,Y,,,,,,,Unknown,94.0,OTHER,Other: explntion,Social Media Ads,,N,N,social media ads,digital
2025,5,2917,P,Thompson,Collin,L,H,8,F,,,R0000370,3/4/2025,2025-03-05,Meta,CORP,Y,,,,,,,Unknown,85.0,OTHER,Other: explntion,Social Media Ads,,N,N,social media ads,digital
2025,5,2917,P,Thompson,Collin,L,H,8,F,,,R0000371,2/28/2025,2025-03-03,Meta,CORP,Y,,,,,,,Unknown,15.99,OTHER,Other: explntion,Social Media Ads,,N,N,social media ads,digital
2025,5,2917,P,Thompson,Collin,L,H,8,F,,,R0000372,2/24/2025,2025-02-27,Meta,CORP,Y,,,,,,,Unknown,77.0,OTHER,Other: explntion,Social Media Ads,,N,N,social media ads,digital
2025,5,2917,P,Thompson,Collin,L,H,8,F,,,R0000373,1/31/2025,2025-02-03,Meta,CORP,Y,,,,,,,Unknown,41.5,OTHER,Other: explntion,Social Media Ads,,N,N,social media ads,digital
2025,5,2917,P,Thompson,Collin,L,H,8,F,,,R0000374,1/24/2025,2025-02-05,Meta,CORP,Y,,,,,,,Unknown,25.0,OTHER,Other: explntion,Social Media Ads,,N,N,social media ads,digital
2025,5,2917,P,Thompson,Collin,L,H,8,F,,,R0000514,3/12/2025,2025-03-13,Meta,CORP,Y,,,,,,,Unknown,115.0,OTHER,Other: explntion,Social Media Ads,,N,N,social media ads,digital
2025,5,2917,P,Thompson,Collin,L,H,8,F,,,R0000542,2/26/2025,2025-02-27,Meta,CORP,Y,,,,,,,Unknown,77.0,OTHER,Other: explntion,Social Media Ads,,N,N,social media ads,digital
2025,5,2917,P,Thompson,Collin,L,H,9,F,,,R0000744,3/13/2025,2025-03-14,Meta,CORP,Y,,,,,,,Unknown,127.0,OTHER,Other: explntion,Social Media Ads,,N,N,social media ads,digital
2025,5,2917,P,Thompson,Collin,L,H,9,F,,,R0000745,3/13/2025,2025-03-14,Meta,CORP,Y,,,,,,,Unknown,140.0,OTHER,Other: explntion,Social Media Ads,,N,N,social media ads,digital
2025,5,2917,P,Thompson,Collin,L,H,9,F,,,R0000860,4/11/2025,2025-04-14,Meta,CORP,Y,,,,,,,Unknown,303.0,OTHER,Other: explntion,Digital Ads,,N,N,digital ads,digital
2025,5,2917,P,Thompson,Collin,L,H,9,F,,,R0000863,4/10/2025,2025-04-11,Meta,CORP,Y,,,,,,,Unknown,275.0,OTHER,Other: explntion,Digital Ads,,N,N,digital ads,digital
2025,5,2917,P,Thompson,Collin,L,H,9,F,,,R0000866,4/15/2025,2025-04-16,Meta,CORP,Y,,,,,,,Unknown,368.0,OTHER,Other: explntion,Digital Ads,,N,N,digital ads,digital
2025,5,2917,P,Thompson,Collin,L,H,9,F,,,R0000869,4/9/2025,2025-04-10,Meta,CORP,Y,,,,,,,Unknown,250.0,OTHER,Other: explntion,Digital Ads,,N,N,digital ads,digital
2025,5,2917,P,Thompson,Collin,L,H,9,F,,,R0000872,4/12/2025,2025-04-14,Meta,CORP,Y,,,,,,,Unknown,334.0,OTHER,Other: explntion,Digital Ads,,N,N,digital ads,digital
2025,5,2917,P,Thompson,Collin,L,H,9,F,,,R0000876,4/28/2025,2025-04-29,Meta,CORP,Y,,,,,,,Unknown,405.0,OTHER,Other: explntion,Digital Ads,,N,N,digital ads,digital
2025,5,2917,P,Thompson,Collin,L,H,9,F,,,R0000879,4/30/2025,2025-05-01,Meta,CORP,Y,,,,,,,Unknown,21.59,OTHER,Other: explntion,Digital Ads,,N,N,digital ads,digital
2025,5,2917,P,Thompson,Collin,L,H,9,F,,,R0000882,5/7/2025,2025-05-08,Meta,CORP,Y,,,,,,,Unknown,491.0,OTHER,Other: explntion,Digital Ads,,N,N,digital ads,digital
2025,5,2917,P,Thompson,Collin,L,H,9,F,,,R0000886,5/4/2025,2025-05-05,Meta,CORP,Y,,,,,,,Unknown,446.0,OTHER,Other: explntion,Digital Ads,,N,N,digital ads,digital
2025,5,2917,P,Thompson,Collin,L,H,9,F,,,R0000888,5/10/2025,2025-05-12,Meta,CORP,Y,,,,,,,Unknown,541.0,OTHER,Other: explntion,Digital Ads,,N,N,digital ads,digital
2025,5,2917,P,Thompson,Collin,L,H,9,F,,,R0000891,5/13/2025,2025-05-14,Meta,CORP,Y,,,,,,,Unknown,596.0,OTHER,Other: explntion,Digital Ads,,N,N,digital ads,digital
2025,5,2917,P,Thompson,Collin,L,H,9,F,,,R0000895,5/16/2025,2025-05-19,Meta,CORP,Y,,,,,,,Unknown,656.0,OTHER,Other: explntion,Digital Ads,,N,N,digital ads,digital
2025,5,2917,P,Thompson,Collin,L,H,9,F,,,R0000898,5/17/2025,2025-05-19,Meta,CORP,Y,,,,,,,Unknown,361.51,OTHER,Other: explntion,Digital Ads,,N,N,digital ads,digital
2025,5,2917,P,Thompson,Collin,L,H,9,F,,,R0000901,3/31/2025,2025-04-01,Meta,CORP,Y,,,,,,,Unknown,7.59,OTHER,Other: explntion,Digital Ads,,N,N,digital ads,digital
2025,5,2917,P,Thompson,Collin,L,H,9,F,,,R0000904,3/23/2025,2025-03-24,Meta,CORP,Y,,,,,,,Unknown,187.0,OTHER,Other: explntion,Digital Ads,,N,N,digital ads,digital
2025,5,2917,P,Thompson,Collin,L,H,9,F,,,R0000910,3/21/2025,2025-03-24,Meta,CORP,Y,,,,,,,Unknown,170.0,OTHER,Other: explntion,Digital Ads,,N,N,digital ads,digital
2025,5,2917,P,Thompson,Collin,L,H,9,F,,,R0000913,4/6/2025,2025-04-07,Meta,CORP,Y,,,,,,,Unknown,206.0,OTHER,Other: explntion,Digital Ads,,N,N,digital ads,digital
2025,5,2917,P,Thompson,Collin,L,H,9,F,,,R0000916,3/13/2025,2025-03-14,Meta,CORP,Y,,,,,,,Unknown,154.0,OTHER,Other: explntion,Digital Ads,,N,N,digital ads,digital
2025,5,2917,P,Thompson,Collin,L,H,9,F,,,R0000919,4/7/2025,2025-04-08,Meta,CORP,Y,,,,,,,Unknown,227.0,OTHER,Other: explntion,Digital Ads,,N,N,digital ads,digital
2025,1,3034,P,Hernandez,Joseph,,H,11,F,,,R0000367,7/10/2025,2025-07-10,Meta,CORP,Y,,,,Menlo Park,CA,94025,Unknown,1744.43,OTHER,Other: explntion,Meta ads,,N,N,meta ads,digital
2025,1,3034,P,Hernandez,Joseph,,H,12,F,,,R0000636,7/10/2025,2025-07-10,Meta,CORP,Y,,,,Menlo Park,CA,94025,Unknown,2500.89,OTHER,Other: explntion,Meta Ads,,N,N,meta ads,digital
2025,1,3034,P,Hernandez,Joseph,,H,13,F,,,R0001394,8/19/2025,2025-08-19,Meta,CORP,Y,,,,Menlo Park,CA,94025,Unknown,245.59,OTHER,Other: explntion,Meta Ads,,N,N,meta ads,digital
2025,1,3034,P,Hernandez,Joseph,,H,13,F,,,R0001396,9/3/2025,2025-09-03,Meta,CORP,Y,,,,Menlo Park,CA,94025,Unknown,418.0,OTHER,Other: explntion,Meta ads,,N,N,meta ads,digital
2025,1,3034,P,Hernandez,Joseph,,H,13,F,,,R0001398,9/19/2025,2025-09-19,Meta,CORP,Y,,,,Menlo Park,CA,94025,Unknown,408.31,OTHER,Other: explntion,Meta ads,,N,N,meta ads,digital
2025,5,2905,P,El-Gamasy,Hatem,,H,15,F,,,R0001512,10/27/2025,2025-10-27,Meta ads,CORP,Y,,,,,,,Unknown,60.0,OTHER,Other: explntion,Social media ads,,N,N,social media ads,digital
2025,5,2905,P,El-Gamasy,Hatem,,H,15,F,,,R0001515,10/28/2025,2025-10-28,Meta ads,CORP,Y,,,,,,,Unknown,10.0,OTHER,Other: explntion,Social Media Ads,,N,N,social media ads,digital
2025,5,2666,P,Hodge Vasquez,Bryan,,I,11,F,,,R0003981,6/15/2025,2025-06-15,Meta Platforms,CORP,Y,,,,Menlo Park,CA,94025,Unknown,227.0,OTHER,Other: explntion,Digital Ads,,N,N,digital ads,digital
2025,5,2666,P,Hodge Vasquez,Bryan,,I,11,F,,,R0003983,6/10/2025,2025-06-10,Meta Platforms,CORP,Y,,,,Menlo Park,CA,94025,Unknown,206.0,OTHER,Other: explntion,Digital Ads,,N,N,digital ads,digital
2025,5,2666,P,Hodge Vasquez,Bryan,,I,11,F,,,R0003984,6/20/2025,2025-06-20,Meta Platforms,CORP,Y,,,,Menlo Park,CA,94025,Unknown,250.0,OTHER,Other: explntion,Digital Ads,,N,N,digital ads,digital
2025,5,2666,P,Hodge Vasquez,Bryan,,I,11,F,,,R0004171,7/2/2025,2025-07-02,Meta Platforms,CORP,Y,,,,Menlo Park,CA,94025,Unknown,266.28,OTHER,Other: explntion,Digital Ads,,N,N,digital ads,digital
2025,5,2666,P,Hodge Vasquez,Bryan,,I,9,F,,,R0003949,5/19/2025,2025-05-19,Meta Platforms,CORP,Y,,,,Menlo Park,CA,94025,Unknown,140.0,OTHER,Other: explntion,Digital Ads,,N,N,digital ads,digital
2025,5,2971,P,Buthorn,John,K,H,10,F,,,R0001016,5/21/2025,2025-05-21,Meta Platforms,CORP,Y,,,,Menlo Park,CA,94025,Unknown,104.0,OTHER,Other: explntion,Facebook Ads,,N,N,facebook ads,digital
2025,5,2971,P,Buthorn,John,K,H,10,F,,,R0001038,5/24/2025,2025-05-24,Meta Platforms,CORP,Y,,,,Menlo Park,CA,94025,Unknown,115.0,OTHER,Other: explntion,Facebook Ads,,N,N,facebook ads,digital
2025,5,2971,P,Buthorn,John,K,H,10,F,,,R0001055,5/26/2025,2025-05-26,Meta Platforms,CORP,Y,,,,Menlo Park,CA,94025,Unknown,14.08,OTHER,Other: explntion,Facebook Ads,,N,N,facebook ads,digital
2025,5,2971,P,Buthorn,John,K,H,10,F,,,R0001062,5/26/2025,2025-05-26,Meta Platforms,CORP,Y,,,,Menlo Park,CA,94025,Unknown,68.81,OTHER,Other: explntion,Facebook Ads,,N,N,facebook ads,digital
2025,5,2971,P,Buthorn,John,K,H,10,F,,,R0001076,5/29/2025,2025-05-29,Meta Platforms,CORP,Y,,,,Menlo Park,CA,94025,Unknown,127.0,OTHER,Other: explntion,Facebook Ads,,N,N,facebook ads,digital
2025,5,2971,P,Buthorn,John,K,H,10,F,,,R0001121,6/2/2025,2025-06-02,Meta Platforms,CORP,Y,,,,Menlo Park,CA,94025,Unknown,140.0,OTHER,Other: explntion,Facebook Ads,,N,N,facebook ads,digital
2025,5,2971,P,Buthorn,John,K,H,10,F,,,R0001137,6/3/2025,2025-06-03,Meta Platforms,CORP,Y,,,,Menlo Park,CA,94025,Unknown,154.0,OTHER,Other: explntion,Facebook Ads,,N,N,facebook ads,digital
2025,5,2971,P,Buthorn,John,K,H,10,F,,,R0001176,6/4/2025,2025-06-04,Meta Platforms,CORP,Y,,,,Menlo Park,CA,94025,Unknown,170.0,OTHER,Other: explntion,Facebook Ads,,N,N,facebook ads,digital
2025,5,2971,P,Buthorn,John,K,H,10,F,,,R0001198,6/5/2025,2025-06-05,Meta Platforms,CORP,Y,,,,Menlo Park,CA,94025,Unknown,187.0,OTHER,Other: explntion,Facebook Ads,,N,N,facebook ads,digital
2025,5,2971,P,Buthorn,John,K,H,10,F,,,R0001211,6/6/2025,2025-06-06,Meta Platforms,CORP,Y,,,,Menlo Park,CA,94025,Unknown,206.0,OTHER,Other: explntion,Facebook Ads,,N,N,facebook ads,digital
2025,5,2971,P,Buthorn,John,K,H,10,F,,,R0001223,6/7/2025,2025-06-07,Meta Platforms,CORP,Y,,,,Menlo Park,CA,94025,Unknown,227.0,OTHER,Other: explntion,Facebook Ads,,N,N,facebook ads,digital
2025,5,2971,P,Buthorn,John,K,H,10,F,,,R0001232,6/8/2025,2025-06-08,Meta Platforms,CORP,Y,,,,Menlo Park,CA,94025,Unknown,250.0,OTHER,Other: explntion,Facebook Ads,,N,N,facebook ads,digital
2025,5,2971,P,Buthorn,John,K,H,10,F,,,R0001248,6/9/2025,2025-06-09,Meta Platforms,CORP,Y,,,,Menlo Park,CA,94025,Unknown,275.0,OTHER,Other: explntion,Facebook Ads,,N,N,facebook ads,digital
2025,5,2971,P,Buthorn,John,K,H,11,F,,,R0001273,6/11/2025,2025-06-11,Meta Platforms,CORP,Y,,,,Menlo Park,CA,94025,Unknown,303.0,OTHER,Other: explntion,Facebook Ads,,N,N,facebook ads,digital
2025,5,2971,P,Buthorn,John,K,H,11,F,,,R0001285,6/13/2025,2025-06-13,Meta Platforms,CORP,Y,,,,Menlo Park,CA,94025,Unknown,334.0,OTHER,Other: explntion,Facebook Ads,,N,N,facebook ads,digital
2025,5,2971,P,Buthorn,John,K,H,11,F,,,R0001296,6/15/2025,2025-06-15,Meta Platforms,CORP,Y,,,,Menlo Park,CA,94025,Unknown,368.0,OTHER,Other: explntion,Facebook Ads,,N,N,facebook ads,digital
2025,5,2971,P,Buthorn,John,K,H,11,F,,,R0001309,6/16/2025,2025-06-16,Meta Platforms,CORP,Y,,,,Menlo Park,CA,94025,Unknown,405.0,OTHER,Other: explntion,Facebook Ads,,N,N,facebook ads,digital
2025,5,2971,P,Buthorn,John,K,H,11,F,,,R0001320,6/17/2025,2025-06-17,Meta Platforms,CORP,Y,,,,Menlo Park,CA,94025,Unknown,446.0,OTHER,Other: explntion,Facebook Ads,,N,N,facebook ads,digital
2025,5,2971,P,Buthorn,John,K,H,11,F,,,R0001327,6/18/2025,2025-06-18,Meta Platforms,CORP,Y,,,,Menlo Park,CA,94025,Unknown,491.0,OTHER,Other: explntion,Facebook Ads,,N,N,facebook ads,digital
2025,5,2971,P,Buthorn,John,K,H,11,F,,,R0001339,6/19/2025,2025-06-19,Meta Platforms,CORP,Y,,,,Menlo Park,CA,94025,Unknown,541.0,OTHER,Other: explntion,Facebook Ads,,N,N,facebook ads,digital
2025,5,2971,P,Buthorn,John,K,H,11,F,,,R0001350,6/21/2025,2025-06-21,Meta Platforms,CORP,Y,,,,Menlo Park,CA,94025,Unknown,596.0,OTHER,Other: explntion,Facebook Ads,,N,N,facebook ads,digital
2025,5,2971,P,Buthorn,John,K,H,11,F,,,R0001362,6/22/2025,2025-06-22,Meta Platforms,CORP,Y,,,,Menlo Park,CA,94025,Unknown,656.0,OTHER,Other: explntion,Facebook Ads,,N,N,facebook ads,digital
2025,5,2971,P,Buthorn,John,K,H,11,F,,,R0001370,6/24/2025,2025-06-24,Meta Platforms,CORP,Y,,,,Menlo Park,CA,94025,Unknown,722.0,OTHER,Other: explntion,Facebook Ads,,N,N,facebook ads,digital
2025,5,2971,P,Buthorn,John,K,H,11,F,,,R0001376,6/26/2025,2025-06-26,Meta Platforms,CORP,Y,,,,Menlo Park,CA,94025,Unknown,699.52,OTHER,Other: explntion,Facebook Ads,,N,N,facebook ads,digital
2025,5,2971,P,Buthorn,John,K,H,11,F,,,R0001382,6/26/2025,2025-06-26,Meta Platforms,CORP,Y,,,,Menlo Park,CA,94025,Unknown,3.71,OTHER,Other: explntion,Facebook Ads,,N,N,facebook ads,digital
2025,5,2971,P,Buthorn,John,K,H,12,F,,,R0001493,7/26/2025,2025-07-26,Meta Platforms,CORP,Y,,,,Menlo Park,CA,94025,Unknown,93.62,OTHER,Other: explntion,Facebook Ads,,N,N,facebook ads,digital
2025,5,2971,P,Buthorn,John,K,H,12,F,,,R0001498,7/26/2025,2025-07-26,Meta Platforms,CORP,Y,,,,Menlo Park,CA,94025,Unknown,9.57,OTHER,Other: explntion,Facebook Ads,,N,N,facebook ads,digital
2025,5,2971,P,Buthorn,John,K,H,13,F,,,R0001591,8/26/2025,2025-08-26,Meta Platforms,CORP,Y,,,,Menlo Park,CA,94025,Unknown,392.07,OTHER,Other: explntion,Facebook Ads,,N,N,facebook ads,digital
2025,5,2971,P,Buthorn,John,K,H,13,F,,,R0001597,8/26/2025,2025-08-26,Meta Platforms,CORP,Y,,,,Menlo Park,CA,94025,Unknown,43.34,OTHER,Other: explntion,Facebook Ads,,N,N,facebook ads,digital
2025,5,2971,P,Buthorn,John,K,H,13,F,,,R0001644,9/7/2025,2025-09-07,Meta Platforms,CORP,Y,,,,Menlo Park,CA,94025,Unknown,795.0,OTHER,Other: explntion,Facebook Ads,,N,N,facebook ads,digital
2025,5,2971,P,Buthorn,John,K,H,13,F,,,R0001780,9/16/2025,2025-09-16,Meta Platforms,CORP,Y,,,,Menlo Park,CA,94025,Unknown,816.0,OTHER,Other: explntion,Facebook Ads,,N,N,facebook ads,digital
2025,5,2971,P,Buthorn,John,K,H,13,F,,,R0001802,9/23/2025,2025-09-23,Meta Platforms,CORP,Y,,,,Menlo Park,CA,94025,Unknown,838.0,OTHER,Other: explntion,Facebook Ads,,N,N,facebook ads,digital
2025,5,2971,P,Buthorn,John,K,H,13,F,,,R0001815,9/26/2025,2025-09-26,Meta Platforms,CORP,Y,,,,Menlo Park,CA,94025,Unknown,248.98,OTHER,Other: explntion,Facebook Ads,,N,N,facebook ads,digital
2025,5,2971,P,Buthorn,John,K,H,14,F,,,R0001828,10/2/2025,2025-10-02,Meta Platforms,CORP,Y,,,,Menlo Park,CA,94025,Unknown,861.0,OTHER,Other: explntion,Facebook Ads,,N,N,facebook ads,digital
2025,5,2971,P,Buthorn,John,K,H,14,F,,,R0001842,10/4/2025,2025-10-04,Meta Platforms,CORP,Y,,,,Menlo Park,CA,94025,Unknown,456.0,OTHER,Other: explntion,Facebook Ads,,N,N,facebook ads,digital
2025,5,2971,P,Buthorn,John,K,H,14,F,,,R0001856,10/6/2025,2025-10-06,Meta Platforms,CORP,Y,,,,Menlo Park,CA,94025,Unknown,470.0,OTHER,Other: explntion,Facebook Ads,,N,N,facebook ads,digital
2025,5,2971,P,Buthorn,John,K,H,14,F,,,R0001867,10/8/2025,2025-10-08,Meta Platforms,CORP,Y,,,,Menlo Park,CA,94025,Unknown,470.0,OTHER,Other: explntion,Facebook Ads,,N,N,facebook ads,digital
2025,5,2971,P,Buthorn,John,K,H,14,F,,,R0001888,10/10/2025,2025-10-10,Meta Platforms,CORP,Y,,,,Menlo Park,CA,94025,Unknown,446.0,OTHER,Other: explntion,Facebook Ads,,N,N,facebook ads,digital
2025,5,2971,P,Buthorn,John,K,H,14,F,,,R0001905,10/11/2025,2025-10-11,Meta Platforms,CORP,Y,,,,Menlo Park,CA,94025,Unknown,501.0,OTHER,Other: explntion,Facebook Ads,,N,N,facebook ads,digital
2025,5,2971,P,Buthorn,John,K,H,14,F,,,R0001915,10/13/2025,2025-10-13,Meta Platforms,CORP,Y,,,,Menlo Park,CA,94025,Unknown,501.0,OTHER,Other: explntion,Facebook Ads,,N,N,facebook ads,digital
2025,5,2971,P,Buthorn,John,K,H,14,F,,,R0001933,10/15/2025,2025-10-15,Meta Platforms,CORP,Y,,,,Menlo Park,CA,94025,Unknown,519.0,OTHER,Other: explntion,Facebook Ads,,N,N,facebook ads,digital
2025,5,2971,P,Buthorn,John,K,H,14,F,,,R0001946,10/18/2025,2025-10-18,Meta Platforms,CORP,Y,,,,Menlo Park,CA,94025,Unknown,546.0,OTHER,Other: explntion,Facebook Ads,,N,N,facebook ads,digital
2025,5,2971,P,Buthorn,John,K,H,14,F,,,R0001953,10/20/2025,2025-10-20,Meta Platforms,CORP,Y,,,,Menlo Park,CA,94025,Unknown,574.0,OTHER,Other: explntion,Facebook Ads,,N,N,facebook ads,digital
2025,5,2971,P,Buthorn,John,K,H,15,F,,,R0001961,10/22/2025,2025-10-22,Meta Platforms,CORP,Y,,,,Menlo Park,CA,94025,Unknown,602.0,OTHER,Other: explntion,Facebook Ads,,N,N,facebook ads,digital
2025,5,2971,P,Buthorn,John,K,H,15,F,,,R0001969,10/25/2025,2025-10-25,Meta Platforms,CORP,Y,,,,Menlo Park,CA,94025,Unknown,631.0,OTHER,Other: explntion,Facebook Ads,,N,N,facebook ads,digital
2025,5,2971,P,Buthorn,John,K,H,15,F,,,R0001975,10/26/2025,2025-10-26,Meta Platforms,CORP,Y,,,,Menlo Park,CA,94025,Unknown,69.64,OTHER,Other: explntion,Facebook Ads,,N,N,facebook ads,digital
2025,5,2971,P,Buthorn,John,K,H,15,F,,,R0001984,10/28/2025,2025-10-28,Meta Platforms,CORP,Y,,,,Menlo Park,CA,94025,Unknown,661.0,OTHER,Other: explntion,Facebook Ads,,N,N,facebook ads,digital
2025,5,2971,P,Buthorn,John,K,H,15,F,,,R0001995,10/31/2025,2025-10-31,Meta Platforms,CORP,Y,,,,Menlo Park,CA,94025,Unknown,691.0,OTHER,Other: explntion,Facebook Ads,,N,N,facebook ads,digital
2025,5,2971,P,Buthorn,John,K,H,15,F,,,R0002001,11/2/2025,2025-11-02,Meta Platforms,CORP,Y,,,,Menlo Park,CA,94025,Unknown,722.0,OTHER,Other: explntion,Facebook Ads,,N,N,facebook ads,digital
2025,5,2971,P,Buthorn,John,K,H,15,F,,,R0002008,11/4/2025,2025-11-04,Meta Platforms,CORP,Y,,,,Menlo Park,CA,94025,Unknown,754.0,OTHER,Other: explntion,Facebook Ads,,N,N,facebook ads,digital
2025,5,2971,P,Buthorn,John,K,H,15,F,,,R0002027,11/4/2025,2025-11-04,Meta Platforms,CORP,Y,,,,Menlo Park,CA,94025,Unknown,79.23,OTHER,Other: explntion,Facebook Ads,,N,N,facebook ads,digital
2025,5,2971,P,Buthorn,John,K,H,9,F,,,R0000696,4/26/2025,2025-04-26,Meta Platforms,CORP,Y,,,,Menlo Park,CA,94025,Unknown,1.92,OTHER,Other: explntion,Facebook Ads,,N,N,facebook ads,digital
2025,5,2971,P,Buthorn,John,K,H,9,F,,,R0000700,4/27/2025,2025-04-27,Meta Platforms,CORP,Y,,,,Menlo Park,CA,94025,Unknown,2.0,OTHER,Other: explntion,Facebook Ads,,N,N,facebook ads,digital
2025,5,2971,P,Buthorn,John,K,H,9,F,,,R0000704,4/27/2025,2025-04-27,Meta Platforms,CORP,Y,,,,Menlo Park,CA,94025,Unknown,2.0,OTHER,Other: explntion,Facebook Ads,,N,N,facebook ads,digital
2025,5,2971,P,Buthorn,John,K,H,9,F,,,R0000708,4/27/2025,2025-04-27,Meta Platforms,CORP,Y,,,,Menlo Park,CA,94025,Unknown,2.0,OTHER,Other: explntion,Facebook Ads,,N,N,facebook ads,digital
2025,5,2971,P,Buthorn,John,K,H,9,F,,,R0000712,4/27/2025,2025-04-27,Meta Platforms,CORP,Y,,,,Menlo Park,CA,94025,Unknown,3.0,OTHER,Other: explntion,Facebook Ads,,N,N,facebook ads,digital
2025,5,2971,P,Buthorn,John,K,H,9,F,,,R0000716,4/28/2025,2025-04-28,Meta Platforms,CORP,Y,,,,Menlo Park,CA,94025,Unknown,5.0,OTHER,Other: explntion,Facebook Ads,,N,N,facebook ads,digital
2025,5,2971,P,Buthorn,John,K,H,9,F,,,R0000743,4/29/2025,2025-04-29,Meta Platforms,CORP,Y,,,,Menlo Park,CA,94025,Unknown,8.0,OTHER,Other: explntion,Facebook Ads,,N,N,facebook ads,digital
2025,5,2971,P,Buthorn,John,K,H,9,F,,,R0000749,4/29/2025,2025-04-29,Meta Platforms,CORP,Y,,,,Menlo Park,CA,94025,Unknown,8.0,OTHER,Other: explntion,Facebook Ads,,N,N,facebook ads,digital
2025,5,2971,P,Buthorn,John,K,H,9,F,,,R0000755,4/30/2025,2025-04-30,Meta Platforms,CORP,Y,,,,Menlo Park,CA,94025,Unknown,12.0,OTHER,Other: explntion,Facebook Ads,,N,N,facebook ads,digital
2025,5,2971,P,Buthorn,John,K,H,9,F,,,R0000768,4/30/2025,2025-04-30,Meta Platforms,CORP,Y,,,,Menlo Park,CA,94025,Unknown,18.0,OTHER,Other: explntion,Facebook Ads,,N,N,facebook ads,digital
2025,5,2971,P,Buthorn,John,K,H,9,F,,,R0000833,5/1/2025,2025-05-01,Meta Platforms,CORP,Y,,,,Menlo Park,CA,94025,Unknown,27.0,OTHER,Other: explntion,Facebook Ads,,N,N,facebook ads,digital
2025,5,2971,P,Buthorn,John,K,H,9,F,,,R0000854,5/2/2025,2025-05-02,Meta Platforms,CORP,Y,,,,Menlo Park,CA,94025,Unknown,30.0,OTHER,Other: explntion,Facebook Ads,,N,N,facebook ads,digital
2025,5,2971,P,Buthorn,John,K,H,9,F,,,R0000858,5/3/2025,2025-05-03,Meta Platforms,CORP,Y,,,,Menlo Park,CA,94025,Unknown,33.0,OTHER,Other: explntion,Facebook Ads,,N,N,facebook ads,digital
2025,5,2971,P,Buthorn,John,K,H,9,F,,,R0000862,5/4/2025,2025-05-04,Meta Platforms,CORP,Y,,,,Menlo Park,CA,94025,Unknown,37.0,OTHER,Other: explntion,Facebook Ads,,N,N,facebook ads,digital
2025,5,2971,P,Buthorn,John,K,H,9,F,,,R0000871,5/5/2025,2025-05-05,Meta Platforms,CORP,Y,,,,Menlo Park,CA,94025,Unknown,41.0,OTHER,Other: explntion,Facebook Ads,,N,N,facebook ads,digital
2025,5,2971,P,Buthorn,John,K,H,9,F,,,R0000899,5/6/2025,2025-05-06,Meta Platforms,CORP,Y,,,,Menlo Park,CA,94025,Unknown,46.0,OTHER,Other: explntion,Facebook Ads,,N,N,facebook ads,digital
2025,5,2971,P,Buthorn,John,K,H,9,F,,,R0000908,5/7/2025,2025-05-07,Meta Platforms,CORP,Y,,,,Menlo Park,CA,94025,Unknown,51.0,OTHER,Other: explntion,Facebook Ads,,N,N,facebook ads,digital
2025,5,2971,P,Buthorn,John,K,H,9,F,,,R0000920,5/9/2025,2025-05-09,Meta Platforms,CORP,Y,,,,Menlo Park,CA,94025,Unknown,57.0,OTHER,Other: explntion,Facebook Ads,,N,N,facebook ads,digital
2025,5,2971,P,Buthorn,John,K,H,9,F,,,R0000936,5/11/2025,2025-05-11,Meta Platforms,CORP,Y,,,,Menlo Park,CA,94025,Unknown,63.0,OTHER,Other: explntion,Facebook Ads,,N,N,facebook ads,digital
2025,5,2971,P,Buthorn,John,K,H,9,F,,,R0000942,5/12/2025,2025-05-12,Meta Platforms,CORP,Y,,,,Menlo Park,CA,94025,Unknown,70.0,OTHER,Other: explntion,Facebook Ads,,N,N,facebook ads,digital
2025,5,2971,P,Buthorn,John,K,H,9,F,,,R0000974,5/15/2025,2025-05-15,Meta Platforms,CORP,Y,,,,Menlo Park,CA,94025,Unknown,77.0,OTHER,Other: explntion,Facebook Ads,,N,N,facebook ads,digital
2025,5,2971,P,Buthorn,John,K,H,9,F,,,R0000993,5/19/2025,2025-05-19,Meta Platforms,CORP,Y,,,,Menlo Park,CA,94025,Unknown,94.0,OTHER,Other: explntion,Facebook Ads,,N,N,facebook ads,digital
2025,5,2972,P,Sarantopoulos,George,,H,10,F,,,R0001822,6/3/2025,2025-06-03,Meta Platforms - Facebook,CORP,Y,,,,Menlo Park,CA,94025,Unknown,2.0,OTHER,Other: explntion,Online Ads,,N,N,online ads,digital
2025,5,2972,P,Sarantopoulos,George,,H,10,F,,,R0001825,6/2/2025,2025-06-03,Meta Platforms - Facebook,CORP,Y,,,,Menlo Park,CA,94025,Unknown,2.0,OTHER,Other: explntion,Online Ads,,N,N,online ads,digital
2025,5,2972,P,Sarantopoulos,George,,H,10,F,,,R0001828,6/2/2025,2025-06-03,Meta Platforms - Facebook,CORP,Y,,,,Menlo Park,CA,94025,Unknown,2.0,OTHER,Other: explntion,Online Ads,,N,N,online ads,digital
2025,5,2972,P,Sarantopoulos,George,,H,10,F,,,R0001831,6/2/2025,2025-06-03,Meta Platforms - Facebook,CORP,Y,,,,Menlo Park,CA,94025,Unknown,2.0,OTHER,Other: explntion,Online Ads,,N,N,online ads,digital
2025,5,2972,P,Sarantopoulos,George,,H,10,F,,,R0001834,6/2/2025,2025-06-03,Meta Platforms - Facebook,CORP,Y,,,,Menlo Park,CA,94025,Unknown,2.0,OTHER,Other: explntion,Online Ads,,N,N,online ads,digital
2025,5,2972,P,Sarantopoulos,George,,H,10,F,,,R0001837,6/2/2025,2025-06-03,Meta Platforms - Facebook,CORP,Y,,,,Menlo Park,CA,94025,Unknown,2.0,OTHER,Other: explntion,Online Ads,,N,N,online ads,digital
2025,5,2972,P,Sarantopoulos,George,,H,10,F,,,R0001840,6/2/2025,2025-06-03,Meta Platforms - Facebook,CORP,Y,,,,Menlo Park,CA,94025,Unknown,3.0,OTHER,Other: explntion,Online Ads,,N,N,online ads,digital
2025,5,2972,P,Sarantopoulos,George,,H,10,F,,,R0001843,6/3/2025,2025-06-04,Meta Platforms - Facebook,CORP,Y,,,,Menlo Park,CA,94025,Unknown,3.0,OTHER,Other: explntion,Online Ads,,N,N,online ads,digital
2025,5,2972,P,Sarantopoulos,George,,H,10,F,,,R0001846,6/3/2025,2025-06-04,Meta Platforms - Facebook,CORP,Y,,,,Menlo Park,CA,94025,Unknown,4.0,OTHER,Other: explntion,Online Ads,,N,N,online ads,digital
2025,5,2972,P,Sarantopoulos,George,,H,10,F,,,R0001849,6/3/2025,2025-06-04,Meta Platforms - Facebook,CORP,Y,,,,Menlo Park,CA,94025,Unknown,4.0,OTHER,Other: explntion,Online Ads,,N,N,online ads,digital
2025,5,2972,P,Sarantopoulos,George,,H,10,F,,,R0001852,6/3/2025,2025-06-04,Meta Platforms - Facebook,CORP,Y,,,,Menlo Park,CA,94025,Unknown,5.0,OTHER,Other: explntion,Online Ads,,N,N,online ads,digital
2025,5,2972,P,Sarantopoulos,George,,H,10,F,,,R0001855,6/3/2025,2025-06-04,Meta Platforms - Facebook,CORP,Y,,,,Menlo Park,CA,94025,Unknown,6.0,OTHER,Other: explntion,Online Ads,,N,N,online ads,digital
2025,5,2972,P,Sarantopoulos,George,,H,10,F,,,R0001858,6/3/2025,2025-06-04,Meta Platforms - Facebook,CORP,Y,,,,Menlo Park,CA,94025,Unknown,7.0,OTHER,Other: explntion,Online Ads,,N,N,online ads,digital
2025,5,2972,P,Sarantopoulos,George,,H,10,F,,,R0001861,6/4/2025,2025-06-05,Meta Platforms - Facebook,CORP,Y,,,,Menlo Park,CA,94025,Unknown,8.0,OTHER,Other: explntion,Online Ads,,N,N,online ads,digital
2025,5,2972,P,Sarantopoulos,George,,H,10,F,,,R0001864,6/4/2025,2025-06-05,Meta Platforms - Facebook,CORP,Y,,,,Menlo Park,CA,94025,Unknown,9.0,OTHER,Other: explntion,Online Ads,,N,N,online ads,digital
2025,5,2972,P,Sarantopoulos,George,,H,10,F,,,R0001867,6/4/2025,2025-06-05,Meta Platforms - Facebook,CORP,Y,,,,Menlo Park,CA,94025,Unknown,10.0,OTHER,Other: explntion,Online Ads,,N,N,online ads,digital
2025,5,2972,P,Sarantopoulos,George,,H,10,F,,,R0001870,6/4/2025,2025-06-05,Meta Platforms - Facebook,CORP,Y,,,,Menlo Park,CA,94025,Unknown,250.0,OTHER,Other: explntion,Online Ads,,N,N,online ads,digital
2025,5,2972,P,Sarantopoulos,George,,H,10,F,,,R0001873,6/7/2025,2025-06-09,Meta Platforms - Facebook,CORP,Y,,,,Menlo Park,CA,94025,Unknown,31.64,OTHER,Other: explntion,Online Ads,,N,N,online ads,digital
2025,5,2972,P,Sarantopoulos,George,,H,10,F,,,R0001876,6/8/2025,2025-06-09,Meta Platforms - Facebook,CORP,Y,,,,Menlo Park,CA,94025,Unknown,41.0,OTHER,Other: explntion,Online Ads,,N,N,online ads,digital
2025,5,2972,P,Sarantopoulos,George,,H,10,F,,,R0001879,6/8/2025,2025-06-09,Meta Platforms - Facebook,CORP,Y,,,,Menlo Park,CA,94025,Unknown,46.0,OTHER,Other: explntion,Online Ads,,N,N,online ads,digital
2025,5,2972,P,Sarantopoulos,George,,H,11,F,,,R0002024,6/9/2025,2025-06-10,Meta Platforms - Facebook,CORP,Y,,,,Menlo Park,CA,94025,Unknown,51.0,OTHER,Other: explntion,Online Ads,,N,N,online ads,digital
2025,5,2972,P,Sarantopoulos,George,,H,11,F,,,R0002028,6/10/2025,2025-06-11,Meta Platforms - Facebook,CORP,Y,,,,Menlo Park,CA,94025,Unknown,57.0,OTHER,Other: explntion,Online Ads,,N,N,online ads,digital
2025,5,2972,P,Sarantopoulos,George,,H,11,F,,,R0002032,6/10/2025,2025-06-11,Meta Platforms - Facebook,CORP,Y,,,,Menlo Park,CA,94025,Unknown,63.0,OTHER,Other: explntion,Online Ads,,N,N,online ads,digital
2025,5,2972,P,Sarantopoulos,George,,H,11,F,,,R0002036,6/11/2025,2025-06-12,Meta Platforms - Facebook,CORP,Y,,,,Menlo Park,CA,94025,Unknown,70.0,OTHER,Other: explntion,Online Ads,,N,N,online ads,digital
2025,5,2972,P,Sarantopoulos,George,,H,11,F,,,R0002040,6/12/2025,2025-06-13,Meta Platforms - Facebook,CORP,Y,,,,Menlo Park,CA,94025,Unknown,77.0,OTHER,Other: explntion,Online Ads,,N,N,online ads,digital
2025,5,2972,P,Sarantopoulos,George,,H,11,F,,,R0002045,6/13/2025,2025-06-16,Meta Platforms - Facebook,CORP,Y,,,,Menlo Park,CA,94025,Unknown,85.0,OTHER,Other: explntion,Online Ads,,N,N,online ads,digital
2025,5,2972,P,Sarantopoulos,George,,H,11,F,,,R0002049,6/14/2025,2025-06-16,Meta Platforms - Facebook,CORP,Y,,,,Menlo Park,CA,94025,Unknown,94.0,OTHER,Other: explntion,Online Ads,,N,N,online ads,digital
2025,5,2972,P,Sarantopoulos,George,,H,11,F,,,R0002053,6/15/2025,2025-06-16,Meta Platforms - Facebook,CORP,Y,,,,Menlo Park,CA,94025,Unknown,104.0,OTHER,Other: explntion,Online Ads,,N,N,online ads,digital
2025,5,2972,P,Sarantopoulos,George,,H,11,F,,,R0002057,6/16/2025,2025-06-17,Meta Platforms - Facebook,CORP,Y,,,,Menlo Park,CA,94025,Unknown,115.0,OTHER,Other: explntion,Online Ads,,N,N,online ads,digital
2025,5,2972,P,Sarantopoulos,George,,H,11,F,,,R0002061,6/19/2025,2025-06-20,Meta Platforms - Facebook,CORP,Y,,,,Menlo Park,CA,94025,Unknown,141.1,OTHER,Other: explntion,Online Ads,,N,N,online ads,digital
2025,5,1256,P,Cabrera,Fernando,L,N,9,F,,,R0001712,3/31/2025,2025-03-31,Meta Platforms Inc,OTHR,Y,,,,Menlo Park,CA,94025,Unknown,674.39,OTHER,Other: explntion,Social Media Ads,,N,N,social media ads,digital
2025,5,1256,P,Cabrera,Fernando,L,N,9,F,,,R0001778,4/30/2025,2025-04-30,Meta Platforms Inc,OTHR,Y,,,,Menlo Park,CA,94025,Unknown,696.34,OTHER,Other: explntion,Social Media,,N,N,social media,digital
2025,5,2913,P,Pogozelski,Paul,J,H,10,F,,,R0002307,5/23/2025,2025-05-23,Meta Platforms Inc.,CORP,Y,,,,Menlo Park,CA,94025,Unknown,12.0,OTHER,Other: explntion,digital ad,,N,N,digital ad,digital
2025,5,2913,P,Pogozelski,Paul,J,H,10,F,,,R0002309,5/24/2025,2025-05-24,Meta Platforms Inc.,CORP,Y,,,,Menlo Park,CA,94025,Unknown,18.0,OTHER,Other: explntion,digital ad,,N,N,digital ad,digital
2025,5,2913,P,Pogozelski,Paul,J,H,10,F,,,R0002313,5/26/2025,2025-05-26,Meta Platforms Inc.,CORP,Y,,,,Menlo Park,CA,94025,Unknown,27.0,OTHER,Other: explntion,digital ad,,N,N,digital ad,digital
2025,5,2382,P,Carr,David,M,K,14,F,,,R0007007,10/20/2025,2025-10-20,"Meta Platforms, Inc.",CORP,Y,,,,Menlo Park,CA,94025,Unknown,292.58,OTHER,Other: explntion,Digital Ads,,N,N,digital ads,digital
2025,5,2382,P,Carr,David,M,K,15,F,,,R0007018,10/22/2025,2025-10-22,"Meta Platforms, Inc.",CORP,Y,,,,Menlo Park,CA,94025,Unknown,562.6,OTHER,Other: explntion,Digital Ads,,N,N,digital ads,digital
2025,5,2382,P,Carr,David,M,K,15,F,,,R0007085,10/25/2025,2025-10-25,"Meta Platforms, Inc.",CORP,Y,,,,Menlo Park,CA,94025,Unknown,900.0,OTHER,Other: explntion,Digital Ads,,N,N,digital ads,digital
2025,5,2382,P,Carr,David,M,K,15,F,,,R0007089,10/25/2025,2025-10-25,"Meta Platforms, Inc.",CORP,Y,,,,Menlo Park,CA,94025,Unknown,287.4,OTHER,Other: explntion,Digital Ads,,N,N,digital ads,digital
2025,5,2382,P,Carr,David,M,K,15,F,,,R0007098,10/26/2025,2025-10-26,"Meta Platforms, Inc.",CORP,Y,,,,Menlo Park,CA,94025,Unknown,850.0,OTHER,Other: explntion,Digital Ads,,N,N,digital ads,digital
2025,5,2382,P,Carr,David,M,K,15,F,,,R0007122,10/27/2025,2025-10-27,"Meta Platforms, Inc.",CORP,Y,,,,Menlo Park,CA,94025,Unknown,856.57,OTHER,Other: explntion,Digital Ads,,N,N,digital ads,digital
2025,5,2382,P,Carr,David,M,K,15,F,,,R0007140,10/28/2025,2025-10-28,"Meta Platforms, Inc.",CORP,Y,,,,Menlo Park,CA,94025,Unknown,851.13,OTHER,Other: explntion,Digital Ads,,N,N,digital ads,digital
2025,5,2382,P,Carr,David,M,K,15,F,,,R0007163,10/29/2025,2025-10-29,"Meta Platforms, Inc.",CORP,Y,,,,Menlo Park,CA,94025,Unknown,850.0,OTHER,Other: explntion,Digital Ads,,N,N,digital ads,digital
2025,5,2382,P,Carr,David,M,K,15,F,,,R0007206,10/30/2025,2025-10-30,"Meta Platforms, Inc.",CORP,Y,,,,Menlo Park,CA,94025,Unknown,850.0,OTHER,Other: explntion,Digital Ads,,N,N,digital ads,digital
2025,5,2382,P,Carr,David,M,K,15,F,,,R0007208,10/31/2025,2025-10-31,"Meta Platforms, Inc.",CORP,Y,,,,Menlo Park,CA,94025,Unknown,826.53,OTHER,Other: explntion,Digital Ads,,N,N,digital ads,digital
2025,5,2382,P,Carr,David,M,K,15,F,,,R0007242,11/1/2025,2025-11-01,"Meta Platforms, Inc.",CORP,Y,,,,Menlo Park,CA,94025,Unknown,850.0,OTHER,Other: explntion,Digital Ads,,N,N,digital ads,digital
2025,5,2382,P,Carr,David,M,K,15,F,,,R0007244,11/2/2025,2025-11-02,"Meta Platforms, Inc.",CORP,Y,,,,Menlo Park,CA,94025,Unknown,850.0,OTHER,Other: explntion,Digital Ads,,N,N,digital ads,digital
2025,5,2382,P,Carr,David,M,K,15,F,,,R0007249,11/3/2025,2025-11-03,"Meta Platforms, Inc.",CORP,Y,,,,Menlo Park,CA,94025,Unknown,850.0,OTHER,Other: explntion,Digital Ads,,N,N,digital ads,digital
2025,5,2382,P,Carr,David,M,K,15,F,,,R0007250,11/3/2025,2025-11-03,"Meta Platforms, Inc.",CORP,Y,,,,Menlo Park,CA,94025,Unknown,850.0,OTHER,Other: explntion,Digital Ads,,N,N,digital ads,digital
2025,5,2382,P,Carr,David,M,K,15,F,,,R0007281,11/3/2025,2025-11-03,"Meta Platforms, Inc.",CORP,Y,,,,Menlo Park,CA,94025,Unknown,500.0,OTHER,Other: explntion,Digital Ads,,N,N,digital ads,digital
2025,5,2382,P,Carr,David,M,K,15,F,,,R0007287,11/3/2025,2025-11-03,"Meta Platforms, Inc.",CORP,Y,,,,Menlo Park,CA,94025,Unknown,300.0,OTHER,Other: explntion,Digital Ads,,N,N,digital ads,digital
2025,5,2976,P,Usmanov,Fedir,,H,11,F,,,R0001447,6/14/2025,2025-06-14,"Meta Platforms, Inc.",CORP,Y,,,,Menlo Park,CA,94025,Unknown,2.0,OTHER,Other: explntion,Meta Ads,,N,N,meta ads,digital
2025,5,2976,P,Usmanov,Fedir,,H,11,F,,,R0001450,6/14/2025,2025-06-14,"Meta Platforms, Inc.",CORP,Y,,,,Menlo Park,CA,94025,Unknown,2.0,OTHER,Other: explntion,Meta Ads,,N,N,meta ads,digital
2025,5,2976,P,Usmanov,Fedir,,H,11,F,,,R0001453,6/14/2025,2025-06-14,"Meta Platforms, Inc.",CORP,Y,,,,Menlo Park,CA,94025,Unknown,2.0,OTHER,Other: explntion,Meta Ads,,N,N,meta ads,digital
2025,5,2976,P,Usmanov,Fedir,,H,11,F,,,R0001456,6/14/2025,2025-06-14,"Meta Platforms, Inc.",CORP,Y,,,,Menlo Park,CA,94025,Unknown,2.0,OTHER,Other: explntion,Meta Ads,,N,N,meta ads,digital
2025,5,2976,P,Usmanov,Fedir,,H,11,F,,,R0001459,6/14/2025,2025-06-14,"Meta Platforms, Inc.",CORP,Y,,,,Menlo Park,CA,94025,Unknown,2.0,OTHER,Other: explntion,Meta Ads,,N,N,meta ads,digital
2025,5,2976,P,Usmanov,Fedir,,H,11,F,,,R0001462,6/14/2025,2025-06-14,"Meta Platforms, Inc.",CORP,Y,,,,Menlo Park,CA,94025,Unknown,2.0,OTHER,Other: explntion,Meta Ads,,N,N,meta ads,digital
2025,5,2976,P,Usmanov,Fedir,,H,11,F,,,R0001465,6/14/2025,2025-06-14,"Meta Platforms, Inc.",CORP,Y,,,,Menlo Park,CA,94025,Unknown,2.0,OTHER,Other: explntion,Meta Ads,,N,N,meta ads,digital
2025,5,2976,P,Usmanov,Fedir,,H,11,F,,,R0001468,6/14/2025,2025-06-14,"Meta Platforms, Inc.",CORP,Y,,,,Menlo Park,CA,94025,Unknown,2.0,OTHER,Other: explntion,Meta Ads,,N,N,meta ads,digital
2025,5,2976,P,Usmanov,Fedir,,H,11,F,,,R0001471,6/14/2025,2025-06-14,"Meta Platforms, Inc.",CORP,Y,,,,Menlo Park,CA,94025,Unknown,3.0,OTHER,Other: explntion,Meta Ads,,N,N,meta ads,digital
2025,5,2976,P,Usmanov,Fedir,,H,11,F,,,R0001474,6/14/2025,2025-06-14,"Meta Platforms, Inc.",CORP,Y,,,,Menlo Park,CA,94025,Unknown,3.0,OTHER,Other: explntion,Meta Ads,,N,N,meta ads,digital
2025,5,2976,P,Usmanov,Fedir,,H,11,F,,,R0001477,6/14/2025,2025-06-14,"Meta Platforms, Inc.",CORP,Y,,,,Menlo Park,CA,94025,Unknown,5.0,OTHER,Other: explntion,Meta Ads,,N,N,meta ads,digital
2025,5,2976,P,Usmanov,Fedir,,H,11,F,,,R0001480,6/14/2025,2025-06-14,"Meta Platforms, Inc.",CORP,Y,,,,Menlo Park,CA,94025,Unknown,8.0,OTHER,Other: explntion,Meta Ads,,N,N,meta ads,digital
2025,5,2976,P,Usmanov,Fedir,,H,11,F,,,R0001483,6/15/2025,2025-06-15,"Meta Platforms, Inc.",CORP,Y,,,,Menlo Park,CA,94025,Unknown,8.0,OTHER,Other: explntion,Meta Ads,,N,N,meta ads,digital
2025,5,2976,P,Usmanov,Fedir,,H,11,F,,,R0001486,6/15/2025,2025-06-15,"Meta Platforms, Inc.",CORP,Y,,,,Menlo Park,CA,94025,Unknown,12.0,OTHER,Other: explntion,Meta Ads,,N,N,meta ads,digital
2025,5,2976,P,Usmanov,Fedir,,H,11,F,,,R0001489,6/15/2025,2025-06-15,"Meta Platforms, Inc.",CORP,Y,,,,Menlo Park,CA,94025,Unknown,18.0,OTHER,Other: explntion,Meta Ads,,N,N,meta ads,digital
2025,5,2976,P,Usmanov,Fedir,,H,11,F,,,R0001492,6/15/2025,2025-06-15,"Meta Platforms, Inc.",CORP,Y,,,,Menlo Park,CA,94025,Unknown,27.0,OTHER,Other: explntion,Meta Ads,,N,N,meta ads,digital
2025,5,2976,P,Usmanov,Fedir,,H,11,F,,,R0001495,6/15/2025,2025-06-15,"Meta Platforms, Inc.",CORP,Y,,,,Menlo Park,CA,94025,Unknown,27.0,OTHER,Other: explntion,Meta Ads,,N,N,meta ads,digital
2025,5,2976,P,Usmanov,Fedir,,H,11,F,,,R0001501,6/16/2025,2025-06-16,"Meta Platforms, Inc.",CORP,Y,,,,Menlo Park,CA,94025,Unknown,27.0,OTHER,Other: explntion,Meta Ads,,N,N,meta ads,digital
2025,5,2976,P,Usmanov,Fedir,,H,11,F,,,R0001504,6/16/2025,2025-06-16,"Meta Platforms, Inc.",CORP,Y,,,,Menlo Park,CA,94025,Unknown,30.0,OTHER,Other: explntion,Meta Ads,,N,N,meta ads,digital
2025,5,2976,P,Usmanov,Fedir,,H,11,F,,,R0001507,6/16/2025,2025-06-16,"Meta Platforms, Inc.",CORP,Y,,,,Menlo Park,CA,94025,Unknown,33.0,OTHER,Other: explntion,Meta Ads,,N,N,meta ads,digital
2025,5,2976,P,Usmanov,Fedir,,H,11,F,,,R0001510,6/17/2025,2025-06-17,"Meta Platforms, Inc.",CORP,Y,,,,Menlo Park,CA,94025,Unknown,37.0,OTHER,Other: explntion,Meta Ads,,N,N,meta ads,digital
2025,5,2976,P,Usmanov,Fedir,,H,11,F,,,R0001513,6/17/2025,2025-06-17,"Meta Platforms, Inc.",CORP,Y,,,,Menlo Park,CA,94025,Unknown,41.0,OTHER,Other: explntion,Meta Ads,,N,N,meta ads,digital
2025,5,2976,P,Usmanov,Fedir,,H,11,F,,,R0001516,6/18/2025,2025-06-18,"Meta Platforms, Inc.",CORP,Y,,,,Menlo Park,CA,94025,Unknown,46.0,OTHER,Other: explntion,Meta Ads,,N,N,meta ads,digital
2025,5,2976,P,Usmanov,Fedir,,H,11,F,,,R0001519,6/20/2025,2025-06-20,"Meta Platforms, Inc.",CORP,Y,,,,Menlo Park,CA,94025,Unknown,51.0,OTHER,Other: explntion,Meta Ads,,N,N,meta ads,digital
2025,5,2976,P,Usmanov,Fedir,,H,11,F,,,R0001522,6/20/2025,2025-06-20,"Meta Platforms, Inc.",CORP,Y,,,,Menlo Park,CA,94025,Unknown,57.0,OTHER,Other: explntion,Meta Ads,,N,N,meta ads,digital
2025,5,2976,P,Usmanov,Fedir,,H,11,F,,,R0001525,6/20/2025,2025-06-20,"Meta Platforms, Inc.",CORP,Y,,,,Menlo Park,CA,94025,Unknown,63.0,OTHER,Other: explntion,Meta Ads,,N,N,meta ads,digital
2025,5,2976,P,Usmanov,Fedir,,H,11,F,,,R0001528,6/21/2025,2025-06-21,"Meta Platforms, Inc.",CORP,Y,,,,Menlo Park,CA,94025,Unknown,70.0,OTHER,Other: explntion,Meta Ads,,N,N,meta ads,digital
2025,5,2976,P,Usmanov,Fedir,,H,11,F,,,R0001531,6/21/2025,2025-06-21,"Meta Platforms, Inc.",CORP,Y,,,,Menlo Park,CA,94025,Unknown,77.0,OTHER,Other: explntion,Meta Ads,,N,N,meta ads,digital
2025,5,2976,P,Usmanov,Fedir,,H,11,F,,,R0001534,6/21/2025,2025-06-21,"Meta Platforms, Inc.",CORP,Y,,,,Menlo Park,CA,94025,Unknown,85.0,OTHER,Other: explntion,Meta Ads,,N,N,meta ads,digital
2025,5,2976,P,Usmanov,Fedir,,H,11,F,,,R0001537,6/21/2025,2025-06-21,"Meta Platforms, Inc.",CORP,Y,,,,Menlo Park,CA,94025,Unknown,94.0,OTHER,Other: explntion,Meta Ads,,N,N,meta ads,digital
2025,5,2976,P,Usmanov,Fedir,,H,11,F,,,R0001540,6/22/2025,2025-06-22,"Meta Platforms, Inc.",CORP,Y,,,,Menlo Park,CA,94025,Unknown,104.0,OTHER,Other: explntion,Meta Ads,,N,N,meta ads,digital
2025,5,2976,P,Usmanov,Fedir,,H,11,F,,,R0001543,6/22/2025,2025-06-22,"Meta Platforms, Inc.",CORP,Y,,,,Menlo Park,CA,94025,Unknown,115.0,OTHER,Other: explntion,Meta Ads,,N,N,meta ads,digital
2025,5,2976,P,Usmanov,Fedir,,H,11,F,,,R0001546,6/22/2025,2025-06-22,"Meta Platforms, Inc.",CORP,Y,,,,Menlo Park,CA,94025,Unknown,127.0,OTHER,Other: explntion,Meta Ads,,N,N,meta ads,digital
2025,5,2976,P,Usmanov,Fedir,,H,11,F,,,R0001549,6/22/2025,2025-06-22,"Meta Platforms, Inc.",CORP,Y,,,,Menlo Park,CA,94025,Unknown,140.0,OTHER,Other: explntion,Meta Ads,,N,N,meta ads,digital
2025,5,2976,P,Usmanov,Fedir,,H,11,F,,,R0001552,6/22/2025,2025-06-22,"Meta Platforms, Inc.",CORP,Y,,,,Menlo Park,CA,94025,Unknown,154.0,OTHER,Other: explntion,Meta Ads,,N,N,meta ads,digital
2025,5,2976,P,Usmanov,Fedir,,H,11,F,,,R0001555,6/23/2025,2025-06-23,"Meta Platforms, Inc.",CORP,Y,,,,Menlo Park,CA,94025,Unknown,170.0,OTHER,Other: explntion,Meta Ads,,N,N,meta ads,digital
2025,5,2976,P,Usmanov,Fedir,,H,11,F,,,R0001558,6/23/2025,2025-06-23,"Meta Platforms, Inc.",CORP,Y,,,,Menlo Park,CA,94025,Unknown,187.0,OTHER,Other: explntion,Meta Ads,,N,N,meta ads,digital
2025,5,2976,P,Usmanov,Fedir,,H,11,F,,,R0001561,6/23/2025,2025-06-23,"Meta Platforms, Inc.",CORP,Y,,,,Menlo Park,CA,94025,Unknown,206.0,OTHER,Other: explntion,Meta Ads,,N,N,meta ads,digital
2025,5,2976,P,Usmanov,Fedir,,H,11,F,,,R0001564,6/23/2025,2025-06-23,"Meta Platforms, Inc.",CORP,Y,,,,Menlo Park,CA,94025,Unknown,227.0,OTHER,Other: explntion,Meta Ads,,N,N,meta ads,digital
2025,5,2976,P,Usmanov,Fedir,,H,11,F,,,R0001567,6/23/2025,2025-06-23,"Meta Platforms, Inc.",CORP,Y,,,,Menlo Park,CA,94025,Unknown,250.0,OTHER,Other: explntion,Meta Ads,,N,N,meta ads,digital
2025,5,2976,P,Usmanov,Fedir,,H,11,F,,,R0001570,6/23/2025,2025-06-23,"Meta Platforms, Inc.",CORP,Y,,,,Menlo Park,CA,94025,Unknown,275.0,OTHER,Other: explntion,Meta Ads,,N,N,meta ads,digital
2025,5,2976,P,Usmanov,Fedir,,H,11,F,,,R0001574,6/24/2025,2025-06-24,"Meta Platforms, Inc.",CORP,Y,,,,Menlo Park,CA,94025,Unknown,303.0,OTHER,Other: explntion,Meta Ads,,N,N,meta ads,digital
2025,5,2976,P,Usmanov,Fedir,,H,11,F,,,R0001579,6/24/2025,2025-06-24,"Meta Platforms, Inc.",CORP,Y,,,,Menlo Park,CA,94025,Unknown,334.0,OTHER,Other: explntion,Meta Ads,,N,N,meta ads,digital
2025,5,2976,P,Usmanov,Fedir,,H,11,F,,,R0001585,6/26/2025,2025-06-26,"Meta Platforms, Inc.",CORP,Y,,,,Menlo Park,CA,94025,Unknown,368.0,OTHER,Other: explntion,Meta Ads,,N,N,meta ads,digital
2025,5,2998,P,Shea,John,E,H,13,F,,,R0001235,9/26/2025,2025-09-26,"Meta Platforms, Inc.",CORP,Y,,,,Menlo Park,CA,94025,Unknown,900.0,OTHER,Other: explntion,Digital Ad,,N,N,digital ad,digital
2025,5,2998,P,Shea,John,E,H,13,F,,,R0001236,9/13/2025,2025-09-13,"Meta Platforms, Inc.",CORP,Y,,,,Menlo Park,CA,94025,Unknown,281.34,OTHER,Other: explntion,Digital Ad,,N,N,digital ad,digital
2025,5,2998,P,Shea,John,E,H,13,F,,,R0001237,9/13/2025,2025-09-13,"Meta Platforms, Inc.",CORP,Y,,,,Menlo Park,CA,94025,Unknown,77.64,OTHER,Other: explntion,Digital Ad,,N,N,digital ad,digital
2025,5,2998,P,Shea,John,E,H,14,F,,,R0001352,10/7/2025,2025-10-07,"Meta Platforms, Inc.",CORP,Y,,,,Menlo Park,CA,94025,Unknown,900.0,OTHER,Other: explntion,Digital Ads,,N,N,digital ads,digital
2025,5,2998,P,Shea,John,E,H,14,F,,,R0001354,10/8/2025,2025-10-08,"Meta Platforms, Inc.",CORP,Y,,,,Menlo Park,CA,94025,Unknown,319.0,OTHER,Other: explntion,Digital Ads,,N,N,digital ads,digital
2025,5,2998,P,Shea,John,E,H,14,F,,,R0001358,10/9/2025,2025-10-09,"Meta Platforms, Inc.",CORP,Y,,,,Menlo Park,CA,94025,Unknown,361.0,OTHER,Other: explntion,Digital Ads,,N,N,digital ads,digital
2025,5,2998,P,Shea,John,E,H,14,F,,,R0001362,10/11/2025,2025-10-11,"Meta Platforms, Inc.",CORP,Y,,,,Menlo Park,CA,94025,Unknown,361.0,OTHER,Other: explntion,Digital Ads,,N,N,digital ads,digital
2025,5,2998,P,Shea,John,E,H,14,F,,,R0001365,10/12/2025,2025-10-12,"Meta Platforms, Inc.",CORP,Y,,,,Menlo Park,CA,94025,Unknown,390.0,OTHER,Other: explntion,Digital Ads,,N,N,digital ads,digital
2025,5,2998,P,Shea,John,E,H,15,F,,,R0001447,10/26/2025,2025-10-26,"Meta Platforms, Inc.",CORP,Y,,,,Menlo Park,CA,94025,Unknown,415.0,OTHER,Other: explntion,Digital Ads,,N,N,digital ads,digital
2025,5,2998,P,Shea,John,E,H,15,F,,,R0001448,10/27/2025,2025-10-27,"Meta Platforms, Inc.",CORP,Y,,,,Menlo Park,CA,94025,Unknown,441.0,OTHER,Other: explntion,Digital Ads,,N,N,digital ads,digital
2025,5,2998,P,Shea,John,E,H,15,F,,,R0001449,10/28/2025,2025-10-28,"Meta Platforms, Inc.",CORP,Y,,,,Menlo Park,CA,94025,Unknown,468.0,OTHER,Other: explntion,Digital Ads,,N,N,digital ads,digital
2025,5,2998,P,Shea,John,E,H,15,F,,,R0001459,10/29/2025,2025-10-29,"Meta Platforms, Inc.",CORP,Y,,,,Menlo Park,CA,94025,Unknown,514.53,OTHER,Other: explntion,Digital Ads,,N,N,digital ads,digital
2025,5,2998,P,Shea,John,E,H,15,F,,,R0001462,10/30/2025,2025-10-30,"Meta Platforms, Inc.",CORP,Y,,,,Menlo Park,CA,94025,Unknown,648.92,OTHER,Other: explntion,Digital Ads,,N,N,digital ads,digital
2025,5,2998,P,Shea,John,E,H,15,F,,,R0001468,10/31/2025,2025-10-31,"Meta Platforms, Inc.",CORP,Y,,,,Menlo Park,CA,94025,Unknown,109.75,OTHER,Other: explntion,Digital Ads,,N,N,digital ads,digital
2025,5,2998,P,Shea,John,E,H,15,F,,,R0001474,10/31/2025,2025-10-31,"Meta Platforms, Inc.",CORP,Y,,,,Menlo Park,CA,94025,Unknown,496.24,OTHER,Other: explntion,Digital Ads,,N,N,digital ads,digital
2025,5,2998,P,Shea,John,E,H,15,F,,,R0001485,11/3/2025,2025-11-03,"Meta Platforms, Inc.",CORP,Y,,,,Menlo Park,CA,94025,Unknown,652.0,OTHER,Other: explntion,Digital Ads,,N,N,digital ads,digital
2025,5,2998,P,Shea,John,E,H,15,F,,,R0001488,11/2/2025,2025-11-02,"Meta Platforms, Inc.",CORP,Y,,,,Menlo Park,CA,94025,Unknown,588.0,OTHER,Other: explntion,Digital Ads,,N,N,digital ads,digital
2025,5,2998,P,Shea,John,E,H,16,F,,,R0001573,11/3/2025,2025-11-03,"Meta Platforms, Inc.",CORP,Y,,,,Menlo Park,CA,94025,Unknown,687.53,OTHER,Other: explntion,Digital Ads,,N,N,digital ads,digital
2025,5,2998,P,Shea,John,E,H,16,F,,,R0001576,11/2/2025,2025-11-02,"Meta Platforms, Inc.",CORP,Y,,,,Menlo Park,CA,94025,Unknown,596.47,OTHER,Other: explntion,Digital Ads,,N,N,digital ads,digital
2025,5,2998,P,Shea,John,E,H,16,F,,,R0001578,10/31/2025,2025-10-31,"Meta Platforms, Inc.",CORP,Y,,,,Menlo Park,CA,94025,Unknown,497.38,OTHER,Other: explntion,Digital Ads,,N,N,digital ads,digital
2025,5,2327,P,Riley,Kevin,C,L,11,F,,,R0011234,6/21/2025,2025-06-27,My Brnd Inc,OTHR,Y,,,,New York,NY,10018,Unknown,10000.0,OTHER,Other: explntion,Online Ads,,N,N,online ads,digital
2025,3,1990,P,Brannan,Justin,,N,11,F,,,R0030120,6/15/2025,2025-06-16,New York Voice,LLC,Y,,,,Bronx,NY,10475,Unknown,1300.0,OTHER,Other: explntion,Digital Advertising,,N,N,digital advertising,digital
2025,1,2899,P,Mamdani,Zohran,K,H,15,F,,,R0224070,10/14/2025,2025-10-22,NYC Nepal Community Media Newo,CORP,Y,,,,Corona,NY,11368,Unknown,1500.0,OTHER,Other: explntion,Digital Ads,,N,N,digital ads,digital
2025,1,2993,P,Cuomo,Andrew,M,H,12,F,,,R0033763,7/26/2025,2025-08-05,Our Hillside,CORP,Y,,,,New York,NY,10012,Unknown,35000.0,OTHER,Other: explntion,Social Media,,N,N,social media,digital
2025,1,2993,P,Cuomo,Andrew,M,H,13,F,,,R0036998,8/26/2025,2025-08-28,Our Hillside,CORP,Y,,,,New York,NY,10012,Unknown,35000.0,OTHER,Other: explntion,Social Media,,N,N,social media,digital
2025,1,2897,P,Manning,James,L,H,15,F,,,R0002806,2/11/2025,2025-10-17,Patch Media,CORP,Y,,,,New York,NY,10001,Unknown,2000.0,OTHER,Other: explntion,Online Ads,,N,N,online ads,digital
2025,1,2897,P,Manning,James,L,H,16,N,,,R0000572,,2025-02-11,Patch Media,CORP,Y,,,,New York,NY,10001,,43000.0,OTHER,Other: explntion,Online Ads,,N,N,online ads,digital
2025,5,2949,P,Morano,Frank,,I,11,F,,,R0001745,6/23/2025,2025-06-23,Politika,CORP,Y,,,,Staten Island,NY,10307,Unknown,2500.0,OTHER,Other: explntion,online ads,,N,N,online ads,digital
2025,5,2918,P,Santosuosso,Kayla,,H,10,F,,,R0002216,6/5/2025,2025-06-06,Power Play Strategies,CORP,Y,,,,Southampton,NY,11968,Unknown,10000.0,OTHER,Other: explntion,Digital Advertising,,N,N,digital advertising,digital
2025,5,2918,P,Santosuosso,Kayla,,H,11,F,,,R0002377,6/12/2025,2025-06-17,Power Play Strategies,CORP,Y,,,,Southampton,NY,11968,Unknown,14000.0,OTHER,Other: explntion,Digital Advertising,,N,N,digital advertising,digital
2025,5,2918,P,Santosuosso,Kayla,,H,14,F,,,R0004621,10/14/2025,2025-10-16,Power Play Strategies,CORP,Y,,,,Southampton,NY,11968,Unknown,9000.0,OTHER,Other: explntion,Digital Advertising,,N,N,digital advertising,digital
2025,5,2918,P,Santosuosso,Kayla,,H,15,F,,,R0004799,10/30/2025,2025-11-03,Power Play Strategies,CORP,Y,,,,Southampton,NY,11968,Unknown,8000.0,OTHER,Other: explntion,Digital Advertising,,N,N,digital advertising,digital
2025,5,1159,P,Narcisse,Mercedes,,L,10,F,,,R0006373,5/30/2025,2025-06-02,Raven Strategies,CORP,Y,,,,Brooklyn,NY,11232,Unknown,16392.0,OTHER,Other: explntion,Digital Ads,,N,N,digital ads,digital
2025,5,1159,P,Narcisse,Mercedes,,L,10,F,,,R0006507,6/6/2025,2025-06-06,Raven Strategies,CORP,Y,,,,Brooklyn,NY,11232,Unknown,7888.65,OTHER,Other: explntion,Social Media Ads,,N,N,social media ads,digital
2025,5,1159,P,Narcisse,Mercedes,,L,15,F,,,R0007767,10/21/2025,2025-10-21,Raven Strategies,CORP,Y,,,,Brooklyn,NY,11232,Unknown,5000.0,OTHER,Other: explntion,Digital Ads,,N,N,digital ads,digital
2025,4,1597,P,Edwards,Khari,,J,10,F,,,R0015882,5/30/2025,2025-05-30,Raven Strategies,CORP,Y,,,,Brooklyn,NY,11232,Unknown,9500.0,OTHER,Other: explntion,Social Media Ads,,N,N,social media ads,digital
2025,4,1597,P,Edwards,Khari,,J,11,F,,,R0016325,6/11/2025,2025-06-18,Raven Strategies,CORP,Y,,,,Brooklyn,NY,11232,Unknown,63000.0,OTHER,Other: explntion,Digital & Social Ads,,N,N,digital & social ads,digital
2025,4,1597,P,Edwards,Khari,,J,6,F,,,R0009294,8/12/2024,2024-08-12,Raven Strategies,CORP,Y,,,,Brooklyn,NY,11232,Unknown,15619.24,OTHER,Other: explntion,Digital Ads,,N,N,digital ads,digital
2025,4,1597,P,Edwards,Khari,,J,9,F,,,R0013788,3/31/2025,2025-03-31,Raven Strategies,CORP,Y,,,,Brooklyn,NY,11232,Unknown,65000.0,OTHER,Other: explntion,Digital Ads,,N,N,digital ads,digital
2025,4,1597,P,Edwards,Khari,,J,9,F,,,R0014203,4/22/2025,2025-04-22,Raven Strategies,CORP,Y,,,,Brooklyn,NY,11232,Unknown,384.39,OTHER,Other: explntion,Meta Ads,,N,N,meta ads,digital
2025,4,1597,P,Edwards,Khari,,J,9,F,,,R0014971,5/15/2025,2025-05-15,Raven Strategies,CORP,Y,,,,Brooklyn,NY,11232,Unknown,1996.0,OTHER,Other: explntion,Meta Ads,,N,N,meta ads,digital
2025,4,1597,P,Edwards,Khari,,J,9,F,,,R0015765,5/19/2025,2025-05-19,Raven Strategies,CORP,Y,,,,Brooklyn,NY,11232,Unknown,30000.0,OTHER,Other: explntion,Digital Ads,,N,N,digital ads,digital
2025,5,2246,P,Joseph,Rita,C,K,6,F,,,R0009870,7/25/2024,2024-07-26,"Raven Strategies, Inc.",CORP,Y,,,,Brooklyn,NY,11232,Unknown,2957.0,OTHER,Other: explntion,Digital Ads,,N,N,digital ads,digital
2025,5,2243,P,Abreu,Shaun,,K,15,F,,,R0011662,10/30/2025,2025-10-30,Red Horse Strategies,CORP,Y,,,,Brooklyn,NY,11201,Unknown,20000.0,OTHER,Other: explntion,Digital ads,,N,N,digital ads,digital
2025,5,2455,P,Restler,Lincoln,,K,11,F,,,R0003974,6/20/2025,2025-06-20,Red Horse Strategies,CORP,Y,,,,Brooklyn Heights,NY,11201,Unknown,2000.0,OTHER,Other: explntion,digital ad,,N,N,digital ad,digital
2025,5,2902,P,Aldebol,Shirley,,H,12,F,,,R0003276,6/8/2025,2025-08-18,Red Horse Strategies,OTHR,Y,,,,Brooklyn Heights,NY,11201,Unknown,15000.0,OTHER,Other: explntion,Digital Ads,,N,N,digital ads,digital
2025,5,2902,P,Aldebol,Shirley,,H,13,F,,,R0003277,6/8/2025,2025-08-19,Red Horse Strategies,OTHR,Y,,,,Brooklyn Heights,NY,11201,Unknown,5000.0,OTHER,Other: explntion,Digital Ads,,N,N,digital ads,digital
2025,1,2993,P,Cuomo,Andrew,M,H,10,F,,,R0029678,6/3/2025,2025-06-03,Renaissance Campaign Strategie,CORP,Y,,,,Tampa,FL,33613,Unknown,143421.8,OTHER,Other: explntion,Digital Buy,,N,N,digital buy,digital
2025,1,2993,P,Cuomo,Andrew,M,H,11,F,,,R0030608,6/11/2025,2025-06-12,Renaissance Campaign Strategie,CORP,Y,,,,Tampa,FL,33613,Unknown,170203.66,OTHER,Other: explntion,Digital Buy,,N,N,digital buy,digital
2025,1,2993,P,Cuomo,Andrew,M,H,11,F,,,R0031654,6/20/2025,2025-06-20,Renaissance Campaign Strategie,CORP,Y,,,,Tampa,FL,33613,Unknown,221572.2,OTHER,Other: explntion,Digital Buy,,N,N,digital buy,digital
2025,1,2993,P,Cuomo,Andrew,M,H,13,F,,,R0036119,6/25/2025,2025-08-19,Renaissance Campaign Strategie,CORP,Y,,,,Tampa,FL,33613,Unknown,82000.0,OTHER,Other: explntion,Digital Adverstising,,N,N,digital adverstising,digital
2025,1,2993,P,Cuomo,Andrew,M,H,11,F,,,R0031756,6/21/2025,2025-06-23,Run With It Creative LLC,LLC,Y,,,,Greeley,PA,18425,Unknown,14000.0,OTHER,Other: explntion,Social Media,,N,N,social media,digital
2025,1,2993,P,Cuomo,Andrew,M,H,9,F,,,R0027491,3/24/2025,2025-05-19,Run With It Creative LLC,LLC,Y,,,,Greeley,PA,18425,Unknown,10450.0,OTHER,Other: explntion,Social Media,,N,N,social media,digital
2025,1,2993,P,Cuomo,Andrew,M,H,9,F,,,R0027492,5/12/2025,2025-05-19,Run With It Creative LLC,LLC,Y,,,,Greeley,PA,18425,Unknown,7000.0,OTHER,Other: explntion,Social Media,,N,N,social media,digital
2025,1,2993,P,Cuomo,Andrew,M,H,14,F,,,R0051539,10/6/2025,2025-10-07,Sing Tao Newspapers LTD,OTHR,Y,,,,New York,NY,10013,Unknown,8103.94,OTHER,Other: explntion,Digital Ads,,N,N,digital ads,digital
2025,4,1597,P,Edwards,Khari,,J,9,F,,,R0013851,3/28/2025,2025-04-03,Social Impact Strategies,CORP,Y,,,,Bronx,NY,10475,Unknown,4500.0,OTHER,Other: explntion,Digital Ads,,N,N,digital ads,digital
2025,1,1545,P,Adams,Eric,L,N,14,F,,,R0110123,8/20/2025,2025-10-07,SURFSIDE SOLUTIONS INC.,LLC,Y,,,,New York,NY,10003,Unknown,31987.0,OTHER,Other: explntion,Digital Ads,,N,N,digital ads,digital
2025,1,1545,P,Adams,Eric,L,N,14,F,,,R0110128,9/23/2025,2025-10-07,SURFSIDE SOLUTIONS INC.,LLC,Y,,,,New York,NY,10003,Unknown,30955.0,OTHER,Other: explntion,digital ads,,N,N,digital ads,digital
2025,1,1545,P,Adams,Eric,L,N,14,F,,,R0110131,7/31/2025,2025-10-08,SURFSIDE SOLUTIONS INC.,LLC,Y,,,,New York,NY,10003,Unknown,31987.0,OTHER,Other: explntion,digital ads,,N,N,digital ads,digital
2025,5,2423,P,Vernikov,Inna,,J,15,F,,,R0010270,6/24/2025,2025-09-23,Sy Alerts LLC,LLC,Y,,,,Brooklyn,NY,11223,Unknown,1000.0,OTHER,Other: explntion,Social Media,,N,N,social media,digital
2025,1,2993,P,Cuomo,Andrew,M,H,14,F,,,R0052936,10/9/2025,2025-10-14,The African Journal,CORP,Y,,,,Bronx,NY,10456,Unknown,2880.0,OTHER,Other: explntion,Online Ads,,N,N,online ads,digital
2025,5,2874,P,Coleman,Jess,K,H,11,F,,,R0003138,6/11/2025,2025-06-18,The Broadsheet Inc,CORP,Y,,,,New York,NY,10280,Unknown,600.0,OTHER,Other: explntion,Digital Ad,,N,N,digital ad,digital
2025,5,2913,P,Pogozelski,Paul,J,H,10,F,,,R0002406,6/2/2025,2025-06-02,"The Expeditionem Group, Inc.",CORP,Y,,,,Middle Village,NY,11379,Unknown,5500.0,OTHER,Other: explntion,Digital Ads,,N,N,digital ads,digital
2025,5,433,P,Schulman,Lynn,,M,14,F,,,R0010568,10/15/2025,2025-10-20,"The Hamilton Campaign Network,",LLC,Y,,,,New York,NY,10034,Unknown,15000.0,OTHER,Other: explntion,Digital Media,,N,N,digital media,digital
2025,5,2343,P,Ung,Sandra,,K,15,F,,,R0002132,10/24/2025,2025-10-29,The Parkside Group,CORP,Y,,,,New York,NY,10038,Unknown,10000.0,OTHER,Other: explntion,digital ads,,N,N,digital ads,digital
2025,5,2343,P,Ung,Sandra,,K,15,F,,,R0002159,10/31/2025,2025-11-04,The Parkside Group,CORP,Y,,,,New York,NY,10038,Unknown,5000.0,OTHER,Other: explntion,digital ads,,N,N,digital ads,digital
2025,5,2871,P,Smyth,Dermot,,H,10,F,,,R0002169,5/15/2025,2025-05-29,"Threshold Group, Inc",CORP,Y,,,,New York,NY,10017,Unknown,3150.0,OTHER,Other: explntion,Digital Advertising,,N,N,digital advertising,digital
2025,5,2871,P,Smyth,Dermot,,H,11,F,,,R0002339,6/16/2025,2025-06-20,"Threshold Group, Inc",CORP,Y,,,,New York,NY,10017,Unknown,7000.0,OTHER,Other: explntion,Digital Advertising,,N,N,digital advertising,digital
2025,5,2871,P,Smyth,Dermot,,H,9,F,,,R0001974,4/18/2025,2025-04-19,"Threshold Group, Inc",CORP,Y,,,,New York,NY,10017,Unknown,5000.0,OTHER,Other: explntion,Digital Advertising,,N,N,digital advertising,digital
2025,2,1227,P,Williams,Jumaane,D,R,10,F,,,R0048462,5/14/2025,2025-06-03,Trip Yang Strategies LLC,LLC,Y,,,,Brooklyn,NY,11232,Unknown,4312.5,OTHER,Other: explntion,Online Ad,,N,N,online ad,digital
2025,5,2206,P,Krishnan,Shekar,,K,15,F,,,R0011716,10/28/2025,2025-10-28,Van Ness Creative Strategies,CORP,Y,,,,HUNTINGTN STA,NY,11747,Unknown,15000.0,OTHER,Other: explntion,digital ads,,N,N,digital ads,digital
2025,5,1987,P,Marte,Christopher,,L,11,F,,,R0021172,6/13/2025,2025-06-13,Vibe Advertising,CORP,Y,,,,Chicago,IL,60613,Unknown,100.0,OTHER,Other: explntion,Digital ads,,N,N,digital ads,digital
2025,5,1987,P,Marte,Christopher,,L,11,F,,,R0021176,6/16/2025,2025-06-16,Vibe Advertising,CORP,Y,,,,Chicago,IL,60613,Unknown,500.0,OTHER,Other: explntion,Digital ads,,N,N,digital ads,digital
2025,5,1987,P,Marte,Christopher,,L,11,F,,,R0021180,6/16/2025,2025-06-16,Vibe Advertising,CORP,Y,,,,Chicago,IL,60613,Unknown,500.0,OTHER,Other: explntion,Digital ads,,N,N,digital ads,digital
2025,5,1987,P,Marte,Christopher,,L,11,F,,,R0021188,6/18/2025,2025-06-18,Vibe Advertising,CORP,Y,,,,Chicago,IL,60613,Unknown,500.0,OTHER,Other: explntion,Digital ads,,N,N,digital ads,digital
2025,5,1987,P,Marte,Christopher,,L,11,F,,,R0021209,6/23/2025,2025-06-23,Vibe Advertising,CORP,Y,,,,Chicago,IL,60613,Unknown,500.0,OTHER,Other: explntion,Digital ads,,N,N,digital ads,digital
2025,5,1987,P,Marte,Christopher,,L,11,F,,,R0021211,6/23/2025,2025-06-23,Vibe Advertising,CORP,Y,,,,Chicago,IL,60613,Unknown,500.0,OTHER,Other: explntion,Digital ads,,N,N,digital ads,digital
2025,5,1987,P,Marte,Christopher,,L,11,F,,,R0021215,6/24/2025,2025-06-24,Vibe Advertising,CORP,Y,,,,Chicago,IL,60613,Unknown,500.0,OTHER,Other: explntion,Digital ads,,N,N,digital ads,digital
2025,5,1987,P,Marte,Christopher,,L,11,F,,,R0021217,6/25/2025,2025-06-25,Vibe Advertising,CORP,Y,,,,Chicago,IL,60613,Unknown,500.0,OTHER,Other: explntion,Digital ads,,N,N,digital ads,digital
2025,5,1987,P,Marte,Christopher,,L,12,F,,,R0021418,7/25/2025,2025-07-25,Vibe Advertising,CORP,Y,,,,Chicago,IL,60613,Unknown,96.82,OTHER,Other: explntion,Digital ads,,N,N,digital ads,digital
2025,5,3010,P,Bonsell,Alina,,H,11,F,,,R0000917,6/30/2025,2025-06-30,WIX,CORP,Y,,,,,,,Unknown,163.3,OTHER,Other: explntion,Google ads,,N,N,google ads,digital
2025,5,3010,P,Bonsell,Alina,,H,12,F,,,R0001583,7/30/2025,2025-07-30,WIX,CORP,Y,,,,,,,Unknown,163.3,OTHER,Other: explntion,Google Ads,,N,N,google ads,digital
2025,5,3010,P,Bonsell,Alina,,H,13,F,,,R0002953,8/29/2025,2025-09-02,WIX,CORP,Y,,,,,,,Unknown,163.3,OTHER,Other: explntion,Google ads,,N,N,google ads,digital
2025,5,3010,P,Bonsell,Alina,,H,14,F,,,R0003630,9/29/2025,2025-09-30,WIX,CORP,Y,,,,,,,Unknown,163.3,OTHER,Other: explntion,Google ads,,N,N,google ads,digital
2025,5,3010,P,Bonsell,Alina,,H,15,F,,,R0004395,10/29/2025,2025-10-30,WIX,CORP,Y,,,,,,,Unknown,163.3,OTHER,Other: explntion,Google ads,,N,N,google ads,digital
2025,5,2917,P,Thompson,Collin,L,H,10,F,,,R0001174,5/23/2025,2025-05-23,X Corp,CORP,Y,,,,,,,Unknown,8.71,OTHER,Other: explntion,digital ads,,N,N,digital ads,digital
2025,5,2917,P,Thompson,Collin,L,H,11,F,,,R0001328,6/23/2025,2025-06-23,X Corp,CORP,Y,,,,,,,Unknown,8.71,OTHER,Other: explntion,Digital Ads,,N,N,digital ads,digital
2025,5,2917,P,Thompson,Collin,L,H,8,F,,,R0000425,3/6/2025,2025-03-06,X Corp,CORP,Y,,,,,,,Unknown,27.77,OTHER,Other: explntion,Social Media Ads,,N,N,social media ads,digital
2025,5,2917,P,Thompson,Collin,L,H,8,F,,,R0000426,2/25/2025,2025-02-25,X Corp,CORP,Y,,,,,,,Unknown,7.13,OTHER,Other: explntion,Social Media Ads,,N,N,social media ads,digital
2025,5,2917,P,Thompson,Collin,L,H,8,F,,,R0000427,2/22/2025,2025-02-24,X Corp,CORP,Y,,,,,,,Unknown,15.91,OTHER,Other: explntion,Social Media Ads,,N,N,social media ads,digital
2025,5,2917,P,Thompson,Collin,L,H,8,F,,,R0000428,1/30/2025,2025-01-30,X Corp,CORP,Y,,,,,,,Unknown,50.67,OTHER,Other: explntion,Social Media Ads,,N,N,social media ads,digital
2025,5,2917,P,Thompson,Collin,L,H,8,F,,,R0000429,1/27/2025,2025-01-27,X Corp,CORP,Y,,,,,,,Unknown,160.0,OTHER,Other: explntion,Social Media Ads,,N,N,social media ads,digital
2025,5,2917,P,Thompson,Collin,L,H,9,F,,,R0000743,3/14/2025,2025-03-14,X Corp,CORP,Y,,,,,,,Unknown,169.72,OTHER,Other: explntion,Social Media Ads,,N,N,social media ads,digital
2025,5,2917,P,Thompson,Collin,L,H,9,F,,,R0000854,5/7/2025,2025-05-08,X Corp,CORP,Y,,,,,,,Unknown,8.32,OTHER,Other: explntion,Digital Ads,,N,N,digital ads,digital
2025,5,2917,P,Thompson,Collin,L,H,9,F,,,R0000922,4/16/2025,2025-04-17,X Corp,CORP,Y,,,,,,,Unknown,46.46,OTHER,Other: explntion,Digital Ads,,N,N,digital ads,digital
2025,5,2917,P,Thompson,Collin,L,H,9,F,,,R0000951,4/23/2025,2025-04-23,X Corp,CORP,Y,,,,,,,Unknown,8.71,OTHER,Other: explntion,Digital Ads,,N,N,digital ads,digital
2025,5,2917,P,Thompson,Collin,L,H,9,F,,,R0000977,3/23/2025,2025-03-24,X Corp,CORP,Y,,,,,,,Unknown,8.71,OTHER,Other: explntion,Digital Ads,,N,N,digital ads,digital
2025,5,2917,P,Thompson,Collin,L,H,9,F,,,R0000980,5/15/2025,2025-05-16,X Corp,CORP,Y,,,,,,,Unknown,80.19,OTHER,Other: explntion,Digital Ads,,N,N,digital ads,digital
2025,1,2881,P,Alny,Joe,,H,13,F,,,R0000332,9/8/2025,2025-09-08,"X, Corp.",OTHR,Y,,,,Bastrop,TX,78602,Unknown,40.0,OTHER,Other: explntion,Social Media,,N,N,social media,digital
