ELECTION,SPENDERID,SPENDER_NAME,COMM_ID,COMM_NAME,COMM_DATE,COMM_PURPOSECD,COMM_PURPOSE,COMM_AMNT,EXP_ID,EXP_DATE,EXP_PURPOSECD,EXP_PURPOSE,EXP_AMNT,VENDOR_NAME,VENDOR_CITY,VENDOR_STATE,VENDOR_ZIP,PAYMENT_DATE,PAYMENT_AMNT,PAYMENT_BY_NAME,PAYMENT_BY_ID
2025,Z194,Affordable New York,6273,Multiple Candidate Social Media Ads,6/17/2025,INTAD,Internet - Display/Banner,237500,10775,6/17/2025,ADBUY,Advertising Buy/Placement,100000.00,Manhattan Strategies LLC,New York,NY,10017,6/18/2025,100000.00,Independent Spender,0
2025,Z194,Affordable New York,6273,Multiple Candidate Social Media Ads,6/17/2025,INTAD,Internet - Display/Banner,237500,11138,6/21/2025,ADBUY,Advertising Buy/Placement,100000.00,Manhattan Strategies LLC,New York,NY,10017,6/21/2025,100000.00,Independent Spender,0
2025,Z194,Affordable New York,6273,Multiple Candidate Social Media Ads,6/17/2025,INTAD,Internet - Display/Banner,237500,11139,6/21/2025,ADBUY,Advertising Buy/Placement,37500.00,Manhattan Strategies LLC,New York,NY,10017,6/21/2025,37500.00,Independent Spender,0
2025,Z194,Affordable New York,5753,Multiple Candidates TV Ad,6/9/2025,TVADS,Video (TV/Cable),1084100,9973,6/9/2025,DESIGN,Design / Graphics / Photography,10000.00,"CLOVERDALE, Inc.",New York,NY,10001,6/9/2025,10000.00,Independent Spender,0
2025,Z194,Affordable New York,5753,Multiple Candidates TV Ad,6/9/2025,TVADS,Video (TV/Cable),1084100,9974,6/9/2025,ADPROD,Advertising Production,36600.00,"CLOVERDALE, Inc.",New York,NY,10001,6/9/2025,36600.00,Independent Spender,0
2025,Z194,Affordable New York,5753,Multiple Candidates TV Ad,6/9/2025,TVADS,Video (TV/Cable),1084100,11137,6/21/2025,ADBUY,Advertising Buy/Placement,37500.00,Manhattan Strategies LLC,New York,NY,10017,6/21/2025,37500.00,Independent Spender,0
2025,Z194,Affordable New York,5753,Multiple Candidates TV Ad,6/9/2025,TVADS,Video (TV/Cable),1084100,9972,6/9/2025,ADBUY,Advertising Buy/Placement,1000000.00,"Shule Media & Marketing, Inc.",Arlington,VA,22201,6/9/2025,1000000.00,Independent Spender,0
2025,Z229,Anyone But Mamdani,7151,Bo at Library,10/17/2025,INTVID,Video (Internet),15132,12556,10/17/2025,ADBUY,Advertising Buy/Placement,5000.00,Blockboard,New York,NY,10036,10/21/2025,5000.00,Independent Spender,0
2025,Z229,Anyone But Mamdani,7151,Bo at Library,10/17/2025,INTVID,Video (Internet),15132,12974,10/24/2025,ADBUY,Advertising Buy/Placement,5000.00,Blockboard,New York,NY,10036,,0.00,,0
2025,Z229,Anyone But Mamdani,7151,Bo at Library,10/17/2025,INTVID,Video (Internet),15132,12553,10/23/2025,ADBUY,Advertising Buy/Placement,132.00,"Meta Platforms, Inc",Menlo Park,CA,94025,10/23/2025,132.00,Independent Spender,0
2025,Z229,Anyone But Mamdani,7151,Bo at Library,10/17/2025,INTVID,Video (Internet),15132,12278,10/17/2025,ADBUY,Advertising Buy/Placement,5000.00,Pixaura Digital LLC,Cleveland,OH,44193,,0.00,,0
2025,Z229,Anyone But Mamdani,7026,Bo in Bronx,9/29/2025,INTVID,Video (Internet),700,12113,9/29/2025,ADPROD,Advertising Production,700.00,LiveONETV Video Field Services`,Astoria,NY,11102,9/29/2025,350.00,Independent Spender,0
2025,Z229,Anyone But Mamdani,7026,Bo in Bronx,9/29/2025,INTVID,Video (Internet),700,12113,9/29/2025,ADPROD,Advertising Production,700.00,LiveONETV Video Field Services`,Astoria,NY,11102,10/2/2025,350.00,Independent Spender,0
2025,Z229,Anyone But Mamdani,6993,Bo in Harlem,9/26/2025,INTVID,Video (Internet),700,12067,9/23/2025,ADPROD,Advertising Production,700.00,LiveONETV Video Field Services`,Astoria,NY,11102,9/23/2025,350.00,Independent Spender,0
2025,Z229,Anyone But Mamdani,7150,Bo in Office,10/17/2025,INTVID,Video (Internet),15082,12555,10/17/2025,ADBUY,Advertising Buy/Placement,5000.00,Blockboard,New York,NY,10036,10/21/2025,5000.00,Independent Spender,0
2025,Z229,Anyone But Mamdani,7150,Bo in Office,10/17/2025,INTVID,Video (Internet),15082,12973,10/24/2025,ADBUY,Advertising Buy/Placement,5000.00,Blockboard,New York,NY,10036,,0.00,,0
2025,Z229,Anyone But Mamdani,7150,Bo in Office,10/17/2025,INTVID,Video (Internet),15082,12554,10/20/2025,ADBUY,Advertising Buy/Placement,1083.32,"Meta Platforms, Inc",Menlo Park,CA,94025,10/20/2025,1083.32,Independent Spender,0
2025,Z229,Anyone But Mamdani,7150,Bo in Office,10/17/2025,INTVID,Video (Internet),15082,12964,10/5/2025,ADBUY,Advertising Buy/Placement,699.00,"Meta Platforms, Inc",Menlo Park,CA,94025,,0.00,,0
2025,Z229,Anyone But Mamdani,7150,Bo in Office,10/17/2025,INTVID,Video (Internet),15082,12276,10/17/2025,ADPROD,Advertising Production,3300.00,Pixaura Digital LLC,Cleveland,OH,44193,,0.00,,0
2025,Z229,Anyone But Mamdani,6922,Video on Queensbridge Development,9/2/2025,INTVID,Video (Internet),500,11964,9/4/2025,ADPROD,Advertising Production,500.00,LiveONETV Video Field Services`,Astoria,NY,11102,9/4/2025,500.00,Independent Spender,0
2025,Z229,Anyone But Mamdani,6853,Website,8/12/2025,WEB,Website,4470,11852,8/12/2025,DESIGN,Design / Graphics / Photography,4470.00,Visualqube LLC,South Jordan,UT,84009,8/12/2025,1250.00,Independent Spender,0
2025,Z229,Anyone But Mamdani,6853,Website,8/12/2025,WEB,Website,4470,11852,8/12/2025,DESIGN,Design / Graphics / Photography,4470.00,Visualqube LLC,South Jordan,UT,84009,8/18/2025,1500.00,Independent Spender,0
2025,Z229,Anyone But Mamdani,6853,Website,8/12/2025,WEB,Website,4470,11852,8/12/2025,DESIGN,Design / Graphics / Photography,4470.00,Visualqube LLC,South Jordan,UT,84009,8/19/2025,1500.00,Independent Spender,0
2025,Z229,Anyone But Mamdani,6853,Website,8/12/2025,WEB,Website,4470,11852,8/12/2025,DESIGN,Design / Graphics / Photography,4470.00,Visualqube LLC,South Jordan,UT,84009,9/2/2025,220.00,Independent Spender,0
2025,Z169,Committee for Sensible Government,6477,30 second video opposing Mamdani,6/20/2025,INTVID,Video (Internet),16500,11092,6/16/2025,ADPROD,Advertising Production,16500.00,CROSSLAND LOGISTICS LLC,NEW YORK,,10025,6/16/2025,16500.00,Independent Spender,0
2025,Z217,Competent New York,5711,Best of the Boroughs - Digital Video,6/7/2025,INTVID,Video (Internet),374200,9917,6/7/2025,ADPROD,Advertising Production,10000.00,Red Horse Strategies,Brookliyn,NY,11201,,0.00,,0
2025,Z217,Competent New York,5711,Best of the Boroughs - Digital Video,6/7/2025,INTVID,Video (Internet),374200,9922,6/7/2025,ADBUY,Advertising Buy/Placement,141000.00,Red Horse Strategies,Brookliyn,NY,11201,,0.00,,0
2025,Z217,Competent New York,5711,Best of the Boroughs - Digital Video,6/7/2025,INTVID,Video (Internet),374200,10757,6/17/2025,ADBUY,Advertising Buy/Placement,208200.00,Red Horse Strategies,Brookliyn,NY,11201,6/23/2025,208200.00,Independent Spender,0
2025,Z217,Competent New York,5711,Best of the Boroughs - Digital Video,6/7/2025,INTVID,Video (Internet),374200,10975,6/19/2025,ADBUY,Advertising Buy/Placement,15000.00,Red Horse Strategies,Brookliyn,NY,11201,6/23/2025,15000.00,Independent Spender,0
2025,Z217,Competent New York,5719,Order My Steps - Radio Advertisement,6/7/2025,RADIO,Audio > 30 seconds,135800,9926,6/7/2025,ADPROD,Advertising Production,5000.00,Red Horse Strategies,Brookliyn,NY,11201,,0.00,,0
2025,Z217,Competent New York,5719,Order My Steps - Radio Advertisement,6/7/2025,RADIO,Audio > 30 seconds,135800,9929,6/7/2025,ADBUY,Advertising Buy/Placement,130800.00,Red Horse Strategies,Brookliyn,NY,11201,,0.00,,0
2025,Z234,Counter Coalition Action,6869,Fundraising Text Blast,8/19/2025,TEXT,Text Messages,386,11871,8/19/2025,TEXT,Text Messages,385.94,Switchboard,Washington,DC,20033,,0.00,,0
2025,Z234,Counter Coalition Action,6870,Relatinoal Organizing Training,8/22/2025,OTHER,Other,1000,11872,8/22/2025,PHONE,Phone Bank,1000.00,Relational Future,Sugar Land,TX,77478,8/22/2025,1000.00,Independent Spender,0
2025,Z239,Defend and Advance - NY I.E.,6976,Canvassing for Zohran,9/27/2025,LITER,Leaflet/Flyer,949,12127,10/7/2025,PRNT,Printing,948.77,Atlas Direct Mail,Westbury,NY,11590,,0.00,,0
2025,Z239,Defend and Advance - NY I.E.,7420,Mobile Billboard for Zohran,11/1/2025,OTHER,Other,16068,12805,11/1/2025,ADBUY,Advertising Buy/Placement,16068.00,Billboard4Hire Media,Scotch Plains,NJ,07076,11/1/2025,16068.00,Independent Spender,0
2025,Z239,Defend and Advance - NY I.E.,7148,Muslims for Zohran T-Shirts and Totes,10/19/2025,BUTTON,Button / Pen / Shirt,5422,12274,10/20/2025,PRNT,Printing,5422.09,Mark Weiss Associates,Bethesda,MD,20814,10/20/2025,5422.09,Independent Spender,0
2025,Z239,Defend and Advance - NY I.E.,7042,Phone Bank Script for Zohran Mamdani,10/7/2025,PHONE,Phone Calls - Live,4609,12887,10/7/2025,PHONE,Phone Bank,2304.30,Scale to Win,Santa Ana,CA,92730,,0.00,,0
2025,Z239,Defend and Advance - NY I.E.,7042,Phone Bank Script for Zohran Mamdani,10/7/2025,PHONE,Phone Calls - Live,4609,13001,10/7/2025,PHONE,Phone Bank,2304.30,Scale to Win,Santa Ana,CA,92730,11/14/2025,2304.30,Independent Spender,0
2025,Z239,Defend and Advance - NY I.E.,7044,Phone Bank Script for Zohran Mamdani,10/23/2025,PHONE,Phone Calls - Live,1387,12889,10/26/2025,PHONE,Phone Bank,248.12,Scale to Win,Santa Ana,CA,92730,11/14/2025,248.12,Independent Spender,0
2025,Z239,Defend and Advance - NY I.E.,7044,Phone Bank Script for Zohran Mamdani,10/23/2025,PHONE,Phone Calls - Live,1387,13002,10/23/2025,PHONE,Phone Bank,506.49,Scale to Win,Santa Ana,CA,92730,11/14/2025,506.49,Independent Spender,0
2025,Z239,Defend and Advance - NY I.E.,7044,Phone Bank Script for Zohran Mamdani,10/23/2025,PHONE,Phone Calls - Live,1387,13024,11/4/2025,PHONE,Phone Bank,632.83,Scale to Win,Santa Ana,CA,92730,11/14/2025,632.83,Independent Spender,0
2025,Z239,Defend and Advance - NY I.E.,7043,Social Media Content,10/7/2025,INTAD,Internet - Display/Banner,2750,12131,10/6/2025,ADBUY,Advertising Buy/Placement,2750.00,Blue Print Interactive,Washington D.C.,DC,20036,10/6/2025,2750.00,Independent Spender,0
2025,Z239,Defend and Advance - NY I.E.,7045,Support Zohran Buttons,10/10/2025,BUTTON,Button / Pen / Shirt,434,12807,11/1/2025,PRNT,Printing,434.18,Polistrat,Sterling,VA,20165,11/1/2025,434.18,Independent Spender,0
2025,Z239,Defend and Advance - NY I.E.,7346,Text Banking,10/26/2025,TEXT,Text Messages,1909,12806,11/1/2025,TEXT,Text Messages,954.26,Scale to Win,Santa Ana,CA,92730,,0.00,,0
2025,Z239,Defend and Advance - NY I.E.,7346,Text Banking,10/26/2025,TEXT,Text Messages,1909,13003,10/26/2025,TEXT,Text Messages,954.26,Scale to Win,Santa Ana,CA,92730,11/14/2025,954.26,Independent Spender,0
2025,Z250,Defend NYC,7110,10/17 Text Message,10/17/2025,TEXT,Text Messages,750000,12226,10/15/2025,TEXT,Text Messages,500000.00,Canvass America,Washington,DC,20033,10/15/2025,500000.00,Independent Spender,0
2025,Z250,Defend NYC,7110,10/17 Text Message,10/17/2025,TEXT,Text Messages,750000,12235,10/20/2025,TEXT,Text Messages,250000.00,Canvass America,Washington,DC,20033,10/20/2025,250000.00,Independent Spender,0
2025,Z250,Defend NYC,7284,10/27 Text Messages,10/27/2025,TEXT,Text Messages,250000,12541,10/20/2025,TEXT,Text Messages,250000.00,Canvass America,Washington,DC,20033,10/20/2025,250000.00,Independent Spender,0
2025,Z250,Defend NYC,7442,Palm Cards,11/2/2025,LITER,Leaflet/Flyer,30000,12855,11/3/2025,LD,Literature Distribution (non-postage),15000.00,Aurion Consulting LLC,Brooklyn,NY,11207,11/3/2025,15000.00,Independent Spender,0
2025,Z250,Defend NYC,7442,Palm Cards,11/2/2025,LITER,Leaflet/Flyer,30000,12856,11/3/2025,LD,Literature Distribution (non-postage),15000.00,Flatbush Jewish Community Coalition,Brooklyn,NY,11230,11/3/2025,15000.00,Independent Spender,0
2025,Z250,Defend NYC,7332,Text Messages,10/28/2025,TEXT,Text Messages,1000000,12628,10/28/2025,TEXT,Text Messages,1000000.00,Canvass America,Washington,DC,20033,10/28/2025,1000000.00,Independent Spender,0
2025,Z250,Defend NYC,7365,Text Messages,10/30/2025,TEXT,Text Messages,1000000,12707,10/28/2025,TEXT,Text Messages,1000000.00,Canvass America,Washington,DC,20033,10/28/2025,1000000.00,Independent Spender,0
2025,Z250,Defend NYC,7429,Text Messages,11/2/2025,TEXT,Text Messages,1000000,12838,10/28/2025,TEXT,Text Messages,1000000.00,Canvass America,Washington,DC,20033,10/28/2025,1000000.00,Independent Spender,0
2025,Z250,Defend NYC,7471,Text Messages,11/3/2025,TEXT,Text Messages,1000000,12918,10/28/2025,TEXT,Text Messages,1000000.00,Canvass America,Washington,DC,20033,10/28/2025,1000000.00,Independent Spender,0
2025,Z44,Empire State 32BJ SEIU PAC,5715,Cuomo Literature Distribution,6/6/2025,LITER,Leaflet/Flyer,18983,9920,6/6/2025,LD,Literature Distribution (non-postage),1412.48,SEIU Local 32BJ,New York,NY,10011,,0.00,,0
2025,Z44,Empire State 32BJ SEIU PAC,5715,Cuomo Literature Distribution,6/6/2025,LITER,Leaflet/Flyer,18983,10976,6/18/2025,LD,Literature Distribution (non-postage),1641.84,SEIU Local 32BJ,New York,NY,10011,,0.00,,0
2025,Z44,Empire State 32BJ SEIU PAC,5715,Cuomo Literature Distribution,6/6/2025,LITER,Leaflet/Flyer,18983,10977,6/20/2025,LD,Literature Distribution (non-postage),1579.71,SEIU Local 32BJ,New York,NY,10011,,0.00,,0
2025,Z44,Empire State 32BJ SEIU PAC,5715,Cuomo Literature Distribution,6/6/2025,LITER,Leaflet/Flyer,18983,10989,6/13/2025,LD,Literature Distribution (non-postage),904.56,SEIU Local 32BJ,New York,NY,10011,,0.00,,0
2025,Z44,Empire State 32BJ SEIU PAC,5715,Cuomo Literature Distribution,6/6/2025,LITER,Leaflet/Flyer,18983,10993,6/16/2025,LD,Literature Distribution (non-postage),706.24,SEIU Local 32BJ,New York,NY,10011,,0.00,,0
2025,Z44,Empire State 32BJ SEIU PAC,5715,Cuomo Literature Distribution,6/6/2025,LITER,Leaflet/Flyer,18983,11374,6/24/2025,LD,Literature Distribution (non-postage),1762.19,SEIU Local 32BJ,New York,NY,10011,,0.00,,0
2025,Z44,Empire State 32BJ SEIU PAC,5715,Cuomo Literature Distribution,6/6/2025,LITER,Leaflet/Flyer,18983,9930,6/6/2025,DESIGN,Design / Graphics / Photography,5967.92,"Threshold Group, Inc.",New York,NY,10017,,0.00,,0
2025,Z44,Empire State 32BJ SEIU PAC,5715,Cuomo Literature Distribution,6/6/2025,LITER,Leaflet/Flyer,18983,10971,6/16/2025,PRNT,Printing,5008.25,"Threshold Group, Inc.",New York,NY,10017,,0.00,,0
2025,Z44,Empire State 32BJ SEIU PAC,5732,Cuomo phone banking english,5/21/2025,PHONE,Phone Calls - Live,3697,9989,5/21/2025,PHONE,Phone Bank,3697.24,SEIU Local 32BJ,New York,NY,10011,,0.00,,0
2025,Z44,Empire State 32BJ SEIU PAC,6636,Cuomo phone banking GOTV,6/23/2025,PHONE,Phone Calls - Live,170,11347,6/23/2025,PHONE,Phone Bank,169.61,SEIU Local 32BJ,New York,NY,10011,,0.00,,0
2025,Z44,Empire State 32BJ SEIU PAC,5734,Cuomo phone banking spanish,5/21/2025,PHONE,Phone Calls - Live,3697,9990,5/21/2025,PHONE,Phone Bank,3697.24,SEIU Local 32BJ,New York,NY,10011,,0.00,,0
2025,Z44,Empire State 32BJ SEIU PAC,7053,Mamdani phone banking,10/9/2025,PHONE,Phone Calls - Live,10332,12147,10/9/2025,PHONE,Phone Bank,3444.08,SEIU Local 32BJ,New York,NY,10011,,0.00,,0
2025,Z44,Empire State 32BJ SEIU PAC,7053,Mamdani phone banking,10/9/2025,PHONE,Phone Calls - Live,10332,12253,10/15/2025,PHONE,Phone Bank,3444.08,SEIU Local 32BJ,New York,NY,10011,,0.00,,0
2025,Z44,Empire State 32BJ SEIU PAC,7053,Mamdani phone banking,10/9/2025,PHONE,Phone Calls - Live,10332,12339,10/21/2025,PHONE,Phone Bank,3444.08,SEIU Local 32BJ,New York,NY,10011,,0.00,,0
2025,Z44,Empire State 32BJ SEIU PAC,7058,Mamdani Robo Calls,10/6/2025,ROBO,Robo Call,750,12148,10/6/2025,PHONE,Phone Bank,250.00,CallHub,,,,,0.00,,0
2025,Z44,Empire State 32BJ SEIU PAC,7058,Mamdani Robo Calls,10/6/2025,ROBO,Robo Call,750,12150,10/10/2025,PHONE,Phone Bank,250.00,CallHub,,,,,0.00,,0
2025,Z44,Empire State 32BJ SEIU PAC,7058,Mamdani Robo Calls,10/6/2025,ROBO,Robo Call,750,12389,10/23/2025,PHONE,Phone Bank,250.00,CallHub,,,,,0.00,,0
2025,Z44,Empire State 32BJ SEIU PAC,7030,Zohran Palm Cards,9/29/2025,LITER,Leaflet/Flyer,35714,12116,9/29/2025,LD,Literature Distribution (non-postage),9829.84,SEIU Local 32BJ,New York,NY,10011,,0.00,,0
2025,Z44,Empire State 32BJ SEIU PAC,7030,Zohran Palm Cards,9/29/2025,LITER,Leaflet/Flyer,35714,12145,10/7/2025,LD,Literature Distribution (non-postage),6140.24,SEIU Local 32BJ,New York,NY,10011,,0.00,,0
2025,Z44,Empire State 32BJ SEIU PAC,7030,Zohran Palm Cards,9/29/2025,LITER,Leaflet/Flyer,35714,12252,10/14/2025,LD,Literature Distribution (non-postage),6888.16,SEIU Local 32BJ,New York,NY,10011,,0.00,,0
2025,Z44,Empire State 32BJ SEIU PAC,7030,Zohran Palm Cards,9/29/2025,LITER,Leaflet/Flyer,35714,12366,10/22/2025,LD,Literature Distribution (non-postage),3444.08,SEIU Local 32BJ,New York,NY,10011,,0.00,,0
2025,Z44,Empire State 32BJ SEIU PAC,7030,Zohran Palm Cards,9/29/2025,LITER,Leaflet/Flyer,35714,12630,10/28/2025,LD,Literature Distribution (non-postage),3444.08,SEIU Local 32BJ,New York,NY,10011,,0.00,,0
2025,Z44,Empire State 32BJ SEIU PAC,7030,Zohran Palm Cards,9/29/2025,LITER,Leaflet/Flyer,35714,12114,9/29/2025,PRNT,Printing,5967.92,"Threshold Group, Inc.",New York,NY,10017,,0.00,,0
2025,Z44,Empire State 32BJ SEIU PAC,7003,Zohran Static Ad Placement,9/30/2025,INTAD,Internet - Display/Banner,55362,12081,9/30/2025,ADBUY,Advertising Buy/Placement,55362.16,"Threshold Group, Inc.",New York,NY,10017,,0.00,,0
2025,Z230,Empower NYC,6866,AD PLACEMENTS,8/19/2025,OTHER,Other,17050,11867,8/19/2025,ADBUY,Advertising Buy/Placement,17050.00,PIVOT GROUP,BROOKLYN,NY,11230,8/19/2025,17050.00,Independent Spender,0
2025,Z230,Empower NYC,6905,AD PLACEMENTS,8/25/2025,INTAD,Internet - Display/Banner,2000,11925,8/25/2025,ADBUY,Advertising Buy/Placement,2000.00,SCHNEPS MEDIA,BAYSIDE,NY,11361,8/25/2025,2000.00,Independent Spender,0
2025,Z230,Empower NYC,6868,AD PRODUCTION + AD PLACEMENT,8/14/2025,INTVID,Video (Internet),20000,11869,8/14/2025,ADPROD,Advertising Production,20000.00,CROWDSHOT STRATEGIES,NEW YORK,NY,10013,8/14/2025,20000.00,Independent Spender,0
2025,Z230,Empower NYC,6854,BUTTONS,8/11/2025,BUTTON,Button / Pen / Shirt,825,11854,8/11/2025,DESIGN,Design / Graphics / Photography,825.00,PROMOSUNS INC,NEW YORK,NY,10005,8/11/2025,825.00,Independent Spender,0
2025,Z230,Empower NYC,6867,DIGITAL AD PRODUCTION + DISTRIBUTION,8/18/2025,INTVID,Video (Internet),105000,11868,8/18/2025,ADPROD,Advertising Production,105000.00,"CONSTITUENT COMMUNICATIONS, LLC",MONTCLAIR,NJ,07042,8/18/2025,105000.00,Independent Spender,0
2025,Z230,Empower NYC,6855,DOOR HANGER,8/11/2025,LITER,Leaflet/Flyer,10500,11855,8/6/2025,PRNT,Printing,3500.00,ELIQUE GROUP INC,BROOKLYN,NY,11203,8/6/2025,3500.00,Independent Spender,0
2025,Z230,Empower NYC,6855,DOOR HANGER,8/11/2025,LITER,Leaflet/Flyer,10500,11859,8/12/2025,PRNT,Printing,7000.00,ELIQUE GROUP INC,BROOKLYN,NY,11203,8/12/2025,7000.00,Independent Spender,0
2025,Z230,Empower NYC,6901,DOOR HANGER,8/26/2025,LITER,Leaflet/Flyer,1400,11921,8/26/2025,PRNT,Printing,1400.00,ELIQUE GROUP INC,BROOKLYN,NY,11203,8/26/2025,1400.00,Independent Spender,0
2025,Z230,Empower NYC,6903,DOOR HANGER,8/25/2025,LITER,Leaflet/Flyer,1675,11923,8/25/2025,PRNT,Printing,1675.00,ELIQUE GROUP INC,BROOKLYN,NY,11203,8/25/2025,1675.00,Independent Spender,0
2025,Z230,Empower NYC,6939,EDITING,9/9/2025,INTVID,Video (Internet),4156,11984,9/9/2025,DESIGN,Design / Graphics / Photography,4156.25,"STEINBAUER, JOSH",JACKSON HEIGHTS,NY,11372,9/9/2025,4156.25,Independent Spender,0
2025,Z230,Empower NYC,6865,FLYERS,8/19/2025,LITER,Leaflet/Flyer,2850,11866,8/19/2025,PRNT,Printing,2850.00,ELIQUE GROUP INC,BROOKLYN,NY,11203,8/19/2025,2850.00,Independent Spender,0
2025,Z230,Empower NYC,6860,GRAPHIC DESIGN,8/12/2025,BUTTON,Button / Pen / Shirt,2500,11861,8/12/2025,DESIGN,Design / Graphics / Photography,2500.00,JENINE ZIMMERS,OAKHURST,NJ,07755,8/12/2025,2500.00,Independent Spender,0
2025,Z230,Empower NYC,6859,GRAPHICS/ADVERTISING,8/12/2025,PRINT,Print Ad,15325,11860,8/12/2025,ADBUY,Advertising Buy/Placement,15325.00,PIVOT GROUP,BROOKLYN,NY,11230,8/12/2025,15325.00,Independent Spender,0
2025,Z230,Empower NYC,6904,LED TRUCK,8/25/2025,BILLBD,Billboard,15000,11924,8/25/2025,ADBUY,Advertising Buy/Placement,15000.00,SHECK OUTDOOR ADVERTISING,HOBOKEN,NJ,07030,8/25/2025,15000.00,Independent Spender,0
2025,Z230,Empower NYC,6898,MEDIA DISTRIBUTION,8/25/2025,PRINT,Print Ad,14000,11919,8/18/2025,ADBUY,Advertising Buy/Placement,14000.00,"HORTOH SERVICES, LLC",ALBANY,NY,12206,8/18/2025,14000.00,Independent Spender,0
2025,Z230,Empower NYC,6856,PALM CARD,8/11/2025,LITER,Leaflet/Flyer,2625,11856,8/12/2025,DESIGN,Design / Graphics / Photography,750.00,ELIQUE GROUP INC,BROOKLYN,NY,11203,8/12/2025,750.00,Independent Spender,0
2025,Z230,Empower NYC,6856,PALM CARD,8/11/2025,LITER,Leaflet/Flyer,2625,11857,8/6/2025,DESIGN,Design / Graphics / Photography,1875.00,ELIQUE GROUP INC,BROOKLYN,NY,11203,8/6/2025,1875.00,Independent Spender,0
2025,Z230,Empower NYC,6857,POSTER,8/11/2025,LITER,Leaflet/Flyer,2200,11858,8/6/2025,DESIGN,Design / Graphics / Photography,2200.00,ELIQUE GROUP INC,BROOKLYN,NY,11203,8/6/2025,2200.00,Independent Spender,0
2025,Z230,Empower NYC,6894,PRODUCTION,8/25/2025,INTVID,Video (Internet),3750,11916,8/7/2025,ADPROD,Advertising Production,3750.00,"CONSTITUENT COMMUNICATIONS, LLC",MONTCLAIR,NJ,07042,8/7/2025,3750.00,Independent Spender,0
2025,Z230,Empower NYC,6895,PRODUCTION,8/25/2025,INTVID,Video (Internet),3750,11917,8/7/2025,ADPROD,Advertising Production,3750.00,"CONSTITUENT COMMUNICATIONS, LLC",MONTCLAIR,NJ,07042,8/7/2025,3750.00,Independent Spender,0
2025,Z230,Empower NYC,6896,PRODUCTION,8/25/2025,INTVID,Video (Internet),3750,11914,8/7/2025,ADPROD,Advertising Production,3750.00,"CONSTITUENT COMMUNICATIONS, LLC",MONTCLAIR,NJ,07042,,0.00,,0
2025,Z230,Empower NYC,6897,PRODUCTION,8/25/2025,INTVID,Video (Internet),3750,11918,8/7/2025,ADPROD,Advertising Production,3750.00,"CONSTITUENT COMMUNICATIONS, LLC",MONTCLAIR,NJ,07042,8/7/2025,3750.00,Independent Spender,0
2025,Z230,Empower NYC,6864,TEXT MESSAGES,8/23/2025,TEXT,Text Messages,20625,11864,8/23/2025,TEXT,Text Messages,20625.00,KAPLAN STRATEGIES,KISSIMMEE,FL,34746,8/23/2025,20625.00,Independent Spender,0
2025,Z230,Empower NYC,6900,TEXT MESSAGES,8/27/2025,TEXT,Text Messages,17963,11920,8/25/2025,TEXT,Text Messages,17963.17,KAPLAN STRATEGIES,KISSIMMEE,FL,34746,8/25/2025,17963.17,Independent Spender,0
2025,Z230,Empower NYC,6902,TEXT MESSAGES,8/25/2025,TEXT,Text Messages,6270,11922,8/25/2025,TEXT,Text Messages,6270.00,KAPLAN STRATEGIES,KISSIMMEE,FL,34746,8/25/2025,6270.00,Independent Spender,0
2025,Z230,Empower NYC,6937,TEXT MESSAGES,9/9/2025,TEXT,Text Messages,16750,11980,9/9/2025,TEXT,Text Messages,16749.54,KAPLAN STRATEGIES,KISSIMMEE,FL,34746,9/9/2025,16749.54,Independent Spender,0
2025,Z230,Empower NYC,6858,TSHIRT,8/11/2025,BUTTON,Button / Pen / Shirt,6269,11853,8/12/2025,DESIGN,Design / Graphics / Photography,6269.44,PROMOSUNS INC,NEW YORK,NY,10005,8/12/2025,6269.44,Independent Spender,0
2025,Z230,Empower NYC,6931,TSHIRT,9/1/2025,BUTTON,Button / Pen / Shirt,3750,11974,9/1/2025,DESIGN,Design / Graphics / Photography,3750.00,GREENSPOONMARDER,MIAMI,FL,33131,9/1/2025,3750.00,Independent Spender,0
2025,Z193,"Fix the City, Inc.",5748,1/2 Page Ad,6/9/2025,PRINT,Print Ad,12540,9966,6/6/2025,PRNT,Printing,12540.00,Schneps Media,Bay Side,NY,11361,6/6/2025,12540.00,Independent Spender,0
2025,Z193,"Fix the City, Inc.",6655,6/23/2025,6/23/2025,ROBO,Robo Call,42000,11377,6/23/2025,PHONE,Phone Bank,42000.00,Allegory LLC,New York,NY,10007,6/23/2025,42000.00,Independent Spender,0
2025,Z193,"Fix the City, Inc.",4205,Ad 2,4/8/2025,TVADS,Video (TV/Cable),2279181,8027,4/3/2025,ADBUY,Advertising Buy/Placement,551705.00,Allegory LLC,New York,NY,10007,4/3/2025,551705.00,Independent Spender,0
2025,Z193,"Fix the City, Inc.",4205,Ad 2,4/8/2025,TVADS,Video (TV/Cable),2279181,9060,4/10/2025,ADBUY,Advertising Buy/Placement,551705.00,Allegory LLC,New York,NY,10007,4/10/2025,551705.00,Independent Spender,0
2025,Z193,"Fix the City, Inc.",4205,Ad 2,4/8/2025,TVADS,Video (TV/Cable),2279181,9079,4/17/2025,ADBUY,Advertising Buy/Placement,551705.00,Allegory LLC,New York,NY,10007,4/17/2025,551705.00,Independent Spender,0
2025,Z193,"Fix the City, Inc.",4205,Ad 2,4/8/2025,TVADS,Video (TV/Cable),2279181,9081,4/24/2025,ADBUY,Advertising Buy/Placement,391620.57,Allegory LLC,New York,NY,10007,4/24/2025,391620.57,Independent Spender,0
2025,Z193,"Fix the City, Inc.",4205,Ad 2,4/8/2025,TVADS,Video (TV/Cable),2279181,9090,4/29/2025,ADBUY,Advertising Buy/Placement,15461.10,Allegory LLC,New York,NY,10007,4/29/2025,15461.10,Independent Spender,0
2025,Z193,"Fix the City, Inc.",4205,Ad 2,4/8/2025,TVADS,Video (TV/Cable),2279181,9388,5/9/2025,ADBUY,Advertising Buy/Placement,164405.64,Allegory LLC,New York,NY,10007,5/9/2025,164405.64,Independent Spender,0
2025,Z193,"Fix the City, Inc.",4205,Ad 2,4/8/2025,TVADS,Video (TV/Cable),2279181,9433,4/10/2025,ADPROD,Advertising Production,52578.99,Allegory LLC,New York,NY,10007,4/10/2025,52578.99,Independent Spender,0
2025,Z193,"Fix the City, Inc.",7410,Additional Social Media Post,10/31/2025,INTAD,Internet - Display/Banner,60000,12788,10/21/2025,ADBUY,Advertising Buy/Placement,60000.00,Pivot Group Marketing,Brooklyn,NY,11219,10/21/2025,60000.00,Independent Spender,0
2025,Z193,"Fix the City, Inc.",5252,Allegory Ad 3,5/4/2025,TVADS,Video (TV/Cable),756994,9094,5/2/2025,ADBUY,Advertising Buy/Placement,572056.00,Allegory LLC,New York,NY,10007,5/2/2025,572056.00,Independent Spender,0
2025,Z193,"Fix the City, Inc.",5252,Allegory Ad 3,5/4/2025,TVADS,Video (TV/Cable),756994,9382,4/24/2025,ADBUY,Advertising Buy/Placement,160084.43,Allegory LLC,New York,NY,10007,4/24/2025,160084.43,Independent Spender,0
2025,Z193,"Fix the City, Inc.",5252,Allegory Ad 3,5/4/2025,TVADS,Video (TV/Cable),756994,9385,4/29/2025,ADBUY,Advertising Buy/Placement,4048.90,Allegory LLC,New York,NY,10007,4/29/2025,4048.90,Independent Spender,0
2025,Z193,"Fix the City, Inc.",5252,Allegory Ad 3,5/4/2025,TVADS,Video (TV/Cable),756994,9488,5/9/2025,ADPROD,Advertising Production,20805.00,Allegory LLC,New York,NY,10007,5/9/2025,20805.00,Independent Spender,0
2025,Z193,"Fix the City, Inc.",6445,AMNY News Ad 6.19,6/20/2025,PRINT,Print Ad,5075,11044,6/20/2025,ADBUY,Advertising Buy/Placement,5075.00,Amsterdam News,New York,NY,10027,6/20/2025,5075.00,Independent Spender,0
2025,Z193,"Fix the City, Inc.",6031,Amsterdam News Ad,6/12/2025,PRINT,Print Ad,5075,10395,6/13/2025,PRNT,Printing,5075.00,Amsterdam News,New York,NY,10027,6/20/2025,5075.00,Independent Spender,0
2025,Z193,"Fix the City, Inc.",7368,Anti Sliwa Palmcards,10/30/2025,LITER,Leaflet/Flyer,890800,12710,10/30/2025,ADBUY,Advertising Buy/Placement,435000.00,Bartholomew Communications & Strategies,Old Bethpage,NY,11804,10/30/2025,435000.00,Independent Spender,0
2025,Z193,"Fix the City, Inc.",7368,Anti Sliwa Palmcards,10/30/2025,LITER,Leaflet/Flyer,890800,12777,10/31/2025,ADBUY,Advertising Buy/Placement,44000.00,Bartholomew Communications & Strategies,Old Bethpage,NY,11804,10/31/2025,44000.00,Independent Spender,0
2025,Z193,"Fix the City, Inc.",7368,Anti Sliwa Palmcards,10/30/2025,LITER,Leaflet/Flyer,890800,12783,10/31/2025,ADBUY,Advertising Buy/Placement,411800.00,Bartholomew Communications & Strategies,Old Bethpage,NY,11804,10/31/2025,411800.00,Independent Spender,0
2025,Z193,"Fix the City, Inc.",6310,Applecart Digital Ad,6/18/2025,INTVID,Video (Internet),35000,10841,6/17/2025,ADBUY,Advertising Buy/Placement,35000.00,Project Applecart,New York,NY,10003,6/17/2025,35000.00,Independent Spender,0
2025,Z193,"Fix the City, Inc.",6309,Applecart Direct Mail,6/18/2025,MAIL,Mass Mailing,203967,10840,6/17/2025,DESIGN,Design / Graphics / Photography,203967.00,Project Applecart,New York,NY,10003,6/17/2025,203967.00,Independent Spender,0
2025,Z193,"Fix the City, Inc.",6312,Applecart Phone Campaign,6/18/2025,PHONE,Phone Calls - Live,132505,10843,6/17/2025,PHONE,Phone Bank,40000.00,Project Applecart,New York,NY,10003,6/17/2025,40000.00,Independent Spender,0
2025,Z193,"Fix the City, Inc.",6312,Applecart Phone Campaign,6/18/2025,PHONE,Phone Calls - Live,132505,11251,6/23/2025,PHONE,Phone Bank,92504.50,Project Applecart,New York,NY,10003,6/23/2025,92504.50,Independent Spender,0
2025,Z193,"Fix the City, Inc.",6916,Banner Digital Ads,9/3/2025,INTAD,Internet - Display/Banner,6500,11936,9/3/2025,ADBUY,Advertising Buy/Placement,6500.00,Statewide Impact Media,Saratoga Springs,NY,12866,9/3/2025,6500.00,Independent Spender,0
2025,Z193,"Fix the City, Inc.",7177,Banner Digital Ads NYC Voice,10/20/2025,INTAD,Internet - Display/Banner,3500,12332,10/20/2025,ADBUY,Advertising Buy/Placement,3500.00,New York Voice News LLC,Bronx,,10475,10/20/2025,3500.00,Independent Spender,0
2025,Z193,"Fix the City, Inc.",7066,Bilingual Palm Cards 10/8,10/10/2025,LITER,Leaflet/Flyer,11000,12162,10/10/2025,ADBUY,Advertising Buy/Placement,11000.00,Bartholomew Communications & Strategies,Old Bethpage,NY,11804,10/10/2025,11000.00,Independent Spender,0
2025,Z193,"Fix the City, Inc.",6318,Brooklyn Mailer,6/17/2025,MAIL,Mass Mailing,26225,10853,6/18/2025,ADBUY,Advertising Buy/Placement,24128.00,Allegory LLC,New York,NY,10007,6/18/2025,24128.00,Independent Spender,0
2025,Z193,"Fix the City, Inc.",6318,Brooklyn Mailer,6/17/2025,MAIL,Mass Mailing,26225,11333,6/23/2025,ADPROD,Advertising Production,2096.71,Allegory LLC,New York,NY,10007,6/23/2025,2096.71,Independent Spender,0
2025,Z193,"Fix the City, Inc.",6625,Caribbean Life Email Blast,6/23/2025,EMAIL,Emails,500,11312,6/18/2025,EMAIL,Emails,500.00,Schneps Media,Bay Side,NY,11361,6/18/2025,500.00,Independent Spender,0
2025,Z193,"Fix the City, Inc.",7382,Caribbean Life Full page,10/30/2025,PRINT,Print Ad,3571,12746,10/28/2025,ADBUY,Advertising Buy/Placement,3571.42,Schneps Media,Bay Side,NY,11361,10/28/2025,3571.42,Independent Spender,0
2025,Z193,"Fix the City, Inc.",5307,Challenge Ad 4,5/13/2025,TVADS,Video (TV/Cable),82203,9164,5/9/2025,ADBUY,Advertising Buy/Placement,82202.82,Allegory LLC,New York,NY,10007,5/9/2025,82202.82,Independent Spender,0
2025,Z193,"Fix the City, Inc.",5302,Challenge Ad 4 Revised,5/16/2025,TVADS,Video (TV/Cable),3076723,9159,5/16/2025,ADBUY,Advertising Buy/Placement,575420.00,Allegory LLC,New York,NY,10007,5/16/2025,575420.00,Independent Spender,0
2025,Z193,"Fix the City, Inc.",5302,Challenge Ad 4 Revised,5/16/2025,TVADS,Video (TV/Cable),3076723,9166,5/9/2025,ADBUY,Advertising Buy/Placement,328811.29,Allegory LLC,New York,NY,10007,5/9/2025,328811.29,Independent Spender,0
2025,Z193,"Fix the City, Inc.",5302,Challenge Ad 4 Revised,5/16/2025,TVADS,Video (TV/Cable),3076723,9286,5/21/2025,ADBUY,Advertising Buy/Placement,1197919.98,Allegory LLC,New York,NY,10007,5/21/2025,1197919.98,Independent Spender,0
2025,Z193,"Fix the City, Inc.",5302,Challenge Ad 4 Revised,5/16/2025,TVADS,Video (TV/Cable),3076723,9446,5/9/2025,ADPROD,Advertising Production,16652.00,Allegory LLC,New York,NY,10007,5/9/2025,16652.00,Independent Spender,0
2025,Z193,"Fix the City, Inc.",5302,Challenge Ad 4 Revised,5/16/2025,TVADS,Video (TV/Cable),3076723,9620,5/28/2025,ADBUY,Advertising Buy/Placement,57000.00,Allegory LLC,New York,NY,10007,5/28/2025,57000.00,Independent Spender,0
2025,Z193,"Fix the City, Inc.",5302,Challenge Ad 4 Revised,5/16/2025,TVADS,Video (TV/Cable),3076723,9847,6/2/2025,ADBUY,Advertising Buy/Placement,900920.00,Allegory LLC,New York,NY,10007,6/2/2025,900920.00,Independent Spender,0
2025,Z193,"Fix the City, Inc.",7404,Chinese Palm Cards,10/31/2025,LITER,Leaflet/Flyer,5500,12775,10/31/2025,ADBUY,Advertising Buy/Placement,5500.00,Bartholomew Communications & Strategies,Old Bethpage,NY,11804,10/31/2025,5500.00,Independent Spender,0
2025,Z193,"Fix the City, Inc.",5950,Citywide Mailer #2,6/11/2025,MAIL,Mass Mailing,348573,10303,6/12/2025,PRNT,Printing,348573.39,Allegory LLC,New York,NY,10007,6/12/2025,348573.39,Independent Spender,0
2025,Z193,"Fix the City, Inc.",6214,Citywide Mailer #3,6/15/2025,MAIL,Mass Mailing,387570,10698,6/16/2025,ADBUY,Advertising Buy/Placement,385473.39,Allegory LLC,New York,NY,10007,6/16/2025,385473.39,Independent Spender,0
2025,Z193,"Fix the City, Inc.",6214,Citywide Mailer #3,6/15/2025,MAIL,Mass Mailing,387570,11331,6/23/2025,ADPROD,Advertising Production,2096.71,Allegory LLC,New York,NY,10007,6/23/2025,2096.71,Independent Spender,0
2025,Z193,"Fix the City, Inc.",6322,Citywide Mailer #4,6/17/2025,MAIL,Mass Mailing,297153,10857,6/18/2025,ADBUY,Advertising Buy/Placement,297152.59,Allegory LLC,New York,NY,10007,6/18/2025,297152.59,Independent Spender,0
2025,Z193,"Fix the City, Inc.",7308,Crisis Video,10/28/2025,TVADS,Video (TV/Cable),1700000,12580,10/27/2025,ADBUY,Advertising Buy/Placement,150000.00,Allegory LLC,New York,NY,10007,10/27/2025,150000.00,Independent Spender,0
2025,Z193,"Fix the City, Inc.",7308,Crisis Video,10/28/2025,TVADS,Video (TV/Cable),1700000,12679,10/29/2025,ADBUY,Advertising Buy/Placement,1000000.00,Allegory LLC,New York,NY,10007,10/29/2025,1000000.00,Independent Spender,0
2025,Z193,"Fix the City, Inc.",7308,Crisis Video,10/28/2025,TVADS,Video (TV/Cable),1700000,12711,10/30/2025,ADBUY,Advertising Buy/Placement,500000.00,Allegory LLC,New York,NY,10007,10/31/2025,500000.00,Independent Spender,0
2025,Z193,"Fix the City, Inc.",7308,Crisis Video,10/28/2025,TVADS,Video (TV/Cable),1700000,12952,11/4/2025,ADBUY,Advertising Buy/Placement,50000.00,Allegory LLC,New York,NY,10007,11/4/2025,50000.00,Independent Spender,0
2025,Z193,"Fix the City, Inc.",7202,Crown Heights Election Ad,10/22/2025,OTHER,Other,17850,12371,10/22/2025,ADBUY,Advertising Buy/Placement,15975.00,Heights Public Relations Inc,Brooklyn,NY,11213,10/22/2025,15975.00,Independent Spender,0
2025,Z193,"Fix the City, Inc.",7202,Crown Heights Election Ad,10/22/2025,OTHER,Other,17850,12372,6/22/2025,ADBUY,Advertising Buy/Placement,1875.00,Pivot Group Marketing,Brooklyn,NY,11219,10/22/2025,1875.00,Independent Spender,0
2025,Z193,"Fix the City, Inc.",5913,Crown Heights Mailer 1,6/11/2025,MAIL,Mass Mailing,8839,10227,6/11/2025,PRNT,Printing,4838.65,3 Gen,Brooklyn,NY,11207,6/11/2025,4838.65,Independent Spender,0
2025,Z193,"Fix the City, Inc.",5913,Crown Heights Mailer 1,6/11/2025,MAIL,Mass Mailing,8839,10349,6/12/2025,PRNT,Printing,4000.00,3 Gen,Brooklyn,NY,11207,6/12/2025,4000.00,Independent Spender,0
2025,Z193,"Fix the City, Inc.",5914,Crown Heights Mailer 2,6/11/2025,MAIL,Mass Mailing,8839,10228,6/11/2025,PRNT,Printing,4838.66,3 Gen,Brooklyn,NY,11207,6/11/2025,4838.66,Independent Spender,0
2025,Z193,"Fix the City, Inc.",5914,Crown Heights Mailer 2,6/11/2025,MAIL,Mass Mailing,8839,10351,6/12/2025,PRNT,Printing,4000.00,3 Gen,Brooklyn,NY,11207,6/12/2025,4000.00,Independent Spender,0
2025,Z193,"Fix the City, Inc.",6668,CTV Ads Record,6/20/2025,TVADS,Video (TV/Cable),160000,11392,6/18/2025,ADBUY,Advertising Buy/Placement,160000.00,Allegory LLC,New York,NY,10007,6/18/2025,160000.00,Independent Spender,0
2025,Z193,"Fix the City, Inc.",7412,Cuomo Early Voting Banners,10/31/2025,INTAD,Internet - Display/Banner,2500,12792,10/22/2025,ADBUY,Advertising Buy/Placement,2500.00,Pivot Group Marketing,Brooklyn,NY,11219,10/22/2025,2500.00,Independent Spender,0
2025,Z193,"Fix the City, Inc.",7383,Cuomo V Mamdani Policy Video Ad,10/28/2025,INTVID,Video (Internet),5667,12747,10/10/2025,ADBUY,Advertising Buy/Placement,5666.67,NVC Media LLC,Brooklyn,NY,11222,10/10/2025,5666.67,Independent Spender,0
2025,Z193,"Fix the City, Inc.",4156,Digital Ad,3/12/2025,INTVID,Video (Internet),132008,7955,3/14/2025,ADBUY,Advertising Buy/Placement,30000.00,Allegory LLC,New York,NY,10007,3/24/2025,30000.00,Independent Spender,0
2025,Z193,"Fix the City, Inc.",4156,Digital Ad,3/12/2025,INTVID,Video (Internet),132008,9158,5/16/2025,ADBUY,Advertising Buy/Placement,25000.00,Allegory LLC,New York,NY,10007,5/16/2025,25000.00,Independent Spender,0
2025,Z193,"Fix the City, Inc.",4156,Digital Ad,3/12/2025,INTVID,Video (Internet),132008,9287,5/21/2025,ADBUY,Advertising Buy/Placement,25000.00,Allegory LLC,New York,NY,10007,5/21/2025,25000.00,Independent Spender,0
2025,Z193,"Fix the City, Inc.",4156,Digital Ad,3/12/2025,INTVID,Video (Internet),132008,9392,3/24/2025,ADPROD,Advertising Production,14000.00,Allegory LLC,New York,NY,10007,3/24/2025,14000.00,Independent Spender,0
2025,Z193,"Fix the City, Inc.",4156,Digital Ad,3/12/2025,INTVID,Video (Internet),132008,9417,4/3/2025,ADBUY,Advertising Buy/Placement,3770.88,Allegory LLC,New York,NY,10007,4/3/2025,3770.88,Independent Spender,0
2025,Z193,"Fix the City, Inc.",4156,Digital Ad,3/12/2025,INTVID,Video (Internet),132008,9429,4/10/2025,ADBUY,Advertising Buy/Placement,10281.66,Allegory LLC,New York,NY,10007,4/10/2025,10281.66,Independent Spender,0
2025,Z193,"Fix the City, Inc.",4156,Digital Ad,3/12/2025,INTVID,Video (Internet),132008,9436,4/17/2025,ADBUY,Advertising Buy/Placement,7013.94,Allegory LLC,New York,NY,10007,4/17/2025,7013.94,Independent Spender,0
2025,Z193,"Fix the City, Inc.",4156,Digital Ad,3/12/2025,INTVID,Video (Internet),132008,9440,4/24/2025,ADBUY,Advertising Buy/Placement,6816.99,Allegory LLC,New York,NY,10007,4/24/2025,6816.99,Independent Spender,0
2025,Z193,"Fix the City, Inc.",4156,Digital Ad,3/12/2025,INTVID,Video (Internet),132008,9445,5/9/2025,ADBUY,Advertising Buy/Placement,3071.24,Allegory LLC,New York,NY,10007,5/9/2025,3071.24,Independent Spender,0
2025,Z193,"Fix the City, Inc.",4156,Digital Ad,3/12/2025,INTVID,Video (Internet),132008,9448,5/2/2025,ADBUY,Advertising Buy/Placement,7053.07,Allegory LLC,New York,NY,10007,5/2/2025,7053.07,Independent Spender,0
2025,Z193,"Fix the City, Inc.",5304,Digital Ad 15sec Chaos,5/16/2025,INTVID,Video (Internet),117269,9161,5/16/2025,ADBUY,Advertising Buy/Placement,12500.00,Allegory LLC,New York,NY,10007,5/16/2025,12500.00,Independent Spender,0
2025,Z193,"Fix the City, Inc.",5304,Digital Ad 15sec Chaos,5/16/2025,INTVID,Video (Internet),117269,9171,5/9/2025,ADBUY,Advertising Buy/Placement,13894.30,Allegory LLC,New York,NY,10007,5/9/2025,13894.30,Independent Spender,0
2025,Z193,"Fix the City, Inc.",5304,Digital Ad 15sec Chaos,5/16/2025,INTVID,Video (Internet),117269,9289,5/21/2025,ADBUY,Advertising Buy/Placement,12500.00,Allegory LLC,New York,NY,10007,5/21/2025,12500.00,Independent Spender,0
2025,Z193,"Fix the City, Inc.",5304,Digital Ad 15sec Chaos,5/16/2025,INTVID,Video (Internet),117269,9423,4/3/2025,ADBUY,Advertising Buy/Placement,10601.68,Allegory LLC,New York,NY,10007,4/3/2025,10601.68,Independent Spender,0
2025,Z193,"Fix the City, Inc.",5304,Digital Ad 15sec Chaos,5/16/2025,INTVID,Video (Internet),117269,9431,4/10/2025,ADBUY,Advertising Buy/Placement,10732.08,Allegory LLC,New York,NY,10007,4/10/2025,10732.08,Independent Spender,0
2025,Z193,"Fix the City, Inc.",5304,Digital Ad 15sec Chaos,5/16/2025,INTVID,Video (Internet),117269,9438,4/17/2025,ADBUY,Advertising Buy/Placement,10705.34,Allegory LLC,New York,NY,10007,4/17/2025,10705.34,Independent Spender,0
2025,Z193,"Fix the City, Inc.",5304,Digital Ad 15sec Chaos,5/16/2025,INTVID,Video (Internet),117269,9442,4/24/2025,ADBUY,Advertising Buy/Placement,10610.01,Allegory LLC,New York,NY,10007,4/24/2025,10610.01,Independent Spender,0
2025,Z193,"Fix the City, Inc.",5304,Digital Ad 15sec Chaos,5/16/2025,INTVID,Video (Internet),117269,9450,5/2/2025,ADBUY,Advertising Buy/Placement,10725.14,Allegory LLC,New York,NY,10007,5/2/2025,10725.14,Independent Spender,0
2025,Z193,"Fix the City, Inc.",5304,Digital Ad 15sec Chaos,5/16/2025,INTVID,Video (Internet),117269,9849,6/2/2025,ADBUY,Advertising Buy/Placement,25000.00,Allegory LLC,New York,NY,10007,6/2/2025,25000.00,Independent Spender,0
2025,Z193,"Fix the City, Inc.",5303,Digital Ad 15sec WIN,5/13/2025,INTVID,Video (Internet),197028,9160,5/16/2025,ADBUY,Advertising Buy/Placement,12500.00,Allegory LLC,New York,NY,10007,5/16/2025,12500.00,Independent Spender,0
2025,Z193,"Fix the City, Inc.",5303,Digital Ad 15sec WIN,5/13/2025,INTVID,Video (Internet),197028,9170,5/9/2025,ADBUY,Advertising Buy/Placement,17760.14,Allegory LLC,New York,NY,10007,5/9/2025,17760.14,Independent Spender,0
2025,Z193,"Fix the City, Inc.",5303,Digital Ad 15sec WIN,5/13/2025,INTVID,Video (Internet),197028,9288,5/21/2025,ADBUY,Advertising Buy/Placement,12500.00,Allegory LLC,New York,NY,10007,5/21/2025,12500.00,Independent Spender,0
2025,Z193,"Fix the City, Inc.",5303,Digital Ad 15sec WIN,5/13/2025,INTVID,Video (Internet),197028,9420,4/3/2025,ADBUY,Advertising Buy/Placement,12654.20,Allegory LLC,New York,NY,10007,4/3/2025,12654.20,Independent Spender,0
2025,Z193,"Fix the City, Inc.",5303,Digital Ad 15sec WIN,5/13/2025,INTVID,Video (Internet),197028,9430,4/10/2025,ADBUY,Advertising Buy/Placement,25477.22,Allegory LLC,New York,NY,10007,4/10/2025,25477.22,Independent Spender,0
2025,Z193,"Fix the City, Inc.",5303,Digital Ad 15sec WIN,5/13/2025,INTVID,Video (Internet),197028,9437,4/17/2025,ADBUY,Advertising Buy/Placement,30802.88,Allegory LLC,New York,NY,10007,4/17/2025,30802.88,Independent Spender,0
2025,Z193,"Fix the City, Inc.",5303,Digital Ad 15sec WIN,5/13/2025,INTVID,Video (Internet),197028,9441,4/24/2025,ADBUY,Advertising Buy/Placement,32573.00,Allegory LLC,New York,NY,10007,4/24/2025,32573.00,Independent Spender,0
2025,Z193,"Fix the City, Inc.",5303,Digital Ad 15sec WIN,5/13/2025,INTVID,Video (Internet),197028,9449,5/2/2025,ADBUY,Advertising Buy/Placement,27760.79,Allegory LLC,New York,NY,10007,5/2/2025,27760.79,Independent Spender,0
2025,Z193,"Fix the City, Inc.",5303,Digital Ad 15sec WIN,5/13/2025,INTVID,Video (Internet),197028,9848,6/2/2025,ADBUY,Advertising Buy/Placement,25000.00,Allegory LLC,New York,NY,10007,6/2/2025,25000.00,Independent Spender,0
2025,Z193,"Fix the City, Inc.",6528,Digital Ad Meta,6/21/2025,INTVID,Video (Internet),50000,11196,6/18/2025,ADBUY,Advertising Buy/Placement,50000.00,Allegory LLC,New York,NY,10007,6/18/2025,50000.00,Independent Spender,0
2025,Z193,"Fix the City, Inc.",6529,Digital Ad Meta 2,6/21/2025,INTVID,Video (Internet),50000,11197,6/18/2025,ADBUY,Advertising Buy/Placement,50000.00,Allegory LLC,New York,NY,10007,6/18/2025,50000.00,Independent Spender,0
2025,Z193,"Fix the City, Inc.",6530,Digital Ad Meta 3,6/21/2025,INTVID,Video (Internet),50000,11198,6/18/2025,ADBUY,Advertising Buy/Placement,50000.00,Allegory LLC,New York,NY,10007,6/18/2025,50000.00,Independent Spender,0
2025,Z193,"Fix the City, Inc.",7408,Digital Ad_Pivot,10/31/2025,INTVID,Video (Internet),20000,12786,10/21/2025,ADBUY,Advertising Buy/Placement,20000.00,Pivot Group Marketing,Brooklyn,NY,11219,10/21/2025,20000.00,Independent Spender,0
2025,Z193,"Fix the City, Inc.",7409,Digital Ad_Pivot 2,10/31/2025,INTVID,Video (Internet),20000,12787,10/21/2025,ADBUY,Advertising Buy/Placement,20000.00,Pivot Group Marketing,Brooklyn,NY,11219,10/21/2025,20000.00,Independent Spender,0
2025,Z193,"Fix the City, Inc.",6574,DN 6.23 Ad,6/23/2025,PRINT,Print Ad,50000,11246,6/23/2025,ADBUY,Advertising Buy/Placement,50000.00,Allegory LLC,New York,NY,10007,6/23/2025,50000.00,Independent Spender,0
2025,Z193,"Fix the City, Inc.",7473,ElectionDay Calls,11/4/2025,PHONE,Phone Calls - Live,20000,12922,11/4/2025,PHONE,Phone Bank,20000.00,Pivot Group Marketing,Brooklyn,NY,11219,11/4/2025,20000.00,Independent Spender,0
2025,Z193,"Fix the City, Inc.",6339,Flatbush Jewish AD1,6/19/2025,PRINT,Print Ad,8333,10878,6/17/2025,ADBUY,Advertising Buy/Placement,8333.00,Flatbush Jewish Journal,Brooklyn,NY,11230,6/17/2025,8333.00,Independent Spender,0
2025,Z193,"Fix the City, Inc.",6341,Flatbush Jewish AD2,6/19/2025,PRINT,Print Ad,8333,10881,6/17/2025,ADBUY,Advertising Buy/Placement,8333.00,Flatbush Jewish Journal,Brooklyn,NY,11230,6/17/2025,8333.00,Independent Spender,0
2025,Z193,"Fix the City, Inc.",6342,Flatbush Jewish AD3,6/19/2025,PRINT,Print Ad,8334,10883,6/17/2025,ADBUY,Advertising Buy/Placement,8334.00,Flatbush Jewish Journal,Brooklyn,NY,11230,6/17/2025,8334.00,Independent Spender,0
2025,Z193,"Fix the City, Inc.",5664,FTC Done Spanish Ad,6/6/2025,INTVID,Video (Internet),170000,9867,6/4/2025,ADBUY,Advertising Buy/Placement,150000.00,Actum II LLC,Los Angeles,CA,90021,6/4/2025,150000.00,Independent Spender,0
2025,Z193,"Fix the City, Inc.",5664,FTC Done Spanish Ad,6/6/2025,INTVID,Video (Internet),170000,9854,6/2/2025,ADPROD,Advertising Production,20000.00,Allegory LLC,New York,NY,10007,6/2/2025,20000.00,Independent Spender,0
2025,Z193,"Fix the City, Inc.",5661,FTC Dough Digital Ad,6/5/2025,INTVID,Video (Internet),112500,9876,6/5/2025,ADBUY,Advertising Buy/Placement,62500.00,Allegory LLC,New York,NY,10007,6/5/2025,62500.00,Independent Spender,0
2025,Z193,"Fix the City, Inc.",5661,FTC Dough Digital Ad,6/5/2025,INTVID,Video (Internet),112500,11284,6/13/2025,ADBUY,Advertising Buy/Placement,50000.00,Allegory LLC,New York,NY,10007,6/13/2025,50000.00,Independent Spender,0
2025,Z193,"Fix the City, Inc.",6447,FTC Essence 1,6/20/2025,INTAD,Internet - Display/Banner,50000,11047,6/20/2025,ADBUY,Advertising Buy/Placement,50000.00,Actum II LLC,Los Angeles,CA,90021,6/20/2025,50000.00,Independent Spender,0
2025,Z193,"Fix the City, Inc.",6448,FTC Essence 2,6/20/2025,INTAD,Internet - Display/Banner,50000,11048,6/20/2025,ADBUY,Advertising Buy/Placement,50000.00,Actum II LLC,Los Angeles,CA,90021,6/20/2025,50000.00,Independent Spender,0
2025,Z193,"Fix the City, Inc.",6449,FTC Essence 3,6/20/2025,INTAD,Internet - Display/Banner,50000,11049,6/20/2025,WEB,Website,50000.00,Actum II LLC,Los Angeles,CA,90021,6/20/2025,50000.00,Independent Spender,0
2025,Z193,"Fix the City, Inc.",6450,FTC Essence 4,6/20/2025,INTAD,Internet - Display/Banner,50000,11050,6/20/2025,ADBUY,Advertising Buy/Placement,50000.00,Actum II LLC,Los Angeles,CA,90021,6/20/2025,50000.00,Independent Spender,0
2025,Z193,"Fix the City, Inc.",5660,FTC Fewer Digital Ad,6/5/2025,INTVID,Video (Internet),112500,9875,6/5/2025,ADBUY,Advertising Buy/Placement,62500.00,Allegory LLC,New York,NY,10007,6/5/2025,62500.00,Independent Spender,0
2025,Z193,"Fix the City, Inc.",5660,FTC Fewer Digital Ad,6/5/2025,INTVID,Video (Internet),112500,11283,6/13/2025,ADBUY,Advertising Buy/Placement,50000.00,Allegory LLC,New York,NY,10007,6/13/2025,50000.00,Independent Spender,0
2025,Z193,"Fix the City, Inc.",5659,FTC HEY AD,6/5/2025,TVADS,Video (TV/Cable),1015170,9873,6/5/2025,ADBUY,Advertising Buy/Placement,890170.00,Allegory LLC,New York,NY,10007,6/5/2025,890170.00,Independent Spender,0
2025,Z193,"Fix the City, Inc.",5659,FTC HEY AD,6/5/2025,TVADS,Video (TV/Cable),1015170,9874,6/5/2025,ADBUY,Advertising Buy/Placement,125000.00,Allegory LLC,New York,NY,10007,6/5/2025,125000.00,Independent Spender,0
2025,Z193,"Fix the City, Inc.",5663,FTC Kids Spanish Ad,6/6/2025,INTVID,Video (Internet),170000,9871,6/4/2025,ADBUY,Advertising Buy/Placement,150000.00,Actum II LLC,Los Angeles,CA,90021,6/4/2025,150000.00,Independent Spender,0
2025,Z193,"Fix the City, Inc.",5663,FTC Kids Spanish Ad,6/6/2025,INTVID,Video (Internet),170000,9852,6/2/2025,ADPROD,Advertising Production,20000.00,Allegory LLC,New York,NY,10007,6/2/2025,20000.00,Independent Spender,0
2025,Z193,"Fix the City, Inc.",5669,FTC Mailer 1,6/6/2025,MAIL,Mass Mailing,379737,9872,6/5/2025,ADBUY,Advertising Buy/Placement,379737.41,Allegory LLC,New York,NY,10007,6/5/2025,379737.41,Independent Spender,0
2025,Z193,"Fix the City, Inc.",6391,FTC WC,6/18/2025,MAIL,Mass Mailing,65509,10965,6/19/2025,ADBUY,Advertising Buy/Placement,63411.88,Allegory LLC,New York,NY,10007,6/20/2025,63411.80,Independent Spender,0
2025,Z193,"Fix the City, Inc.",6391,FTC WC,6/18/2025,MAIL,Mass Mailing,65509,11341,6/23/2025,ADPROD,Advertising Production,2096.71,Allegory LLC,New York,NY,10007,6/23/2025,2096.71,Independent Spender,0
2025,Z193,"Fix the City, Inc.",5667,FTC_Palm Card 1,6/8/2025,LITER,Leaflet/Flyer,827244,10849,6/17/2025,LD,Literature Distribution (non-postage),57500.00,Actum II LLC,Los Angeles,CA,90021,6/17/2025,57500.00,Independent Spender,0
2025,Z193,"Fix the City, Inc.",5667,FTC_Palm Card 1,6/8/2025,LITER,Leaflet/Flyer,827244,9940,6/8/2025,PRNT,Printing,26000.00,Allegory LLC,New York,NY,10007,6/10/2025,26000.00,Independent Spender,0
2025,Z193,"Fix the City, Inc.",5667,FTC_Palm Card 1,6/8/2025,LITER,Leaflet/Flyer,827244,10858,6/18/2025,ADBUY,Advertising Buy/Placement,13000.00,Allegory LLC,New York,NY,10007,6/18/2025,13000.00,Independent Spender,0
2025,Z193,"Fix the City, Inc.",5667,FTC_Palm Card 1,6/8/2025,LITER,Leaflet/Flyer,827244,10319,6/12/2025,LD,Literature Distribution (non-postage),72875.00,Bartholomew Communications & Strategies,Old Bethpage,NY,11804,6/12/2025,72875.00,Independent Spender,0
2025,Z193,"Fix the City, Inc.",5667,FTC_Palm Card 1,6/8/2025,LITER,Leaflet/Flyer,827244,10320,6/12/2025,LD,Literature Distribution (non-postage),101000.00,Bartholomew Communications & Strategies,Old Bethpage,NY,11804,6/12/2025,101000.00,Independent Spender,0
2025,Z193,"Fix the City, Inc.",5667,FTC_Palm Card 1,6/8/2025,LITER,Leaflet/Flyer,827244,10763,6/16/2025,LD,Literature Distribution (non-postage),33687.50,Bartholomew Communications & Strategies,Old Bethpage,NY,11804,6/16/2025,33687.50,Independent Spender,0
2025,Z193,"Fix the City, Inc.",5667,FTC_Palm Card 1,6/8/2025,LITER,Leaflet/Flyer,827244,10767,6/16/2025,LD,Literature Distribution (non-postage),20834.37,Bartholomew Communications & Strategies,Old Bethpage,NY,11804,6/16/2025,20834.37,Independent Spender,0
2025,Z193,"Fix the City, Inc.",5667,FTC_Palm Card 1,6/8/2025,LITER,Leaflet/Flyer,827244,10899,6/18/2025,LD,Literature Distribution (non-postage),33687.00,Bartholomew Communications & Strategies,Old Bethpage,NY,11804,6/18/2025,33687.00,Independent Spender,0
2025,Z193,"Fix the City, Inc.",5667,FTC_Palm Card 1,6/8/2025,LITER,Leaflet/Flyer,827244,10900,6/18/2025,LD,Literature Distribution (non-postage),20835.00,Bartholomew Communications & Strategies,Old Bethpage,NY,11804,6/18/2025,20835.00,Independent Spender,0
2025,Z193,"Fix the City, Inc.",5667,FTC_Palm Card 1,6/8/2025,LITER,Leaflet/Flyer,827244,10912,6/18/2025,LD,Literature Distribution (non-postage),32500.00,Downballot Consulting,Staten Island,NY,10310,6/18/2025,32500.00,Independent Spender,0
2025,Z193,"Fix the City, Inc.",5667,FTC_Palm Card 1,6/8/2025,LITER,Leaflet/Flyer,827244,11154,6/20/2025,LD,Literature Distribution (non-postage),150000.00,Ethnic Marketing Solution,Bronx,NY,10461,6/20/2025,150000.00,Independent Spender,0
2025,Z193,"Fix the City, Inc.",5667,FTC_Palm Card 1,6/8/2025,LITER,Leaflet/Flyer,827244,11418,6/23/2025,LD,Literature Distribution (non-postage),45000.00,New Yorkers for a Balanced Albany,New York,,10003,6/23/2025,45000.00,Independent Spender,0
2025,Z193,"Fix the City, Inc.",5667,FTC_Palm Card 1,6/8/2025,LITER,Leaflet/Flyer,827244,11313,6/23/2025,LD,Literature Distribution (non-postage),130000.00,Raven Strategies,Brooklyn,NY,11232,6/23/2025,130000.00,Independent Spender,0
2025,Z193,"Fix the City, Inc.",5667,FTC_Palm Card 1,6/8/2025,LITER,Leaflet/Flyer,827244,10846,6/17/2025,LD,Literature Distribution (non-postage),51825.00,The Acosta Group,Hollywood,,33021,6/17/2025,51825.00,Independent Spender,0
2025,Z193,"Fix the City, Inc.",5667,FTC_Palm Card 1,6/8/2025,LITER,Leaflet/Flyer,827244,11316,6/23/2025,LD,Literature Distribution (non-postage),38500.00,The Matterhorn Group LLC,Brooklyn,,11213,6/23/2025,38500.00,Independent Spender,0
2025,Z193,"Fix the City, Inc.",6525,Google Ads,6/21/2025,INTAD,Internet - Display/Banner,50000,11193,6/18/2025,ADBUY,Advertising Buy/Placement,50000.00,Allegory LLC,New York,NY,10007,6/18/2025,50000.00,Independent Spender,0
2025,Z193,"Fix the City, Inc.",6666,Google Ads Joke,6/20/2025,INTVID,Video (Internet),80000,11390,6/18/2025,ADBUY,Advertising Buy/Placement,80000.00,Allegory LLC,New York,NY,10007,6/18/2025,80000.00,Independent Spender,0
2025,Z193,"Fix the City, Inc.",6667,Google Ads Praise,6/20/2025,INTVID,Video (Internet),80000,11391,6/18/2025,ADBUY,Advertising Buy/Placement,80000.00,Allegory LLC,New York,NY,10007,6/18/2025,80000.00,Independent Spender,0
2025,Z193,"Fix the City, Inc.",7405,GOTV Palm Cards,10/31/2025,LITER,Leaflet/Flyer,44000,12778,10/31/2025,ADBUY,Advertising Buy/Placement,44000.00,Bartholomew Communications & Strategies,Old Bethpage,NY,11804,10/31/2025,44000.00,Independent Spender,0
2025,Z193,"Fix the City, Inc.",5951,Jewish New Yorkers #1,6/12/2025,MAIL,Mass Mailing,62504,10304,6/12/2025,PRNT,Printing,62504.46,Allegory LLC,New York,NY,10007,6/12/2025,62504.46,Independent Spender,0
2025,Z193,"Fix the City, Inc.",6220,Jewish NY 2,6/14/2025,MAIL,Mass Mailing,57404,10702,6/16/2025,ADBUY,Advertising Buy/Placement,57404.46,Allegory LLC,New York,NY,10007,6/16/2025,57404.46,Independent Spender,0
2025,Z193,"Fix the City, Inc.",6390,Jewish NY 3,6/18/2025,MAIL,Mass Mailing,61057,10964,6/19/2025,ADBUY,Advertising Buy/Placement,57404.46,Allegory LLC,New York,NY,10007,6/20/2025,57404.46,Independent Spender,0
2025,Z193,"Fix the City, Inc.",6390,Jewish NY 3,6/18/2025,MAIL,Mass Mailing,61057,11338,6/23/2025,ADPROD,Advertising Production,2096.71,Allegory LLC,New York,NY,10007,6/23/2025,2096.71,Independent Spender,0
2025,Z193,"Fix the City, Inc.",6390,Jewish NY 3,6/18/2025,MAIL,Mass Mailing,61057,11352,6/23/2025,ADPROD,Advertising Production,1556.15,Allegory LLC,New York,NY,10007,6/23/2025,1556.15,Independent Spender,0
2025,Z193,"Fix the City, Inc.",6446,Jewish NY 4,6/19/2025,MAIL,Mass Mailing,59306,11046,6/20/2025,ADBUY,Advertising Buy/Placement,57750.27,Allegory LLC,New York,NY,10007,6/20/2025,57750.27,Independent Spender,0
2025,Z193,"Fix the City, Inc.",6446,Jewish NY 4,6/19/2025,MAIL,Mass Mailing,59306,11353,6/23/2025,ADPROD,Advertising Production,1556.14,Allegory LLC,New York,NY,10007,6/23/2025,1556.14,Independent Spender,0
2025,Z193,"Fix the City, Inc.",6513,Kiosks 1,6/21/2025,INTAD,Internet - Display/Banner,97500,11176,6/12/2025,ADBUY,Advertising Buy/Placement,60000.00,Allegory LLC,New York,NY,10007,6/12/2025,60000.00,Independent Spender,0
2025,Z193,"Fix the City, Inc.",6513,Kiosks 1,6/21/2025,INTAD,Internet - Display/Banner,97500,11181,6/12/2025,ADPROD,Advertising Production,10000.00,Allegory LLC,New York,NY,10007,6/12/2025,10000.00,Independent Spender,0
2025,Z193,"Fix the City, Inc.",6513,Kiosks 1,6/21/2025,INTAD,Internet - Display/Banner,97500,11366,6/23/2025,ADBUY,Advertising Buy/Placement,27500.00,Allegory LLC,New York,NY,10007,6/23/2025,27500.00,Independent Spender,0
2025,Z193,"Fix the City, Inc.",6514,Kiosks 2,6/21/2025,INTAD,Internet - Display/Banner,97500,11177,6/12/2025,ADBUY,Advertising Buy/Placement,60000.00,Allegory LLC,New York,NY,10007,6/12/2025,60000.00,Independent Spender,0
2025,Z193,"Fix the City, Inc.",6514,Kiosks 2,6/21/2025,INTAD,Internet - Display/Banner,97500,11182,6/12/2025,ADPROD,Advertising Production,10000.00,Allegory LLC,New York,NY,10007,6/12/2025,10000.00,Independent Spender,0
2025,Z193,"Fix the City, Inc.",6514,Kiosks 2,6/21/2025,INTAD,Internet - Display/Banner,97500,11368,6/23/2025,ADBUY,Advertising Buy/Placement,27500.00,Allegory LLC,New York,NY,10007,6/23/2025,27500.00,Independent Spender,0
2025,Z193,"Fix the City, Inc.",6217,Latino Mailer,6/14/2025,MAIL,Mass Mailing,90962,10700,6/16/2025,ADBUY,Advertising Buy/Placement,90961.56,Allegory LLC,New York,NY,10007,6/16/2025,90961.56,Independent Spender,0
2025,Z193,"Fix the City, Inc.",6388,Latino Mailer 2,6/18/2025,MAIL,Mass Mailing,93058,10961,6/19/2025,ADBUY,Advertising Buy/Placement,90961.56,Allegory LLC,New York,NY,10007,6/20/2025,90961.56,Independent Spender,0
2025,Z193,"Fix the City, Inc.",6388,Latino Mailer 2,6/18/2025,MAIL,Mass Mailing,93058,11343,6/23/2025,ADPROD,Advertising Production,2096.71,Allegory LLC,New York,NY,10007,6/23/2025,2096.71,Independent Spender,0
2025,Z193,"Fix the City, Inc.",7123,Lawn Signs,10/17/2025,POSTER,Poster,2739,12242,10/17/2025,ADBUY,Advertising Buy/Placement,2739.22,Bartholomew Communications & Strategies,Old Bethpage,NY,11804,10/20/2025,2739.22,Independent Spender,0
2025,Z193,"Fix the City, Inc.",7475,Leadership Not Noise Cuomo,11/4/2025,INTVID,Video (Internet),150000,12924,11/4/2025,ADBUY,Advertising Buy/Placement,150000.00,The Power of Few LLC DBA The Twenty One,New York,NY,10014,11/4/2025,112000.00,Independent Spender,0
2025,Z193,"Fix the City, Inc.",7061,Live Ads and Posting 10/06 - 10/13,10/6/2025,INTAD,Internet - Display/Banner,151500,12153,10/10/2025,ADBUY,Advertising Buy/Placement,151500.00,The Power of Few LLC DBA The Twenty One,New York,NY,10014,10/10/2025,151500.00,Independent Spender,0
2025,Z193,"Fix the City, Inc.",6580,Live Calls,6/23/2025,PHONE,Phone Calls - Live,300000,11253,6/20/2025,PHONE,Phone Bank,300000.00,The Phone Consultants,Rancho Mirage,,92270,6/20/2025,300000.00,Independent Spender,0
2025,Z193,"Fix the City, Inc.",6575,Local Paper Display,6/23/2025,PRINT,Print Ad,50000,11247,6/23/2025,ADBUY,Advertising Buy/Placement,50000.00,Allegory LLC,New York,NY,10007,6/23/2025,50000.00,Independent Spender,0
2025,Z193,"Fix the City, Inc.",6495,Mailer 1 Chinese,6/20/2025,MAIL,Mass Mailing,42640,11156,6/20/2025,ADBUY,Advertising Buy/Placement,42640.00,Allegory LLC,New York,NY,10007,6/23/2025,42640.00,Independent Spender,0
2025,Z193,"Fix the City, Inc.",6496,Mailer 2 Chinese,6/20/2025,MAIL,Mass Mailing,42640,11157,6/20/2025,ADBUY,Advertising Buy/Placement,42640.00,Allegory LLC,New York,NY,10007,6/23/2025,42640.00,Independent Spender,0
2025,Z193,"Fix the City, Inc.",6852,Mainstream Site,8/11/2025,WEB,Website,70000,11851,8/6/2025,WEB,Website,70000.00,Cirkel Innovations LLC,St Paul,MN,55114,8/6/2025,70000.00,Independent Spender,0
2025,Z193,"Fix the City, Inc.",7307,Mandarin Phone Calls,10/27/2025,PHONE,Phone Calls - Live,75000,12578,10/28/2025,PHONE,Phone Bank,75000.00,Bartholomew Communications & Strategies,Old Bethpage,NY,11804,10/28/2025,75000.00,Independent Spender,0
2025,Z193,"Fix the City, Inc.",6493,Mayoral Race Ad,6/20/2025,INTVID,Video (Internet),92987,11633,7/11/2025,ADPROD,Advertising Production,7000.00,Blue Label Strategies Inc,Brooklyn,NY,11204,7/11/2025,7000.00,Independent Spender,0
2025,Z193,"Fix the City, Inc.",6493,Mayoral Race Ad,6/20/2025,INTVID,Video (Internet),92987,11153,6/20/2025,ADBUY,Advertising Buy/Placement,85986.93,Project Applecart,New York,NY,10003,6/20/2025,85986.93,Independent Spender,0
2025,Z193,"Fix the City, Inc.",6320,Meeks Endorsement Direct Mail,6/17/2025,MAIL,Mass Mailing,20474,10855,6/18/2025,ADBUY,Advertising Buy/Placement,18376.94,Allegory LLC,New York,NY,10007,6/18/2025,18376.94,Independent Spender,0
2025,Z193,"Fix the City, Inc.",6320,Meeks Endorsement Direct Mail,6/17/2025,MAIL,Mass Mailing,20474,11335,6/23/2025,ADPROD,Advertising Production,2096.71,Allegory LLC,New York,NY,10007,6/23/2025,2096.71,Independent Spender,0
2025,Z193,"Fix the City, Inc.",5873,Memorial Day Ad,5/23/2025,PRINT,Print Ad,1995,10150,6/11/2025,PRNT,Printing,1995.00,Schneps Media,Bay Side,NY,11361,6/11/2025,1995.00,Independent Spender,0
2025,Z193,"Fix the City, Inc.",6531,Meta Digital Ads,6/20/2025,INTVID,Video (Internet),50000,11199,6/18/2025,ADPROD,Advertising Production,50000.00,Allegory LLC,New York,NY,10007,6/18/2025,50000.00,Independent Spender,0
2025,Z193,"Fix the City, Inc.",6716,Mobile Ads,6/24/2025,POSTER,Poster,8000,11517,6/25/2025,ADBUY,Advertising Buy/Placement,8000.00,Effective Strategy Group LLC,Brooklyn,NY,11233,6/25/2025,8000.00,Independent Spender,0
2025,Z193,"Fix the City, Inc.",6712,Mobile Ads Williamsburg 1,6/24/2025,POSTER,Poster,2167,11507,6/25/2025,ADBUY,Advertising Buy/Placement,2166.66,Coral Image,Brooklyn,NY,11206,6/25/2025,2166.66,Independent Spender,0
2025,Z193,"Fix the City, Inc.",6713,Mobile Ads Williamsburg 2,6/24/2025,POSTER,Poster,2167,11508,6/25/2025,ADBUY,Advertising Buy/Placement,2166.67,Coral Image,Brooklyn,NY,11206,6/25/2025,2166.67,Independent Spender,0
2025,Z193,"Fix the City, Inc.",6714,Mobile Ads Williamsburg 3,6/24/2025,POSTER,Poster,2167,11509,6/25/2025,ADBUY,Advertising Buy/Placement,2166.66,Coral Image,Brooklyn,NY,11206,6/25/2025,2166.66,Independent Spender,0
2025,Z193,"Fix the City, Inc.",6319,MRB Endorsement Direct Mail,6/17/2025,MAIL,Mass Mailing,88532,10854,6/18/2025,ADBUY,Advertising Buy/Placement,86435.00,Allegory LLC,New York,NY,10007,6/18/2025,86435.00,Independent Spender,0
2025,Z193,"Fix the City, Inc.",6319,MRB Endorsement Direct Mail,6/17/2025,MAIL,Mass Mailing,88532,11328,6/23/2025,ADPROD,Advertising Production,2096.76,Allegory LLC,New York,NY,10007,6/23/2025,2096.76,Independent Spender,0
2025,Z193,"Fix the City, Inc.",7057,Not Series Video Ad,10/6/2025,TVADS,Video (TV/Cable),10500,12154,10/10/2025,ADBUY,Advertising Buy/Placement,10500.00,The Power of Few LLC DBA The Twenty One,New York,NY,10014,10/10/2025,10500.00,Independent Spender,0
2025,Z193,"Fix the City, Inc.",6974,Not Serious Digital Ad,9/24/2025,INTVID,Video (Internet),26666,12040,9/26/2025,ADBUY,Advertising Buy/Placement,26666.00,The Power of Few LLC DBA The Twenty One,New York,NY,10014,9/26/2025,26666.00,Independent Spender,0
2025,Z193,"Fix the City, Inc.",6624,Noticia Email Blast,6/23/2025,EMAIL,Emails,500,11311,6/18/2025,EMAIL,Emails,500.00,Schneps Media,Bay Side,NY,11361,6/18/2025,500.00,Independent Spender,0
2025,Z193,"Fix the City, Inc.",6933,NYC Biggest Challenges_Media,9/11/2025,INTVID,Video (Internet),9358,11978,9/12/2025,ADBUY,Advertising Buy/Placement,9358.00,NVC Media LLC,Brooklyn,NY,11222,9/12/2025,9358.00,Independent Spender,0
2025,Z193,"Fix the City, Inc.",7055,NYC Deserves Real Leadership Youtube Video Ad,10/6/2025,INTVID,Video (Internet),10500,12155,10/10/2025,ADBUY,Advertising Buy/Placement,10500.00,The Power of Few LLC DBA The Twenty One,New York,NY,10014,10/10/2025,10500.00,Independent Spender,0
2025,Z193,"Fix the City, Inc.",6526,NYDN and Google Ads,6/21/2025,INTAD,Internet - Display/Banner,50000,11194,6/18/2025,ADBUY,Advertising Buy/Placement,50000.00,Allegory LLC,New York,NY,10007,6/18/2025,50000.00,Independent Spender,0
2025,Z193,"Fix the City, Inc.",6527,NYT Digital Ads,6/20/2025,INTVID,Video (Internet),50000,11195,6/18/2025,ADBUY,Advertising Buy/Placement,50000.00,Allegory LLC,New York,NY,10007,6/18/2025,50000.00,Independent Spender,0
2025,Z193,"Fix the City, Inc.",6451,NYT Targeted Mail,6/19/2025,MAIL,Mass Mailing,284437,11051,6/20/2025,ADBUY,Advertising Buy/Placement,264455.28,Allegory LLC,New York,NY,10007,6/20/2025,264455.28,Independent Spender,0
2025,Z193,"Fix the City, Inc.",6451,NYT Targeted Mail,6/19/2025,MAIL,Mass Mailing,284437,11325,6/23/2025,ADBUY,Advertising Buy/Placement,3116.39,Allegory LLC,New York,NY,10007,6/23/2025,3116.39,Independent Spender,0
2025,Z193,"Fix the City, Inc.",6451,NYT Targeted Mail,6/19/2025,MAIL,Mass Mailing,284437,11342,6/23/2025,ADPROD,Advertising Production,2096.71,Allegory LLC,New York,NY,10007,6/23/2025,2096.71,Independent Spender,0
2025,Z193,"Fix the City, Inc.",6451,NYT Targeted Mail,6/19/2025,MAIL,Mass Mailing,284437,11344,6/23/2025,ADBUY,Advertising Buy/Placement,14768.78,Allegory LLC,New York,NY,10007,6/23/2025,14768.78,Independent Spender,0
2025,Z193,"Fix the City, Inc.",6958,Palm Card,9/20/2025,LITER,Leaflet/Flyer,561488,12017,9/21/2025,PRNT,Printing,2420.00,Bartholomew Communications & Strategies,Old Bethpage,NY,11804,9/21/2025,2420.00,Independent Spender,0
2025,Z193,"Fix the City, Inc.",6958,Palm Card,9/20/2025,LITER,Leaflet/Flyer,561488,12018,9/21/2025,LD,Literature Distribution (non-postage),244620.00,Bartholomew Communications & Strategies,Old Bethpage,NY,11804,9/21/2025,244620.00,Independent Spender,0
2025,Z193,"Fix the City, Inc.",6958,Palm Card,9/20/2025,LITER,Leaflet/Flyer,561488,12073,9/29/2025,ADBUY,Advertising Buy/Placement,19800.00,Bartholomew Communications & Strategies,Old Bethpage,NY,11804,9/29/2025,19800.00,Independent Spender,0
2025,Z193,"Fix the City, Inc.",6958,Palm Card,9/20/2025,LITER,Leaflet/Flyer,561488,12152,10/9/2025,LD,Literature Distribution (non-postage),257220.00,Bartholomew Communications & Strategies,Old Bethpage,NY,11804,10/9/2025,257220.00,Independent Spender,0
2025,Z193,"Fix the City, Inc.",6958,Palm Card,9/20/2025,LITER,Leaflet/Flyer,561488,12109,9/30/2025,ADBUY,Advertising Buy/Placement,37428.00,CivicEdge LLC,Brooklyn,NY,11232,9/30/2025,37428.00,Independent Spender,0
2025,Z193,"Fix the City, Inc.",7427,Phone Call Scripts,11/2/2025,PHONE,Phone Calls - Live,100000,12832,10/31/2025,PHONE,Phone Bank,100000.00,MPAC,Elizabeth,NJ,07208,10/31/2025,100000.00,Independent Spender,0
2025,Z193,"Fix the City, Inc.",7065,Phone Calls 10/6-10/14,10/6/2025,PHONE,Phone Calls - Live,53668,12161,10/6/2025,PHONE,Phone Bank,2000.00,CivicEdge LLC,Brooklyn,NY,11232,10/6/2025,2000.00,Independent Spender,0
2025,Z193,"Fix the City, Inc.",7065,Phone Calls 10/6-10/14,10/6/2025,PHONE,Phone Calls - Live,53668,12234,10/14/2025,PHONE,Phone Bank,2000.00,CivicEdge LLC,Brooklyn,NY,11232,10/14/2025,2000.00,Independent Spender,0
2025,Z193,"Fix the City, Inc.",7065,Phone Calls 10/6-10/14,10/6/2025,PHONE,Phone Calls - Live,53668,12376,10/22/2025,PHONE,Phone Bank,1000.00,CivicEdge LLC,Brooklyn,NY,11232,10/22/2025,1000.00,Independent Spender,0
2025,Z193,"Fix the City, Inc.",7065,Phone Calls 10/6-10/14,10/6/2025,PHONE,Phone Calls - Live,53668,12638,10/28/2025,PHONE,Phone Bank,48668.00,CivicEdge LLC,Brooklyn,NY,11232,10/28/2025,48668.00,Independent Spender,0
2025,Z193,"Fix the City, Inc.",7023,Phone Calls 9/30,9/30/2025,PHONE,Phone Calls - Live,37428,12110,9/30/2025,ADBUY,Advertising Buy/Placement,37428.00,CivicEdge LLC,Brooklyn,NY,11232,9/30/2025,37428.00,Independent Spender,0
2025,Z193,"Fix the City, Inc.",6491,Phone Campaign,6/20/2025,PHONE,Phone Calls - Live,132893,11151,6/20/2025,PHONE,Phone Bank,132893.29,Project Applecart,New York,NY,10003,6/20/2025,132893.29,Independent Spender,0
2025,Z193,"Fix the City, Inc.",6186,Poster,6/15/2025,LITER,Leaflet/Flyer,48613,10633,6/16/2025,PRNT,Printing,1490.00,Allegory LLC,New York,NY,10007,6/17/2025,1490.00,Independent Spender,0
2025,Z193,"Fix the City, Inc.",6186,Poster,6/15/2025,LITER,Leaflet/Flyer,48613,10860,6/18/2025,PRNT,Printing,2730.00,Allegory LLC,New York,NY,10007,6/18/2025,2730.00,Independent Spender,0
2025,Z193,"Fix the City, Inc.",6186,Poster,6/15/2025,LITER,Leaflet/Flyer,48613,11364,6/23/2025,ADBUY,Advertising Buy/Placement,2730.00,Allegory LLC,New York,NY,10007,6/23/2025,2730.00,Independent Spender,0
2025,Z193,"Fix the City, Inc.",6186,Poster,6/15/2025,LITER,Leaflet/Flyer,48613,11317,6/23/2025,LD,Literature Distribution (non-postage),41662.50,Bartholomew Communications & Strategies,Old Bethpage,NY,11804,6/23/2025,41662.50,Independent Spender,0
2025,Z193,"Fix the City, Inc.",6573,Poster- Spanish,6/22/2025,LITER,Leaflet/Flyer,4075,11245,6/23/2025,ADBUY,Advertising Buy/Placement,4075.00,Allegory LLC,New York,NY,10007,6/23/2025,4075.00,Independent Spender,0
2025,Z193,"Fix the City, Inc.",6411,Print Ad Full Caribbean 6/19,6/19/2025,PRINT,Print Ad,2458,11004,6/9/2025,ADBUY,Advertising Buy/Placement,2458.00,Schneps Media,Bay Side,NY,11361,6/9/2025,2458.00,Independent Spender,0
2025,Z193,"Fix the City, Inc.",6096,Print Ad Full Page Bronx,6/13/2025,PRINT,Print Ad,1604,10503,6/9/2025,PRNT,Printing,1604.00,Schneps Media,Bay Side,NY,11361,6/9/2025,1604.00,Independent Spender,0
2025,Z193,"Fix the City, Inc.",6098,Print Ad Full Page Jamaica,6/13/2025,PRINT,Print Ad,1604,10505,6/9/2025,PRNT,Printing,1604.00,Schneps Media,Bay Side,NY,11361,6/9/2025,1604.00,Independent Spender,0
2025,Z193,"Fix the City, Inc.",6413,Print Ad Full Page Jamaica 6/20,6/20/2025,PRINT,Print Ad,1604,11007,6/9/2025,ADBUY,Advertising Buy/Placement,1604.00,Schneps Media,Bay Side,NY,11361,6/9/2025,1604.00,Independent Spender,0
2025,Z193,"Fix the City, Inc.",6099,Print Ad Full Page Queens,6/13/2025,PRINT,Print Ad,3515,10506,6/9/2025,PRNT,Printing,3515.00,Schneps Media,Bay Side,NY,11361,6/9/2025,3515.00,Independent Spender,0
2025,Z193,"Fix the City, Inc.",6416,Print Ad Full Page Queens 6/20,6/20/2025,PRINT,Print Ad,3515,11010,6/9/2025,ADBUY,Advertising Buy/Placement,3515.00,Schneps Media,Bay Side,NY,11361,6/9/2025,3515.00,Independent Spender,0
2025,Z193,"Fix the City, Inc.",6029,Print Ad Full Page Schneps,6/12/2025,PRINT,Print Ad,2458,10394,6/9/2025,PRNT,Printing,2458.00,Schneps Media,Bay Side,NY,11361,6/9/2025,2458.00,Independent Spender,0
2025,Z193,"Fix the City, Inc.",6100,Print Ad Full Page Spanish El Diario,6/14/2025,PRINT,Print Ad,13080,10507,6/13/2025,PRNT,Printing,13079.91,Impremedia Operating Co El Diario,Brooklyn,NY,11217,6/13/2025,13079.91,Independent Spender,0
2025,Z193,"Fix the City, Inc.",6097,Print Ad Full Page Spanish Noticia,6/13/2025,PRINT,Print Ad,1495,10504,6/9/2025,PRNT,Printing,1495.00,Schneps Media,Bay Side,NY,11361,6/9/2025,1495.00,Independent Spender,0
2025,Z193,"Fix the City, Inc.",6409,Print Ad Full Page Spanish Noticia 6/20,6/20/2025,PRINT,Print Ad,1495,11001,6/9/2025,ADBUY,Advertising Buy/Placement,1495.00,Schneps Media,Bay Side,NY,11361,6/9/2025,1495.00,Independent Spender,0
2025,Z193,"Fix the City, Inc.",6408,Print Ad Full Pg Bronx Times 6/20,6/20/2025,PRINT,Print Ad,1604,10999,6/9/2025,ADBUY,Advertising Buy/Placement,1604.00,Schneps Media,Bay Side,NY,11361,6/9/2025,1604.00,Independent Spender,0
2025,Z193,"Fix the City, Inc.",6267,Print Ad Replacement Schneps,6/16/2025,PRINT,Print Ad,16720,10769,6/6/2025,PRNT,Printing,16720.00,Schneps Media,Bay Side,NY,11361,6/6/2025,16720.00,Independent Spender,0
2025,Z193,"Fix the City, Inc.",5915,Print Ad Straus Media,6/12/2025,PRINT,Print Ad,4150,10231,6/10/2025,PRNT,Printing,4150.00,Straus Media,Chester,NE,10918,6/10/2025,4150.00,Independent Spender,0
2025,Z193,"Fix the City, Inc.",7402,Print Ads Schneps,10/31/2025,PRINT,Print Ad,46429,12773,10/28/2025,ADBUY,Advertising Buy/Placement,46428.58,Schneps Media,Bay Side,NY,11361,10/28/2025,46428.58,Independent Spender,0
2025,Z193,"Fix the City, Inc.",6576,Radio,6/22/2025,RADIO,Audio > 30 seconds,100000,11248,6/23/2025,ADBUY,Advertising Buy/Placement,100000.00,Allegory LLC,New York,NY,10007,6/23/2025,100000.00,Independent Spender,0
2025,Z193,"Fix the City, Inc.",7443,Radio Ad Restaurant,11/1/2025,RADIO,Audio > 30 seconds,30910,12854,11/3/2025,ADBUY,Advertising Buy/Placement,30910.00,Allegory LLC,New York,NY,10007,11/3/2025,30910.00,Independent Spender,0
2025,Z193,"Fix the City, Inc.",6321,Ramos Endorsement Direct Mail,6/17/2025,MAIL,Mass Mailing,11940,10856,6/18/2025,ADBUY,Advertising Buy/Placement,9843.03,Allegory LLC,New York,NY,10007,6/18/2025,9843.03,Independent Spender,0
2025,Z193,"Fix the City, Inc.",6321,Ramos Endorsement Direct Mail,6/17/2025,MAIL,Mass Mailing,11940,11337,6/23/2025,ADPROD,Advertising Production,2096.71,Allegory LLC,New York,NY,10007,6/23/2025,2096.71,Independent Spender,0
2025,Z193,"Fix the City, Inc.",7056,Ready for the Job Youtube Video Ad,10/6/2025,INTVID,Video (Internet),10500,12156,10/10/2025,ADBUY,Advertising Buy/Placement,10500.00,The Power of Few LLC DBA The Twenty One,New York,NY,10014,10/10/2025,10500.00,Independent Spender,0
2025,Z193,"Fix the City, Inc.",6934,Rent Freeze_Media,9/11/2025,INTVID,Video (Internet),9358,11975,9/12/2025,ADBUY,Advertising Buy/Placement,9358.00,NVC Media LLC,Brooklyn,NY,11222,9/12/2025,9358.00,Independent Spender,0
2025,Z193,"Fix the City, Inc.",7121,Revised Palm Card Bilingual English/Spanish,10/17/2025,LITER,Leaflet/Flyer,17600,12240,10/17/2025,ADBUY,Advertising Buy/Placement,6600.00,Bartholomew Communications & Strategies,Old Bethpage,NY,11804,10/20/2025,6600.00,Independent Spender,0
2025,Z193,"Fix the City, Inc.",7121,Revised Palm Card Bilingual English/Spanish,10/17/2025,LITER,Leaflet/Flyer,17600,12779,10/31/2025,ADBUY,Advertising Buy/Placement,11000.00,Bartholomew Communications & Strategies,Old Bethpage,NY,11804,10/31/2025,11000.00,Independent Spender,0
2025,Z193,"Fix the City, Inc.",7120,Revised Palm Card English,10/17/2025,LITER,Leaflet/Flyer,1832520,12246,10/14/2025,LD,Literature Distribution (non-postage),250000.00,African American Clergy Elected Officials,Brooklyn,NY,11221,10/14/2025,250000.00,Independent Spender,0
2025,Z193,"Fix the City, Inc.",7120,Revised Palm Card English,10/17/2025,LITER,Leaflet/Flyer,1832520,12298,10/20/2025,LD,Literature Distribution (non-postage),250000.00,African American Clergy Elected Officials,Brooklyn,NY,11221,10/20/2025,250000.00,Independent Spender,0
2025,Z193,"Fix the City, Inc.",7120,Revised Palm Card English,10/17/2025,LITER,Leaflet/Flyer,1832520,12921,11/3/2025,LD,Literature Distribution (non-postage),150000.00,African American Clergy Elected Officials,Brooklyn,NY,11221,11/3/2025,150000.00,Independent Spender,0
2025,Z193,"Fix the City, Inc.",7120,Revised Palm Card English,10/17/2025,LITER,Leaflet/Flyer,1832520,12945,11/4/2025,LD,Literature Distribution (non-postage),150000.00,African American Clergy Elected Officials,Brooklyn,NY,11221,11/4/2025,150000.00,Independent Spender,0
2025,Z193,"Fix the City, Inc.",7120,Revised Palm Card English,10/17/2025,LITER,Leaflet/Flyer,1832520,12999,11/13/2025,LD,Literature Distribution (non-postage),100000.00,African American Clergy Elected Officials,Brooklyn,NY,11221,11/13/2025,100000.00,Independent Spender,0
2025,Z193,"Fix the City, Inc.",7120,Revised Palm Card English,10/17/2025,LITER,Leaflet/Flyer,1832520,12239,10/14/2025,ADBUY,Advertising Buy/Placement,19800.00,Bartholomew Communications & Strategies,Old Bethpage,NY,11804,10/20/2025,19800.00,Independent Spender,0
2025,Z193,"Fix the City, Inc.",7120,Revised Palm Card English,10/17/2025,LITER,Leaflet/Flyer,1832520,12373,10/22/2025,ADBUY,Advertising Buy/Placement,33000.00,Bartholomew Communications & Strategies,Old Bethpage,NY,11804,10/22/2025,33000.00,Independent Spender,0
2025,Z193,"Fix the City, Inc.",7120,Revised Palm Card English,10/17/2025,LITER,Leaflet/Flyer,1832520,12374,10/22/2025,ADBUY,Advertising Buy/Placement,472720.00,Bartholomew Communications & Strategies,Old Bethpage,NY,11804,10/22/2025,472720.00,Independent Spender,0
2025,Z193,"Fix the City, Inc.",7120,Revised Palm Card English,10/17/2025,LITER,Leaflet/Flyer,1832520,12639,10/28/2025,LD,Literature Distribution (non-postage),215500.00,Bartholomew Communications & Strategies,Old Bethpage,NY,11804,10/28/2025,215500.00,Independent Spender,0
2025,Z193,"Fix the City, Inc.",7120,Revised Palm Card English,10/17/2025,LITER,Leaflet/Flyer,1832520,12776,10/31/2025,ADBUY,Advertising Buy/Placement,16500.00,Bartholomew Communications & Strategies,Old Bethpage,NY,11804,10/31/2025,16500.00,Independent Spender,0
2025,Z193,"Fix the City, Inc.",7120,Revised Palm Card English,10/17/2025,LITER,Leaflet/Flyer,1832520,12498,10/24/2025,LD,Literature Distribution (non-postage),100000.00,MPAC,Elizabeth,NJ,07208,10/24/2025,100000.00,Independent Spender,0
2025,Z193,"Fix the City, Inc.",7120,Revised Palm Card English,10/17/2025,LITER,Leaflet/Flyer,1832520,12920,11/3/2025,LD,Literature Distribution (non-postage),75000.00,MPAC,Elizabeth,NJ,07208,11/3/2025,75000.00,Independent Spender,0
2025,Z193,"Fix the City, Inc.",5964,Risky Ad,6/12/2025,TVADS,Video (TV/Cable),5389604,10318,6/12/2025,ADBUY,Advertising Buy/Placement,5389604.40,Allegory LLC,New York,NY,10007,6/13/2025,5389604.40,Independent Spender,0
2025,Z193,"Fix the City, Inc.",7000,Round 3 Text Messages,9/30/2025,TEXT,Text Messages,76933,12076,9/30/2025,TEXT,Text Messages,76933.24,CivicEdge LLC,Brooklyn,NY,11232,9/30/2025,76933.24,Independent Spender,0
2025,Z193,"Fix the City, Inc.",7054,Safey Youtube Video Ad,10/6/2025,INTVID,Video (Internet),10500,12157,10/10/2025,ADBUY,Advertising Buy/Placement,10500.00,The Power of Few LLC DBA The Twenty One,New York,NY,10014,10/10/2025,10500.00,Independent Spender,0
2025,Z193,"Fix the City, Inc.",6334,Schneps 6/19,6/19/2025,PRINT,Print Ad,55500,10873,6/18/2025,ADBUY,Advertising Buy/Placement,55500.00,Schneps Media,Bay Side,NY,11361,6/18/2025,55500.00,Independent Spender,0
2025,Z193,"Fix the City, Inc.",6622,Schneps Digital 6/24,6/24/2025,INTAD,Internet - Display/Banner,3500,11310,6/18/2025,ADBUY,Advertising Buy/Placement,3500.00,Schneps Media,Bay Side,NY,11361,6/18/2025,3500.00,Independent Spender,0
2025,Z193,"Fix the City, Inc.",7001,Social Media (X Corp) 10/01,10/1/2025,INTAD,Internet - Display/Banner,640,12079,10/2/2025,ADBUY,Advertising Buy/Placement,640.11,X Corp,San Francisco,CA,94103,10/2/2025,640.11,Independent Spender,0
2025,Z193,"Fix the City, Inc.",7007,Social Media (X Corp) 10/02/2025,10/2/2025,INTAD,Internet - Display/Banner,994,12087,10/3/2025,ADBUY,Advertising Buy/Placement,993.80,X Corp,San Francisco,CA,94103,10/3/2025,993.80,Independent Spender,0
2025,Z193,"Fix the City, Inc.",7008,Social Media (X Corp) 10/03/25,10/3/2025,INTAD,Internet - Display/Banner,998,12088,10/6/2025,ADBUY,Advertising Buy/Placement,997.94,X Corp,San Francisco,CA,94103,10/6/2025,997.94,Independent Spender,0
2025,Z193,"Fix the City, Inc.",6978,Social Media (X Corp) 9/22,9/22/2025,INTAD,Internet - Display/Banner,615,12044,6/23/2025,ADBUY,Advertising Buy/Placement,615.00,X Corp,San Francisco,CA,94103,9/23/2025,615.00,Independent Spender,0
2025,Z193,"Fix the City, Inc.",6979,Social Media (X Corp) 9/23,9/23/2025,INTAD,Internet - Display/Banner,926,12045,9/23/2025,ADBUY,Advertising Buy/Placement,926.21,X Corp,San Francisco,CA,94103,9/24/2025,926.21,Independent Spender,0
2025,Z193,"Fix the City, Inc.",6980,Social Media (X Corp) 9/24,9/24/2025,INTAD,Internet - Display/Banner,1596,12046,9/24/2025,ADBUY,Advertising Buy/Placement,1270.15,X Corp,San Francisco,CA,94103,9/25/2025,1270.15,Independent Spender,0
2025,Z193,"Fix the City, Inc.",6980,Social Media (X Corp) 9/24,9/24/2025,INTAD,Internet - Display/Banner,1596,12048,9/25/2025,ADBUY,Advertising Buy/Placement,325.73,X Corp,San Francisco,CA,94103,9/25/2025,325.73,Independent Spender,0
2025,Z193,"Fix the City, Inc.",6981,Social Media (X Corp) 9/25,9/25/2025,INTAD,Internet - Display/Banner,934,12047,9/26/2025,ADBUY,Advertising Buy/Placement,934.31,X Corp,San Francisco,CA,94103,9/26/2025,934.31,Independent Spender,0
2025,Z193,"Fix the City, Inc.",6982,Social Media (X Corp) 9/26,9/26/2025,INTAD,Internet - Display/Banner,1744,12054,9/27/2025,ADBUY,Advertising Buy/Placement,1743.79,X Corp,San Francisco,CA,94103,9/29/2025,1743.79,Independent Spender,0
2025,Z193,"Fix the City, Inc.",7002,Social Media (X Corp) 9/29,9/30/2025,INTAD,Internet - Display/Banner,1606,12080,9/30/2025,ADBUY,Advertising Buy/Placement,1606.46,X Corp,San Francisco,CA,94103,9/30/2025,1606.46,Independent Spender,0
2025,Z193,"Fix the City, Inc.",7006,Social Media (X Corp) 9/30,9/30/2025,INTAD,Internet - Display/Banner,2681,12086,10/1/2025,ADBUY,Advertising Buy/Placement,2681.42,X Corp,San Francisco,CA,94103,10/1/2025,2681.42,Independent Spender,0
2025,Z193,"Fix the City, Inc.",7152,Social Media (X Corp) w/e 10/19,10/19/2025,INTAD,Internet - Display/Banner,15269,12280,10/19/2025,ADBUY,Advertising Buy/Placement,4939.08,X Corp,San Francisco,CA,94103,10/20/2025,4939.08,Independent Spender,0
2025,Z193,"Fix the City, Inc.",7152,Social Media (X Corp) w/e 10/19,10/19/2025,INTAD,Internet - Display/Banner,15269,12281,10/14/2025,ADBUY,Advertising Buy/Placement,5100.00,X Corp,San Francisco,CA,94103,10/14/2025,5100.00,Independent Spender,0
2025,Z193,"Fix the City, Inc.",7152,Social Media (X Corp) w/e 10/19,10/19/2025,INTAD,Internet - Display/Banner,15269,12282,10/14/2025,ADBUY,Advertising Buy/Placement,5229.48,X Corp,San Francisco,CA,94103,10/14/2025,5229.48,Independent Spender,0
2025,Z193,"Fix the City, Inc.",6957,Social Media Ads,9/21/2025,INTAD,Internet - Display/Banner,10000,12016,9/18/2025,ADBUY,Advertising Buy/Placement,10000.00,The Power of Few LLC DBA The Twenty One,New York,NY,10014,9/18/2025,10000.00,Independent Spender,0
2025,Z193,"Fix the City, Inc.",7117,Social Media Ads & Postings w/e 10/19,10/19/2025,INTAD,Internet - Display/Banner,204000,12236,10/15/2025,ADBUY,Advertising Buy/Placement,204000.00,The Power of Few LLC DBA The Twenty One,New York,NY,10014,10/15/2025,204000.00,Independent Spender,0
2025,Z193,"Fix the City, Inc.",6973,Social Media Posting 9/22-9/28,9/22/2025,INTAD,Internet - Display/Banner,29722,12041,9/26/2025,ADBUY,Advertising Buy/Placement,26667.00,The Power of Few LLC DBA The Twenty One,New York,NY,10014,9/26/2025,26667.00,Independent Spender,0
2025,Z193,"Fix the City, Inc.",6973,Social Media Posting 9/22-9/28,9/22/2025,INTAD,Internet - Display/Banner,29722,12084,9/29/2025,ADBUY,Advertising Buy/Placement,1532.57,X Corp,San Francisco,CA,94103,9/29/2025,1532.57,Independent Spender,0
2025,Z193,"Fix the City, Inc.",6973,Social Media Posting 9/22-9/28,9/22/2025,INTAD,Internet - Display/Banner,29722,12085,9/29/2025,ADBUY,Advertising Buy/Placement,1522.28,X Corp,San Francisco,CA,94103,9/29/2025,1522.28,Independent Spender,0
2025,Z193,"Fix the City, Inc.",7022,Social Media Posting 9/29-10/5,9/29/2025,INTAD,Internet - Display/Banner,12068,12108,10/2/2025,ADBUY,Advertising Buy/Placement,10000.00,The Power of Few LLC DBA The Twenty One,New York,NY,10014,10/2/2025,10000.00,Independent Spender,0
2025,Z193,"Fix the City, Inc.",7022,Social Media Posting 9/29-10/5,9/29/2025,INTAD,Internet - Display/Banner,12068,12163,10/6/2025,ADBUY,Advertising Buy/Placement,1004.05,X Corp,San Francisco,CA,94103,10/6/2025,1004.05,Independent Spender,0
2025,Z193,"Fix the City, Inc.",7022,Social Media Posting 9/29-10/5,9/29/2025,INTAD,Internet - Display/Banner,12068,12164,10/6/2025,ADBUY,Advertising Buy/Placement,1063.61,X Corp,San Francisco,CA,94103,10/6/2025,1063.61,Independent Spender,0
2025,Z193,"Fix the City, Inc.",7067,Social Media Postings 10/06 - 10/13,10/6/2025,INTAD,Internet - Display/Banner,7455,12165,10/7/2025,ADBUY,Advertising Buy/Placement,933.27,X Corp,San Francisco,CA,94103,10/7/2025,933.27,Independent Spender,0
2025,Z193,"Fix the City, Inc.",7067,Social Media Postings 10/06 - 10/13,10/6/2025,INTAD,Internet - Display/Banner,7455,12166,10/8/2025,ADBUY,Advertising Buy/Placement,1011.95,X Corp,San Francisco,CA,94103,10/8/2025,1011.95,Independent Spender,0
2025,Z193,"Fix the City, Inc.",7067,Social Media Postings 10/06 - 10/13,10/6/2025,INTAD,Internet - Display/Banner,7455,12167,10/9/2025,ADBUY,Advertising Buy/Placement,408.54,X Corp,San Francisco,CA,94103,10/9/2025,408.54,Independent Spender,0
2025,Z193,"Fix the City, Inc.",7067,Social Media Postings 10/06 - 10/13,10/6/2025,INTAD,Internet - Display/Banner,7455,12168,10/10/2025,ADBUY,Advertising Buy/Placement,5101.64,X Corp,San Francisco,CA,94103,10/10/2025,5101.64,Independent Spender,0
2025,Z193,"Fix the City, Inc.",7190,Social Media Postings 10/21 & 10/22,10/21/2025,INTAD,Internet - Display/Banner,200000,12351,10/21/2025,ADBUY,Advertising Buy/Placement,100000.00,The Power of Few LLC DBA The Twenty One,New York,NY,10014,10/21/2025,100000.00,Independent Spender,0
2025,Z193,"Fix the City, Inc.",7190,Social Media Postings 10/21 & 10/22,10/21/2025,INTAD,Internet - Display/Banner,200000,12352,10/21/2025,ADBUY,Advertising Buy/Placement,100000.00,The Power of Few LLC DBA The Twenty One,New York,NY,10014,10/21/2025,100000.00,Independent Spender,0
2025,Z193,"Fix the City, Inc.",7063,Social Post Arent Leadership Youtube Video Ad,10/6/2025,INTVID,Video (Internet),10500,12159,10/10/2025,ADBUY,Advertising Buy/Placement,10500.00,The Power of Few LLC DBA The Twenty One,New York,NY,10014,10/10/2025,10500.00,Independent Spender,0
2025,Z193,"Fix the City, Inc.",6577,Sound Truck Ad Audio 6/22-6/24,6/22/2025,RADIO,Audio > 30 seconds,24000,11249,6/22/2025,ADBUY,Advertising Buy/Placement,24000.00,Politech LLC,New York,NY,10001,6/22/2025,24000.00,Independent Spender,0
2025,Z193,"Fix the City, Inc.",6578,Soundtrack Ad Display 6/22-6/24,6/22/2025,INTAD,Internet - Display/Banner,24000,11250,6/22/2025,ADBUY,Advertising Buy/Placement,24000.00,Politech LLC,New York,NY,10001,6/22/2025,24000.00,Independent Spender,0
2025,Z193,"Fix the City, Inc.",6187,Spanish Palm Card,6/15/2025,LITER,Leaflet/Flyer,514744,10634,6/16/2025,PRNT,Printing,19500.00,Allegory LLC,New York,NY,10007,6/17/2025,19500.00,Independent Spender,0
2025,Z193,"Fix the City, Inc.",6187,Spanish Palm Card,6/15/2025,LITER,Leaflet/Flyer,514744,10859,6/18/2025,PRNT,Printing,13000.00,Allegory LLC,New York,NY,10007,6/18/2025,13000.00,Independent Spender,0
2025,Z193,"Fix the City, Inc.",6187,Spanish Palm Card,6/15/2025,LITER,Leaflet/Flyer,514744,10764,6/16/2025,LD,Literature Distribution (non-postage),33687.50,Bartholomew Communications & Strategies,Old Bethpage,NY,11804,6/16/2025,33687.50,Independent Spender,0
2025,Z193,"Fix the City, Inc.",6187,Spanish Palm Card,6/15/2025,LITER,Leaflet/Flyer,514744,10765,6/16/2025,LD,Literature Distribution (non-postage),20834.38,Bartholomew Communications & Strategies,Old Bethpage,NY,11804,6/16/2025,20834.38,Independent Spender,0
2025,Z193,"Fix the City, Inc.",6187,Spanish Palm Card,6/15/2025,LITER,Leaflet/Flyer,514744,10896,6/18/2025,LD,Literature Distribution (non-postage),33688.00,Bartholomew Communications & Strategies,Old Bethpage,NY,11804,6/18/2025,33688.00,Independent Spender,0
2025,Z193,"Fix the City, Inc.",6187,Spanish Palm Card,6/15/2025,LITER,Leaflet/Flyer,514744,10901,6/18/2025,LD,Literature Distribution (non-postage),20833.75,Bartholomew Communications & Strategies,Old Bethpage,NY,11804,6/18/2025,20833.75,Independent Spender,0
2025,Z193,"Fix the City, Inc.",6187,Spanish Palm Card,6/15/2025,LITER,Leaflet/Flyer,514744,11318,6/23/2025,LD,Literature Distribution (non-postage),67375.00,Bartholomew Communications & Strategies,Old Bethpage,NY,11804,6/23/2025,67375.00,Independent Spender,0
2025,Z193,"Fix the City, Inc.",6187,Spanish Palm Card,6/15/2025,LITER,Leaflet/Flyer,514744,11319,6/23/2025,LD,Literature Distribution (non-postage),201500.00,Bartholomew Communications & Strategies,Old Bethpage,NY,11804,6/23/2025,201500.00,Independent Spender,0
2025,Z193,"Fix the City, Inc.",6187,Spanish Palm Card,6/15/2025,LITER,Leaflet/Flyer,514744,10909,6/18/2025,LD,Literature Distribution (non-postage),32500.00,Downballot Consulting,Staten Island,NY,10310,6/18/2025,32500.00,Independent Spender,0
2025,Z193,"Fix the City, Inc.",6187,Spanish Palm Card,6/15/2025,LITER,Leaflet/Flyer,514744,11314,6/23/2025,LD,Literature Distribution (non-postage),20000.00,Raven Strategies,Brooklyn,NY,11232,6/23/2025,20000.00,Independent Spender,0
2025,Z193,"Fix the City, Inc.",6187,Spanish Palm Card,6/15/2025,LITER,Leaflet/Flyer,514744,10845,6/17/2025,LD,Literature Distribution (non-postage),51825.00,The Acosta Group,Hollywood,,33021,6/17/2025,51825.00,Independent Spender,0
2025,Z193,"Fix the City, Inc.",6654,Spanish Radio Ad,6/23/2025,RADIO,Audio > 30 seconds,55000,11376,6/23/2025,ADBUY,Advertising Buy/Placement,55000.00,Allegory LLC,New York,NY,10007,6/23/2025,55000.00,Independent Spender,0
2025,Z193,"Fix the City, Inc.",5998,Spanish Taxi Ad,6/12/2025,INTAD,Internet - Display/Banner,169955,10363,6/12/2025,ADBUY,Advertising Buy/Placement,169955.00,Allegory LLC,New York,NY,10007,6/13/2025,169955.00,Independent Spender,0
2025,Z193,"Fix the City, Inc.",6338,Steinreich Ads,6/18/2025,PRINT,Print Ad,16706,10877,6/18/2025,ADBUY,Advertising Buy/Placement,16706.00,Steinreich Communications,Hackensack,NJ,07601,6/18/2025,16706.00,Independent Spender,0
2025,Z193,"Fix the City, Inc.",7124,Stickers,10/17/2025,OTHER,Other,2500,12243,10/17/2025,ADBUY,Advertising Buy/Placement,625.00,Bartholomew Communications & Strategies,Old Bethpage,NY,11804,10/20/2025,625.00,Independent Spender,0
2025,Z193,"Fix the City, Inc.",7124,Stickers,10/17/2025,OTHER,Other,2500,12781,10/31/2025,ADBUY,Advertising Buy/Placement,1875.00,Bartholomew Communications & Strategies,Old Bethpage,NY,11804,10/31/2025,1875.00,Independent Spender,0
2025,Z193,"Fix the City, Inc.",7122,Storefront Posters,10/17/2025,POSTER,Poster,8283,12241,10/17/2025,ADBUY,Advertising Buy/Placement,942.86,Bartholomew Communications & Strategies,Old Bethpage,NY,11804,10/20/2025,942.86,Independent Spender,0
2025,Z193,"Fix the City, Inc.",7122,Storefront Posters,10/17/2025,POSTER,Poster,8283,12780,10/31/2025,ADBUY,Advertising Buy/Placement,7340.00,Bartholomew Communications & Strategies,Old Bethpage,NY,11804,10/31/2025,7340.00,Independent Spender,0
2025,Z193,"Fix the City, Inc.",6392,Straus Media 6.19,6/19/2025,PRINT,Print Ad,4150,10967,6/10/2025,ADBUY,Advertising Buy/Placement,4150.00,Straus Media,Chester,NE,10918,6/10/2025,4150.00,Independent Spender,0
2025,Z193,"Fix the City, Inc.",7126,Sweatshirt,10/17/2025,BUTTON,Button / Pen / Shirt,48111,12244,10/17/2025,ADBUY,Advertising Buy/Placement,3111.39,Bartholomew Communications & Strategies,Old Bethpage,NY,11804,10/20/2025,3111.39,Independent Spender,0
2025,Z193,"Fix the City, Inc.",7126,Sweatshirt,10/17/2025,BUTTON,Button / Pen / Shirt,48111,12782,10/31/2025,ADBUY,Advertising Buy/Placement,45000.00,Bartholomew Communications & Strategies,Old Bethpage,NY,11804,10/31/2025,45000.00,Independent Spender,0
2025,Z193,"Fix the City, Inc.",6183,T Shirts,6/15/2025,BUTTON,Button / Pen / Shirt,4266,10630,6/16/2025,DESIGN,Design / Graphics / Photography,4266.38,Mainland Media,New York,NY,10017,6/16/2025,4266.38,Independent Spender,0
2025,Z193,"Fix the City, Inc.",7403,Talkline Radio Commercial,11/1/2025,OTHER,Other,2500,12774,10/31/2025,ADBUY,Advertising Buy/Placement,2500.00,Talkline Network,Lido Beach,NY,11561,10/31/2025,2500.00,Independent Spender,0
2025,Z193,"Fix the City, Inc.",7290,Tax Fantasy Video,10/24/2025,INTVID,Video (Internet),5667,12577,10/10/2025,ADBUY,Advertising Buy/Placement,5666.66,NVC Media LLC,Brooklyn,NY,11222,10/10/2025,5666.66,Independent Spender,0
2025,Z193,"Fix the City, Inc.",6515,Taxi 1,6/21/2025,INTAD,Internet - Display/Banner,28628,11178,6/12/2025,ADBUY,Advertising Buy/Placement,18627.63,Allegory LLC,New York,NY,10007,6/12/2025,18627.63,Independent Spender,0
2025,Z193,"Fix the City, Inc.",6515,Taxi 1,6/21/2025,INTAD,Internet - Display/Banner,28628,11183,6/12/2025,ADPROD,Advertising Production,10000.00,Allegory LLC,New York,NY,10007,6/12/2025,10000.00,Independent Spender,0
2025,Z193,"Fix the City, Inc.",6516,Taxi Tops 2,6/21/2025,INTAD,Internet - Display/Banner,28628,11179,6/12/2025,ADBUY,Advertising Buy/Placement,18627.63,Allegory LLC,New York,NY,10007,6/12/2025,18627.63,Independent Spender,0
2025,Z193,"Fix the City, Inc.",6516,Taxi Tops 2,6/21/2025,INTAD,Internet - Display/Banner,28628,11184,6/12/2025,ADPROD,Advertising Production,10000.00,Allegory LLC,New York,NY,10007,6/12/2025,10000.00,Independent Spender,0
2025,Z193,"Fix the City, Inc.",6517,Taxi Tops 3,6/21/2025,INTAD,Internet - Display/Banner,28628,11180,6/12/2025,ADBUY,Advertising Buy/Placement,18627.64,Allegory LLC,New York,NY,10007,6/12/2025,18627.64,Independent Spender,0
2025,Z193,"Fix the City, Inc.",6517,Taxi Tops 3,6/21/2025,INTAD,Internet - Display/Banner,28628,11192,6/12/2025,ADPROD,Advertising Production,10000.00,Allegory LLC,New York,NY,10007,6/12/2025,10000.00,Independent Spender,0
2025,Z193,"Fix the City, Inc.",6492,Text Campaign,6/20/2025,TEXT,Text Messages,25120,11152,6/20/2025,TEXT,Text Messages,25119.78,Project Applecart,New York,NY,10003,6/20/2025,25119.78,Independent Spender,0
2025,Z193,"Fix the City, Inc.",6656,Text Message 6/14,6/14/2025,TEXT,Text Messages,15556,11378,6/1/2001,TEXT,Text Messages,15555.55,Allegory LLC,New York,NY,10007,6/13/2025,15555.55,Independent Spender,0
2025,Z193,"Fix the City, Inc.",6664,Text Message Chinese,6/24/2025,TEXT,Text Messages,1041,11388,6/23/2025,TEXT,Text Messages,1041.12,Allegory LLC,New York,NY,10007,7/2/2025,1041.12,Independent Spender,0
2025,Z193,"Fix the City, Inc.",6579,Text Messages 2,6/23/2025,TEXT,Text Messages,92505,11252,6/23/2025,TEXT,Text Messages,92504.50,Project Applecart,New York,NY,10003,6/23/2025,92504.50,Independent Spender,0
2025,Z193,"Fix the City, Inc.",6657,Text Messages 6/16,6/16/2025,TEXT,Text Messages,15556,11379,6/13/2025,TEXT,Text Messages,15555.55,Allegory LLC,New York,NY,10007,6/13/2025,15555.55,Independent Spender,0
2025,Z193,"Fix the City, Inc.",6658,Text Messages 6/18/25,6/18/2025,TEXT,Text Messages,15556,11380,6/13/2025,TEXT,Text Messages,15555.55,Allegory LLC,New York,NY,10007,6/13/2025,15555.55,Independent Spender,0
2025,Z193,"Fix the City, Inc.",6659,Text Messages 6/19/25,6/19/2025,TEXT,Text Messages,15556,11381,6/13/2025,TEXT,Text Messages,15555.55,Allegory LLC,New York,NY,10007,6/13/2025,15555.55,Independent Spender,0
2025,Z193,"Fix the City, Inc.",6660,Text Messages 6/20/25,6/20/2025,TEXT,Text Messages,15556,11382,6/13/2025,TEXT,Text Messages,15555.55,Allegory LLC,New York,NY,10007,6/13/2025,15555.55,Independent Spender,0
2025,Z193,"Fix the City, Inc.",6661,Text Messages 6/21/25,6/21/2025,TEXT,Text Messages,15556,11383,6/13/2025,TEXT,Text Messages,15555.55,Allegory LLC,New York,NY,10007,6/13/2025,15555.55,Independent Spender,0
2025,Z193,"Fix the City, Inc.",6683,Text Messages 6/22/2025,6/22/2025,TEXT,Text Messages,15556,11417,6/13/2025,TEXT,Text Messages,15555.50,Allegory LLC,New York,NY,10007,6/13/2025,15555.50,Independent Spender,0
2025,Z193,"Fix the City, Inc.",6662,Text Messages 6/23/25,6/23/2025,TEXT,Text Messages,60556,11384,6/13/2025,TEXT,Text Messages,15555.60,Allegory LLC,New York,NY,10007,6/13/2025,15555.60,Independent Spender,0
2025,Z193,"Fix the City, Inc.",6662,Text Messages 6/23/25,6/23/2025,TEXT,Text Messages,60556,11386,6/23/2025,TEXT,Text Messages,45000.00,Allegory LLC,New York,NY,10007,6/23/2025,45000.00,Independent Spender,0
2025,Z193,"Fix the City, Inc.",6663,Text Messages 6/24/25,6/24/2025,TEXT,Text Messages,60556,11385,6/13/2025,TEXT,Text Messages,15555.55,Allegory LLC,New York,NY,10007,6/13/2025,15555.55,Independent Spender,0
2025,Z193,"Fix the City, Inc.",6663,Text Messages 6/24/25,6/24/2025,TEXT,Text Messages,60556,11387,6/23/2025,TEXT,Text Messages,45000.00,Allegory LLC,New York,NY,10007,6/23/2025,45000.00,Independent Spender,0
2025,Z193,"Fix the City, Inc.",6972,Text Messages Round 2 9/23,9/23/2025,TEXT,Text Messages,74361,12037,9/23/2025,TEXT,Text Messages,74360.50,CivicEdge LLC,Brooklyn,NY,11232,9/24/2025,74360.50,Independent Spender,0
2025,Z193,"Fix the City, Inc.",7064,Text Messages Round 4,10/6/2025,TEXT,Text Messages,67827,12160,10/6/2025,TEXT,Text Messages,67826.80,CivicEdge LLC,Brooklyn,NY,11232,10/6/2025,67826.80,Independent Spender,0
2025,Z193,"Fix the City, Inc.",7115,Text Messages Round 5,10/13/2025,TEXT,Text Messages,62590,12233,10/14/2025,TEXT,Text Messages,62589.86,CivicEdge LLC,Brooklyn,NY,11232,10/14/2025,62589.86,Independent Spender,0
2025,Z193,"Fix the City, Inc.",7192,Text Messages Round 6,10/21/2025,TEXT,Text Messages,98171,12357,10/21/2025,TEXT,Text Messages,98171.22,CivicEdge LLC,Brooklyn,NY,11232,10/22/2025,98171.22,Independent Spender,0
2025,Z193,"Fix the City, Inc.",7315,Text Messages Round 7,10/27/2025,TEXT,Text Messages,79750,12597,10/27/2025,ADBUY,Advertising Buy/Placement,79750.10,CivicEdge LLC,Brooklyn,NY,11232,10/28/2025,79750.10,Independent Spender,0
2025,Z193,"Fix the City, Inc.",7440,Text Messages Round 8,11/3/2025,TEXT,Text Messages,79620,12851,11/3/2025,ADBUY,Advertising Buy/Placement,79619.90,CivicEdge LLC,Brooklyn,NY,11232,11/3/2025,79619.90,Independent Spender,0
2025,Z193,"Fix the City, Inc.",7474,Text Messages Round 9 & 10,11/4/2025,TEXT,Text Messages,157575,12923,11/4/2025,TEXT,Text Messages,157575.43,CivicEdge LLC,Brooklyn,NY,11232,11/4/2025,157575.43,Independent Spender,0
2025,Z193,"Fix the City, Inc.",6956,Text Messaging 9/15/25,9/15/2025,TEXT,Text Messages,79082,12015,9/17/2025,TEXT,Text Messages,79082.44,CivicEdge LLC,Brooklyn,NY,11232,9/17/2025,79082.44,Independent Spender,0
2025,Z193,"Fix the City, Inc.",6443,Tooth Ad,6/20/2025,INTVID,Video (Internet),220354,11042,6/12/2025,ADBUY,Advertising Buy/Placement,220354.40,Allegory LLC,New York,NY,10007,6/12/2025,220354.40,Independent Spender,0
2025,Z193,"Fix the City, Inc.",7389,Truck Side Ads,10/30/2025,BILLBD,Billboard,7500,12755,10/30/2025,ADBUY,Advertising Buy/Placement,5000.00,Pivot Group Marketing,Brooklyn,NY,11219,10/30/2025,5000.00,Independent Spender,0
2025,Z193,"Fix the City, Inc.",7389,Truck Side Ads,10/30/2025,BILLBD,Billboard,7500,12794,10/31/2025,ADBUY,Advertising Buy/Placement,2500.00,Pivot Group Marketing,Brooklyn,NY,11219,10/31/2025,2500.00,Independent Spender,0
2025,Z193,"Fix the City, Inc.",6184,TShirt 2,6/15/2025,BUTTON,Button / Pen / Shirt,24238,10631,6/16/2025,ADBUY,Advertising Buy/Placement,9838.50,Mainland Media,New York,NY,10017,6/16/2025,9838.50,Independent Spender,0
2025,Z193,"Fix the City, Inc.",6184,TShirt 2,6/15/2025,BUTTON,Button / Pen / Shirt,24238,11315,6/23/2025,ADBUY,Advertising Buy/Placement,14399.50,Mainland Media,New York,NY,10017,6/23/2025,14399.50,Independent Spender,0
2025,Z193,"Fix the City, Inc.",6975,Tweets Digital Ad,9/24/2025,INTVID,Video (Internet),26667,12042,9/26/2025,ADBUY,Advertising Buy/Placement,26667.00,The Power of Few LLC DBA The Twenty One,New York,NY,10014,9/26/2025,26667.00,Independent Spender,0
2025,Z193,"Fix the City, Inc.",6367,Unsuited Ad,6/18/2025,TVADS,Video (TV/Cable),1550000,10927,6/18/2025,ADBUY,Advertising Buy/Placement,1150000.00,Allegory LLC,New York,NY,10007,6/18/2025,1150000.00,Independent Spender,0
2025,Z193,"Fix the City, Inc.",6367,Unsuited Ad,6/18/2025,TVADS,Video (TV/Cable),1550000,11320,6/23/2025,ADBUY,Advertising Buy/Placement,400000.00,Allegory LLC,New York,NY,10007,6/23/2025,400000.00,Independent Spender,0
2025,Z193,"Fix the City, Inc.",7275,Updated Live Ads and Links 10/25,10/25/2025,INTVID,Video (Internet),100000,12521,10/25/2025,ADBUY,Advertising Buy/Placement,25000.00,The Power of Few LLC DBA The Twenty One,New York,NY,10014,10/27/2025,25000.00,Independent Spender,0
2025,Z193,"Fix the City, Inc.",7275,Updated Live Ads and Links 10/25,10/25/2025,INTVID,Video (Internet),100000,12581,10/27/2025,ADBUY,Advertising Buy/Placement,75000.00,The Power of Few LLC DBA The Twenty One,New York,NY,10014,10/27/2025,75000.00,Independent Spender,0
2025,Z193,"Fix the City, Inc.",7116,Video_Smooth,10/20/2025,INTVID,Video (Internet),375000,12299,10/20/2025,ADBUY,Advertising Buy/Placement,125000.00,CPI Media Partners LLC,Alexandria,VA,22314,10/20/2025,125000.00,Independent Spender,0
2025,Z193,"Fix the City, Inc.",7116,Video_Smooth,10/20/2025,INTVID,Video (Internet),375000,12377,10/22/2025,ADBUY,Advertising Buy/Placement,125000.00,CPI Media Partners LLC,Alexandria,VA,22314,10/22/2025,125000.00,Independent Spender,0
2025,Z193,"Fix the City, Inc.",7116,Video_Smooth,10/20/2025,INTVID,Video (Internet),375000,12489,10/24/2025,ADBUY,Advertising Buy/Placement,125000.00,CPI Media Partners LLC,Alexandria,VA,22314,10/24/2025,125000.00,Independent Spender,0
2025,Z193,"Fix the City, Inc.",7155,Video_Stop Mamdani,10/20/2025,INTVID,Video (Internet),375000,12300,10/20/2025,ADBUY,Advertising Buy/Placement,125000.00,CPI Media Partners LLC,Alexandria,VA,22314,10/20/2025,125000.00,Independent Spender,0
2025,Z193,"Fix the City, Inc.",7155,Video_Stop Mamdani,10/20/2025,INTVID,Video (Internet),375000,12378,10/22/2025,ADBUY,Advertising Buy/Placement,125000.00,CPI Media Partners LLC,Alexandria,VA,22314,10/22/2025,125000.00,Independent Spender,0
2025,Z193,"Fix the City, Inc.",7155,Video_Stop Mamdani,10/20/2025,INTVID,Video (Internet),375000,12490,10/24/2025,ADBUY,Advertising Buy/Placement,125000.00,CPI Media Partners LLC,Alexandria,VA,22314,10/24/2025,125000.00,Independent Spender,0
2025,Z193,"Fix the City, Inc.",7476,Vote Cuomo for Common Sense,11/4/2025,INTVID,Video (Internet),150000,12925,11/4/2025,ADBUY,Advertising Buy/Placement,150000.00,The Power of Few LLC DBA The Twenty One,New York,NY,10014,11/4/2025,112000.00,Independent Spender,0
2025,Z193,"Fix the City, Inc.",7413,Vote Early Truck Sides,10/31/2025,INTAD,Internet - Display/Banner,2500,12793,10/31/2025,ADBUY,Advertising Buy/Placement,2500.00,Pivot Group Marketing,Brooklyn,NY,11219,10/31/2025,2500.00,Independent Spender,0
2025,Z193,"Fix the City, Inc.",6998,Vote for Cuomo/Vote Nov 4 T-Shirts,9/29/2025,BUTTON,Button / Pen / Shirt,3605,12072,9/29/2025,ADBUY,Advertising Buy/Placement,3604.90,Mainland Media,New York,NY,10017,9/29/2025,3604.90,Independent Spender,0
2025,Z193,"Fix the City, Inc.",7388,Vote Posters,10/30/2025,POSTER,Poster,4285,12752,10/30/2025,ADBUY,Advertising Buy/Placement,4285.00,Pivot Group Marketing,Brooklyn,NY,11219,10/31/2025,4285.00,Independent Spender,0
2025,Z193,"Fix the City, Inc.",6389,Voter Guide,6/18/2025,MAIL,Mass Mailing,37018,10963,6/19/2025,ADBUY,Advertising Buy/Placement,31805.19,Allegory LLC,New York,NY,10007,6/20/2025,31805.19,Independent Spender,0
2025,Z193,"Fix the City, Inc.",6389,Voter Guide,6/18/2025,MAIL,Mass Mailing,37018,11324,6/23/2025,ADBUY,Advertising Buy/Placement,3116.40,Allegory LLC,New York,NY,10007,6/23/2025,3116.40,Independent Spender,0
2025,Z193,"Fix the City, Inc.",6389,Voter Guide,6/18/2025,MAIL,Mass Mailing,37018,11340,6/23/2025,ADPROD,Advertising Production,2096.71,Allegory LLC,New York,NY,10007,6/23/2025,2096.71,Independent Spender,0
2025,Z193,"Fix the City, Inc.",7438,Weekend Truck Advertising,11/2/2025,INTAD,Internet - Display/Banner,19500,12850,11/3/2025,ADBUY,Advertising Buy/Placement,19500.00,Scheck Outdoor Advertising,Hoboken,NJ,07030,11/3/2025,19500.00,Independent Spender,0
2025,Z257,For Our City,7426,15 Second Video - Piker and Mamdani,11/1/2025,TVADS,Video (TV/Cable),650000,12833,10/30/2025,ADBUY,Advertising Buy/Placement,640000.00,Crosswind Logistics,Brooklyn,NY,11211,10/30/2025,640000.00,Independent Spender,0
2025,Z257,For Our City,7426,15 Second Video - Piker and Mamdani,11/1/2025,TVADS,Video (TV/Cable),650000,12834,10/30/2025,ADPROD,Advertising Production,10000.00,Crosswind Logistics,Brooklyn,NY,11211,10/30/2025,10000.00,Independent Spender,0
2025,Z257,For Our City,7358,30 Second Video - Alone - Internet,10/29/2025,INTVID,Video (Internet),250000,12768,10/30/2025,ADBUY,Advertising Buy/Placement,225668.26,"Nappens, LLC",Gulf Breeze,FL,32561,10/30/2025,225668.26,Independent Spender,0
2025,Z257,For Our City,7358,30 Second Video - Alone - Internet,10/29/2025,INTVID,Video (Internet),250000,12770,10/30/2025,ADBUY,Advertising Buy/Placement,24331.74,"Nappens, LLC",Gulf Breeze,FL,32561,10/30/2025,24331.74,Independent Spender,0
2025,Z257,For Our City,7415,30 Second Video - Biggest Fear - Alone w/new Paid By,10/31/2025,TVADS,Video (TV/Cable),1201193,12795,10/29/2025,ADPROD,Advertising Production,22500.00,"Nappens, LLC",Gulf Breeze,FL,32561,10/29/2025,22500.00,Independent Spender,0
2025,Z257,For Our City,7415,30 Second Video - Biggest Fear - Alone w/new Paid By,10/31/2025,TVADS,Video (TV/Cable),1201193,12796,10/29/2025,ADBUY,Advertising Buy/Placement,1178692.92,"Nappens, LLC",Gulf Breeze,FL,32561,10/29/2025,1178692.92,Independent Spender,0
2025,Z257,For Our City,7416,30 Second Video - Biggest Fear - Alone w/new Paid By We,10/31/2025,INTVID,Video (Internet),80063,12801,10/29/2025,ADBUY,Advertising Buy/Placement,80062.67,"Nappens, LLC",Gulf Breeze,FL,32561,10/29/2025,80062.67,Independent Spender,0
2025,Z257,For Our City,7417,30 Second Video - Crisis,10/31/2025,TVADS,Video (TV/Cable),1201193,12798,10/29/2025,ADPROD,Advertising Production,22500.00,"Nappens, LLC",Gulf Breeze,FL,32561,10/29/2025,22500.00,Independent Spender,0
2025,Z257,For Our City,7417,30 Second Video - Crisis,10/31/2025,TVADS,Video (TV/Cable),1201193,12799,10/29/2025,ADBUY,Advertising Buy/Placement,1178692.93,"Nappens, LLC",Gulf Breeze,FL,32561,10/29/2025,1178692.93,Independent Spender,0
2025,Z257,For Our City,7418,30 Second Video - Crisis - Internet,10/31/2025,INTVID,Video (Internet),82489,12800,10/29/2025,ADBUY,Advertising Buy/Placement,82488.81,"Nappens, LLC",Gulf Breeze,FL,32561,10/29/2025,82488.81,Independent Spender,0
2025,Z257,For Our City,7191,30 Second Video - Embrace,10/22/2025,TVADS,Video (TV/Cable),849660,12355,10/21/2025,ADBUY,Advertising Buy/Placement,569724.85,"Nappens, LLC",Gulf Breeze,FL,32561,10/21/2025,569724.85,Independent Spender,0
2025,Z257,For Our City,7191,30 Second Video - Embrace,10/22/2025,TVADS,Video (TV/Cable),849660,12625,10/24/2025,ADPROD,Advertising Production,11700.00,"Nappens, LLC",Gulf Breeze,FL,32561,10/24/2025,11700.00,Independent Spender,0
2025,Z257,For Our City,7191,30 Second Video - Embrace,10/22/2025,TVADS,Video (TV/Cable),849660,12627,10/24/2025,ADBUY,Advertising Buy/Placement,168235.36,"Nappens, LLC",Gulf Breeze,FL,32561,10/24/2025,168235.36,Independent Spender,0
2025,Z257,For Our City,7191,30 Second Video - Embrace,10/22/2025,TVADS,Video (TV/Cable),849660,12669,10/28/2025,ADBUY,Advertising Buy/Placement,86556.80,"Nappens, LLC",Gulf Breeze,FL,32561,10/28/2025,86556.80,Independent Spender,0
2025,Z257,For Our City,7191,30 Second Video - Embrace,10/22/2025,TVADS,Video (TV/Cable),849660,12671,10/28/2025,ADBUY,Advertising Buy/Placement,13443.05,"Nappens, LLC",Gulf Breeze,FL,32561,10/28/2025,13443.05,Independent Spender,0
2025,Z257,For Our City,7398,30 Second Video - Not Who You Think / Trashed - Interne,10/30/2025,INTVID,Video (Internet),24332,12769,10/30/2025,ADBUY,Advertising Buy/Placement,24331.74,"Nappens, LLC",Gulf Breeze,FL,32561,10/30/2025,24331.74,Independent Spender,0
2025,Z257,For Our City,7149,30 Second Video - Not Who You Think He Is / Trashed,10/18/2025,TVADS,Video (TV/Cable),2174179,12275,10/17/2025,ADBUY,Advertising Buy/Placement,179175.85,"Nappens, LLC",Gulf Breeze,FL,32561,10/17/2025,179175.85,Independent Spender,0
2025,Z257,For Our City,7149,30 Second Video - Not Who You Think He Is / Trashed,10/18/2025,TVADS,Video (TV/Cable),2174179,12277,10/17/2025,ADPROD,Advertising Production,30000.00,"Nappens, LLC",Gulf Breeze,FL,32561,10/17/2025,30000.00,Independent Spender,0
2025,Z257,For Our City,7149,30 Second Video - Not Who You Think He Is / Trashed,10/18/2025,TVADS,Video (TV/Cable),2174179,12279,10/17/2025,ADBUY,Advertising Buy/Placement,535824.15,"Nappens, LLC",Gulf Breeze,FL,32561,10/17/2025,535824.15,Independent Spender,0
2025,Z257,For Our City,7149,30 Second Video - Not Who You Think He Is / Trashed,10/18/2025,TVADS,Video (TV/Cable),2174179,12283,10/17/2025,DESIGN,Design / Graphics / Photography,5000.00,"Nappens, LLC",Gulf Breeze,FL,32561,10/17/2025,5000.00,Independent Spender,0
2025,Z257,For Our City,7149,30 Second Video - Not Who You Think He Is / Trashed,10/18/2025,TVADS,Video (TV/Cable),2174179,12354,10/21/2025,ADBUY,Advertising Buy/Placement,930275.16,"Nappens, LLC",Gulf Breeze,FL,32561,10/21/2025,930275.16,Independent Spender,0
2025,Z257,For Our City,7149,30 Second Video - Not Who You Think He Is / Trashed,10/18/2025,TVADS,Video (TV/Cable),2174179,12623,10/24/2025,ADBUY,Advertising Buy/Placement,168235.37,"Nappens, LLC",Gulf Breeze,FL,32561,10/24/2025,168235.37,Independent Spender,0
2025,Z257,For Our City,7149,30 Second Video - Not Who You Think He Is / Trashed,10/18/2025,TVADS,Video (TV/Cable),2174179,12670,10/28/2025,ADBUY,Advertising Buy/Placement,86556.80,"Nappens, LLC",Gulf Breeze,FL,32561,10/28/2025,86556.80,Independent Spender,0
2025,Z257,For Our City,7149,30 Second Video - Not Who You Think He Is / Trashed,10/18/2025,TVADS,Video (TV/Cable),2174179,12672,10/28/2025,ADBUY,Advertising Buy/Placement,13443.05,"Nappens, LLC",Gulf Breeze,FL,32561,10/28/2025,13443.05,Independent Spender,0
2025,Z257,For Our City,7149,30 Second Video - Not Who You Think He Is / Trashed,10/18/2025,TVADS,Video (TV/Cable),2174179,12767,10/30/2025,ADBUY,Advertising Buy/Placement,225668.26,"Nappens, LLC",Gulf Breeze,FL,32561,10/30/2025,225668.26,Independent Spender,0
2025,Z257,For Our City,7205,30 Second Video - Own Words,10/22/2025,INTVID,Video (Internet),250000,12379,10/17/2025,ADBUY,Advertising Buy/Placement,250000.00,"Vision Media Marketing, Inc. DBA Direct Developmen",Secaucus,NJ,07094,10/17/2025,250000.00,Independent Spender,0
2025,Z257,For Our City,7419,30 Second Video - Smiling - Embrace w/new Paid By - Web,10/31/2025,INTVID,Video (Internet),80063,12802,10/29/2025,ADBUY,Advertising Buy/Placement,80062.67,"Nappens, LLC",Gulf Breeze,FL,32561,10/29/2025,80062.67,Independent Spender,0
2025,Z257,For Our City,7396,30 Second Video - Spanish TV,10/30/2025,TVADS,Video (TV/Cable),290000,12765,10/29/2025,ADBUY,Advertising Buy/Placement,40000.00,Canal America Corp.,Bronx,NY,10454,10/29/2025,40000.00,Independent Spender,0
2025,Z257,For Our City,7396,30 Second Video - Spanish TV,10/30/2025,TVADS,Video (TV/Cable),290000,12764,10/30/2025,ADBUY,Advertising Buy/Placement,250000.00,"Vision Media Marketing, Inc. DBA Direct Developmen",Secaucus,NJ,07094,10/30/2025,250000.00,Independent Spender,0
2025,Z257,For Our City,7455,Airplane Banner - Flying 11/2-11/4 - Paid By FOC,11/2/2025,OTHER,Other,12000,12894,10/31/2025,ADBUY,Advertising Buy/Placement,12000.00,"FlySigns Aerial Advertising, LLC",Gridley,CA,95948,10/31/2025,12000.00,Independent Spender,0
2025,Z257,For Our City,7505,Text Messages,11/4/2025,TEXT,Text Messages,325000,12991,11/3/2025,TEXT,Text Messages,215000.00,Pluto Works Inc.,Portland,OR,97232,11/3/2025,215000.00,Independent Spender,0
2025,Z257,For Our City,7505,Text Messages,11/4/2025,TEXT,Text Messages,325000,12992,11/4/2025,TEXT,Text Messages,110000.00,Pluto Works Inc.,Portland,OR,97232,11/4/2025,110000.00,Independent Spender,0
2025,Z244,Good Growth NYC,7079,Flyers,10/16/2025,LITER,Leaflet/Flyer,338500,12193,10/14/2025,PRNT,Printing,13500.00,Ads Delivered LLC,Wilmington,DE,19808,10/14/2025,13500.00,Independent Spender,0
2025,Z244,Good Growth NYC,7079,Flyers,10/16/2025,LITER,Leaflet/Flyer,338500,12232,10/10/2025,LD,Literature Distribution (non-postage),200000.00,Shawmut Services LLC,Newburyport,MA,01950,10/10/2025,200000.00,Independent Spender,0
2025,Z244,Good Growth NYC,7079,Flyers,10/16/2025,LITER,Leaflet/Flyer,338500,12392,10/24/2025,LD,Literature Distribution (non-postage),125000.00,Shawmut Services LLC,Newburyport,MA,01950,10/24/2025,125000.00,Independent Spender,0
2025,Z89,Hotel Workers for Stronger Communities,6335,Andrew Cuomo mayor live phones v1,6/18/2025,PHONE,Phone Calls - Live,5263,10874,6/18/2025,PHONE,Phone Bank,5262.77,Hotel & Gaming Trades Council AFL-CIO,New York,,10036,9/3/2025,5262.77,Independent Spender,0
2025,Z89,Hotel Workers for Stronger Communities,6336,Andrew Cuomo mayor live phones v2,6/18/2025,PHONE,Phone Calls - Live,5263,10875,6/18/2025,PHONE,Phone Bank,5262.77,Hotel & Gaming Trades Council AFL-CIO,New York,,10036,9/3/2025,5262.77,Independent Spender,0
2025,Z89,Hotel Workers for Stronger Communities,6222,Cuomo mayor billboard trucks v2,6/16/2025,BILLBD,Billboard,38750,10705,6/16/2025,ADPROD,Advertising Production,1250.00,Actum,Los Angeles,CA,90021,6/17/2025,1250.00,Independent Spender,0
2025,Z89,Hotel Workers for Stronger Communities,6222,Cuomo mayor billboard trucks v2,6/16/2025,BILLBD,Billboard,38750,10706,6/16/2025,ADBUY,Advertising Buy/Placement,37500.00,Actum,Los Angeles,CA,90021,6/17/2025,37500.00,Independent Spender,0
2025,Z89,Hotel Workers for Stronger Communities,5843,Cuomo mayor mail 01 v1,6/10/2025,MAIL,Mass Mailing,140517,10101,6/10/2025,ADPROD,Advertising Production,62566.18,Allegory LLC,New York,NY,10007,6/17/2025,62566.18,Independent Spender,0
2025,Z89,Hotel Workers for Stronger Communities,5843,Cuomo mayor mail 01 v1,6/10/2025,MAIL,Mass Mailing,140517,10103,6/10/2025,POSTA,Postage / Delivery,77951.30,Allegory LLC,New York,NY,10007,6/17/2025,77951.30,Independent Spender,0
2025,Z89,Hotel Workers for Stronger Communities,5847,Cuomo mayor mail 01 v2,6/10/2025,MAIL,Mass Mailing,95643,10104,6/10/2025,ADPROD,Advertising Production,44811.95,Allegory LLC,New York,NY,10007,6/17/2025,44811.95,Independent Spender,0
2025,Z89,Hotel Workers for Stronger Communities,5847,Cuomo mayor mail 01 v2,6/10/2025,MAIL,Mass Mailing,95643,10105,6/10/2025,POSTA,Postage / Delivery,50831.46,Allegory LLC,New York,NY,10007,6/17/2025,50831.46,Independent Spender,0
2025,Z89,Hotel Workers for Stronger Communities,6210,Cuomo mayor mail 02 v1,6/16/2025,MAIL,Mass Mailing,137440,10688,6/16/2025,ADPROD,Advertising Production,59489.15,Allegory LLC,New York,NY,10007,6/17/2025,59489.15,Independent Spender,0
2025,Z89,Hotel Workers for Stronger Communities,6210,Cuomo mayor mail 02 v1,6/16/2025,MAIL,Mass Mailing,137440,10689,6/16/2025,POSTA,Postage / Delivery,77951.30,Allegory LLC,New York,NY,10007,6/17/2025,77951.30,Independent Spender,0
2025,Z89,Hotel Workers for Stronger Communities,6211,Cuomo mayor mail 02 v2,6/16/2025,MAIL,Mass Mailing,93637,10690,6/16/2025,ADPROD,Advertising Production,42805.44,Allegory LLC,New York,NY,10007,6/17/2025,42805.44,Independent Spender,0
2025,Z89,Hotel Workers for Stronger Communities,6211,Cuomo mayor mail 02 v2,6/16/2025,MAIL,Mass Mailing,93637,10691,6/16/2025,POSTA,Postage / Delivery,50831.46,Allegory LLC,New York,NY,10007,6/17/2025,50831.46,Independent Spender,0
2025,Z89,Hotel Workers for Stronger Communities,6349,Cuomo mayor mail 03 v1,6/18/2025,MAIL,Mass Mailing,137440,10903,6/18/2025,ADPROD,Advertising Production,59489.15,Allegory LLC,New York,NY,10007,6/18/2025,59489.15,Independent Spender,0
2025,Z89,Hotel Workers for Stronger Communities,6349,Cuomo mayor mail 03 v1,6/18/2025,MAIL,Mass Mailing,137440,10904,6/18/2025,POSTA,Postage / Delivery,77951.30,Allegory LLC,New York,NY,10007,6/18/2025,77951.30,Independent Spender,0
2025,Z89,Hotel Workers for Stronger Communities,6350,Cuomo mayor mail 03 v2,6/18/2025,MAIL,Mass Mailing,93637,10906,6/18/2025,ADPROD,Advertising Production,42805.44,Allegory LLC,New York,NY,10007,6/18/2025,42805.44,Independent Spender,0
2025,Z89,Hotel Workers for Stronger Communities,6350,Cuomo mayor mail 03 v2,6/18/2025,MAIL,Mass Mailing,93637,10907,6/18/2025,POSTA,Postage / Delivery,50831.46,Allegory LLC,New York,NY,10007,6/18/2025,50831.46,Independent Spender,0
2025,Z89,Hotel Workers for Stronger Communities,6219,Cuomo mayor mobile billboard v1,6/16/2025,BILLBD,Billboard,38750,10703,6/16/2025,ADPROD,Advertising Production,1250.00,Actum,Los Angeles,CA,90021,6/17/2025,1250.00,Independent Spender,0
2025,Z89,Hotel Workers for Stronger Communities,6219,Cuomo mayor mobile billboard v1,6/16/2025,BILLBD,Billboard,38750,10704,6/16/2025,ADBUY,Advertising Buy/Placement,37500.00,Actum,Los Angeles,CA,90021,6/17/2025,37500.00,Independent Spender,0
2025,Z89,Hotel Workers for Stronger Communities,5848,Cuomo mayor palm card 1 v1,6/10/2025,LITER,Leaflet/Flyer,51656,10106,6/10/2025,ADPROD,Advertising Production,6045.00,Allegory LLC,New York,NY,10007,6/17/2025,6045.00,Independent Spender,0
2025,Z89,Hotel Workers for Stronger Communities,5848,Cuomo mayor palm card 1 v1,6/10/2025,LITER,Leaflet/Flyer,51656,10151,6/10/2025,LD,Literature Distribution (non-postage),17542.55,Hotel & Gaming Trades Council AFL-CIO,New York,,10036,9/3/2025,17542.55,Independent Spender,0
2025,Z89,Hotel Workers for Stronger Communities,5848,Cuomo mayor palm card 1 v1,6/10/2025,LITER,Leaflet/Flyer,51656,10725,6/16/2025,LD,Literature Distribution (non-postage),7017.02,Hotel & Gaming Trades Council AFL-CIO,New York,,10036,9/3/2025,7017.02,Independent Spender,0
2025,Z89,Hotel Workers for Stronger Communities,5848,Cuomo mayor palm card 1 v1,6/10/2025,LITER,Leaflet/Flyer,51656,10805,6/17/2025,LD,Literature Distribution (non-postage),15788.30,Hotel & Gaming Trades Council AFL-CIO,New York,,10036,9/3/2025,15788.30,Independent Spender,0
2025,Z89,Hotel Workers for Stronger Communities,5848,Cuomo mayor palm card 1 v1,6/10/2025,LITER,Leaflet/Flyer,51656,10871,6/18/2025,LD,Literature Distribution (non-postage),5262.77,Hotel & Gaming Trades Council AFL-CIO,New York,,10036,9/3/2025,5262.77,Independent Spender,0
2025,Z89,Hotel Workers for Stronger Communities,5849,Cuomo mayor palm card 1 v2,6/10/2025,LITER,Leaflet/Flyer,37622,10107,6/10/2025,ADPROD,Advertising Production,6045.00,Allegory LLC,New York,NY,10007,6/17/2025,6045.00,Independent Spender,0
2025,Z89,Hotel Workers for Stronger Communities,5849,Cuomo mayor palm card 1 v2,6/10/2025,LITER,Leaflet/Flyer,37622,10153,6/10/2025,LD,Literature Distribution (non-postage),17542.54,Hotel & Gaming Trades Council AFL-CIO,New York,,10036,9/3/2025,17542.54,Independent Spender,0
2025,Z89,Hotel Workers for Stronger Communities,5849,Cuomo mayor palm card 1 v2,6/10/2025,LITER,Leaflet/Flyer,37622,10872,6/18/2025,LD,Literature Distribution (non-postage),5262.77,Hotel & Gaming Trades Council AFL-CIO,New York,,10036,9/3/2025,5262.77,Independent Spender,0
2025,Z89,Hotel Workers for Stronger Communities,5849,Cuomo mayor palm card 1 v2,6/10/2025,LITER,Leaflet/Flyer,37622,11075,6/20/2025,LD,Literature Distribution (non-postage),8771.28,Hotel & Gaming Trades Council AFL-CIO,New York,,10036,9/3/2025,8771.28,Independent Spender,0
2025,Z89,Hotel Workers for Stronger Communities,6510,Cuomo mayor palm card 2,6/21/2025,LITER,Leaflet/Flyer,6149,11170,6/21/2025,ADPROD,Advertising Production,2640.00,Allegory LLC,New York,NY,10007,6/21/2025,2640.00,Independent Spender,0
2025,Z89,Hotel Workers for Stronger Communities,6510,Cuomo mayor palm card 2,6/21/2025,LITER,Leaflet/Flyer,6149,11171,6/21/2025,LD,Literature Distribution (non-postage),3508.51,Hotel & Gaming Trades Council AFL-CIO,New York,,10036,9/3/2025,3508.51,Independent Spender,0
2025,Z89,Hotel Workers for Stronger Communities,7197,Shift Change broadcast TV video,10/22/2025,TVADS,Video (TV/Cable),610000,12362,10/14/2025,ADPROD,Advertising Production,10000.00,Red Horse Strategies,Brooklyn,NY,11201,10/15/2025,10000.00,Independent Spender,0
2025,Z89,Hotel Workers for Stronger Communities,7197,Shift Change broadcast TV video,10/22/2025,TVADS,Video (TV/Cable),610000,12363,10/14/2025,ADBUY,Advertising Buy/Placement,600000.00,Red Horse Strategies,Brooklyn,NY,11201,10/15/2025,600000.00,Independent Spender,0
2025,Z89,Hotel Workers for Stronger Communities,7198,Shift Change digital video,10/22/2025,INTVID,Video (Internet),200000,12364,10/14/2025,ADPROD,Advertising Production,10000.00,Red Horse Strategies,Brooklyn,NY,11201,10/15/2025,10000.00,Independent Spender,0
2025,Z89,Hotel Workers for Stronger Communities,7198,Shift Change digital video,10/22/2025,INTVID,Video (Internet),200000,12365,10/14/2025,ADBUY,Advertising Buy/Placement,180000.00,Red Horse Strategies,Brooklyn,NY,11201,10/15/2025,180000.00,Independent Spender,0
2025,Z89,Hotel Workers for Stronger Communities,7198,Shift Change digital video,10/22/2025,INTVID,Video (Internet),200000,12520,10/23/2025,ADBUY,Advertising Buy/Placement,10000.00,Red Horse Strategies,Brooklyn,NY,11201,10/23/2025,10000.00,Independent Spender,0
2025,Z89,Hotel Workers for Stronger Communities,7291,Union Workers for Zhoran button,10/26/2025,BUTTON,Button / Pen / Shirt,208,12557,10/27/2025,ADPROD,Advertising Production,208.00,Hotel & Gaming Trades Council AFL-CIO,New York,,10036,11/21/2025,208.00,Independent Spender,0
2025,Z89,Hotel Workers for Stronger Communities,7292,Union Workers for Zohran signs,10/26/2025,POSTER,Poster,114,12558,10/27/2025,ADPROD,Advertising Production,114.00,Hotel & Gaming Trades Council AFL-CIO,New York,,10036,11/21/2025,114.00,Independent Spender,0
2025,Z205,HOUSING FOR ALL,6027,Radio & TV Media Buy,6/9/2025,TVADS,Video (TV/Cable),2300000,10392,6/6/2025,ADBUY,Advertising Buy/Placement,2300000.00,"Metro Strategies, LLC",New York,NY,10034,6/6/2025,2300000.00,Independent Spender,0
2025,Z205,HOUSING FOR ALL,6669,Radio Ads,6/23/2025,SRADIO,Audio <= 30 seconds,200000,11400,6/24/2025,ADBUY,Advertising Buy/Placement,200000.00,"Metro Strategies, LLC",New York,NY,10034,,0.00,,0
2025,Z223,Indian Americans for Cuomo,6537,Airline banner opposing Mamdani,6/22/2025,OTHER,Other,3570,11208,6/22/2025,ADBUY,Advertising Buy/Placement,3570.00,"Flysigns Aerial Advertising, LLC",Gridley,CA,95948,6/22/2025,3570.00,Independent Spender,0
2025,Z223,Indian Americans for Cuomo,6497,Digital Truck (June 21st),6/22/2025,OTHER,Other,2200,11158,6/21/2025,ADBUY,Advertising Buy/Placement,2200.00,Rolling Box Media,Port Washington,NY,11050,6/21/2025,2200.00,Independent Spender,0
2025,Z223,Indian Americans for Cuomo,6583,Digital Truck (June 23rd),6/23/2025,OTHER,Other,1400,11257,6/23/2025,ADBUY,Advertising Buy/Placement,1400.00,Shoutcast Media LLC,Elmont,NY,11003,6/23/2025,1400.00,Independent Spender,0
2025,Z223,Indian Americans for Cuomo,6506,Digital Truck June 22nd,6/22/2025,OTHER,Other,1400,11166,6/22/2025,ADBUY,Advertising Buy/Placement,1400.00,Shoutcast Media LLC,Elmont,NY,11003,,0.00,,0
2025,Z223,Indian Americans for Cuomo,6356,radio ad on June 14th (27 seconds),6/14/2025,SRADIO,Audio <= 30 seconds,200,10917,6/14/2025,ADBUY,Advertising Buy/Placement,200.00,Radio Zindagi,Piscataway,NJ,08854,,0.00,,0
2025,Z223,Indian Americans for Cuomo,6357,radio ad on June 14th (28 seconds),6/14/2025,SRADIO,Audio <= 30 seconds,200,10919,6/14/2025,ADBUY,Advertising Buy/Placement,200.00,Radio Zindagi,Piscataway,NJ,08854,,0.00,,0
2025,Z223,Indian Americans for Cuomo,6359,radio ad on June 14th (31 seconds),6/14/2025,RADIO,Audio > 30 seconds,200,10921,6/14/2025,ADBUY,Advertising Buy/Placement,200.00,Radio Zindagi,Piscataway,NJ,08854,,0.00,,0
2025,Z223,Indian Americans for Cuomo,6358,radio ad on June 14th (33 seconds),6/14/2025,RADIO,Audio > 30 seconds,200,10920,6/14/2025,ADBUY,Advertising Buy/Placement,200.00,Radio Zindagi,Piscataway,NJ,08854,6/14/2025,200.00,Independent Spender,0
2025,Z223,Indian Americans for Cuomo,6360,radio interview on June 13th (6 minutes 49 seconds),6/13/2025,RADIO,Audio > 30 seconds,100,10922,6/13/2025,ADBUY,Advertising Buy/Placement,100.00,Radio Zindagi,Piscataway,NJ,08854,,0.00,,0
2025,Z256,Innovate NY,7264,Flyer,10/24/2025,LITER,Leaflet/Flyer,30000,12502,10/23/2025,LD,Literature Distribution (non-postage),30000.00,Aurion Consulting LLC,Brooklyn,NY,11207,10/23/2025,30000.00,Independent Spender,0
2025,Z256,Innovate NY,7356,Flyer,10/29/2025,LITER,Leaflet/Flyer,51400,12696,10/29/2025,LD,Literature Distribution (non-postage),15000.00,Aurion Consulting LLC,Brooklyn,NY,11207,10/29/2025,15000.00,Independent Spender,0
2025,Z256,Innovate NY,7356,Flyer,10/29/2025,LITER,Leaflet/Flyer,51400,12919,11/3/2025,LD,Literature Distribution (non-postage),5400.00,Aurion Consulting LLC,Brooklyn,NY,11207,11/3/2025,5400.00,Independent Spender,0
2025,Z256,Innovate NY,7356,Flyer,10/29/2025,LITER,Leaflet/Flyer,51400,12718,10/30/2025,PRNT,Printing,1000.00,Minuteman Press,Brooklyn,NY,11201,10/30/2025,1000.00,Independent Spender,0
2025,Z256,Innovate NY,7356,Flyer,10/29/2025,LITER,Leaflet/Flyer,51400,12717,10/30/2025,LD,Literature Distribution (non-postage),30000.00,Stonebridge Advisory Group LLC,Bronx,NY,10467,10/30/2025,30000.00,Independent Spender,0
2025,Z256,Innovate NY,7355,Sign,10/29/2025,POSTER,Poster,15000,12695,10/29/2025,LD,Literature Distribution (non-postage),15000.00,Aurion Consulting LLC,Brooklyn,NY,11207,10/29/2025,15000.00,Independent Spender,0
2025,Z252,Livable Future,7073,Mamdami Canvassing Flyer 1,10/6/2025,LITER,Leaflet/Flyer,16476,12183,10/6/2025,LD,Literature Distribution (non-postage),15000.00,Base Builder,Brooklyn,NY,11201,10/6/2025,15000.00,Independent Spender,0
2025,Z252,Livable Future,7073,Mamdami Canvassing Flyer 1,10/6/2025,LITER,Leaflet/Flyer,16476,12181,10/6/2025,PRNT,Printing,635.83,Radix Printing and Publishing,Brooklyn,NY,11217,10/6/2025,635.83,Independent Spender,0
2025,Z252,Livable Future,7073,Mamdami Canvassing Flyer 1,10/6/2025,LITER,Leaflet/Flyer,16476,12182,10/6/2025,LD,Literature Distribution (non-postage),840.00,Wealthwise Community Partners,Brooklyn,NY,11212,10/6/2025,840.00,Independent Spender,0
2025,Z213,Local Economies Forward NY,6704,Andrew Cuomo Newspaper Ad 7,6/24/2025,INTAD,Internet - Display/Banner,2700,11767,6/24/2025,ADPROD,Advertising Production,1200.00,"Bian, Elizabeth",Scarsdale,NY,10583,6/24/2025,1200.00,Independent Spender,0
2025,Z213,Local Economies Forward NY,6704,Andrew Cuomo Newspaper Ad 7,6/24/2025,INTAD,Internet - Display/Banner,2700,11463,6/24/2025,ADPROD,Advertising Production,1500.00,The Parkside Group LLC,New York,NY,10038,6/24/2025,1500.00,Independent Spender,0
2025,Z213,Local Economies Forward NY,6549,Andrew Cuomo Billboard Truck Sides 1,6/22/2025,BILLBD,Billboard,25000,11220,6/20/2025,ADBUY,Advertising Buy/Placement,20500.00,"Actum II, LLC",Los Angeles,CA,90021,6/20/2025,20500.00,Independent Spender,0
2025,Z213,Local Economies Forward NY,6549,Andrew Cuomo Billboard Truck Sides 1,6/22/2025,BILLBD,Billboard,25000,11221,6/20/2025,ADPROD,Advertising Production,4500.00,"Actum II, LLC",Los Angeles,CA,90021,6/20/2025,4500.00,Independent Spender,0
2025,Z213,Local Economies Forward NY,6488,Andrew Cuomo Display Ads 1,6/21/2025,BILLBD,Billboard,30000,11147,6/20/2025,ADBUY,Advertising Buy/Placement,24600.00,"Actum II, LLC",Los Angeles,CA,90021,6/21/2025,24600.00,Independent Spender,0
2025,Z213,Local Economies Forward NY,6488,Andrew Cuomo Display Ads 1,6/21/2025,BILLBD,Billboard,30000,11148,6/20/2025,ADPROD,Advertising Production,5400.00,"Actum II, LLC",Los Angeles,CA,90021,6/20/2025,5400.00,Independent Spender,0
2025,Z213,Local Economies Forward NY,6351,Andrew Cuomo GOTV  Phone Script 1,6/18/2025,PHONE,Phone Calls - Live,38500,10913,6/18/2025,PHONE,Phone Bank,31000.00,The Parkside Group LLC,New York,NY,10038,6/18/2025,31000.00,Independent Spender,0
2025,Z213,Local Economies Forward NY,6351,Andrew Cuomo GOTV  Phone Script 1,6/18/2025,PHONE,Phone Calls - Live,38500,11420,6/18/2025,PHONE,Phone Bank,7500.00,The Parkside Group LLC,New York,NY,10038,6/18/2025,7500.00,Independent Spender,0
2025,Z213,Local Economies Forward NY,6452,Andrew Cuomo GOVT Mailer 1,6/20/2025,MAIL,Mass Mailing,77621,11052,6/20/2025,PRNT,Printing,29254.71,The Parkside Group LLC,New York,NY,10038,6/20/2025,29254.71,Independent Spender,0
2025,Z213,Local Economies Forward NY,6452,Andrew Cuomo GOVT Mailer 1,6/20/2025,MAIL,Mass Mailing,77621,11747,6/20/2025,POSTA,Postage / Delivery,48366.00,The Parkside Group LLC,New York,NY,10038,6/20/2025,48366.00,Independent Spender,0
2025,Z213,Local Economies Forward NY,6276,Andrew Cuomo Mailer 1,6/17/2025,MAIL,Mass Mailing,49463,10962,6/17/2025,ADPROD,Advertising Production,1200.00,"Bian, Elizabeth",Scarsdale,NY,10583,6/17/2025,1200.00,Independent Spender,0
2025,Z213,Local Economies Forward NY,6276,Andrew Cuomo Mailer 1,6/17/2025,MAIL,Mass Mailing,49463,10778,6/17/2025,PRNT,Printing,21263.29,The Parkside Group LLC,New York,NY,10038,6/17/2025,21263.29,Independent Spender,0
2025,Z213,Local Economies Forward NY,6276,Andrew Cuomo Mailer 1,6/17/2025,MAIL,Mass Mailing,49463,11728,6/17/2025,POSTA,Postage / Delivery,27000.00,The Parkside Group LLC,New York,NY,10038,6/17/2025,27000.00,Independent Spender,0
2025,Z213,Local Economies Forward NY,6354,Andrew Cuomo Mailer 2,6/18/2025,MAIL,Mass Mailing,49463,11734,6/18/2025,ADPROD,Advertising Production,1200.00,"Bian, Elizabeth",Scarsdale,NY,10583,6/18/2025,1200.00,Independent Spender,0
2025,Z213,Local Economies Forward NY,6354,Andrew Cuomo Mailer 2,6/18/2025,MAIL,Mass Mailing,49463,10914,6/18/2025,PRNT,Printing,21263.29,The Parkside Group LLC,New York,NY,10038,6/18/2025,21263.29,Independent Spender,0
2025,Z213,Local Economies Forward NY,6354,Andrew Cuomo Mailer 2,6/18/2025,MAIL,Mass Mailing,49463,11733,6/18/2025,POSTA,Postage / Delivery,27000.00,The Parkside Group LLC,New York,NY,10038,6/18/2025,27000.00,Independent Spender,0
2025,Z213,Local Economies Forward NY,6484,Andrew Cuomo Newspaper Ad 1,6/21/2025,INTAD,Internet - Display/Banner,3475,11750,6/21/2025,ADPROD,Advertising Production,1200.00,"Bian, Elizabeth",Scarsdale,NY,10583,6/21/2025,1200.00,Independent Spender,0
2025,Z213,Local Economies Forward NY,6484,Andrew Cuomo Newspaper Ad 1,6/21/2025,INTAD,Internet - Display/Banner,3475,11141,6/21/2025,ADPROD,Advertising Production,2275.00,The Parkside Group LLC,New York,NY,10038,6/21/2025,2275.00,Independent Spender,0
2025,Z213,Local Economies Forward NY,6540,Andrew Cuomo Newspaper Ad 2,6/22/2025,INTAD,Internet - Display/Banner,3475,11753,6/22/2025,ADPROD,Advertising Production,1200.00,"Bian, Elizabeth",Scarsdale,NY,10583,6/22/2025,1200.00,Independent Spender,0
2025,Z213,Local Economies Forward NY,6540,Andrew Cuomo Newspaper Ad 2,6/22/2025,INTAD,Internet - Display/Banner,3475,11210,6/22/2025,ADPROD,Advertising Production,2275.00,The Parkside Group LLC,New York,NY,10038,6/22/2025,2275.00,Independent Spender,0
2025,Z213,Local Economies Forward NY,6542,Andrew Cuomo Newspaper Ad 3,6/22/2025,INTAD,Internet - Display/Banner,4800,11755,6/22/2025,ADPROD,Advertising Production,1200.00,"Bian, Elizabeth",Scarsdale,NY,10583,6/22/2025,1200.00,Independent Spender,0
2025,Z213,Local Economies Forward NY,6542,Andrew Cuomo Newspaper Ad 3,6/22/2025,INTAD,Internet - Display/Banner,4800,11212,6/22/2025,ADPROD,Advertising Production,3600.00,The Parkside Group LLC,New York,NY,10038,6/22/2025,3600.00,Independent Spender,0
2025,Z213,Local Economies Forward NY,6616,Andrew Cuomo Newspaper Ad 4,6/23/2025,INTAD,Internet - Display/Banner,3475,11759,6/23/2025,ADPROD,Advertising Production,1200.00,"Bian, Elizabeth",Scarsdale,NY,10583,6/23/2025,1200.00,Independent Spender,0
2025,Z213,Local Economies Forward NY,6616,Andrew Cuomo Newspaper Ad 4,6/23/2025,INTAD,Internet - Display/Banner,3475,11303,6/23/2025,ADPROD,Advertising Production,2275.00,The Parkside Group LLC,New York,NY,10038,6/23/2025,2275.00,Independent Spender,0
2025,Z213,Local Economies Forward NY,6702,Andrew Cuomo Newspaper Ad 5,6/24/2025,INTAD,Internet - Display/Banner,3475,11763,6/24/2025,ADPROD,Advertising Production,1200.00,"Bian, Elizabeth",Scarsdale,NY,10583,6/24/2025,1200.00,Independent Spender,0
2025,Z213,Local Economies Forward NY,6702,Andrew Cuomo Newspaper Ad 5,6/24/2025,INTAD,Internet - Display/Banner,3475,11786,6/24/2025,ADPROD,Advertising Production,2275.00,The Parkside Group LLC,New York,NY,10038,6/24/2025,2275.00,Independent Spender,0
2025,Z213,Local Economies Forward NY,6703,Andrew Cuomo Newspaper Ad 6,6/24/2025,INTAD,Internet - Display/Banner,4800,11765,6/24/2025,ADPROD,Advertising Production,1200.00,"Bian, Elizabeth",Scarsdale,NY,10583,6/24/2025,1200.00,Independent Spender,0
2025,Z213,Local Economies Forward NY,6703,Andrew Cuomo Newspaper Ad 6,6/24/2025,INTAD,Internet - Display/Banner,4800,11459,6/24/2025,ADPROD,Advertising Production,3600.00,The Parkside Group LLC,New York,NY,10038,6/24/2025,3600.00,Independent Spender,0
2025,Z213,Local Economies Forward NY,6705,Andrew Cuomo Newspaper Ad 8,6/24/2025,INTAD,Internet - Display/Banner,4400,11769,6/24/2025,ADPROD,Advertising Production,1200.00,"Bian, Elizabeth",Scarsdale,NY,10583,6/24/2025,1200.00,Independent Spender,0
2025,Z213,Local Economies Forward NY,6705,Andrew Cuomo Newspaper Ad 8,6/24/2025,INTAD,Internet - Display/Banner,4400,11469,6/24/2025,ADPROD,Advertising Production,3200.00,The Parkside Group LLC,New York,NY,10038,6/24/2025,3200.00,Independent Spender,0
2025,Z213,Local Economies Forward NY,6487,Andrew Cuomo Text Round 1,6/21/2025,TEXT,Text Messages,23800,11145,6/20/2025,TEXT,Text Messages,19516.00,"Actum II, LLC",Los Angeles,CA,90021,6/20/2025,19516.00,Independent Spender,0
2025,Z213,Local Economies Forward NY,6487,Andrew Cuomo Text Round 1,6/21/2025,TEXT,Text Messages,23800,11146,6/20/2025,ADPROD,Advertising Production,4284.00,"Actum II, LLC",Los Angeles,CA,90021,6/20/2025,4284.00,Independent Spender,0
2025,Z213,Local Economies Forward NY,6620,Andrew Cuomo Text Round 2,6/23/2025,TEXT,Text Messages,23800,11307,6/20/2025,TEXT,Text Messages,19516.00,"Actum II, LLC",Los Angeles,CA,90021,6/20/2025,19516.00,Independent Spender,0
2025,Z213,Local Economies Forward NY,6620,Andrew Cuomo Text Round 2,6/23/2025,TEXT,Text Messages,23800,11308,6/20/2025,ADPROD,Advertising Production,4284.00,"Actum II, LLC",Los Angeles,CA,90021,6/20/2025,4284.00,Independent Spender,0
2025,Z213,Local Economies Forward NY,6486,Andrew Cuomo WeChat Video Ad 1,6/21/2025,INTVID,Video (Internet),20000,11143,6/20/2025,ADBUY,Advertising Buy/Placement,16400.00,"Actum II, LLC",Los Angeles,CA,90021,6/20/2025,16400.00,Independent Spender,0
2025,Z213,Local Economies Forward NY,6486,Andrew Cuomo WeChat Video Ad 1,6/21/2025,INTVID,Video (Internet),20000,11144,6/20/2025,ADPROD,Advertising Production,3600.00,"Actum II, LLC",Los Angeles,CA,90021,6/20/2025,3600.00,Independent Spender,0
2025,Z241,"NEW YORKERS FOR A BETTER FUTURE MAYOR 25, INC",7359,Canvasser Shirts,10/30/2025,BUTTON,Button / Pen / Shirt,6657,12699,10/30/2025,DESIGN,Design / Graphics / Photography,6656.59,Rush Order Tees,Phiadelphia,PA,19154,10/30/2025,6656.59,Independent Spender,0
2025,Z241,"NEW YORKERS FOR A BETTER FUTURE MAYOR 25, INC",7467,Canvassing - 3 Boroughs,11/3/2025,LITER,Leaflet/Flyer,85000,12912,11/3/2025,LD,Literature Distribution (non-postage),85000.00,Ironclad Strategies,New York,NY,10023,11/3/2025,85000.00,Independent Spender,0
2025,Z241,"NEW YORKERS FOR A BETTER FUTURE MAYOR 25, INC",7263,Canvassing for Mayor 2025 - Brooklyn,10/25/2025,LITER,Leaflet/Flyer,15000,12497,10/24/2025,LD,Literature Distribution (non-postage),15000.00,"Demonstrably False, LLC",Brooklyn,NY,11234,10/25/2025,15000.00,Independent Spender,0
2025,Z241,"NEW YORKERS FOR A BETTER FUTURE MAYOR 25, INC",7262,Canvassing for Mayor 2025 - Brooklyn / Staten Island,10/24/2025,LITER,Leaflet/Flyer,75000,12496,10/25/2025,LD,Literature Distribution (non-postage),75000.00,"Masada PR, Inc.",Brooklyn,NY,11204,10/25/2025,75000.00,Independent Spender,0
2025,Z241,"NEW YORKERS FOR A BETTER FUTURE MAYOR 25, INC",7397,Canvassing for Mayor 2025 - Queens/Brooklyn,10/30/2025,OTHER,Other,65000,12766,10/30/2025,LD,Literature Distribution (non-postage),65000.00,Ironclad Strategies,New York,NY,10023,10/31/2025,65000.00,Independent Spender,0
2025,Z241,"NEW YORKERS FOR A BETTER FUTURE MAYOR 25, INC",7357,Canvassing for Mayor 2025 - Staten Island,10/30/2025,LITER,Leaflet/Flyer,20000,12697,10/30/2025,LD,Literature Distribution (non-postage),20000.00,"Masada PR, Inc.",Brooklyn,NY,11204,10/30/2025,20000.00,Independent Spender,0
2025,Z241,"NEW YORKERS FOR A BETTER FUTURE MAYOR 25, INC",7469,Canvassing Management,11/3/2025,LITER,Leaflet/Flyer,17000,12914,11/3/2025,LD,Literature Distribution (non-postage),17000.00,Dunton Consulting,East Orange,NJ,07017,11/3/2025,17000.00,Independent Spender,0
2025,Z241,"NEW YORKERS FOR A BETTER FUTURE MAYOR 25, INC",7470,Citywide Text Message,11/3/2025,TEXT,Text Messages,26250,12915,11/3/2025,TEXT,Text Messages,26250.00,Live Media Productions,Brooklyn,NY,11201,11/3/2025,26250.00,Independent Spender,0
2025,Z241,"NEW YORKERS FOR A BETTER FUTURE MAYOR 25, INC",6955,Digital Ads opposing  Zohran Mamdani,9/16/2025,INTAD,Internet - Display/Banner,250000,12014,9/16/2025,ADBUY,Advertising Buy/Placement,250000.00,Live Media Productions,Brooklyn,NY,11201,9/17/2025,250000.00,Independent Spender,0
2025,Z241,"NEW YORKERS FOR A BETTER FUTURE MAYOR 25, INC",7046,Digital Ads opposing Zohran Mamdani,10/10/2025,INTAD,Internet - Display/Banner,250000,12132,10/10/2025,ADBUY,Advertising Buy/Placement,250000.00,Live Media Productions,Brooklyn,NY,11201,10/10/2025,250000.00,Independent Spender,0
2025,Z241,"NEW YORKERS FOR A BETTER FUTURE MAYOR 25, INC",7261,GOTV Door Hanger - Pro-Cuomo and Anti-Sliwa/Mamdani,10/25/2025,LITER,Leaflet/Flyer,31188,12495,10/25/2025,DESIGN,Design / Graphics / Photography,31188.00,"Albany Marketing Solutions, Inc.",Albany,NY,10023,10/25/2025,31188.00,Independent Spender,0
2025,Z241,"NEW YORKERS FOR A BETTER FUTURE MAYOR 25, INC",7257,GOTV Palm Card - Pro-Cuomo and Anti-Sliwa/Mamdani,10/24/2025,LITER,Leaflet/Flyer,38204,12494,10/24/2025,PRNT,Printing,38204.00,"Albany Marketing Solutions, Inc.",Albany,NY,10023,10/25/2025,38204.00,Independent Spender,0
2025,Z241,"NEW YORKERS FOR A BETTER FUTURE MAYOR 25, INC",7362,NYFABF Mayor 25 - Cable TV Ad,10/30/2025,TVADS,Video (TV/Cable),36000,12702,10/30/2025,ADBUY,Advertising Buy/Placement,36000.00,Live Media Productions,Brooklyn,NY,11201,10/30/2025,36000.00,Independent Spender,0
2025,Z241,"NEW YORKERS FOR A BETTER FUTURE MAYOR 25, INC",7395,NYFABF Mayor 25 - Lawn Signs,10/31/2025,POSTER,Poster,16000,12763,10/31/2025,LD,Literature Distribution (non-postage),16000.00,"Albany Marketing Solutions, Inc.",Albany,NY,10023,10/31/2025,16000.00,Independent Spender,0
2025,Z241,"NEW YORKERS FOR A BETTER FUTURE MAYOR 25, INC",7361,NYFABF Mayor 25 - Radio Ads,10/30/2025,RADIO,Audio > 30 seconds,17000,12701,10/30/2025,ADBUY,Advertising Buy/Placement,17000.00,Live Media Productions,Brooklyn,NY,11201,10/30/2025,17000.00,Independent Spender,0
2025,Z241,"NEW YORKERS FOR A BETTER FUTURE MAYOR 25, INC",7394,NYFABFM25 - Newspaper Ads,10/31/2025,PRINT,Print Ad,7300,12762,10/31/2025,ADPROD,Advertising Production,7300.00,"Albany Marketing Solutions, Inc.",Albany,NY,10023,10/31/2025,7300.00,Independent Spender,0
2025,Z241,"NEW YORKERS FOR A BETTER FUTURE MAYOR 25, INC",7392,NYFABFM25 - South Asian Mailer,10/31/2025,MAIL,Mass Mailing,48936,12759,10/31/2025,POSTA,Postage / Delivery,48936.00,"Albany Marketing Solutions, Inc.",Albany,NY,10023,10/31/2025,48936.00,Independent Spender,0
2025,Z241,"NEW YORKERS FOR A BETTER FUTURE MAYOR 25, INC",7391,NYFABFM25 - South Asian Palm Card,10/31/2025,LITER,Leaflet/Flyer,28570,12758,10/31/2025,LD,Literature Distribution (non-postage),28570.00,"Albany Marketing Solutions, Inc.",Albany,NY,10023,10/31/2025,28570.00,Independent Spender,0
2025,Z241,"NEW YORKERS FOR A BETTER FUTURE MAYOR 25, INC",7466,Robocalls - Citywide,11/3/2025,ROBO,Robo Call,58000,12911,11/3/2025,PHONE,Phone Bank,58000.00,Live Media Productions,Brooklyn,NY,11201,11/3/2025,58000.00,Independent Spender,0
2025,Z241,"NEW YORKERS FOR A BETTER FUTURE MAYOR 25, INC",7154,Russian Digital Ad Supporting Cuomo & Opposing Sliwa/ZM,10/18/2025,INTAD,Internet - Display/Banner,100000,12285,10/18/2025,ADBUY,Advertising Buy/Placement,100000.00,Live Media Productions,Brooklyn,NY,11201,10/18/2025,100000.00,Independent Spender,0
2025,Z241,"NEW YORKERS FOR A BETTER FUTURE MAYOR 25, INC",7153,South Asian Digital Ads Opposing Zohran Mamdani,10/18/2025,INTAD,Internet - Display/Banner,100000,12284,10/18/2025,ADBUY,Advertising Buy/Placement,100000.00,Live Media Productions,Brooklyn,NY,11201,10/18/2025,100000.00,Independent Spender,0
2025,Z241,"NEW YORKERS FOR A BETTER FUTURE MAYOR 25, INC",7390,South Asian Digital Ads Opposing Zohran Mamdani #2,10/30/2025,INTAD,Internet - Display/Banner,100000,12757,10/31/2025,ADBUY,Advertising Buy/Placement,100000.00,Live Media Productions,Brooklyn,NY,11201,10/31/2025,100000.00,Independent Spender,0
2025,Z241,"NEW YORKERS FOR A BETTER FUTURE MAYOR 25, INC",7088,Video - Election Advice from Zohran Mamdani,10/17/2025,INTVID,Video (Internet),30000,12202,10/17/2025,ADPROD,Advertising Production,30000.00,Live Media Productions,Brooklyn,NY,11201,10/17/2025,30000.00,Independent Spender,0
2025,Z198,New Yorkers for a Better New York Today,6587,Arbini Family,6/20/2025,INTVID,Video (Internet),787,11265,6/23/2025,ADBUY,Advertising Buy/Placement,505.98,Meta Platforms Inc.,Menlo Park,CA,94025,6/23/2025,505.98,Independent Spender,0
2025,Z198,New Yorkers for a Better New York Today,6587,Arbini Family,6/20/2025,INTVID,Video (Internet),787,11266,6/23/2025,ADBUY,Advertising Buy/Placement,107.42,Meta Platforms Inc.,Menlo Park,CA,94025,6/23/2025,107.42,Independent Spender,0
2025,Z198,New Yorkers for a Better New York Today,6587,Arbini Family,6/20/2025,INTVID,Video (Internet),787,11267,6/23/2025,ADBUY,Advertising Buy/Placement,173.78,Meta Platforms Inc.,Menlo Park,CA,94025,6/23/2025,173.78,Independent Spender,0
2025,Z198,New Yorkers for a Better New York Today,6589,Cassie Video_Oops All Cuomo,6/20/2025,INTVID,Video (Internet),1465,11269,6/23/2025,ADBUY,Advertising Buy/Placement,1017.14,Meta Platforms Inc.,Menlo Park,CA,94025,6/23/2025,1017.14,Independent Spender,0
2025,Z198,New Yorkers for a Better New York Today,6589,Cassie Video_Oops All Cuomo,6/20/2025,INTVID,Video (Internet),1465,11270,6/23/2025,ADBUY,Advertising Buy/Placement,448.30,Meta Platforms Inc.,Menlo Park,CA,94025,6/23/2025,448.30,Independent Spender,0
2025,Z198,New Yorkers for a Better New York Today,6588,Dr. Steve,6/20/2025,INTVID,Video (Internet),212,11268,6/23/2025,ADBUY,Advertising Buy/Placement,211.82,Meta Platforms Inc.,Menlo Park,CA,94025,6/23/2025,211.82,Independent Spender,0
2025,Z198,New Yorkers for a Better New York Today,4169,Dream Sticker,3/11/2025,BUTTON,Button / Pen / Shirt,228,7975,3/11/2025,PRNT,Printing,456.20,Image Pointe,Waterloo,IA,50704,3/11/2025,456.20,Independent Spender,0
2025,Z198,New Yorkers for a Better New York Today,6572,ICE  - Digital Ad,6/18/2025,INTVID,Video (Internet),325,11258,6/23/2025,ADBUY,Advertising Buy/Placement,325.03,Meta Platforms Inc.,Menlo Park,CA,94025,6/23/2025,325.03,Independent Spender,0
2025,Z198,New Yorkers for a Better New York Today,6586,Jamaal Clip,6/20/2025,INTVID,Video (Internet),941,11263,6/23/2025,ADBUY,Advertising Buy/Placement,567.85,Meta Platforms Inc.,Menlo Park,CA,94025,6/23/2025,567.85,Independent Spender,0
2025,Z198,New Yorkers for a Better New York Today,6586,Jamaal Clip,6/20/2025,INTVID,Video (Internet),941,11264,6/23/2025,ADBUY,Advertising Buy/Placement,373.35,Meta Platforms Inc.,Menlo Park,CA,94025,6/23/2025,373.35,Independent Spender,0
2025,Z198,New Yorkers for a Better New York Today,7462,Make The Road - In-Kind - Poster,10/18/2025,LITER,Leaflet/Flyer,2638,12906,10/18/2025,DESIGN,Design / Graphics / Photography,1000.00,"Make the Road Action, Inc.",Brooklyn,NY,11237,10/18/2025,1000.00,"Make the Road Action, Inc.",8925
2025,Z198,New Yorkers for a Better New York Today,7462,Make The Road - In-Kind - Poster,10/18/2025,LITER,Leaflet/Flyer,2638,12907,10/18/2025,PRNT,Printing,1638.00,"Make the Road Action, Inc.",Brooklyn,NY,11237,10/18/2025,1638.00,"Make the Road Action, Inc.",8925
2025,Z198,New Yorkers for a Better New York Today,7156,Make The Road - In-Kind - Social Media Ads #1,10/15/2025,INTVID,Video (Internet),3358,12301,10/15/2025,ADBUY,Advertising Buy/Placement,2858.49,"Make the Road Action, Inc.",Brooklyn,NY,11237,10/15/2025,2858.49,"Make the Road Action, Inc.",8925
2025,Z198,New Yorkers for a Better New York Today,7156,Make The Road - In-Kind - Social Media Ads #1,10/15/2025,INTVID,Video (Internet),3358,12898,10/15/2025,ADPROD,Advertising Production,500.00,"Make the Road Action, Inc.",Brooklyn,NY,11237,10/15/2025,500.00,"Make the Road Action, Inc.",8925
2025,Z198,New Yorkers for a Better New York Today,7459,Make The Road - In-Kind - Social Media Ads #2,10/15/2025,INTVID,Video (Internet),4495,12901,10/15/2025,ADBUY,Advertising Buy/Placement,3994.91,"Make the Road Action, Inc.",Brooklyn,NY,11237,10/15/2025,3994.91,"Make the Road Action, Inc.",8925
2025,Z198,New Yorkers for a Better New York Today,7459,Make The Road - In-Kind - Social Media Ads #2,10/15/2025,INTVID,Video (Internet),4495,12902,10/15/2025,ADPROD,Advertising Production,500.00,"Make the Road Action, Inc.",Brooklyn,NY,11237,10/15/2025,500.00,"Make the Road Action, Inc.",8925
2025,Z198,New Yorkers for a Better New York Today,7460,Make The Road - In-Kind - Social Media Ads #3,10/15/2025,INTVID,Video (Internet),4021,12903,10/15/2025,ADBUY,Advertising Buy/Placement,3520.56,"Make the Road Action, Inc.",Brooklyn,NY,11237,10/15/2025,3520.56,"Make the Road Action, Inc.",8925
2025,Z198,New Yorkers for a Better New York Today,7460,Make The Road - In-Kind - Social Media Ads #3,10/15/2025,INTVID,Video (Internet),4021,12904,10/15/2025,ADPROD,Advertising Production,500.00,"Make the Road Action, Inc.",Brooklyn,NY,11237,10/15/2025,500.00,"Make the Road Action, Inc.",8925
2025,Z198,New Yorkers for a Better New York Today,7461,Make The Road - In-Kind - Social Media Graphic #1,10/15/2025,INTAD,Internet - Display/Banner,1500,12905,10/15/2025,ADBUY,Advertising Buy/Placement,1500.00,"Make the Road Action, Inc.",Brooklyn,NY,11237,10/15/2025,1500.00,"Make the Road Action, Inc.",8925
2025,Z198,New Yorkers for a Better New York Today,6590,Racism,6/20/2025,INTVID,Video (Internet),1682,11271,6/23/2025,ADBUY,Advertising Buy/Placement,541.35,Meta Platforms Inc.,Menlo Park,CA,94025,6/23/2025,541.35,Independent Spender,0
2025,Z198,New Yorkers for a Better New York Today,6590,Racism,6/20/2025,INTVID,Video (Internet),1682,11272,6/23/2025,ADBUY,Advertising Buy/Placement,379.69,Meta Platforms Inc.,Menlo Park,CA,94025,6/23/2025,379.69,Independent Spender,0
2025,Z198,New Yorkers for a Better New York Today,6590,Racism,6/20/2025,INTVID,Video (Internet),1682,11273,6/23/2025,ADBUY,Advertising Buy/Placement,761.34,Meta Platforms Inc.,Menlo Park,CA,94025,6/23/2025,761.34,Independent Spender,0
2025,Z198,New Yorkers for a Better New York Today,6585,RCV,6/18/2025,INTVID,Video (Internet),733,11259,6/23/2025,ADBUY,Advertising Buy/Placement,360.36,Meta Platforms Inc.,Menlo Park,CA,94025,6/23/2025,360.36,Independent Spender,0
2025,Z198,New Yorkers for a Better New York Today,6585,RCV,6/18/2025,INTVID,Video (Internet),733,11260,6/23/2025,ADBUY,Advertising Buy/Placement,372.93,Meta Platforms Inc.,Menlo Park,CA,94025,6/23/2025,372.93,Independent Spender,0
2025,Z198,New Yorkers for a Better New York Today,6593,RCV Guide,6/19/2025,LITER,Leaflet/Flyer,321,11277,6/19/2025,PRNT,Printing,321.18,Digital Touch Inc,New York,NY,10001,6/23/2025,321.18,Independent Spender,0
2025,Z198,New Yorkers for a Better New York Today,6591,Staten Island,6/22/2025,INTVID,Video (Internet),253,11274,6/23/2025,ADBUY,Advertising Buy/Placement,253.20,Meta Platforms Inc.,Menlo Park,CA,94025,6/23/2025,253.20,Independent Spender,0
2025,Z198,New Yorkers for a Better New York Today,6592,Testimony 2,6/23/2025,INTVID,Video (Internet),143,11276,6/23/2025,ADBUY,Advertising Buy/Placement,142.88,Meta Platforms Inc.,Menlo Park,CA,94025,6/23/2025,142.88,Independent Spender,0
2025,Z198,New Yorkers for a Better New York Today,5820,Texting Against Cuomo,6/9/2025,TEXT,Text Messages,300,10060,6/9/2025,TEXT,Text Messages,300.00,GetThru,Beverton,OR,97008,,0.00,,0
2025,Z198,New Yorkers for a Better New York Today,4166,Website,3/4/2025,WEB,Website,200,7971,3/4/2025,WEB,Website,400.00,"Schwob, Olivia",Brooklyn,NY,11216,3/4/2025,400.00,Independent Spender,0
2025,Z196,New Yorkers for Lower Costs,7084,$100k FB Ad v2,10/7/2025,INTAD,Internet - Display/Banner,25131,12197,10/7/2025,ADBUY,Advertising Buy/Placement,681.88,Middle Seat,Washington,DC,20009,10/7/2025,681.88,Independent Spender,0
2025,Z196,New Yorkers for Lower Costs,7084,$100k FB Ad v2,10/7/2025,INTAD,Internet - Display/Banner,25131,12291,10/14/2025,ADBUY,Advertising Buy/Placement,2841.71,Middle Seat,Washington,DC,20009,10/14/2025,2841.71,Independent Spender,0
2025,Z196,New Yorkers for Lower Costs,7084,$100k FB Ad v2,10/7/2025,INTAD,Internet - Display/Banner,25131,12313,10/17/2025,ADBUY,Advertising Buy/Placement,694.58,Middle Seat,Washington,DC,20009,10/17/2025,694.58,Independent Spender,0
2025,Z196,New Yorkers for Lower Costs,7084,$100k FB Ad v2,10/7/2025,INTAD,Internet - Display/Banner,25131,12456,10/20/2025,ADBUY,Advertising Buy/Placement,1228.23,Middle Seat,Washington,DC,20009,10/20/2025,1228.23,Independent Spender,0
2025,Z196,New Yorkers for Lower Costs,7084,$100k FB Ad v2,10/7/2025,INTAD,Internet - Display/Banner,25131,12457,10/21/2025,ADBUY,Advertising Buy/Placement,1690.10,Middle Seat,Washington,DC,20009,10/21/2025,1690.10,Independent Spender,0
2025,Z196,New Yorkers for Lower Costs,7084,$100k FB Ad v2,10/7/2025,INTAD,Internet - Display/Banner,25131,12458,10/22/2025,ADBUY,Advertising Buy/Placement,1729.48,Middle Seat,Washington,DC,20009,10/22/2025,1729.48,Independent Spender,0
2025,Z196,New Yorkers for Lower Costs,7084,$100k FB Ad v2,10/7/2025,INTAD,Internet - Display/Banner,25131,12460,10/23/2025,ADBUY,Advertising Buy/Placement,1276.64,Middle Seat,Washington,DC,20009,10/23/2025,1276.64,Independent Spender,0
2025,Z196,New Yorkers for Lower Costs,7084,$100k FB Ad v2,10/7/2025,INTAD,Internet - Display/Banner,25131,12461,10/24/2025,ADBUY,Advertising Buy/Placement,3311.57,Middle Seat,Washington,DC,20009,10/24/2025,3311.57,Independent Spender,0
2025,Z196,New Yorkers for Lower Costs,7084,$100k FB Ad v2,10/7/2025,INTAD,Internet - Display/Banner,25131,12527,10/25/2025,ADBUY,Advertising Buy/Placement,4750.19,Middle Seat,Washington,DC,20009,10/25/2025,4750.19,Independent Spender,0
2025,Z196,New Yorkers for Lower Costs,7084,$100k FB Ad v2,10/7/2025,INTAD,Internet - Display/Banner,25131,12546,10/26/2025,ADBUY,Advertising Buy/Placement,2545.94,Middle Seat,Washington,DC,20009,10/26/2025,2545.94,Independent Spender,0
2025,Z196,New Yorkers for Lower Costs,7084,$100k FB Ad v2,10/7/2025,INTAD,Internet - Display/Banner,25131,12601,10/27/2025,ADBUY,Advertising Buy/Placement,1683.30,Middle Seat,Washington,DC,20009,10/27/2025,1683.30,Independent Spender,0
2025,Z196,New Yorkers for Lower Costs,7084,$100k FB Ad v2,10/7/2025,INTAD,Internet - Display/Banner,25131,12646,10/28/2025,ADBUY,Advertising Buy/Placement,965.52,Middle Seat,Washington,DC,20009,10/28/2025,965.52,Independent Spender,0
2025,Z196,New Yorkers for Lower Costs,7084,$100k FB Ad v2,10/7/2025,INTAD,Internet - Display/Banner,25131,12687,10/29/2025,ADBUY,Advertising Buy/Placement,734.49,Middle Seat,Washington,DC,20009,10/29/2025,734.49,Independent Spender,0
2025,Z196,New Yorkers for Lower Costs,7084,$100k FB Ad v2,10/7/2025,INTAD,Internet - Display/Banner,25131,12734,10/30/2025,ADBUY,Advertising Buy/Placement,432.28,Middle Seat,Washington,DC,20009,10/30/2025,432.28,Independent Spender,0
2025,Z196,New Yorkers for Lower Costs,7084,$100k FB Ad v2,10/7/2025,INTAD,Internet - Display/Banner,25131,12817,10/31/2025,ADBUY,Advertising Buy/Placement,271.00,Middle Seat,Washington,DC,20009,10/31/2025,271.00,Independent Spender,0
2025,Z196,New Yorkers for Lower Costs,7084,$100k FB Ad v2,10/7/2025,INTAD,Internet - Display/Banner,25131,12818,11/1/2025,ADBUY,Advertising Buy/Placement,293.66,Middle Seat,Washington,DC,20009,11/1/2025,293.66,Independent Spender,0
2025,Z196,New Yorkers for Lower Costs,7085,$100k FB Ad v3,10/7/2025,INTAD,Internet - Display/Banner,4878,12198,10/7/2025,ADBUY,Advertising Buy/Placement,463.59,Middle Seat,Washington,DC,20009,10/7/2025,463.59,Independent Spender,0
2025,Z196,New Yorkers for Lower Costs,7085,$100k FB Ad v3,10/7/2025,INTAD,Internet - Display/Banner,4878,12292,10/14/2025,ADBUY,Advertising Buy/Placement,3411.77,Middle Seat,Washington,DC,20009,10/14/2025,3411.77,Independent Spender,0
2025,Z196,New Yorkers for Lower Costs,7085,$100k FB Ad v3,10/7/2025,INTAD,Internet - Display/Banner,4878,12314,10/17/2025,ADBUY,Advertising Buy/Placement,149.88,Middle Seat,Washington,DC,20009,10/17/2025,149.88,Independent Spender,0
2025,Z196,New Yorkers for Lower Costs,7085,$100k FB Ad v3,10/7/2025,INTAD,Internet - Display/Banner,4878,12462,10/20/2025,ADBUY,Advertising Buy/Placement,706.93,Middle Seat,Washington,DC,20009,10/20/2025,706.93,Independent Spender,0
2025,Z196,New Yorkers for Lower Costs,7085,$100k FB Ad v3,10/7/2025,INTAD,Internet - Display/Banner,4878,12463,10/21/2025,ADBUY,Advertising Buy/Placement,146.05,Middle Seat,Washington,DC,20009,10/21/2025,146.05,Independent Spender,0
2025,Z196,New Yorkers for Lower Costs,7083,$100k Goal FB Ad,10/7/2025,INTAD,Internet - Display/Banner,16060,12196,10/7/2025,ADBUY,Advertising Buy/Placement,454.65,Middle Seat,Washington,DC,20009,10/7/2025,454.65,Independent Spender,0
2025,Z196,New Yorkers for Lower Costs,7083,$100k Goal FB Ad,10/7/2025,INTAD,Internet - Display/Banner,16060,12290,10/14/2025,ADBUY,Advertising Buy/Placement,2635.65,Middle Seat,Washington,DC,20009,10/14/2025,2635.65,Independent Spender,0
2025,Z196,New Yorkers for Lower Costs,7083,$100k Goal FB Ad,10/7/2025,INTAD,Internet - Display/Banner,16060,12312,10/17/2025,ADBUY,Advertising Buy/Placement,257.01,Middle Seat,Washington,DC,20009,10/17/2025,257.01,Independent Spender,0
2025,Z196,New Yorkers for Lower Costs,7083,$100k Goal FB Ad,10/7/2025,INTAD,Internet - Display/Banner,16060,12451,10/20/2025,ADBUY,Advertising Buy/Placement,473.29,Middle Seat,Washington,DC,20009,10/20/2025,473.29,Independent Spender,0
2025,Z196,New Yorkers for Lower Costs,7083,$100k Goal FB Ad,10/7/2025,INTAD,Internet - Display/Banner,16060,12452,10/21/2025,ADBUY,Advertising Buy/Placement,858.65,Middle Seat,Washington,DC,20009,10/21/2025,858.65,Independent Spender,0
2025,Z196,New Yorkers for Lower Costs,7083,$100k Goal FB Ad,10/7/2025,INTAD,Internet - Display/Banner,16060,12453,10/22/2025,ADBUY,Advertising Buy/Placement,1031.46,Middle Seat,Washington,DC,20009,10/22/2025,1031.46,Independent Spender,0
2025,Z196,New Yorkers for Lower Costs,7083,$100k Goal FB Ad,10/7/2025,INTAD,Internet - Display/Banner,16060,12454,10/23/2025,ADBUY,Advertising Buy/Placement,2036.79,Middle Seat,Washington,DC,20009,10/23/2025,2036.79,Independent Spender,0
2025,Z196,New Yorkers for Lower Costs,7083,$100k Goal FB Ad,10/7/2025,INTAD,Internet - Display/Banner,16060,12455,10/24/2025,ADBUY,Advertising Buy/Placement,899.94,Middle Seat,Washington,DC,20009,10/24/2025,899.94,Independent Spender,0
2025,Z196,New Yorkers for Lower Costs,7083,$100k Goal FB Ad,10/7/2025,INTAD,Internet - Display/Banner,16060,12526,10/25/2025,ADBUY,Advertising Buy/Placement,566.99,Middle Seat,Washington,DC,20009,10/25/2025,566.99,Independent Spender,0
2025,Z196,New Yorkers for Lower Costs,7083,$100k Goal FB Ad,10/7/2025,INTAD,Internet - Display/Banner,16060,12545,10/26/2025,ADBUY,Advertising Buy/Placement,168.96,Middle Seat,Washington,DC,20009,10/26/2025,168.96,Independent Spender,0
2025,Z196,New Yorkers for Lower Costs,7083,$100k Goal FB Ad,10/7/2025,INTAD,Internet - Display/Banner,16060,12600,10/27/2025,ADBUY,Advertising Buy/Placement,2223.59,Middle Seat,Washington,DC,20009,10/27/2025,2223.59,Independent Spender,0
2025,Z196,New Yorkers for Lower Costs,7083,$100k Goal FB Ad,10/7/2025,INTAD,Internet - Display/Banner,16060,12645,10/28/2025,ADBUY,Advertising Buy/Placement,2729.24,Middle Seat,Washington,DC,20009,10/28/2025,2729.24,Independent Spender,0
2025,Z196,New Yorkers for Lower Costs,7083,$100k Goal FB Ad,10/7/2025,INTAD,Internet - Display/Banner,16060,12684,10/29/2025,ADBUY,Advertising Buy/Placement,578.15,Middle Seat,Washington,DC,20009,10/29/2025,578.15,Independent Spender,0
2025,Z196,New Yorkers for Lower Costs,7083,$100k Goal FB Ad,10/7/2025,INTAD,Internet - Display/Banner,16060,12731,10/30/2025,ADBUY,Advertising Buy/Placement,510.47,Middle Seat,Washington,DC,20009,10/30/2025,510.47,Independent Spender,0
2025,Z196,New Yorkers for Lower Costs,7083,$100k Goal FB Ad,10/7/2025,INTAD,Internet - Display/Banner,16060,12813,10/31/2025,ADBUY,Advertising Buy/Placement,277.65,Middle Seat,Washington,DC,20009,10/31/2025,277.65,Independent Spender,0
2025,Z196,New Yorkers for Lower Costs,7083,$100k Goal FB Ad,10/7/2025,INTAD,Internet - Display/Banner,16060,12814,11/1/2025,ADBUY,Advertising Buy/Placement,357.27,Middle Seat,Washington,DC,20009,11/1/2025,357.27,Independent Spender,0
2025,Z196,New Yorkers for Lower Costs,6814,$25 FB Ad,7/16/2025,INTAD,Internet - Display/Banner,245,11667,7/16/2025,ADBUY,Advertising Buy/Placement,245.35,Middle Seat,Washington,DC,20009,7/16/2025,245.35,Independent Spender,0
2025,Z196,New Yorkers for Lower Costs,6815,$25 FB Ad v2,7/16/2025,INTAD,Internet - Display/Banner,151,11668,7/16/2025,ADBUY,Advertising Buy/Placement,150.85,Middle Seat,Washington,DC,20009,7/16/2025,150.85,Independent Spender,0
2025,Z196,New Yorkers for Lower Costs,6816,$25 FB Ad v3,7/16/2025,INTAD,Internet - Display/Banner,961,11669,7/16/2025,ADBUY,Advertising Buy/Placement,448.71,Middle Seat,Washington,DC,20009,7/16/2025,448.71,Independent Spender,0
2025,Z196,New Yorkers for Lower Costs,6816,$25 FB Ad v3,7/16/2025,INTAD,Internet - Display/Banner,961,11824,7/21/2025,ADBUY,Advertising Buy/Placement,512.44,Middle Seat,Washington,DC,20009,7/21/2025,512.44,Independent Spender,0
2025,Z196,New Yorkers for Lower Costs,6819,$25 FB Ad v4,7/16/2025,INTAD,Internet - Display/Banner,194,11672,7/16/2025,ADBUY,Advertising Buy/Placement,193.97,Middle Seat,Washington,DC,20009,7/16/2025,193.97,Independent Spender,0
2025,Z196,New Yorkers for Lower Costs,6820,$25 FB Ad v5,7/16/2025,INTAD,Internet - Display/Banner,134,11673,7/16/2025,ADBUY,Advertising Buy/Placement,133.70,Middle Seat,Washington,DC,20009,7/16/2025,133.70,Independent Spender,0
2025,Z196,New Yorkers for Lower Costs,6821,$25 FB Ad v6,7/16/2025,INTAD,Internet - Display/Banner,202,11674,7/16/2025,ADBUY,Advertising Buy/Placement,201.97,Middle Seat,Washington,DC,20009,7/16/2025,201.97,Independent Spender,0
2025,Z196,New Yorkers for Lower Costs,6926,$25 FB Ad v7,9/1/2025,INTAD,Internet - Display/Banner,1262,11968,9/1/2025,ADBUY,Advertising Buy/Placement,671.78,Middle Seat,Washington,DC,20009,9/1/2025,671.78,Independent Spender,0
2025,Z196,New Yorkers for Lower Costs,6926,$25 FB Ad v7,9/1/2025,INTAD,Internet - Display/Banner,1262,11995,9/8/2025,ADBUY,Advertising Buy/Placement,590.49,Middle Seat,Washington,DC,20009,9/12/2025,590.49,Independent Spender,0
2025,Z196,New Yorkers for Lower Costs,6927,$25 FB Ad v8,9/1/2025,INTAD,Internet - Display/Banner,2637,11969,9/1/2025,ADBUY,Advertising Buy/Placement,2282.37,Middle Seat,Washington,DC,20009,9/1/2025,2282.37,Independent Spender,0
2025,Z196,New Yorkers for Lower Costs,6927,$25 FB Ad v8,9/1/2025,INTAD,Internet - Display/Banner,2637,11996,9/8/2025,ADBUY,Advertising Buy/Placement,354.41,Middle Seat,Washington,DC,20009,9/12/2025,354.41,Independent Spender,0
2025,Z196,New Yorkers for Lower Costs,6985,$250k Text,9/26/2025,TEXT,Text Messages,269,12059,9/26/2025,TEXT,Text Messages,268.62,Middle Seat,Washington,DC,20009,9/26/2025,268.62,Independent Spender,0
2025,Z196,New Yorkers for Lower Costs,7018,$415k Text,10/2/2025,TEXT,Text Messages,2773,12104,10/2/2025,TEXT,Text Messages,272.82,Middle Seat,Washington,DC,20009,10/2/2025,272.82,Independent Spender,0
2025,Z196,New Yorkers for Lower Costs,7018,$415k Text,10/2/2025,TEXT,Text Messages,2773,12225,10/15/2025,TEXT,Text Messages,2500.00,Middle Seat,Washington,DC,20009,10/15/2025,2500.00,Independent Spender,0
2025,Z196,New Yorkers for Lower Costs,6500,10-1 Text,6/21/2025,TEXT,Text Messages,198,11160,6/21/2025,TEXT,Text Messages,197.58,Middle Seat,Washington,DC,20009,6/21/2025,197.58,Independent Spender,0
2025,Z196,New Yorkers for Lower Costs,7021,10-4 Mailer,10/4/2025,MAIL,Mass Mailing,173579,12107,10/4/2025,POSTA,Postage / Delivery,173579.24,SpeakEasy Political,San Francisco,CA,94109,,0.00,,0
2025,Z196,New Yorkers for Lower Costs,7069,10-8 Mailer,10/8/2025,MAIL,Mass Mailing,164551,12177,10/8/2025,POSTA,Postage / Delivery,164551.45,SpeakEasy Political,San Francisco,CA,94109,10/8/2025,164551.45,Independent Spender,0
2025,Z196,New Yorkers for Lower Costs,7176,10/14 FB Ads,10/14/2025,INTAD,Internet - Display/Banner,805,12324,10/14/2025,ADBUY,Advertising Buy/Placement,804.69,Middle Seat,Washington,DC,20009,10/14/2025,804.69,Independent Spender,0
2025,Z196,New Yorkers for Lower Costs,7096,10/16 Mailer v1,10/16/2025,MAIL,Mass Mailing,126164,12210,10/16/2025,POSTA,Postage / Delivery,126163.87,SpeakEasy Political,San Francisco,CA,94109,10/16/2025,126163.87,Independent Spender,0
2025,Z196,New Yorkers for Lower Costs,7097,10/16 Mailer v2,10/16/2025,MAIL,Mass Mailing,64834,12211,10/16/2025,POSTA,Postage / Delivery,64834.02,SpeakEasy Political,San Francisco,CA,94109,10/16/2025,64834.02,Independent Spender,0
2025,Z196,New Yorkers for Lower Costs,7269,10/20 FB Ads,10/20/2025,INTAD,Internet - Display/Banner,115,12513,10/20/2025,ADBUY,Advertising Buy/Placement,114.97,Middle Seat,Washington,DC,20009,10/20/2025,114.97,Independent Spender,0
2025,Z196,New Yorkers for Lower Costs,7270,10/21 FB Ad,10/21/2025,INTAD,Internet - Display/Banner,156,12514,10/21/2025,ADBUY,Advertising Buy/Placement,156.02,Middle Seat,Washington,DC,20009,10/21/2025,156.02,Independent Spender,0
2025,Z196,New Yorkers for Lower Costs,7271,10/24 FB Ads,10/24/2025,INTAD,Internet - Display/Banner,371,12515,10/24/2025,ADBUY,Advertising Buy/Placement,371.15,Middle Seat,Washington,DC,20009,10/24/2025,371.15,Independent Spender,0
2025,Z196,New Yorkers for Lower Costs,7272,10/24 Mailer,10/24/2025,MAIL,Mass Mailing,181828,12516,10/24/2025,POSTA,Postage / Delivery,181827.77,SpeakEasy Political,San Francisco,CA,94109,10/24/2025,181827.77,Independent Spender,0
2025,Z196,New Yorkers for Lower Costs,7280,10/25 FB Ads,10/25/2025,INTAD,Internet - Display/Banner,533,12535,10/25/2025,ADBUY,Advertising Buy/Placement,532.68,Middle Seat,Washington,DC,20009,10/25/2025,532.68,Independent Spender,0
2025,Z196,New Yorkers for Lower Costs,7289,10/26 FB Ads,10/26/2025,INTAD,Internet - Display/Banner,435,12552,10/26/2025,ADBUY,Advertising Buy/Placement,434.84,Middle Seat,Washington,DC,20009,10/26/2025,434.84,Independent Spender,0
2025,Z196,New Yorkers for Lower Costs,7321,10/27 FB Ads,10/27/2025,INTAD,Internet - Display/Banner,357,12615,10/27/2025,ADBUY,Advertising Buy/Placement,357.25,Middle Seat,Washington,DC,20009,10/27/2025,357.25,Independent Spender,0
2025,Z196,New Yorkers for Lower Costs,7345,10/28 FB Ads,10/28/2025,INTAD,Internet - Display/Banner,239,12657,10/28/2025,ADBUY,Advertising Buy/Placement,238.80,Middle Seat,Washington,DC,20009,10/28/2025,238.80,Independent Spender,0
2025,Z196,New Yorkers for Lower Costs,7341,10/28 Mailer,10/28/2025,MAIL,Mass Mailing,189145,12642,10/28/2025,POSTA,Postage / Delivery,189145.00,SpeakEasy Political,San Francisco,CA,94109,10/28/2025,189145.00,Independent Spender,0
2025,Z196,New Yorkers for Lower Costs,7379,10/30 FB Ads,10/30/2025,INTAD,Internet - Display/Banner,478,12744,10/30/2025,ADBUY,Advertising Buy/Placement,478.21,Middle Seat,Washington,DC,20009,10/30/2025,478.21,Independent Spender,0
2025,Z196,New Yorkers for Lower Costs,7425,10/31 FB Ads,10/31/2025,INTAD,Internet - Display/Banner,430,12830,10/31/2025,ADBUY,Advertising Buy/Placement,430.04,Middle Seat,Washington,DC,20009,10/31/2025,430.04,Independent Spender,0
2025,Z196,New Yorkers for Lower Costs,7094,10/6 FB Ads,10/6/2025,INTAD,Internet - Display/Banner,770,12208,10/6/2025,ADBUY,Advertising Buy/Placement,770.17,Middle Seat,Washington,DC,20009,10/6/2025,770.17,Independent Spender,0
2025,Z196,New Yorkers for Lower Costs,6831,100 Days Text,7/27/2025,TEXT,Text Messages,228,11805,7/27/2025,TEXT,Text Messages,228.06,Middle Seat,Washington,DC,20009,7/27/2025,228.06,Independent Spender,0
2025,Z196,New Yorkers for Lower Costs,7502,11/3 FB Ads,11/3/2025,INTAD,Internet - Display/Banner,482,12988,11/3/2025,ADBUY,Advertising Buy/Placement,481.65,Middle Seat,Washington,DC,20009,11/3/2025,481.65,Independent Spender,0
2025,Z196,New Yorkers for Lower Costs,5243,"18,000 Donors Text Message",4/23/2025,TEXT,Text Messages,4706,9086,4/23/2025,TEXT,Text Messages,4705.88,Middle Seat,Washington,DC,20009,4/23/2025,4705.88,Independent Spender,0
2025,Z196,New Yorkers for Lower Costs,5313,"18,000 Grassroots Donors Text",5/17/2025,TEXT,Text Messages,105,9174,5/17/2025,TEXT,Text Messages,105.12,Middle Seat,Washington,DC,20009,5/17/2025,105.12,Independent Spender,0
2025,Z196,New Yorkers for Lower Costs,7445,2 Days Text,11/2/2025,TEXT,Text Messages,337,12865,11/2/2025,TEXT,Text Messages,337.26,Middle Seat,Washington,DC,20009,11/2/2025,337.26,Independent Spender,0
2025,Z196,New Yorkers for Lower Costs,5924,2 Thumbs Text,6/11/2025,TEXT,Text Messages,157,10244,6/11/2025,TEXT,Text Messages,156.84,Middle Seat,Washington,DC,20009,6/11/2025,156.84,Independent Spender,0
2025,Z196,New Yorkers for Lower Costs,5876,2 Weeks Left Text,6/10/2025,TEXT,Text Messages,148,10154,6/10/2025,TEXT,Text Messages,147.90,Middle Seat,Washington,DC,20009,6/10/2025,147.90,Independent Spender,0
2025,Z196,New Yorkers for Lower Costs,7253,2 Weeks Left Text,10/21/2025,TEXT,Text Messages,299,12484,10/21/2025,TEXT,Text Messages,299.28,Middle Seat,Washington,DC,20009,10/21/2025,299.28,Independent Spender,0
2025,Z196,New Yorkers for Lower Costs,6501,3 Days Text,6/21/2025,TEXT,Text Messages,198,11161,6/21/2025,TEXT,Text Messages,197.58,Middle Seat,Washington,DC,20009,6/21/2025,197.58,Independent Spender,0
2025,Z196,New Yorkers for Lower Costs,7098,3 Weeks Text,10/14/2025,TEXT,Text Messages,277,12212,10/14/2025,TEXT,Text Messages,276.90,Middle Seat,Washington,DC,20009,10/14/2025,276.90,Independent Spender,0
2025,Z196,New Yorkers for Lower Costs,6467,4 Days Text,6/20/2025,TEXT,Text Messages,194,11072,6/20/2025,TEXT,Text Messages,193.62,Middle Seat,Washington,DC,20009,6/20/2025,193.62,Independent Spender,0
2025,Z196,New Yorkers for Lower Costs,6945,41-52 FB Ad,9/9/2025,INTAD,Internet - Display/Banner,4208,11998,9/9/2025,ADBUY,Advertising Buy/Placement,595.52,Middle Seat,Washington,DC,20009,9/12/2025,595.52,Independent Spender,0
2025,Z196,New Yorkers for Lower Costs,6945,41-52 FB Ad,9/9/2025,INTAD,Internet - Display/Banner,4208,12023,9/15/2025,ADBUY,Advertising Buy/Placement,3157.02,Middle Seat,Washington,DC,20009,9/15/2025,3157.02,Independent Spender,0
2025,Z196,New Yorkers for Lower Costs,6945,41-52 FB Ad,9/9/2025,INTAD,Internet - Display/Banner,4208,12049,9/22/2025,ADBUY,Advertising Buy/Placement,455.05,Middle Seat,Washington,DC,20009,9/22/2025,455.05,Independent Spender,0
2025,Z196,New Yorkers for Lower Costs,6946,41-52 FB Ad v2,9/9/2025,INTAD,Internet - Display/Banner,3596,11999,9/9/2025,ADBUY,Advertising Buy/Placement,576.61,Middle Seat,Washington,DC,20009,9/9/2025,576.61,Independent Spender,0
2025,Z196,New Yorkers for Lower Costs,6946,41-52 FB Ad v2,9/9/2025,INTAD,Internet - Display/Banner,3596,12024,9/15/2025,ADPROD,Advertising Production,2567.57,Middle Seat,Washington,DC,20009,9/15/2025,2567.57,Independent Spender,0
2025,Z196,New Yorkers for Lower Costs,6946,41-52 FB Ad v2,9/9/2025,INTAD,Internet - Display/Banner,3596,12050,9/22/2025,ADBUY,Advertising Buy/Placement,451.36,Middle Seat,Washington,DC,20009,9/22/2025,451.36,Independent Spender,0
2025,Z196,New Yorkers for Lower Costs,5763,5/27-6/1 Emails,5/27/2025,EMAIL,Emails,132,9985,5/27/2025,EMAIL,Emails,132.36,Middle Seat,Washington,DC,20009,5/27/2025,132.36,Independent Spender,0
2025,Z196,New Yorkers for Lower Costs,5525,5/27-6/1 FB Ads,5/27/2025,INTAD,Internet - Display/Banner,900,9638,5/27/2025,TEXT,Text Messages,899.51,Middle Seat,Washington,DC,20009,5/27/2025,899.51,Independent Spender,0
2025,Z196,New Yorkers for Lower Costs,5879,6/10 FB Ads & Email,6/10/2025,INTAD,Internet - Display/Banner,223,10174,6/10/2025,ADBUY,Advertising Buy/Placement,222.59,Middle Seat,Washington,DC,20009,6/10/2025,222.59,Independent Spender,0
2025,Z196,New Yorkers for Lower Costs,6039,6/12 Emails,6/12/2025,EMAIL,Emails,231,10407,6/12/2025,EMAIL,Emails,231.40,Middle Seat,Washington,DC,20009,6/12/2025,231.40,Independent Spender,0
2025,Z196,New Yorkers for Lower Costs,6082,6/13 FB Ads,6/13/2025,INTAD,Internet - Display/Banner,517,10474,6/13/2025,ADBUY,Advertising Buy/Placement,516.69,Middle Seat,Washington,DC,20009,6/13/2025,516.69,Independent Spender,0
2025,Z196,New Yorkers for Lower Costs,6305,6/17 Emails,6/17/2025,EMAIL,Emails,189,10834,6/17/2025,EMAIL,Emails,189.17,Middle Seat,Washington,DC,20009,6/17/2025,189.17,Independent Spender,0
2025,Z196,New Yorkers for Lower Costs,6385,6/18 Emails,6/18/2025,EMAIL,Emails,307,10958,6/18/2025,EMAIL,Emails,307.15,Middle Seat,Washington,DC,20009,6/18/2025,307.15,Independent Spender,0
2025,Z196,New Yorkers for Lower Costs,6471,6/20 Emails,6/20/2025,EMAIL,Emails,123,11078,6/20/2025,ADBUY,Advertising Buy/Placement,122.52,Middle Seat,Washington,DC,20009,6/20/2025,112.52,Independent Spender,0
2025,Z196,New Yorkers for Lower Costs,6682,6/23 Emails,6/23/2025,EMAIL,Emails,241,11416,6/23/2025,EMAIL,Emails,240.59,Middle Seat,Washington,DC,20009,6/23/2025,240.59,Independent Spender,0
2025,Z196,New Yorkers for Lower Costs,6692,6/24 Emails & Text,6/24/2025,EMAIL,Emails,309,11428,6/24/2025,EMAIL,Emails,309.35,Middle Seat,Washington,DC,20009,6/24/2025,309.35,Independent Spender,0
2025,Z196,New Yorkers for Lower Costs,5825,6/9 FB Ads & Email,6/9/2025,EMAIL,Emails,175,10066,6/9/2025,EMAIL,Emails,174.99,Middle Seat,Washington,DC,20009,6/9/2025,174.99,Independent Spender,0
2025,Z196,New Yorkers for Lower Costs,6822,7/16-7/18 FB Ads,7/16/2025,INTAD,Internet - Display/Banner,312,11677,7/16/2025,ADBUY,Advertising Buy/Placement,311.85,Middle Seat,Washington,DC,20009,7/16/2025,311.85,Independent Spender,0
2025,Z196,New Yorkers for Lower Costs,6842,7/18 FB Ads,7/18/2025,INTAD,Internet - Display/Banner,130,11840,7/18/2025,ADBUY,Advertising Buy/Placement,130.26,Middle Seat,Washington,DC,20009,7/18/2025,130.26,Independent Spender,0
2025,Z196,New Yorkers for Lower Costs,6838,7/28 Facebook Ads,7/28/2025,INTAD,Internet - Display/Banner,429,11833,7/28/2025,ADBUY,Advertising Buy/Placement,177.85,Middle Seat,Washington,DC,20009,7/28/2025,177.85,Independent Spender,0
2025,Z196,New Yorkers for Lower Costs,6838,7/28 Facebook Ads,7/28/2025,INTAD,Internet - Display/Banner,429,11844,7/28/2025,ADBUY,Advertising Buy/Placement,250.66,Middle Seat,Washington,DC,20009,7/28/2025,250.66,Independent Spender,0
2025,Z196,New Yorkers for Lower Costs,6804,7/9 FB Ads,7/9/2025,INTAD,Internet - Display/Banner,473,11643,7/9/2025,ADBUY,Advertising Buy/Placement,473.33,Middle Seat,Washington,DC,20009,7/9/2025,473.33,Independent Spender,0
2025,Z196,New Yorkers for Lower Costs,6909,8/12 FB Ads & Email,8/12/2025,INTAD,Internet - Display/Banner,118,11929,8/12/2025,ADBUY,Advertising Buy/Placement,117.72,Middle Seat,Washington,DC,20009,8/12/2025,117.72,Independent Spender,0
2025,Z196,New Yorkers for Lower Costs,6910,8/18-8/22 FB Ads,8/18/2025,INTAD,Internet - Display/Banner,392,11930,8/18/2025,TEXT,Text Messages,392.09,Middle Seat,Washington,DC,20009,8/18/2025,392.09,Independent Spender,0
2025,Z196,New Yorkers for Lower Costs,7095,8/25 Emails,8/25/2025,EMAIL,Emails,138,12209,8/25/2025,EMAIL,Emails,138.32,Middle Seat,Washington,DC,20009,8/25/2025,138.32,Independent Spender,0
2025,Z196,New Yorkers for Lower Costs,6846,8/4 FB Ads,8/4/2025,INTAD,Internet - Display/Banner,138,11845,8/4/2025,ADBUY,Advertising Buy/Placement,138.16,Middle Seat,Washington,DC,20009,8/4/2025,138.16,Independent Spender,0
2025,Z196,New Yorkers for Lower Costs,6908,8/4-8/8 FB Ads & Emails,8/4/2025,INTAD,Internet - Display/Banner,199,11927,8/4/2025,ADBUY,Advertising Buy/Placement,198.74,Middle Seat,Washington,DC,20009,8/4/2025,198.74,Independent Spender,0
2025,Z196,New Yorkers for Lower Costs,6851,8/7 Emails,8/7/2025,EMAIL,Emails,148,11850,8/7/2025,EMAIL,Emails,148.00,Middle Seat,Washington,DC,20009,8/7/2025,148.00,Independent Spender,0
2025,Z196,New Yorkers for Lower Costs,6929,9/1 FB Ads part 1,9/1/2025,INTAD,Internet - Display/Banner,190,11971,9/1/2025,ADBUY,Advertising Buy/Placement,190.22,Middle Seat,Washington,DC,20009,9/1/2025,190.22,Independent Spender,0
2025,Z196,New Yorkers for Lower Costs,6930,9/1 FB Ads part 2,9/1/2025,INTAD,Internet - Display/Banner,454,11972,9/1/2025,ADBUY,Advertising Buy/Placement,454.05,Middle Seat,Washington,DC,20009,9/1/2025,454.05,Independent Spender,0
2025,Z196,New Yorkers for Lower Costs,6967,9/15 FB & Search Ads,9/15/2025,INTAD,Internet - Display/Banner,450,12032,9/15/2025,ADBUY,Advertising Buy/Placement,449.74,Middle Seat,Washington,DC,20009,9/15/2025,449.74,Independent Spender,0
2025,Z196,New Yorkers for Lower Costs,6991,9/22 FB & Search Ads,9/22/2025,INTAD,Internet - Display/Banner,211,12065,9/22/2025,ADBUY,Advertising Buy/Placement,211.16,Middle Seat,Washington,DC,20009,9/22/2025,211.16,Independent Spender,0
2025,Z196,New Yorkers for Lower Costs,7020,9/29 Facebook Ads,9/29/2025,INTAD,Internet - Display/Banner,603,12106,9/29/2025,ADBUY,Advertising Buy/Placement,602.74,Middle Seat,Washington,DC,20009,9/29/2025,602.74,Independent Spender,0
2025,Z196,New Yorkers for Lower Costs,6947,9/8 FB Ads,9/8/2025,INTAD,Internet - Display/Banner,385,12000,9/8/2025,ADBUY,Advertising Buy/Placement,384.85,Middle Seat,Washington,DC,20009,9/8/2025,384.85,Independent Spender,0
2025,Z196,New Yorkers for Lower Costs,7082,A Few Weeks Left FB Ad,10/6/2025,INTAD,Internet - Display/Banner,279,12195,10/6/2025,ADBUY,Advertising Buy/Placement,279.21,Middle Seat,Washington,DC,20009,10/6/2025,279.21,Independent Spender,0
2025,Z196,New Yorkers for Lower Costs,7163,A Few Weeks Left FB Ad v2,10/14/2025,INTAD,Internet - Display/Banner,961,12307,10/14/2025,ADBUY,Advertising Buy/Placement,692.42,Middle Seat,Washington,DC,20009,10/14/2025,692.42,Independent Spender,0
2025,Z196,New Yorkers for Lower Costs,7163,A Few Weeks Left FB Ad v2,10/14/2025,INTAD,Internet - Display/Banner,961,12441,10/20/2025,ADBUY,Advertising Buy/Placement,125.45,Middle Seat,Washington,DC,20009,10/20/2025,125.45,Independent Spender,0
2025,Z196,New Yorkers for Lower Costs,7163,A Few Weeks Left FB Ad v2,10/14/2025,INTAD,Internet - Display/Banner,961,12442,10/21/2025,ADBUY,Advertising Buy/Placement,142.76,Middle Seat,Washington,DC,20009,10/21/2025,142.76,Independent Spender,0
2025,Z196,New Yorkers for Lower Costs,7070,A Lot Can Change Text,10/7/2025,TEXT,Text Messages,273,12178,10/7/2025,TEXT,Text Messages,273.26,Middle Seat,Washington,DC,20009,10/7/2025,273.26,Independent Spender,0
2025,Z196,New Yorkers for Lower Costs,6887,A Whole Lot Text,8/11/2025,TEXT,Text Messages,225,11904,8/11/2025,TEXT,Text Messages,224.76,Middle Seat,Washington,DC,20009,8/11/2025,224.76,Independent Spender,0
2025,Z196,New Yorkers for Lower Costs,7101,A001,10/16/2025,INTAD,Internet - Display/Banner,10488,12216,10/16/2025,ADBUY,Advertising Buy/Placement,10487.50,Middle Seat,Washington,DC,20009,10/16/2025,10487.50,Independent Spender,0
2025,Z196,New Yorkers for Lower Costs,7102,A002,10/16/2025,INTAD,Internet - Display/Banner,10488,12217,10/16/2025,ADBUY,Advertising Buy/Placement,10487.50,Middle Seat,Washington,DC,20009,10/16/2025,10487.50,Independent Spender,0
2025,Z196,New Yorkers for Lower Costs,7103,A003,10/16/2025,INTAD,Internet - Display/Banner,10488,12218,10/16/2025,ADBUY,Advertising Buy/Placement,10487.50,Middle Seat,Washington,DC,20009,10/16/2025,10487.50,Independent Spender,0
2025,Z196,New Yorkers for Lower Costs,7104,A004,10/16/2025,INTAD,Internet - Display/Banner,10488,12219,10/16/2025,ADBUY,Advertising Buy/Placement,10487.50,Middle Seat,Washington,DC,20009,10/16/2025,10487.50,Independent Spender,0
2025,Z196,New Yorkers for Lower Costs,7105,A005,10/16/2025,INTAD,Internet - Display/Banner,10488,12220,10/16/2025,ADBUY,Advertising Buy/Placement,10487.50,Middle Seat,Washington,DC,20009,10/16/2025,10487.50,Independent Spender,0
2025,Z196,New Yorkers for Lower Costs,7106,A006,10/16/2025,INTAD,Internet - Display/Banner,10488,12221,10/16/2025,ADBUY,Advertising Buy/Placement,10487.50,Middle Seat,Washington,DC,20009,10/16/2025,10487.50,Independent Spender,0
2025,Z196,New Yorkers for Lower Costs,6078,Ad on the Airwaves FB Ad,6/13/2025,INTAD,Internet - Display/Banner,141,10470,6/13/2025,ADBUY,Advertising Buy/Placement,140.66,Middle Seat,Washington,DC,20009,6/13/2025,140.66,Independent Spender,0
2025,Z196,New Yorkers for Lower Costs,6079,Ad on the Airwaves FB Ad v2,6/13/2025,INTAD,Internet - Display/Banner,126,10471,6/13/2025,ADBUY,Advertising Buy/Placement,125.98,Middle Seat,Washington,DC,20009,6/13/2025,125.98,Independent Spender,0
2025,Z196,New Yorkers for Lower Costs,6801,Adams Billionaires FB Ad,7/9/2025,INTAD,Internet - Display/Banner,63,11640,7/9/2025,ADBUY,Advertising Buy/Placement,126.73,Middle Seat,Washington,DC,20009,7/9/2025,126.73,Independent Spender,0
2025,Z196,New Yorkers for Lower Costs,7010,Adams Quit NYC FB Ad,9/29/2025,INTAD,Internet - Display/Banner,151,12096,9/29/2025,ADBUY,Advertising Buy/Placement,150.91,Middle Seat,Washington,DC,20009,9/29/2025,150.91,Independent Spender,0
2025,Z196,New Yorkers for Lower Costs,7011,Adams Quit NYC FB Ad v2,9/29/2025,INTAD,Internet - Display/Banner,433,12097,9/29/2025,ADBUY,Advertising Buy/Placement,433.12,Middle Seat,Washington,DC,20009,9/29/2025,433.12,Independent Spender,0
2025,Z196,New Yorkers for Lower Costs,6436,ADC Billboard Cuomo,6/19/2025,BILLBD,Billboard,2500,11033,6/19/2025,ADBUY,Advertising Buy/Placement,2500.00,Neutron Media Inc.,Toronto,,,6/19/2025,2500.00,American-Arab Anti Discrimination Committee,7714
2025,Z196,New Yorkers for Lower Costs,6435,ADC Billboard Zohran,6/19/2025,BILLBD,Billboard,2500,11032,6/19/2025,ADBUY,Advertising Buy/Placement,2500.00,Neutron Media Inc.,Toronto,,,6/19/2025,2500.00,American-Arab Anti Discrimination Committee,7714
2025,Z196,New Yorkers for Lower Costs,5712,Affordable New York Text,6/8/2025,TEXT,Text Messages,143,9914,6/8/2025,TEXT,Text Messages,142.74,Middle Seat,Washington,DC,20009,6/8/2025,142.74,Independent Spender,0
2025,Z196,New Yorkers for Lower Costs,6080,American Name FB Ad,6/13/2025,INTAD,Internet - Display/Banner,282,10472,6/13/2025,ADBUY,Advertising Buy/Placement,282.32,Middle Seat,Washington,DC,20009,6/13/2025,282.32,Independent Spender,0
2025,Z196,New Yorkers for Lower Costs,7377,Anything to Chance Text,10/30/2025,TEXT,Text Messages,338,12728,10/30/2025,TEXT,Text Messages,337.62,Middle Seat,Washington,DC,20009,10/30/2025,337.62,Independent Spender,0
2025,Z196,New Yorkers for Lower Costs,6315,AOC Banner Ads,6/17/2025,INTAD,Internet - Display/Banner,13000,10848,6/17/2025,ADBUY,Advertising Buy/Placement,13000.00,Middle Seat,Washington,DC,20009,6/17/2025,13000.00,Independent Spender,0
2025,Z196,New Yorkers for Lower Costs,5821,AOC Just Chose a Side Email,6/5/2025,EMAIL,Emails,243,10061,6/5/2025,EMAIL,Emails,243.48,Middle Seat,Washington,DC,20009,6/5/2025,243.48,Independent Spender,0
2025,Z196,New Yorkers for Lower Costs,5708,AOC Just Endorsed FB Ad,6/6/2025,INTAD,Internet - Display/Banner,876,9909,6/6/2025,ADBUY,Advertising Buy/Placement,876.09,Middle Seat,Washington,DC,20009,6/6/2025,876.09,Independent Spender,0
2025,Z196,New Yorkers for Lower Costs,5709,AOC Just Endorsed FB Ad v2,6/6/2025,INTAD,Internet - Display/Banner,175,9912,6/6/2025,ADBUY,Advertising Buy/Placement,174.52,Middle Seat,Washington,DC,20009,6/6/2025,174.52,Independent Spender,0
2025,Z196,New Yorkers for Lower Costs,5697,AOC Just Endorsed Text,6/5/2025,TEXT,Text Messages,196,9898,6/5/2025,TEXT,Text Messages,195.66,Middle Seat,Washington,DC,20009,6/5/2025,195.66,Independent Spender,0
2025,Z196,New Yorkers for Lower Costs,5823,Attack Ads Email,6/6/2025,EMAIL,Emails,130,10063,6/6/2025,EMAIL,Emails,129.94,Middle Seat,Washington,DC,20009,6/6/2025,129.94,Independent Spender,0
2025,Z196,New Yorkers for Lower Costs,6941,Bad News Text,9/9/2025,TEXT,Text Messages,7746,11987,9/9/2025,TEXT,Text Messages,5245.58,Middle Seat,Washington,DC,20009,9/9/2025,5245.58,Independent Spender,0
2025,Z196,New Yorkers for Lower Costs,6941,Bad News Text,9/9/2025,TEXT,Text Messages,7746,12055,9/15/2025,TEXT,Text Messages,2500.00,Middle Seat,Washington,DC,20009,9/15/2025,2500.00,Independent Spender,0
2025,Z196,New Yorkers for Lower Costs,7311,Bad News Text v2,10/27/2025,TEXT,Text Messages,2827,12591,10/27/2025,TEXT,Text Messages,2827.06,Middle Seat,Washington,DC,20009,10/27/2025,2827.06,Independent Spender,0
2025,Z196,New Yorkers for Lower Costs,6384,Bernie Endorsement FB Ad,6/18/2025,INTAD,Internet - Display/Banner,213,10957,6/18/2025,ADBUY,Advertising Buy/Placement,212.99,Middle Seat,Washington,DC,20009,6/18/2025,212.99,Independent Spender,0
2025,Z196,New Yorkers for Lower Costs,6299,Bernie Endorsement Text,6/17/2025,TEXT,Text Messages,185,10825,6/17/2025,TEXT,Text Messages,185.22,Middle Seat,Washington,DC,20009,6/17/2025,185.22,Independent Spender,0
2025,Z196,New Yorkers for Lower Costs,6802,Bill Ackman FB Ad,7/9/2025,INTAD,Internet - Display/Banner,214,11641,7/9/2025,ADBUY,Advertising Buy/Placement,428.52,Middle Seat,Washington,DC,20009,7/9/2025,428.52,Independent Spender,0
2025,Z196,New Yorkers for Lower Costs,5305,Billionaire Buddies Facebook Ad,5/15/2025,INTAD,Internet - Display/Banner,200,9162,5/15/2025,ADBUY,Advertising Buy/Placement,200.26,Middle Seat,Washington,DC,20009,5/15/2025,200.26,Independent Spender,0
2025,Z196,New Yorkers for Lower Costs,5519,Block Cuomo FB Ad,5/27/2025,INTAD,Internet - Display/Banner,202,9630,5/27/2025,ADBUY,Advertising Buy/Placement,202.44,Middle Seat,Washington,DC,20009,5/27/2025,202.44,Independent Spender,0
2025,Z196,New Yorkers for Lower Costs,6381,Bloomberg Text,6/18/2025,TEXT,Text Messages,189,10955,6/18/2025,TEXT,Text Messages,189.12,Middle Seat,Washington,DC,20009,6/18/2025,189.12,Independent Spender,0
2025,Z196,New Yorkers for Lower Costs,7422,Bloomberg Text v2,10/31/2025,TEXT,Text Messages,345,12809,10/31/2025,TEXT,Text Messages,345.00,Middle Seat,Washington,DC,20009,10/31/2025,345.00,Independent Spender,0
2025,Z196,New Yorkers for Lower Costs,6881,Board is Rigged FB Ad,8/12/2025,INTAD,Internet - Display/Banner,269,11898,8/12/2025,ADBUY,Advertising Buy/Placement,268.80,Middle Seat,Washington,DC,20009,8/12/2025,268.80,Independent Spender,0
2025,Z196,New Yorkers for Lower Costs,6502,Bon Voyage Text,6/22/2025,TEXT,Text Messages,200,11162,6/22/2025,TEXT,Text Messages,199.80,Middle Seat,Washington,DC,20009,6/22/2025,199.80,Independent Spender,0
2025,Z196,New Yorkers for Lower Costs,7421,Boo Text,10/31/2025,TEXT,Text Messages,342,12808,10/31/2025,TEXT,Text Messages,342.00,Middle Seat,Washington,DC,20009,10/31/2025,342.00,Independent Spender,0
2025,Z196,New Yorkers for Lower Costs,6689,Bowman Robocall,6/23/2025,ROBO,Robo Call,6684,11425,6/23/2025,ADBUY,Advertising Buy/Placement,6684.00,SpeakEasy Political,San Francisco,CA,94109,6/25/2025,6684.00,Independent Spender,0
2025,Z196,New Yorkers for Lower Costs,6879,Breaking News Hearts FB Ad,8/7/2025,INTAD,Internet - Display/Banner,109,11895,8/7/2025,ADBUY,Advertising Buy/Placement,108.78,Middle Seat,Washington,DC,20009,8/7/2025,108.78,Independent Spender,0
2025,Z196,New Yorkers for Lower Costs,7343,Bus Screen FB Ad,10/28/2025,INTAD,Internet - Display/Banner,561,12655,10/28/2025,ADBUY,Advertising Buy/Placement,134.93,Middle Seat,Washington,DC,20009,10/28/2025,134.93,Independent Spender,0
2025,Z196,New Yorkers for Lower Costs,7343,Bus Screen FB Ad,10/28/2025,INTAD,Internet - Display/Banner,561,12689,10/29/2025,ADBUY,Advertising Buy/Placement,134.12,Middle Seat,Washington,DC,20009,10/29/2025,134.12,Independent Spender,0
2025,Z196,New Yorkers for Lower Costs,7343,Bus Screen FB Ad,10/28/2025,INTAD,Internet - Display/Banner,561,12736,10/30/2025,ADBUY,Advertising Buy/Placement,123.13,Middle Seat,Washington,DC,20009,10/30/2025,123.13,Independent Spender,0
2025,Z196,New Yorkers for Lower Costs,7343,Bus Screen FB Ad,10/28/2025,INTAD,Internet - Display/Banner,561,12823,11/1/2025,ADBUY,Advertising Buy/Placement,169.12,Middle Seat,Washington,DC,20009,11/1/2025,169.12,Independent Spender,0
2025,Z196,New Yorkers for Lower Costs,6963,CBS News FB Ad,9/15/2025,INTAD,Internet - Display/Banner,1423,12028,9/15/2025,ADBUY,Advertising Buy/Placement,1422.87,Middle Seat,Washington,DC,20009,9/15/2025,1422.87,Independent Spender,0
2025,Z196,New Yorkers for Lower Costs,6297,Clock is Ticking Text,6/17/2025,TEXT,Text Messages,186,10820,6/17/2025,TEXT,Text Messages,186.00,Middle Seat,Washington,DC,20009,6/17/2025,186.00,Independent Spender,0
2025,Z196,New Yorkers for Lower Costs,5703,Close the Gap Text,6/6/2025,TEXT,Text Messages,146,9902,6/6/2025,TEXT,Text Messages,146.34,Middle Seat,Washington,DC,20009,6/6/2025,146.34,Independent Spender,0
2025,Z196,New Yorkers for Lower Costs,7424,Complacency Text,11/1/2025,TEXT,Text Messages,337,12829,11/1/2025,ADBUY,Advertising Buy/Placement,337.38,Middle Seat,Washington,DC,20009,11/1/2025,337.38,Independent Spender,0
2025,Z196,New Yorkers for Lower Costs,7019,Cuomo Attack Ads Text,10/5/2025,TEXT,Text Messages,273,12105,10/5/2025,TEXT,Text Messages,273.06,Middle Seat,Washington,DC,20009,10/5/2025,273.06,Independent Spender,0
2025,Z196,New Yorkers for Lower Costs,6832,Cuomo Relaunches FB Ad,7/21/2025,INTAD,Internet - Display/Banner,134,11826,7/21/2025,ADBUY,Advertising Buy/Placement,133.99,Middle Seat,Washington,DC,20009,7/21/2025,133.99,Independent Spender,0
2025,Z196,New Yorkers for Lower Costs,7251,Cuomo Surges FB Ad,10/22/2025,INTAD,Internet - Display/Banner,506,12481,10/22/2025,ADBUY,Advertising Buy/Placement,200.75,Middle Seat,Washington,DC,20009,10/22/2025,200.75,Independent Spender,0
2025,Z196,New Yorkers for Lower Costs,7251,Cuomo Surges FB Ad,10/22/2025,INTAD,Internet - Display/Banner,506,12528,10/25/2025,ADBUY,Advertising Buy/Placement,139.86,Middle Seat,Washington,DC,20009,10/25/2025,139.86,Independent Spender,0
2025,Z196,New Yorkers for Lower Costs,7251,Cuomo Surges FB Ad,10/22/2025,INTAD,Internet - Display/Banner,506,12607,10/27/2025,ADBUY,Advertising Buy/Placement,165.36,Middle Seat,Washington,DC,20009,10/27/2025,165.36,Independent Spender,0
2025,Z196,New Yorkers for Lower Costs,7375,Cuomo Surges Text,10/29/2025,TEXT,Text Messages,336,12726,10/29/2025,TEXT,Text Messages,335.76,Middle Seat,Washington,DC,20009,10/29/2025,335.76,Independent Spender,0
2025,Z196,New Yorkers for Lower Costs,6882,Cuomo to Florida FB Ad,8/22/2025,INTAD,Internet - Display/Banner,583,11899,8/22/2025,ADBUY,Advertising Buy/Placement,174.95,Middle Seat,Washington,DC,20009,8/22/2025,174.95,Independent Spender,0
2025,Z196,New Yorkers for Lower Costs,6882,Cuomo to Florida FB Ad,8/22/2025,INTAD,Internet - Display/Banner,583,11961,9/1/2025,ADBUY,Advertising Buy/Placement,408.16,Middle Seat,Washington,DC,20009,9/1/2025,408.16,Independent Spender,0
2025,Z196,New Yorkers for Lower Costs,6888,Cuomo to Florida Text,8/14/2025,TEXT,Text Messages,227,11905,8/14/2025,TEXT,Text Messages,226.56,Middle Seat,Washington,DC,20009,8/14/2025,226.56,Independent Spender,0
2025,Z196,New Yorkers for Lower Costs,6883,Cuomo Wants a Vacation FB Ad,8/22/2025,INTAD,Internet - Display/Banner,105,11900,8/22/2025,ADBUY,Advertising Buy/Placement,105.31,Middle Seat,Washington,DC,20009,8/22/2025,105.31,Independent Spender,0
2025,Z196,New Yorkers for Lower Costs,6923,Cuomo's AI Bot FB Ad,9/1/2025,INTAD,Internet - Display/Banner,104,11965,9/1/2025,ADBUY,Advertising Buy/Placement,103.56,Middle Seat,Washington,DC,20009,9/1/2025,103.56,Independent Spender,0
2025,Z196,New Yorkers for Lower Costs,6380,Cuomo's Bull Text,6/18/2025,TEXT,Text Messages,189,10954,6/18/2025,TEXT,Text Messages,188.76,Middle Seat,Washington,DC,20009,6/18/2025,188.76,Independent Spender,0
2025,Z196,New Yorkers for Lower Costs,7453,Cuomo's Covid Corruption Video,10/31/2025,TVADS,Video (TV/Cable),165000,12882,10/31/2025,ADBUY,Advertising Buy/Placement,165000.00,Middle Seat,Washington,DC,20009,10/31/2025,165000.00,Independent Spender,0
2025,Z196,New Yorkers for Lower Costs,6871,Cuomo's Resurgence FB Ad,8/4/2025,INTAD,Internet - Display/Banner,4456,11882,8/4/2025,ADBUY,Advertising Buy/Placement,158.56,Middle Seat,Washington,DC,20009,8/4/2025,158.56,Independent Spender,0
2025,Z196,New Yorkers for Lower Costs,6871,Cuomo's Resurgence FB Ad,8/4/2025,INTAD,Internet - Display/Banner,4456,11883,8/11/2025,ADBUY,Advertising Buy/Placement,809.97,Middle Seat,Washington,DC,20009,8/11/2025,809.97,Independent Spender,0
2025,Z196,New Yorkers for Lower Costs,6871,Cuomo's Resurgence FB Ad,8/4/2025,INTAD,Internet - Display/Banner,4456,11884,8/18/2025,ADBUY,Advertising Buy/Placement,355.40,Middle Seat,Washington,DC,20009,8/18/2025,355.40,Independent Spender,0
2025,Z196,New Yorkers for Lower Costs,6871,Cuomo's Resurgence FB Ad,8/4/2025,INTAD,Internet - Display/Banner,4456,11959,9/1/2025,ADBUY,Advertising Buy/Placement,1929.00,Middle Seat,Washington,DC,20009,9/1/2025,1929.00,Independent Spender,0
2025,Z196,New Yorkers for Lower Costs,6871,Cuomo's Resurgence FB Ad,8/4/2025,INTAD,Internet - Display/Banner,4456,11992,9/8/2025,ADBUY,Advertising Buy/Placement,1077.55,Middle Seat,Washington,DC,20009,9/12/2025,1077.55,Independent Spender,0
2025,Z196,New Yorkers for Lower Costs,6871,Cuomo's Resurgence FB Ad,8/4/2025,INTAD,Internet - Display/Banner,4456,12021,9/15/2025,ADBUY,Advertising Buy/Placement,125.20,Middle Seat,Washington,DC,20009,9/15/2025,125.20,Independent Spender,0
2025,Z196,New Yorkers for Lower Costs,6919,Daily Dose Email,9/2/2025,EMAIL,Emails,652,11952,9/2/2025,EMAIL,Emails,651.76,Middle Seat,Washington,DC,20009,9/2/2025,651.76,Independent Spender,0
2025,Z196,New Yorkers for Lower Costs,6983,Daily Dose Email v2,9/19/2025,EMAIL,Emails,119,12057,9/19/2025,EMAIL,Emails,118.50,Middle Seat,Washington,DC,20009,9/19/2025,118.50,Independent Spender,0
2025,Z196,New Yorkers for Lower Costs,7107,Day in the Life Video,10/14/2025,INTVID,Video (Internet),121602,12222,10/14/2025,ADBUY,Advertising Buy/Placement,74111.35,Middle Seat,Washington,DC,20009,10/14/2025,74111.35,Independent Spender,0
2025,Z196,New Yorkers for Lower Costs,7107,Day in the Life Video,10/14/2025,INTVID,Video (Internet),121602,12500,10/24/2025,ADBUY,Advertising Buy/Placement,32263.67,Middle Seat,Washington,DC,20009,10/24/2025,32263.67,Independent Spender,0
2025,Z196,New Yorkers for Lower Costs,7107,Day in the Life Video,10/14/2025,INTVID,Video (Internet),121602,12509,10/20/2025,ADBUY,Advertising Buy/Placement,13525.00,Middle Seat,Washington,DC,20009,10/20/2025,13525.00,Independent Spender,0
2025,Z196,New Yorkers for Lower Costs,7107,Day in the Life Video,10/14/2025,INTVID,Video (Internet),121602,12885,11/3/2025,ADBUY,Advertising Buy/Placement,1702.28,Middle Seat,Washington,DC,20009,11/3/2025,1702.28,Independent Spender,0
2025,Z196,New Yorkers for Lower Costs,7108,Day in the Life Video - Spanish,10/16/2025,INTVID,Video (Internet),17500,12223,10/16/2025,ADBUY,Advertising Buy/Placement,17500.00,Middle Seat,Washington,DC,20009,10/16/2025,17500.00,Independent Spender,0
2025,Z196,New Yorkers for Lower Costs,7380,Day in the Life Video - Spanish (TV),10/30/2025,TVADS,Video (TV/Cable),98217,12745,10/30/2025,ADBUY,Advertising Buy/Placement,98216.82,Middle Seat,Washington,DC,20009,10/30/2025,98216.82,Independent Spender,0
2025,Z196,New Yorkers for Lower Costs,5824,Dead Heat Text,6/9/2025,TEXT,Text Messages,14294,10064,6/9/2025,TEXT,Text Messages,3411.76,Middle Seat,Washington,DC,20009,6/9/2025,3411.76,Independent Spender,0
2025,Z196,New Yorkers for Lower Costs,5824,Dead Heat Text,6/9/2025,TEXT,Text Messages,14294,10156,6/10/2025,TEXT,Text Messages,4000.00,Middle Seat,Washington,DC,20009,6/10/2025,4000.00,Independent Spender,0
2025,Z196,New Yorkers for Lower Costs,5824,Dead Heat Text,6/9/2025,TEXT,Text Messages,14294,10266,6/11/2025,TEXT,Text Messages,4382.35,Middle Seat,Washington,DC,20009,6/11/2025,4382.35,Independent Spender,0
2025,Z196,New Yorkers for Lower Costs,5824,Dead Heat Text,6/9/2025,TEXT,Text Messages,14294,10526,6/14/2025,TEXT,Text Messages,2500.00,Middle Seat,Washington,DC,20009,6/14/2025,2500.00,Independent Spender,0
2025,Z196,New Yorkers for Lower Costs,5826,Dead Heat Text v2,6/9/2025,TEXT,Text Messages,143,10067,6/9/2025,TEXT,Text Messages,142.50,Middle Seat,Washington,DC,20009,6/9/2025,142.50,Independent Spender,0
2025,Z196,New Yorkers for Lower Costs,7009,Defeat DT's Donors Search Ad,9/29/2025,INTAD,Internet - Display/Banner,6972,12095,9/29/2025,ADBUY,Advertising Buy/Placement,387.00,Middle Seat,Washington,DC,20009,9/29/2025,387.00,Independent Spender,0
2025,Z196,New Yorkers for Lower Costs,7009,Defeat DT's Donors Search Ad,9/29/2025,INTAD,Internet - Display/Banner,6972,12173,10/6/2025,ADBUY,Advertising Buy/Placement,554.00,Middle Seat,Washington,DC,20009,10/6/2025,554.00,Independent Spender,0
2025,Z196,New Yorkers for Lower Costs,7009,Defeat DT's Donors Search Ad,9/29/2025,INTAD,Internet - Display/Banner,6972,12287,10/14/2025,ADBUY,Advertising Buy/Placement,1081.00,Middle Seat,Washington,DC,20009,10/14/2025,1081.00,Independent Spender,0
2025,Z196,New Yorkers for Lower Costs,7009,Defeat DT's Donors Search Ad,9/29/2025,INTAD,Internet - Display/Banner,6972,12435,10/20/2025,ADBUY,Advertising Buy/Placement,169.00,Middle Seat,Washington,DC,20009,10/20/2025,169.00,Independent Spender,0
2025,Z196,New Yorkers for Lower Costs,7009,Defeat DT's Donors Search Ad,9/29/2025,INTAD,Internet - Display/Banner,6972,12436,10/21/2025,ADBUY,Advertising Buy/Placement,202.00,Middle Seat,Washington,DC,20009,10/21/2025,202.00,Independent Spender,0
2025,Z196,New Yorkers for Lower Costs,7009,Defeat DT's Donors Search Ad,9/29/2025,INTAD,Internet - Display/Banner,6972,12438,10/22/2025,ADBUY,Advertising Buy/Placement,182.00,Middle Seat,Washington,DC,20009,10/22/2025,182.00,Independent Spender,0
2025,Z196,New Yorkers for Lower Costs,7009,Defeat DT's Donors Search Ad,9/29/2025,INTAD,Internet - Display/Banner,6972,12439,10/23/2025,ADBUY,Advertising Buy/Placement,151.00,Middle Seat,Washington,DC,20009,10/23/2025,151.00,Independent Spender,0
2025,Z196,New Yorkers for Lower Costs,7009,Defeat DT's Donors Search Ad,9/29/2025,INTAD,Internet - Display/Banner,6972,12440,10/24/2025,ADBUY,Advertising Buy/Placement,140.00,Middle Seat,Washington,DC,20009,10/24/2025,140.00,Independent Spender,0
2025,Z196,New Yorkers for Lower Costs,7009,Defeat DT's Donors Search Ad,9/29/2025,INTAD,Internet - Display/Banner,6972,12523,10/25/2025,ADBUY,Advertising Buy/Placement,383.00,Middle Seat,Washington,DC,20009,10/25/2025,383.00,Independent Spender,0
2025,Z196,New Yorkers for Lower Costs,7009,Defeat DT's Donors Search Ad,9/29/2025,INTAD,Internet - Display/Banner,6972,12544,10/26/2025,ADBUY,Advertising Buy/Placement,252.00,Middle Seat,Washington,DC,20009,10/26/2025,252.00,Independent Spender,0
2025,Z196,New Yorkers for Lower Costs,7009,Defeat DT's Donors Search Ad,9/29/2025,INTAD,Internet - Display/Banner,6972,12599,10/27/2025,ADBUY,Advertising Buy/Placement,532.00,Middle Seat,Washington,DC,20009,10/27/2025,532.00,Independent Spender,0
2025,Z196,New Yorkers for Lower Costs,7009,Defeat DT's Donors Search Ad,9/29/2025,INTAD,Internet - Display/Banner,6972,12644,10/28/2025,ADBUY,Advertising Buy/Placement,509.00,Middle Seat,Washington,DC,20009,10/28/2025,509.00,Independent Spender,0
2025,Z196,New Yorkers for Lower Costs,7009,Defeat DT's Donors Search Ad,9/29/2025,INTAD,Internet - Display/Banner,6972,12683,10/29/2025,ADBUY,Advertising Buy/Placement,464.00,Middle Seat,Washington,DC,20009,10/29/2025,464.00,Independent Spender,0
2025,Z196,New Yorkers for Lower Costs,7009,Defeat DT's Donors Search Ad,9/29/2025,INTAD,Internet - Display/Banner,6972,12730,10/30/2025,ADBUY,Advertising Buy/Placement,510.00,Middle Seat,Washington,DC,20009,10/30/2025,510.00,Independent Spender,0
2025,Z196,New Yorkers for Lower Costs,7009,Defeat DT's Donors Search Ad,9/29/2025,INTAD,Internet - Display/Banner,6972,12810,10/31/2025,ADBUY,Advertising Buy/Placement,401.00,Middle Seat,Washington,DC,20009,10/31/2025,401.00,Independent Spender,0
2025,Z196,New Yorkers for Lower Costs,7009,Defeat DT's Donors Search Ad,9/29/2025,INTAD,Internet - Display/Banner,6972,12811,11/1/2025,ADBUY,Advertising Buy/Placement,644.00,Middle Seat,Washington,DC,20009,11/1/2025,644.00,Independent Spender,0
2025,Z196,New Yorkers for Lower Costs,7009,Defeat DT's Donors Search Ad,9/29/2025,INTAD,Internet - Display/Banner,6972,12867,11/2/2025,ADBUY,Advertising Buy/Placement,167.00,Middle Seat,Washington,DC,20009,11/2/2025,167.00,Independent Spender,0
2025,Z196,New Yorkers for Lower Costs,7009,Defeat DT's Donors Search Ad,9/29/2025,INTAD,Internet - Display/Banner,6972,12981,11/3/2025,ADBUY,Advertising Buy/Placement,243.68,Middle Seat,Washington,DC,20009,11/3/2025,243.68,Independent Spender,0
2025,Z196,New Yorkers for Lower Costs,7068,Democratic Leaders Video,10/9/2025,INTVID,Video (Internet),114102,12176,10/9/2025,ADBUY,Advertising Buy/Placement,66611.35,Middle Seat,Washington,DC,20009,10/9/2025,66611.35,Independent Spender,0
2025,Z196,New Yorkers for Lower Costs,7068,Democratic Leaders Video,10/9/2025,INTVID,Video (Internet),114102,12499,10/24/2025,ADBUY,Advertising Buy/Placement,32263.67,Middle Seat,Washington,DC,20009,10/24/2025,32263.67,Independent Spender,0
2025,Z196,New Yorkers for Lower Costs,7068,Democratic Leaders Video,10/9/2025,INTVID,Video (Internet),114102,12511,10/20/2025,ADBUY,Advertising Buy/Placement,13525.00,Middle Seat,Washington,DC,20009,10/20/2025,13525.00,Independent Spender,0
2025,Z196,New Yorkers for Lower Costs,7068,Democratic Leaders Video,10/9/2025,INTVID,Video (Internet),114102,12884,11/3/2025,ADBUY,Advertising Buy/Placement,1702.28,Middle Seat,Washington,DC,20009,11/3/2025,1702.28,Independent Spender,0
2025,Z196,New Yorkers for Lower Costs,6848,Did you see this poll Text,8/2/2025,TEXT,Text Messages,227,11847,8/2/2025,TEXT,Text Messages,226.74,Middle Seat,Washington,DC,20009,8/2/2025,226.74,Independent Spender,0
2025,Z196,New Yorkers for Lower Costs,7109,Don't Get Pushed Out Video,10/14/2025,INTVID,Video (Internet),124202,12224,10/14/2025,ADBUY,Advertising Buy/Placement,61711.35,Middle Seat,Washington,DC,20009,10/14/2025,61711.35,Independent Spender,0
2025,Z196,New Yorkers for Lower Costs,7109,Don't Get Pushed Out Video,10/14/2025,INTVID,Video (Internet),124202,12501,10/24/2025,ADBUY,Advertising Buy/Placement,47263.66,Middle Seat,Washington,DC,20009,10/24/2025,47263.66,Independent Spender,0
2025,Z196,New Yorkers for Lower Costs,7109,Don't Get Pushed Out Video,10/14/2025,INTVID,Video (Internet),124202,12510,10/20/2025,ADBUY,Advertising Buy/Placement,13525.00,Middle Seat,Washington,DC,20009,10/20/2025,13525.00,Independent Spender,0
2025,Z196,New Yorkers for Lower Costs,7109,Don't Get Pushed Out Video,10/14/2025,INTVID,Video (Internet),124202,12886,11/3/2025,ADBUY,Advertising Buy/Placement,1702.28,Middle Seat,Washington,DC,20009,11/3/2025,1702.28,Independent Spender,0
2025,Z196,New Yorkers for Lower Costs,7172,Done Fundraising Text,10/19/2025,TEXT,Text Messages,5290,12318,10/19/2025,TEXT,Text Messages,5290.46,Middle Seat,Washington,DC,20009,10/19/2025,5290.46,Independent Spender,0
2025,Z196,New Yorkers for Lower Costs,6800,DT Threatens FB Ad,7/9/2025,INTAD,Internet - Display/Banner,184,11639,7/9/2025,ADBUY,Advertising Buy/Placement,183.79,Middle Seat,Washington,DC,20009,7/9/2025,183.79,Independent Spender,0
2025,Z196,New Yorkers for Lower Costs,7344,Early Vote Fund FB Ad,10/28/2025,INTAD,Internet - Display/Banner,358,12656,10/28/2025,ADBUY,Advertising Buy/Placement,119.34,Middle Seat,Washington,DC,20009,10/28/2025,119.34,Independent Spender,0
2025,Z196,New Yorkers for Lower Costs,7344,Early Vote Fund FB Ad,10/28/2025,INTAD,Internet - Display/Banner,358,12693,10/29/2025,ADBUY,Advertising Buy/Placement,128.46,Middle Seat,Washington,DC,20009,10/29/2025,128.46,Independent Spender,0
2025,Z196,New Yorkers for Lower Costs,7344,Early Vote Fund FB Ad,10/28/2025,INTAD,Internet - Display/Banner,358,12741,10/30/2025,ADBUY,Advertising Buy/Placement,110.04,Middle Seat,Washington,DC,20009,10/30/2025,110.04,Independent Spender,0
2025,Z196,New Yorkers for Lower Costs,7501,Election Day Text,11/3/2025,TEXT,Text Messages,336,12986,11/3/2025,ADBUY,Advertising Buy/Placement,336.36,Middle Seat,Washington,DC,20009,11/3/2025,336.36,Independent Spender,0
2025,Z196,New Yorkers for Lower Costs,6924,End of Summer Drop FB Ad,9/1/2025,INTAD,Internet - Display/Banner,245,11966,9/1/2025,ADBUY,Advertising Buy/Placement,244.81,Middle Seat,Washington,DC,20009,9/1/2025,244.81,Independent Spender,0
2025,Z196,New Yorkers for Lower Costs,6920,Eric Adams and Curtis Silwa Text,9/4/2025,TEXT,Text Messages,242,11953,9/4/2025,TEXT,Text Messages,241.98,Middle Seat,Washington,DC,20009,9/4/2025,241.98,Independent Spender,0
2025,Z196,New Yorkers for Lower Costs,6986,Eric Adams Out Text,9/28/2025,TEXT,Text Messages,268,12060,9/28/2025,TEXT,Text Messages,268.44,Middle Seat,Washington,DC,20009,9/28/2025,268.44,Independent Spender,0
2025,Z196,New Yorkers for Lower Costs,6829,Far from Over Text,7/21/2025,TEXT,Text Messages,229,11802,7/21/2025,TEXT,Text Messages,228.66,Middle Seat,Washington,DC,20009,7/21/2025,228.66,Independent Spender,0
2025,Z196,New Yorkers for Lower Costs,6798,Fascism FB Ad,7/9/2025,INTAD,Internet - Display/Banner,467,11637,7/9/2025,ADBUY,Advertising Buy/Placement,467.39,Middle Seat,Washington,DC,20009,7/9/2025,467.39,Independent Spender,0
2025,Z196,New Yorkers for Lower Costs,6799,Fascism FB Ad v2,7/9/2025,INTAD,Internet - Display/Banner,151,11638,7/9/2025,ADBUY,Advertising Buy/Placement,150.52,Middle Seat,Washington,DC,20009,7/9/2025,150.52,Independent Spender,0
2025,Z196,New Yorkers for Lower Costs,7166,Fate of Zohran FB Ad,10/14/2025,INTAD,Internet - Display/Banner,741,12310,10/14/2025,ADBUY,Advertising Buy/Placement,408.54,Middle Seat,Washington,DC,20009,10/14/2025,408.54,Independent Spender,0
2025,Z196,New Yorkers for Lower Costs,7166,Fate of Zohran FB Ad,10/14/2025,INTAD,Internet - Display/Banner,741,12476,10/20/2025,ADBUY,Advertising Buy/Placement,205.79,Middle Seat,Washington,DC,20009,10/20/2025,205.79,Independent Spender,0
2025,Z196,New Yorkers for Lower Costs,7166,Fate of Zohran FB Ad,10/14/2025,INTAD,Internet - Display/Banner,741,12477,10/22/2025,ADBUY,Advertising Buy/Placement,126.58,Middle Seat,Washington,DC,20009,10/22/2025,126.58,Independent Spender,0
2025,Z196,New Yorkers for Lower Costs,7012,Final Stretch FB Ad,10/1/2025,INTAD,Internet - Display/Banner,6441,12098,10/1/2025,ADBUY,Advertising Buy/Placement,213.58,Middle Seat,Washington,DC,20009,10/1/2025,213.58,Independent Spender,0
2025,Z196,New Yorkers for Lower Costs,7012,Final Stretch FB Ad,10/1/2025,INTAD,Internet - Display/Banner,6441,12174,10/6/2025,ADBUY,Advertising Buy/Placement,941.06,Middle Seat,Washington,DC,20009,10/6/2025,941.06,Independent Spender,0
2025,Z196,New Yorkers for Lower Costs,7012,Final Stretch FB Ad,10/1/2025,INTAD,Internet - Display/Banner,6441,12288,10/14/2025,ADBUY,Advertising Buy/Placement,3341.98,Middle Seat,Washington,DC,20009,10/14/2025,3341.98,Independent Spender,0
2025,Z196,New Yorkers for Lower Costs,7012,Final Stretch FB Ad,10/1/2025,INTAD,Internet - Display/Banner,6441,12444,10/20/2025,ADBUY,Advertising Buy/Placement,621.54,Middle Seat,Washington,DC,20009,10/20/2025,621.54,Independent Spender,0
2025,Z196,New Yorkers for Lower Costs,7012,Final Stretch FB Ad,10/1/2025,INTAD,Internet - Display/Banner,6441,12445,10/21/2025,ADBUY,Advertising Buy/Placement,610.58,Middle Seat,Washington,DC,20009,10/21/2025,610.58,Independent Spender,0
2025,Z196,New Yorkers for Lower Costs,7012,Final Stretch FB Ad,10/1/2025,INTAD,Internet - Display/Banner,6441,12446,10/22/2025,ADBUY,Advertising Buy/Placement,376.08,Middle Seat,Washington,DC,20009,10/22/2025,376.08,Independent Spender,0
2025,Z196,New Yorkers for Lower Costs,7012,Final Stretch FB Ad,10/1/2025,INTAD,Internet - Display/Banner,6441,12447,10/23/2025,ADBUY,Advertising Buy/Placement,336.49,Middle Seat,Washington,DC,20009,10/23/2025,336.49,Independent Spender,0
2025,Z196,New Yorkers for Lower Costs,7013,Final Stretch FB Ad v2,10/1/2025,INTAD,Internet - Display/Banner,2846,12099,10/1/2025,ADBUY,Advertising Buy/Placement,251.08,Middle Seat,Washington,DC,20009,10/1/2025,251.08,Independent Spender,0
2025,Z196,New Yorkers for Lower Costs,7013,Final Stretch FB Ad v2,10/1/2025,INTAD,Internet - Display/Banner,2846,12175,10/6/2025,ADBUY,Advertising Buy/Placement,891.19,Middle Seat,Washington,DC,20009,10/6/2025,891.19,Independent Spender,0
2025,Z196,New Yorkers for Lower Costs,7013,Final Stretch FB Ad v2,10/1/2025,INTAD,Internet - Display/Banner,2846,12289,10/14/2025,ADBUY,Advertising Buy/Placement,1299.40,Middle Seat,Washington,DC,20009,10/14/2025,1299.40,Independent Spender,0
2025,Z196,New Yorkers for Lower Costs,7013,Final Stretch FB Ad v2,10/1/2025,INTAD,Internet - Display/Banner,2846,12448,10/20/2025,ADBUY,Advertising Buy/Placement,143.28,Middle Seat,Washington,DC,20009,10/20/2025,143.28,Independent Spender,0
2025,Z196,New Yorkers for Lower Costs,7013,Final Stretch FB Ad v2,10/1/2025,INTAD,Internet - Display/Banner,2846,12449,10/21/2025,ADBUY,Advertising Buy/Placement,146.59,Middle Seat,Washington,DC,20009,10/21/2025,146.59,Independent Spender,0
2025,Z196,New Yorkers for Lower Costs,7013,Final Stretch FB Ad v2,10/1/2025,INTAD,Internet - Display/Banner,2846,12450,10/22/2025,ADBUY,Advertising Buy/Placement,114.22,Middle Seat,Washington,DC,20009,10/22/2025,114.22,Independent Spender,0
2025,Z196,New Yorkers for Lower Costs,6075,Go Time Text,6/13/2025,TEXT,Text Messages,172,10467,6/13/2025,TEXT,Text Messages,171.72,Middle Seat,Washington,DC,20009,6/13/2025,171.72,Independent Spender,0
2025,Z196,New Yorkers for Lower Costs,6377,Google Search Ads,6/17/2025,OTHER,Other,7000,10950,6/17/2025,ADBUY,Advertising Buy/Placement,7000.00,Middle Seat,Washington,DC,20009,6/17/2025,7000.00,Independent Spender,0
2025,Z196,New Yorkers for Lower Costs,7354,Gothamist FB Ad,10/29/2025,INTAD,Internet - Display/Banner,405,12694,10/29/2025,ADBUY,Advertising Buy/Placement,111.45,Middle Seat,Washington,DC,20009,10/29/2025,111.45,Independent Spender,0
2025,Z196,New Yorkers for Lower Costs,7354,Gothamist FB Ad,10/29/2025,INTAD,Internet - Display/Banner,405,12742,10/30/2025,ADBUY,Advertising Buy/Placement,165.90,Middle Seat,Washington,DC,20009,10/30/2025,165.90,Independent Spender,0
2025,Z196,New Yorkers for Lower Costs,7354,Gothamist FB Ad,10/29/2025,INTAD,Internet - Display/Banner,405,12827,10/31/2025,ADBUY,Advertising Buy/Placement,127.79,Middle Seat,Washington,DC,20009,10/31/2025,127.79,Independent Spender,0
2025,Z196,New Yorkers for Lower Costs,7265,GOTV - Early Vote Video,10/20/2025,INTVID,Video (Internet),140527,12503,10/20/2025,ADBUY,Advertising Buy/Placement,17140.00,Middle Seat,Washington,DC,20009,10/20/2025,17140.00,Independent Spender,0
2025,Z196,New Yorkers for Lower Costs,7265,GOTV - Early Vote Video,10/20/2025,INTVID,Video (Internet),140527,12504,10/20/2025,ADBUY,Advertising Buy/Placement,7660.00,Middle Seat,Washington,DC,20009,10/20/2025,7660.00,Independent Spender,0
2025,Z196,New Yorkers for Lower Costs,7265,GOTV - Early Vote Video,10/20/2025,INTVID,Video (Internet),140527,12505,10/24/2025,ADBUY,Advertising Buy/Placement,81227.27,Middle Seat,Washington,DC,20009,10/24/2025,81227.27,Independent Spender,0
2025,Z196,New Yorkers for Lower Costs,7265,GOTV - Early Vote Video,10/20/2025,INTVID,Video (Internet),140527,12512,10/23/2025,ADBUY,Advertising Buy/Placement,27600.00,Middle Seat,Washington,DC,20009,10/23/2025,27600.00,Independent Spender,0
2025,Z196,New Yorkers for Lower Costs,7265,GOTV - Early Vote Video,10/20/2025,INTVID,Video (Internet),140527,12883,11/3/2025,ADBUY,Advertising Buy/Placement,6900.00,Middle Seat,Washington,DC,20009,11/3/2025,6900.00,Independent Spender,0
2025,Z196,New Yorkers for Lower Costs,6695,GOTV Texts,6/24/2025,TEXT,Text Messages,3272,11431,6/24/2025,TEXT,Text Messages,3272.00,SpeakEasy Political,San Francisco,CA,94109,6/25/2025,3272.00,Independent Spender,0
2025,Z196,New Yorkers for Lower Costs,6499,GOTV Video,6/21/2025,INTVID,Video (Internet),150000,11159,6/21/2025,ADBUY,Advertising Buy/Placement,150000.00,Middle Seat,Washington,DC,20009,6/21/2025,150000.00,Independent Spender,0
2025,Z196,New Yorkers for Lower Costs,6226,Guess Who Text,6/16/2025,TEXT,Text Messages,185,10711,6/16/2025,TEXT,Text Messages,184.74,Middle Seat,Washington,DC,20009,6/16/2025,184.74,Independent Spender,0
2025,Z196,New Yorkers for Lower Costs,7374,Gunning Text,10/29/2025,TEXT,Text Messages,334,12725,10/29/2025,TEXT,Text Messages,334.32,Middle Seat,Washington,DC,20009,10/29/2025,334.32,Independent Spender,0
2025,Z196,New Yorkers for Lower Costs,6918,Head to Head Text,9/2/2025,TEXT,Text Messages,242,11951,9/2/2025,TEXT,Text Messages,241.98,Middle Seat,Washington,DC,20009,9/2/2025,241.98,Independent Spender,0
2025,Z196,New Yorkers for Lower Costs,6850,Hedge Funder Text,8/8/2025,TEXT,Text Messages,225,11849,8/8/2025,TEXT,Text Messages,224.82,Middle Seat,Washington,DC,20009,8/8/2025,224.82,Independent Spender,0
2025,Z196,New Yorkers for Lower Costs,6872,Hell Gate FB Ad,8/4/2025,INTAD,Internet - Display/Banner,186,11885,8/4/2025,ADBUY,Advertising Buy/Placement,186.41,Middle Seat,Washington,DC,20009,8/4/2025,186.41,Independent Spender,0
2025,Z196,New Yorkers for Lower Costs,6874,Hell Gate FB Ad v2,8/4/2025,INTAD,Internet - Display/Banner,547,11887,8/4/2025,ADBUY,Advertising Buy/Placement,546.63,Middle Seat,Washington,DC,20009,8/4/2025,546.63,Independent Spender,0
2025,Z196,New Yorkers for Lower Costs,5241,Help Us Support Him Text Message,4/23/2025,TEXT,Text Messages,4353,9085,4/23/2025,TEXT,Text Messages,4352.94,Middle Seat,Washington,DC,20009,4/23/2025,4352.94,Independent Spender,0
2025,Z196,New Yorkers for Lower Costs,6885,Help Zohran Win FB Ad,8/22/2025,INTAD,Internet - Display/Banner,4583,11902,8/22/2025,ADBUY,Advertising Buy/Placement,381.82,Middle Seat,Washington,DC,20009,8/22/2025,381.82,Independent Spender,0
2025,Z196,New Yorkers for Lower Costs,6885,Help Zohran Win FB Ad,8/22/2025,INTAD,Internet - Display/Banner,4583,11962,9/1/2025,ADBUY,Advertising Buy/Placement,446.95,Middle Seat,Washington,DC,20009,9/1/2025,446.95,Independent Spender,0
2025,Z196,New Yorkers for Lower Costs,6885,Help Zohran Win FB Ad,8/22/2025,INTAD,Internet - Display/Banner,4583,11993,9/8/2025,ADBUY,Advertising Buy/Placement,3269.90,Middle Seat,Washington,DC,20009,9/8/2025,3269.90,Independent Spender,0
2025,Z196,New Yorkers for Lower Costs,6885,Help Zohran Win FB Ad,8/22/2025,INTAD,Internet - Display/Banner,4583,12022,9/15/2025,ADBUY,Advertising Buy/Placement,484.72,Middle Seat,Washington,DC,20009,9/15/2025,484.72,Independent Spender,0
2025,Z196,New Yorkers for Lower Costs,6886,Help Zohran Win FB Ad v2,8/22/2025,INTAD,Internet - Display/Banner,3697,11903,8/22/2025,ADBUY,Advertising Buy/Placement,179.47,Middle Seat,Washington,DC,20009,8/22/2025,179.47,Independent Spender,0
2025,Z196,New Yorkers for Lower Costs,6886,Help Zohran Win FB Ad v2,8/22/2025,INTAD,Internet - Display/Banner,3697,11963,9/1/2025,ADBUY,Advertising Buy/Placement,2455.54,Middle Seat,Washington,DC,20009,9/1/2025,2455.54,Independent Spender,0
2025,Z196,New Yorkers for Lower Costs,6886,Help Zohran Win FB Ad v2,8/22/2025,INTAD,Internet - Display/Banner,3697,11994,9/8/2025,ADBUY,Advertising Buy/Placement,1062.15,Middle Seat,Washington,DC,20009,9/12/2025,1062.15,Independent Spender,0
2025,Z196,New Yorkers for Lower Costs,6928,Help Zohran Win FB Ad v3,9/1/2025,INTAD,Internet - Display/Banner,3707,11970,9/1/2025,ADBUY,Advertising Buy/Placement,3707.37,Middle Seat,Washington,DC,20009,9/1/2025,3707.37,Independent Spender,0
2025,Z196,New Yorkers for Lower Costs,6813,Huge Impact FB Ad,7/16/2025,INTAD,Internet - Display/Banner,398,11666,7/16/2025,ADBUY,Advertising Buy/Placement,397.87,Middle Seat,Washington,DC,20009,7/16/2025,397.87,Independent Spender,0
2025,Z196,New Yorkers for Lower Costs,6849,Immigrant Neighbors Text,8/5/2025,TEXT,Text Messages,225,11848,8/5/2025,TEXT,Text Messages,225.30,Middle Seat,Washington,DC,20009,8/5/2025,225.30,Independent Spender,0
2025,Z196,New Yorkers for Lower Costs,7086,Keep Us Ahead FB Ad,10/7/2025,INTAD,Internet - Display/Banner,116,12199,10/7/2025,ADBUY,Advertising Buy/Placement,115.84,Middle Seat,Washington,DC,20009,10/7/2025,115.84,Independent Spender,0
2025,Z196,New Yorkers for Lower Costs,7252,Keep Us Ahead FB Ad v2,10/22/2025,INTAD,Internet - Display/Banner,4277,12483,10/22/2025,ADBUY,Advertising Buy/Placement,169.13,Middle Seat,Washington,DC,20009,10/22/2025,169.13,Independent Spender,0
2025,Z196,New Yorkers for Lower Costs,7252,Keep Us Ahead FB Ad v2,10/22/2025,INTAD,Internet - Display/Banner,4277,12529,10/25/2025,ADBUY,Advertising Buy/Placement,216.96,Middle Seat,Washington,DC,20009,10/25/2025,216.96,Independent Spender,0
2025,Z196,New Yorkers for Lower Costs,7252,Keep Us Ahead FB Ad v2,10/22/2025,INTAD,Internet - Display/Banner,4277,12549,10/26/2025,ADBUY,Advertising Buy/Placement,165.89,Middle Seat,Washington,DC,20009,10/26/2025,165.89,Independent Spender,0
2025,Z196,New Yorkers for Lower Costs,7252,Keep Us Ahead FB Ad v2,10/22/2025,INTAD,Internet - Display/Banner,4277,12608,10/27/2025,ADBUY,Advertising Buy/Placement,227.97,Middle Seat,Washington,DC,20009,10/27/2025,227.97,Independent Spender,0
2025,Z196,New Yorkers for Lower Costs,7252,Keep Us Ahead FB Ad v2,10/22/2025,INTAD,Internet - Display/Banner,4277,12649,10/28/2025,ADBUY,Advertising Buy/Placement,469.10,Middle Seat,Washington,DC,20009,10/28/2025,469.10,Independent Spender,0
2025,Z196,New Yorkers for Lower Costs,7252,Keep Us Ahead FB Ad v2,10/22/2025,INTAD,Internet - Display/Banner,4277,12688,10/29/2025,ADBUY,Advertising Buy/Placement,406.48,Middle Seat,Washington,DC,20009,10/29/2025,406.48,Independent Spender,0
2025,Z196,New Yorkers for Lower Costs,7252,Keep Us Ahead FB Ad v2,10/22/2025,INTAD,Internet - Display/Banner,4277,12735,10/30/2025,ADBUY,Advertising Buy/Placement,714.36,Middle Seat,Washington,DC,20009,10/30/2025,714.36,Independent Spender,0
2025,Z196,New Yorkers for Lower Costs,7252,Keep Us Ahead FB Ad v2,10/22/2025,INTAD,Internet - Display/Banner,4277,12819,10/31/2025,ADBUY,Advertising Buy/Placement,597.97,Middle Seat,Washington,DC,20009,10/31/2025,597.97,Independent Spender,0
2025,Z196,New Yorkers for Lower Costs,7252,Keep Us Ahead FB Ad v2,10/22/2025,INTAD,Internet - Display/Banner,4277,12820,11/1/2025,ADBUY,Advertising Buy/Placement,879.14,Middle Seat,Washington,DC,20009,11/1/2025,879.14,Independent Spender,0
2025,Z196,New Yorkers for Lower Costs,7252,Keep Us Ahead FB Ad v2,10/22/2025,INTAD,Internet - Display/Banner,4277,12878,11/2/2025,ADBUY,Advertising Buy/Placement,429.67,Middle Seat,Washington,DC,20009,11/2/2025,429.67,Independent Spender,0
2025,Z196,New Yorkers for Lower Costs,7072,Keep Us Ahead Text,10/12/2025,TEXT,Text Messages,275,12180,10/12/2025,TEXT,Text Messages,275.22,Middle Seat,Washington,DC,20009,10/12/2025,275.22,Independent Spender,0
2025,Z196,New Yorkers for Lower Costs,5674,Knicks Lost the Series Email,6/2/2025,EMAIL,Emails,350,9891,6/2/2025,EMAIL,Emails,349.50,Middle Seat,Washington,DC,20009,6/5/2025,349.50,Independent Spender,0
2025,Z196,New Yorkers for Lower Costs,7423,Knock Knock Text,11/1/2025,TEXT,Text Messages,338,12828,11/1/2025,TEXT,Text Messages,338.34,Middle Seat,Washington,DC,20009,11/1/2025,338.34,Independent Spender,0
2025,Z196,New Yorkers for Lower Costs,5822,Landlords Email,6/7/2025,EMAIL,Emails,105,10062,6/6/2025,EMAIL,Emails,105.02,Middle Seat,Washington,DC,20009,6/6/2025,105.02,Independent Spender,0
2025,Z196,New Yorkers for Lower Costs,5256,Last Chance Facebook,4/30/2025,INTAD,Internet - Display/Banner,134,9102,5/1/2025,ADBUY,Advertising Buy/Placement,134.41,Middle Seat,Washington,DC,20009,5/1/2025,134.41,Independent Spender,0
2025,Z196,New Yorkers for Lower Costs,7277,Last Chance FB Ad,10/25/2025,INTAD,Internet - Display/Banner,3200,12532,10/25/2025,ADBUY,Advertising Buy/Placement,127.73,Middle Seat,Washington,DC,20009,10/25/2025,127.73,Independent Spender,0
2025,Z196,New Yorkers for Lower Costs,7277,Last Chance FB Ad,10/25/2025,INTAD,Internet - Display/Banner,3200,12611,10/27/2025,ADBUY,Advertising Buy/Placement,251.04,Middle Seat,Washington,DC,20009,10/27/2025,251.04,Independent Spender,0
2025,Z196,New Yorkers for Lower Costs,7277,Last Chance FB Ad,10/25/2025,INTAD,Internet - Display/Banner,3200,12651,10/28/2025,ADBUY,Advertising Buy/Placement,580.08,Middle Seat,Washington,DC,20009,10/28/2025,580.08,Independent Spender,0
2025,Z196,New Yorkers for Lower Costs,7277,Last Chance FB Ad,10/25/2025,INTAD,Internet - Display/Banner,3200,12690,10/29/2025,ADBUY,Advertising Buy/Placement,598.38,Middle Seat,Washington,DC,20009,10/29/2025,598.38,Independent Spender,0
2025,Z196,New Yorkers for Lower Costs,7277,Last Chance FB Ad,10/25/2025,INTAD,Internet - Display/Banner,3200,12737,10/30/2025,ADBUY,Advertising Buy/Placement,670.82,Middle Seat,Washington,DC,20009,10/30/2025,670.82,Independent Spender,0
2025,Z196,New Yorkers for Lower Costs,7277,Last Chance FB Ad,10/25/2025,INTAD,Internet - Display/Banner,3200,12821,10/31/2025,ADBUY,Advertising Buy/Placement,395.90,Middle Seat,Washington,DC,20009,10/31/2025,395.90,Independent Spender,0
2025,Z196,New Yorkers for Lower Costs,7277,Last Chance FB Ad,10/25/2025,INTAD,Internet - Display/Banner,3200,12822,11/1/2025,ADBUY,Advertising Buy/Placement,298.10,Middle Seat,Washington,DC,20009,11/1/2025,298.10,Independent Spender,0
2025,Z196,New Yorkers for Lower Costs,7277,Last Chance FB Ad,10/25/2025,INTAD,Internet - Display/Banner,3200,12879,11/2/2025,ADBUY,Advertising Buy/Placement,277.92,Middle Seat,Washington,DC,20009,11/2/2025,277.92,Independent Spender,0
2025,Z196,New Yorkers for Lower Costs,7278,Last Chance FB Ad v2,10/25/2025,INTAD,Internet - Display/Banner,4851,12533,10/25/2025,ADBUY,Advertising Buy/Placement,196.75,Middle Seat,Washington,DC,20009,10/25/2025,196.75,Independent Spender,0
2025,Z196,New Yorkers for Lower Costs,7278,Last Chance FB Ad v2,10/25/2025,INTAD,Internet - Display/Banner,4851,12550,10/26/2025,ADBUY,Advertising Buy/Placement,153.01,Middle Seat,Washington,DC,20009,10/26/2025,153.01,Independent Spender,0
2025,Z196,New Yorkers for Lower Costs,7278,Last Chance FB Ad v2,10/25/2025,INTAD,Internet - Display/Banner,4851,12612,10/27/2025,ADBUY,Advertising Buy/Placement,516.25,Middle Seat,Washington,DC,20009,10/27/2025,516.25,Independent Spender,0
2025,Z196,New Yorkers for Lower Costs,7278,Last Chance FB Ad v2,10/25/2025,INTAD,Internet - Display/Banner,4851,12652,10/28/2025,ADBUY,Advertising Buy/Placement,1004.27,Middle Seat,Washington,DC,20009,10/28/2025,1004.27,Independent Spender,0
2025,Z196,New Yorkers for Lower Costs,7278,Last Chance FB Ad v2,10/25/2025,INTAD,Internet - Display/Banner,4851,12691,10/29/2025,ADBUY,Advertising Buy/Placement,489.17,Middle Seat,Washington,DC,20009,10/29/2025,489.17,Independent Spender,0
2025,Z196,New Yorkers for Lower Costs,7278,Last Chance FB Ad v2,10/25/2025,INTAD,Internet - Display/Banner,4851,12738,10/30/2025,ADBUY,Advertising Buy/Placement,1314.78,Middle Seat,Washington,DC,20009,10/30/2025,1314.78,Independent Spender,0
2025,Z196,New Yorkers for Lower Costs,7278,Last Chance FB Ad v2,10/25/2025,INTAD,Internet - Display/Banner,4851,12824,10/31/2025,ADBUY,Advertising Buy/Placement,379.60,Middle Seat,Washington,DC,20009,10/31/2025,379.60,Independent Spender,0
2025,Z196,New Yorkers for Lower Costs,7278,Last Chance FB Ad v2,10/25/2025,INTAD,Internet - Display/Banner,4851,12825,11/1/2025,ADBUY,Advertising Buy/Placement,440.51,Middle Seat,Washington,DC,20009,11/1/2025,440.51,Independent Spender,0
2025,Z196,New Yorkers for Lower Costs,7278,Last Chance FB Ad v2,10/25/2025,INTAD,Internet - Display/Banner,4851,12880,11/2/2025,ADBUY,Advertising Buy/Placement,182.67,Middle Seat,Washington,DC,20009,11/2/2025,182.67,Independent Spender,0
2025,Z196,New Yorkers for Lower Costs,7278,Last Chance FB Ad v2,10/25/2025,INTAD,Internet - Display/Banner,4851,12983,11/3/2025,ADBUY,Advertising Buy/Placement,174.13,Middle Seat,Washington,DC,20009,11/3/2025,174.13,Independent Spender,0
2025,Z196,New Yorkers for Lower Costs,7279,Last Chance FB Ad v3,10/25/2025,INTAD,Internet - Display/Banner,7180,12534,10/25/2025,ADBUY,Advertising Buy/Placement,285.26,Middle Seat,Washington,DC,20009,10/25/2025,285.26,Independent Spender,0
2025,Z196,New Yorkers for Lower Costs,7279,Last Chance FB Ad v3,10/25/2025,INTAD,Internet - Display/Banner,7180,12551,10/26/2025,ADBUY,Advertising Buy/Placement,190.70,Middle Seat,Washington,DC,20009,10/26/2025,190.70,Independent Spender,0
2025,Z196,New Yorkers for Lower Costs,7279,Last Chance FB Ad v3,10/25/2025,INTAD,Internet - Display/Banner,7180,12613,10/27/2025,ADBUY,Advertising Buy/Placement,586.54,Middle Seat,Washington,DC,20009,10/27/2025,586.54,Independent Spender,0
2025,Z196,New Yorkers for Lower Costs,7279,Last Chance FB Ad v3,10/25/2025,INTAD,Internet - Display/Banner,7180,12653,10/28/2025,ADBUY,Advertising Buy/Placement,1117.92,Middle Seat,Washington,DC,20009,10/28/2025,1117.92,Independent Spender,0
2025,Z196,New Yorkers for Lower Costs,7279,Last Chance FB Ad v3,10/25/2025,INTAD,Internet - Display/Banner,7180,12692,10/29/2025,ADBUY,Advertising Buy/Placement,1093.79,Middle Seat,Washington,DC,20009,10/29/2025,1093.79,Independent Spender,0
2025,Z196,New Yorkers for Lower Costs,7279,Last Chance FB Ad v3,10/25/2025,INTAD,Internet - Display/Banner,7180,12740,10/30/2025,ADBUY,Advertising Buy/Placement,1204.39,Middle Seat,Washington,DC,20009,10/30/2025,1204.39,Independent Spender,0
2025,Z196,New Yorkers for Lower Costs,7279,Last Chance FB Ad v3,10/25/2025,INTAD,Internet - Display/Banner,7180,12804,10/31/2025,ADBUY,Advertising Buy/Placement,1431.01,Middle Seat,Washington,DC,20009,10/31/2025,1431.01,Independent Spender,0
2025,Z196,New Yorkers for Lower Costs,7279,Last Chance FB Ad v3,10/25/2025,INTAD,Internet - Display/Banner,7180,12826,11/1/2025,ADBUY,Advertising Buy/Placement,788.93,Middle Seat,Washington,DC,20009,11/1/2025,788.93,Independent Spender,0
2025,Z196,New Yorkers for Lower Costs,7279,Last Chance FB Ad v3,10/25/2025,INTAD,Internet - Display/Banner,7180,12881,11/2/2025,ADBUY,Advertising Buy/Placement,270.14,Middle Seat,Washington,DC,20009,11/2/2025,270.14,Independent Spender,0
2025,Z196,New Yorkers for Lower Costs,7279,Last Chance FB Ad v3,10/25/2025,INTAD,Internet - Display/Banner,7180,12984,11/3/2025,ADBUY,Advertising Buy/Placement,210.90,Middle Seat,Washington,DC,20009,11/3/2025,210.90,Independent Spender,0
2025,Z196,New Yorkers for Lower Costs,6035,Last Debate Text,6/12/2025,TEXT,Text Messages,168,10404,6/12/2025,TEXT,Text Messages,168.48,Middle Seat,Washington,DC,20009,6/12/2025,168.48,Independent Spender,0
2025,Z196,New Yorkers for Lower Costs,6677,Last Minute Fund FB Ad,6/20/2025,INTAD,Internet - Display/Banner,6933,11409,6/20/2025,ADBUY,Advertising Buy/Placement,6933.14,Middle Seat,Washington,DC,20009,6/20/2025,6933.14,Independent Spender,0
2025,Z196,New Yorkers for Lower Costs,7164,Last Minute Fund FB Ad,10/14/2025,INTAD,Internet - Display/Banner,25430,12308,10/14/2025,ADBUY,Advertising Buy/Placement,1007.26,Middle Seat,Washington,DC,20009,10/14/2025,1007.26,Independent Spender,0
2025,Z196,New Yorkers for Lower Costs,7164,Last Minute Fund FB Ad,10/14/2025,INTAD,Internet - Display/Banner,25430,12466,10/20/2025,ADBUY,Advertising Buy/Placement,632.43,Middle Seat,Washington,DC,20009,10/20/2025,632.43,Independent Spender,0
2025,Z196,New Yorkers for Lower Costs,7164,Last Minute Fund FB Ad,10/14/2025,INTAD,Internet - Display/Banner,25430,12467,10/21/2025,ADBUY,Advertising Buy/Placement,2119.89,Middle Seat,Washington,DC,20009,10/21/2025,2119.89,Independent Spender,0
2025,Z196,New Yorkers for Lower Costs,7164,Last Minute Fund FB Ad,10/14/2025,INTAD,Internet - Display/Banner,25430,12468,10/22/2025,ADBUY,Advertising Buy/Placement,1936.69,Middle Seat,Washington,DC,20009,10/22/2025,1936.69,Independent Spender,0
2025,Z196,New Yorkers for Lower Costs,7164,Last Minute Fund FB Ad,10/14/2025,INTAD,Internet - Display/Banner,25430,12469,10/23/2025,ADBUY,Advertising Buy/Placement,1936.91,Middle Seat,Washington,DC,20009,10/23/2025,1936.91,Independent Spender,0
2025,Z196,New Yorkers for Lower Costs,7164,Last Minute Fund FB Ad,10/14/2025,INTAD,Internet - Display/Banner,25430,12470,10/24/2025,ADBUY,Advertising Buy/Placement,1552.22,Middle Seat,Washington,DC,20009,10/24/2025,1552.22,Independent Spender,0
2025,Z196,New Yorkers for Lower Costs,7164,Last Minute Fund FB Ad,10/14/2025,INTAD,Internet - Display/Banner,25430,12524,10/25/2025,ADBUY,Advertising Buy/Placement,2034.71,Middle Seat,Washington,DC,20009,10/25/2025,2034.71,Independent Spender,0
2025,Z196,New Yorkers for Lower Costs,7164,Last Minute Fund FB Ad,10/14/2025,INTAD,Internet - Display/Banner,25430,12547,10/26/2025,ADBUY,Advertising Buy/Placement,1055.61,Middle Seat,Washington,DC,20009,10/26/2025,1055.61,Independent Spender,0
2025,Z196,New Yorkers for Lower Costs,7164,Last Minute Fund FB Ad,10/14/2025,INTAD,Internet - Display/Banner,25430,12603,10/27/2025,ADBUY,Advertising Buy/Placement,2704.79,Middle Seat,Washington,DC,20009,10/27/2025,2704.79,Independent Spender,0
2025,Z196,New Yorkers for Lower Costs,7164,Last Minute Fund FB Ad,10/14/2025,INTAD,Internet - Display/Banner,25430,12647,10/28/2025,ADBUY,Advertising Buy/Placement,4214.96,Middle Seat,Washington,DC,20009,10/28/2025,4214.96,Independent Spender,0
2025,Z196,New Yorkers for Lower Costs,7164,Last Minute Fund FB Ad,10/14/2025,INTAD,Internet - Display/Banner,25430,12685,10/29/2025,ADBUY,Advertising Buy/Placement,2248.59,Middle Seat,Washington,DC,20009,10/29/2025,2248.59,Independent Spender,0
2025,Z196,New Yorkers for Lower Costs,7164,Last Minute Fund FB Ad,10/14/2025,INTAD,Internet - Display/Banner,25430,12732,10/30/2025,ADBUY,Advertising Buy/Placement,2197.42,Middle Seat,Washington,DC,20009,10/30/2025,2197.42,Independent Spender,0
2025,Z196,New Yorkers for Lower Costs,7164,Last Minute Fund FB Ad,10/14/2025,INTAD,Internet - Display/Banner,25430,12815,10/31/2025,ADBUY,Advertising Buy/Placement,629.53,Middle Seat,Washington,DC,20009,10/31/2025,629.53,Independent Spender,0
2025,Z196,New Yorkers for Lower Costs,7164,Last Minute Fund FB Ad,10/14/2025,INTAD,Internet - Display/Banner,25430,12816,11/1/2025,ADBUY,Advertising Buy/Placement,662.78,Middle Seat,Washington,DC,20009,11/1/2025,662.78,Independent Spender,0
2025,Z196,New Yorkers for Lower Costs,7164,Last Minute Fund FB Ad,10/14/2025,INTAD,Internet - Display/Banner,25430,12877,11/2/2025,ADBUY,Advertising Buy/Placement,331.47,Middle Seat,Washington,DC,20009,11/2/2025,331.47,Independent Spender,0
2025,Z196,New Yorkers for Lower Costs,7164,Last Minute Fund FB Ad,10/14/2025,INTAD,Internet - Display/Banner,25430,12982,11/3/2025,ADBUY,Advertising Buy/Placement,164.97,Middle Seat,Washington,DC,20009,11/3/2025,164.97,Independent Spender,0
2025,Z196,New Yorkers for Lower Costs,6679,Last Minute Fund FB Ad v2,6/20/2025,INTAD,Internet - Display/Banner,3845,11411,6/20/2025,ADBUY,Advertising Buy/Placement,3845.39,Middle Seat,Washington,DC,20009,6/20/2025,3845.39,Independent Spender,0
2025,Z196,New Yorkers for Lower Costs,7165,Last Minute Fund FB Ad v2,10/14/2025,INTAD,Internet - Display/Banner,17708,12309,10/14/2025,ADBUY,Advertising Buy/Placement,2207.91,Middle Seat,Washington,DC,20009,10/14/2025,2207.91,Independent Spender,0
2025,Z196,New Yorkers for Lower Costs,7165,Last Minute Fund FB Ad v2,10/14/2025,INTAD,Internet - Display/Banner,17708,12471,10/20/2025,ADBUY,Advertising Buy/Placement,1074.51,Middle Seat,Washington,DC,20009,10/20/2025,1074.51,Independent Spender,0
2025,Z196,New Yorkers for Lower Costs,7165,Last Minute Fund FB Ad v2,10/14/2025,INTAD,Internet - Display/Banner,17708,12472,10/21/2025,ADBUY,Advertising Buy/Placement,635.18,Middle Seat,Washington,DC,20009,10/21/2025,635.18,Independent Spender,0
2025,Z196,New Yorkers for Lower Costs,7165,Last Minute Fund FB Ad v2,10/14/2025,INTAD,Internet - Display/Banner,17708,12473,10/22/2025,ADBUY,Advertising Buy/Placement,562.70,Middle Seat,Washington,DC,20009,10/22/2025,562.70,Independent Spender,0
2025,Z196,New Yorkers for Lower Costs,7165,Last Minute Fund FB Ad v2,10/14/2025,INTAD,Internet - Display/Banner,17708,12474,10/23/2025,ADBUY,Advertising Buy/Placement,755.93,Middle Seat,Washington,DC,20009,10/23/2025,755.93,Independent Spender,0
2025,Z196,New Yorkers for Lower Costs,7165,Last Minute Fund FB Ad v2,10/14/2025,INTAD,Internet - Display/Banner,17708,12475,10/24/2025,ADBUY,Advertising Buy/Placement,2611.73,Middle Seat,Washington,DC,20009,10/24/2025,2611.73,Independent Spender,0
2025,Z196,New Yorkers for Lower Costs,7165,Last Minute Fund FB Ad v2,10/14/2025,INTAD,Internet - Display/Banner,17708,12525,10/25/2025,ADBUY,Advertising Buy/Placement,4422.96,Middle Seat,Washington,DC,20009,10/25/2025,4422.96,Independent Spender,0
2025,Z196,New Yorkers for Lower Costs,7165,Last Minute Fund FB Ad v2,10/14/2025,INTAD,Internet - Display/Banner,17708,12548,10/26/2025,ADBUY,Advertising Buy/Placement,2329.53,Middle Seat,Washington,DC,20009,10/26/2025,2329.53,Independent Spender,0
2025,Z196,New Yorkers for Lower Costs,7165,Last Minute Fund FB Ad v2,10/14/2025,INTAD,Internet - Display/Banner,17708,12605,10/27/2025,ADBUY,Advertising Buy/Placement,1405.81,Middle Seat,Washington,DC,20009,10/27/2025,1405.81,Independent Spender,0
2025,Z196,New Yorkers for Lower Costs,7165,Last Minute Fund FB Ad v2,10/14/2025,INTAD,Internet - Display/Banner,17708,12648,10/28/2025,ADBUY,Advertising Buy/Placement,1013.66,Middle Seat,Washington,DC,20009,10/28/2025,1013.66,Independent Spender,0
2025,Z196,New Yorkers for Lower Costs,7165,Last Minute Fund FB Ad v2,10/14/2025,INTAD,Internet - Display/Banner,17708,12686,10/29/2025,ADBUY,Advertising Buy/Placement,472.82,Middle Seat,Washington,DC,20009,10/29/2025,472.82,Independent Spender,0
2025,Z196,New Yorkers for Lower Costs,7165,Last Minute Fund FB Ad v2,10/14/2025,INTAD,Internet - Display/Banner,17708,12733,10/30/2025,ADBUY,Advertising Buy/Placement,215.69,Middle Seat,Washington,DC,20009,10/30/2025,215.69,Independent Spender,0
2025,Z196,New Yorkers for Lower Costs,6681,Last Minute Fund FB Ad v3,6/20/2025,INTAD,Internet - Display/Banner,3722,11413,6/20/2025,ADBUY,Advertising Buy/Placement,345.97,Middle Seat,Washington,DC,20009,6/20/2025,345.97,Independent Spender,0
2025,Z196,New Yorkers for Lower Costs,6681,Last Minute Fund FB Ad v3,6/20/2025,INTAD,Internet - Display/Banner,3722,11414,6/20/2025,ADBUY,Advertising Buy/Placement,3375.80,Middle Seat,Washington,DC,20009,6/20/2025,3375.80,Independent Spender,0
2025,Z196,New Yorkers for Lower Costs,5306,Leading in People Power Facebook,5/16/2025,INTAD,Internet - Display/Banner,288,9163,5/16/2025,ADBUY,Advertising Buy/Placement,288.36,Middle Seat,Washington,DC,20009,5/16/2025,288.36,Independent Spender,0
2025,Z196,New Yorkers for Lower Costs,6803,Less Than $100k FB Ad,7/9/2025,INTAD,Internet - Display/Banner,174,11642,7/9/2025,ADBUY,Advertising Buy/Placement,347.14,Middle Seat,Washington,DC,20009,7/9/2025,347.14,Independent Spender,0
2025,Z196,New Yorkers for Lower Costs,5922,Mailer 1,6/11/2025,MAIL,Mass Mailing,91763,10259,6/11/2025,ADPROD,Advertising Production,91763.12,SpeakEasy Political,San Francisco,CA,94109,6/11/2025,91763.12,Independent Spender,0
2025,Z196,New Yorkers for Lower Costs,6174,Mailer 2,6/16/2025,MAIL,Mass Mailing,174524,10612,6/16/2025,ADPROD,Advertising Production,174524.10,SpeakEasy Political,San Francisco,CA,94109,6/16/2025,174524.10,Independent Spender,0
2025,Z196,New Yorkers for Lower Costs,7266,Mailer Display Ads 1,10/21/2025,INTAD,Internet - Display/Banner,6992,12506,10/21/2025,ADBUY,Advertising Buy/Placement,6991.67,Middle Seat,Washington,DC,20009,10/21/2025,6991.67,Independent Spender,0
2025,Z196,New Yorkers for Lower Costs,7267,Mailer Display Ads 2,10/21/2025,INTAD,Internet - Display/Banner,6992,12507,10/21/2025,ADBUY,Advertising Buy/Placement,6991.67,Middle Seat,Washington,DC,20009,10/21/2025,6991.67,Independent Spender,0
2025,Z196,New Yorkers for Lower Costs,7268,Mailer Display Ads 3,10/21/2025,INTAD,Internet - Display/Banner,6992,12508,10/21/2025,ADBUY,Advertising Buy/Placement,6991.66,Middle Seat,Washington,DC,20009,10/21/2025,6991.66,Independent Spender,0
2025,Z196,New Yorkers for Lower Costs,5690,Make Buses Free Email,6/3/2025,EMAIL,Emails,350,9893,6/3/2025,EMAIL,Emails,349.50,Middle Seat,Washington,DC,20009,6/5/2025,349.50,Independent Spender,0
2025,Z196,New Yorkers for Lower Costs,6431,Make NY Affordable Again Text,6/19/2025,TEXT,Text Messages,193,11028,6/19/2025,TEXT,Text Messages,192.66,Middle Seat,Washington,DC,20009,6/19/2025,192.66,Independent Spender,0
2025,Z196,New Yorkers for Lower Costs,6673,Mamdani Leads Text,6/23/2025,TEXT,Text Messages,214,11415,6/23/2025,TEXT,Text Messages,213.72,Middle Seat,Washington,DC,20009,6/23/2025,213.72,Independent Spender,0
2025,Z196,New Yorkers for Lower Costs,6034,Mamdani Surges Text,6/12/2025,TEXT,Text Messages,5662,10400,6/12/2025,TEXT,Text Messages,162.00,Middle Seat,Washington,DC,20009,6/12/2025,162.00,Independent Spender,0
2025,Z196,New Yorkers for Lower Costs,6034,Mamdani Surges Text,6/12/2025,TEXT,Text Messages,5662,10466,6/13/2025,TEXT,Text Messages,5500.00,Middle Seat,Washington,DC,20009,6/13/2025,5500.00,Independent Spender,0
2025,Z196,New Yorkers for Lower Costs,5523,Max Out Text,6/1/2025,TEXT,Text Messages,100,9635,6/1/2025,TEXT,Text Messages,100.38,Middle Seat,Washington,DC,20009,6/1/2025,100.38,Independent Spender,0
2025,Z196,New Yorkers for Lower Costs,6875,Merch Store is Live FB Ad,8/7/2025,INTAD,Internet - Display/Banner,1768,11888,8/7/2025,ADBUY,Advertising Buy/Placement,604.46,Middle Seat,Washington,DC,20009,8/7/2025,604.46,Independent Spender,0
2025,Z196,New Yorkers for Lower Costs,6875,Merch Store is Live FB Ad,8/7/2025,INTAD,Internet - Display/Banner,1768,11889,8/11/2025,ADBUY,Advertising Buy/Placement,913.68,Middle Seat,Washington,DC,20009,8/11/2025,913.68,Independent Spender,0
2025,Z196,New Yorkers for Lower Costs,6875,Merch Store is Live FB Ad,8/7/2025,INTAD,Internet - Display/Banner,1768,11960,9/1/2025,ADBUY,Advertising Buy/Placement,249.39,Middle Seat,Washington,DC,20009,9/1/2025,249.39,Independent Spender,0
2025,Z196,New Yorkers for Lower Costs,6876,Merch Store is Live FB Ad v2,8/7/2025,INTAD,Internet - Display/Banner,708,11890,8/7/2025,ADBUY,Advertising Buy/Placement,145.58,Middle Seat,Washington,DC,20009,8/7/2025,145.58,Independent Spender,0
2025,Z196,New Yorkers for Lower Costs,6876,Merch Store is Live FB Ad v2,8/7/2025,INTAD,Internet - Display/Banner,708,11891,8/11/2025,ADBUY,Advertising Buy/Placement,319.31,Middle Seat,Washington,DC,20009,8/11/2025,319.31,Independent Spender,0
2025,Z196,New Yorkers for Lower Costs,6876,Merch Store is Live FB Ad v2,8/7/2025,INTAD,Internet - Display/Banner,708,11892,8/18/2025,ADBUY,Advertising Buy/Placement,242.89,Middle Seat,Washington,DC,20009,8/18/2025,242.89,Independent Spender,0
2025,Z196,New Yorkers for Lower Costs,5413,Momentum Text,5/20/2025,TEXT,Text Messages,106,9303,5/20/2025,TEXT,Text Messages,106.26,Middle Seat,Washington,DC,20009,5/20/2025,106.26,Independent Spender,0
2025,Z196,New Yorkers for Lower Costs,6680,Move NYC Forward FB Ad,6/20/2025,INTAD,Internet - Display/Banner,762,11412,6/20/2025,ADBUY,Advertising Buy/Placement,761.72,Middle Seat,Washington,DC,20009,6/20/2025,761.72,Independent Spender,0
2025,Z196,New Yorkers for Lower Costs,6818,Neck and Neck FB Ad,7/18/2025,INTAD,Internet - Display/Banner,2947,11671,7/18/2025,ADBUY,Advertising Buy/Placement,280.79,Middle Seat,Washington,DC,20009,7/18/2025,280.79,Independent Spender,0
2025,Z196,New Yorkers for Lower Costs,6818,Neck and Neck FB Ad,7/18/2025,INTAD,Internet - Display/Banner,2947,11829,7/21/2025,ADBUY,Advertising Buy/Placement,2399.93,Middle Seat,Washington,DC,20009,7/21/2025,2399.93,Independent Spender,0
2025,Z196,New Yorkers for Lower Costs,6818,Neck and Neck FB Ad,7/18/2025,INTAD,Internet - Display/Banner,2947,11839,7/18/2025,ADBUY,Advertising Buy/Placement,266.77,Middle Seat,Washington,DC,20009,7/18/2025,266.77,Independent Spender,0
2025,Z196,New Yorkers for Lower Costs,6834,Neck and Neck FB Ad v2,7/21/2025,INTAD,Internet - Display/Banner,1126,11828,7/21/2025,ADBUY,Advertising Buy/Placement,974.06,Middle Seat,Washington,DC,20009,7/21/2025,974.06,Independent Spender,0
2025,Z196,New Yorkers for Lower Costs,6834,Neck and Neck FB Ad v2,7/21/2025,INTAD,Internet - Display/Banner,1126,11838,7/18/2025,ADBUY,Advertising Buy/Placement,152.00,Middle Seat,Washington,DC,20009,7/18/2025,152.00,Independent Spender,0
2025,Z196,New Yorkers for Lower Costs,6836,Neck and Neck FB Ad v3,7/21/2025,INTAD,Internet - Display/Banner,1073,11831,7/21/2025,ADBUY,Advertising Buy/Placement,609.59,Middle Seat,Washington,DC,20009,7/21/2025,609.59,Independent Spender,0
2025,Z196,New Yorkers for Lower Costs,6836,Neck and Neck FB Ad v3,7/21/2025,INTAD,Internet - Display/Banner,1073,11832,7/21/2025,ADBUY,Advertising Buy/Placement,463.29,Middle Seat,Washington,DC,20009,7/21/2025,463.29,Independent Spender,0
2025,Z196,New Yorkers for Lower Costs,6844,Neck and Neck FB Ad v4,7/28/2025,INTAD,Internet - Display/Banner,10128,11842,7/28/2025,ADBUY,Advertising Buy/Placement,322.80,Middle Seat,Washington,DC,20009,7/28/2025,322.80,Independent Spender,0
2025,Z196,New Yorkers for Lower Costs,6844,Neck and Neck FB Ad v4,7/28/2025,INTAD,Internet - Display/Banner,10128,11876,8/4/2025,ADBUY,Advertising Buy/Placement,1829.66,Middle Seat,Washington,DC,20009,8/4/2025,1829.66,Independent Spender,0
2025,Z196,New Yorkers for Lower Costs,6844,Neck and Neck FB Ad v4,7/28/2025,INTAD,Internet - Display/Banner,10128,11877,8/11/2025,ADBUY,Advertising Buy/Placement,1744.42,Middle Seat,Washington,DC,20009,8/11/2025,1744.42,Independent Spender,0
2025,Z196,New Yorkers for Lower Costs,6844,Neck and Neck FB Ad v4,7/28/2025,INTAD,Internet - Display/Banner,10128,11878,8/18/2025,ADBUY,Advertising Buy/Placement,777.26,Middle Seat,Washington,DC,20009,8/18/2025,777.26,Independent Spender,0
2025,Z196,New Yorkers for Lower Costs,6844,Neck and Neck FB Ad v4,7/28/2025,INTAD,Internet - Display/Banner,10128,11957,9/1/2025,ADBUY,Advertising Buy/Placement,3223.54,Middle Seat,Washington,DC,20009,9/1/2025,3223.54,Independent Spender,0
2025,Z196,New Yorkers for Lower Costs,6844,Neck and Neck FB Ad v4,7/28/2025,INTAD,Internet - Display/Banner,10128,11990,9/8/2025,ADBUY,Advertising Buy/Placement,1924.30,Middle Seat,Washington,DC,20009,9/8/2025,1924.30,Independent Spender,0
2025,Z196,New Yorkers for Lower Costs,6844,Neck and Neck FB Ad v4,7/28/2025,INTAD,Internet - Display/Banner,10128,12020,9/15/2025,ADBUY,Advertising Buy/Placement,306.03,Middle Seat,Washington,DC,20009,9/15/2025,306.03,Independent Spender,0
2025,Z196,New Yorkers for Lower Costs,6880,Neck and Neck FB Ad v5,8/11/2025,INTAD,Internet - Display/Banner,1195,11896,8/11/2025,ADBUY,Advertising Buy/Placement,267.14,Middle Seat,Washington,DC,20009,8/11/2025,267.14,Independent Spender,0
2025,Z196,New Yorkers for Lower Costs,6880,Neck and Neck FB Ad v5,8/11/2025,INTAD,Internet - Display/Banner,1195,11897,8/18/2025,ADBUY,Advertising Buy/Placement,121.59,Middle Seat,Washington,DC,20009,8/18/2025,121.59,Independent Spender,0
2025,Z196,New Yorkers for Lower Costs,6880,Neck and Neck FB Ad v5,8/11/2025,INTAD,Internet - Display/Banner,1195,11955,9/1/2025,ADBUY,Advertising Buy/Placement,806.44,Middle Seat,Washington,DC,20009,9/1/2025,806.44,Independent Spender,0
2025,Z196,New Yorkers for Lower Costs,6984,Negative Ads Text,9/23/2025,TEXT,Text Messages,5262,12058,9/23/2025,TEXT,Text Messages,262.02,Middle Seat,Washington,DC,20009,9/23/2025,262.02,Independent Spender,0
2025,Z196,New Yorkers for Lower Costs,6984,Negative Ads Text,9/23/2025,TEXT,Text Messages,5262,12320,10/18/2025,TEXT,Text Messages,5000.00,Middle Seat,Washington,DC,20009,10/18/2025,5000.00,Independent Spender,0
2025,Z196,New Yorkers for Lower Costs,6466,New Day Video,6/20/2025,TVADS,Video (TV/Cable),175000,11069,6/20/2025,ADBUY,Advertising Buy/Placement,175000.00,Middle Seat,Washington,DC,20009,6/20/2025,175000.00,Independent Spender,0
2025,Z196,New Yorkers for Lower Costs,6847,New Merch Text,7/30/2025,TEXT,Text Messages,227,11846,7/30/2025,TEXT,Text Messages,226.62,Middle Seat,Washington,DC,20009,7/30/2025,226.62,Independent Spender,0
2025,Z196,New Yorkers for Lower Costs,6960,New Merch Text v2,9/19/2025,TEXT,Text Messages,262,12025,9/19/2025,TEXT,Text Messages,261.72,Middle Seat,Washington,DC,20009,9/19/2025,261.72,Independent Spender,0
2025,Z196,New Yorkers for Lower Costs,6817,New Poll Alert FB Ad,7/18/2025,INTAD,Internet - Display/Banner,845,11670,7/18/2025,ADBUY,Advertising Buy/Placement,132.12,Middle Seat,Washington,DC,20009,7/18/2025,132.12,Independent Spender,0
2025,Z196,New Yorkers for Lower Costs,6817,New Poll Alert FB Ad,7/18/2025,INTAD,Internet - Display/Banner,845,11825,7/21/2025,ADBUY,Advertising Buy/Placement,712.44,Middle Seat,Washington,DC,20009,7/21/2025,712.44,Independent Spender,0
2025,Z196,New Yorkers for Lower Costs,6833,New Poll Alert FB Ad v2,7/21/2025,INTAD,Internet - Display/Banner,2300,11827,7/21/2025,ADBUY,Advertising Buy/Placement,1908.79,Middle Seat,Washington,DC,20009,7/21/2025,1908.79,Independent Spender,0
2025,Z196,New Yorkers for Lower Costs,6833,New Poll Alert FB Ad v2,7/21/2025,INTAD,Internet - Display/Banner,2300,11837,7/18/2025,ADBUY,Advertising Buy/Placement,390.85,Middle Seat,Washington,DC,20009,7/18/2025,390.85,Independent Spender,0
2025,Z196,New Yorkers for Lower Costs,6835,New Poll Alert FB Ad v3,7/21/2025,INTAD,Internet - Display/Banner,1190,11830,7/21/2025,ADBUY,Advertising Buy/Placement,1189.81,Middle Seat,Washington,DC,20009,7/21/2025,1189.81,Independent Spender,0
2025,Z196,New Yorkers for Lower Costs,5312,New Poll Text,5/15/2025,TEXT,Text Messages,3106,9173,5/15/2025,TEXT,Text Messages,106.20,Middle Seat,Washington,DC,20009,5/15/2025,106.20,Independent Spender,0
2025,Z196,New Yorkers for Lower Costs,5312,New Poll Text,5/15/2025,TEXT,Text Messages,3106,9304,5/20/2025,TEXT,Text Messages,3000.00,Middle Seat,Washington,DC,20009,5/20/2025,3000.00,Independent Spender,0
2025,Z196,New Yorkers for Lower Costs,7168,Nightmare FB Ad,10/17/2025,INTAD,Internet - Display/Banner,173,12315,10/17/2025,ADBUY,Advertising Buy/Placement,173.04,Middle Seat,Washington,DC,20009,10/17/2025,173.04,Independent Spender,0
2025,Z196,New Yorkers for Lower Costs,7255,No Restocks FB Ad,10/23/2025,INTAD,Internet - Display/Banner,588,12486,10/23/2025,ADBUY,Advertising Buy/Placement,103.01,Middle Seat,Washington,DC,20009,10/23/2025,103.01,Independent Spender,0
2025,Z196,New Yorkers for Lower Costs,7255,No Restocks FB Ad,10/23/2025,INTAD,Internet - Display/Banner,588,12487,10/24/2025,ADBUY,Advertising Buy/Placement,104.61,Middle Seat,Washington,DC,20009,10/24/2025,104.61,Independent Spender,0
2025,Z196,New Yorkers for Lower Costs,7255,No Restocks FB Ad,10/23/2025,INTAD,Internet - Display/Banner,588,12530,10/25/2025,ADBUY,Advertising Buy/Placement,128.40,Middle Seat,Washington,DC,20009,10/25/2025,128.40,Independent Spender,0
2025,Z196,New Yorkers for Lower Costs,7255,No Restocks FB Ad,10/23/2025,INTAD,Internet - Display/Banner,588,12610,10/27/2025,ADBUY,Advertising Buy/Placement,107.69,Middle Seat,Washington,DC,20009,10/27/2025,107.69,Independent Spender,0
2025,Z196,New Yorkers for Lower Costs,7255,No Restocks FB Ad,10/23/2025,INTAD,Internet - Display/Banner,588,12650,10/28/2025,ADBUY,Advertising Buy/Placement,144.58,Middle Seat,Washington,DC,20009,10/28/2025,144.58,Independent Spender,0
2025,Z196,New Yorkers for Lower Costs,6676,No-Mo Cuomo FB Ad,6/20/2025,INTAD,Internet - Display/Banner,4451,11408,6/20/2025,ADBUY,Advertising Buy/Placement,4450.93,Middle Seat,Washington,DC,20009,6/20/2025,4450.93,Independent Spender,0
2025,Z196,New Yorkers for Lower Costs,6890,Not Over Text,8/20/2025,INTAD,Internet - Display/Banner,9000,11907,8/20/2025,TEXT,Text Messages,9000.00,Middle Seat,Washington,DC,20009,8/20/2025,9000.00,Independent Spender,0
2025,Z196,New Yorkers for Lower Costs,6964,Not Too Late FB Ad,9/19/2025,INTAD,Internet - Display/Banner,380,12029,9/19/2025,ADBUY,Advertising Buy/Placement,149.75,Middle Seat,Washington,DC,20009,9/19/2025,149.75,Independent Spender,0
2025,Z196,New Yorkers for Lower Costs,6964,Not Too Late FB Ad,9/19/2025,INTAD,Internet - Display/Banner,380,12051,9/22/2025,ADBUY,Advertising Buy/Placement,123.18,Middle Seat,Washington,DC,20009,9/22/2025,123.18,Independent Spender,0
2025,Z196,New Yorkers for Lower Costs,6964,Not Too Late FB Ad,9/19/2025,INTAD,Internet - Display/Banner,380,12091,9/29/2025,ADBUY,Advertising Buy/Placement,107.18,Middle Seat,Washington,DC,20009,9/29/2025,107.18,Independent Spender,0
2025,Z196,New Yorkers for Lower Costs,6965,Not Too Late FB Ad v2,9/19/2025,INTAD,Internet - Display/Banner,3375,12030,9/19/2025,ADBUY,Advertising Buy/Placement,225.53,Middle Seat,Washington,DC,20009,9/19/2025,225.53,Independent Spender,0
2025,Z196,New Yorkers for Lower Costs,6965,Not Too Late FB Ad v2,9/19/2025,INTAD,Internet - Display/Banner,3375,12052,9/22/2025,ADBUY,Advertising Buy/Placement,228.81,Middle Seat,Washington,DC,20009,9/22/2025,228.81,Independent Spender,0
2025,Z196,New Yorkers for Lower Costs,6965,Not Too Late FB Ad v2,9/19/2025,INTAD,Internet - Display/Banner,3375,12093,9/29/2025,ADBUY,Advertising Buy/Placement,1601.02,Middle Seat,Washington,DC,20009,9/29/2025,1601.02,Independent Spender,0
2025,Z196,New Yorkers for Lower Costs,6965,Not Too Late FB Ad v2,9/19/2025,INTAD,Internet - Display/Banner,3375,12171,10/6/2025,ADBUY,Advertising Buy/Placement,1319.93,Middle Seat,Washington,DC,20009,10/6/2025,1319.93,Independent Spender,0
2025,Z196,New Yorkers for Lower Costs,6988,Not Too Late FB Ad v3,9/22/2025,INTAD,Internet - Display/Banner,107,12062,9/22/2025,ADBUY,Advertising Buy/Placement,107.26,Middle Seat,Washington,DC,20009,9/22/2025,107.26,Independent Spender,0
2025,Z196,New Yorkers for Lower Costs,7014,Notes App FB Ad,10/1/2025,INTAD,Internet - Display/Banner,152,12100,10/1/2025,ADBUY,Advertising Buy/Placement,151.74,Middle Seat,Washington,DC,20009,10/1/2025,151.74,Independent Spender,0
2025,Z196,New Yorkers for Lower Costs,6877,NY Mag FB Ad,8/7/2025,INTAD,Internet - Display/Banner,112,11893,8/7/2025,ADBUY,Advertising Buy/Placement,111.79,Middle Seat,Washington,DC,20009,8/7/2025,111.79,Independent Spender,0
2025,Z196,New Yorkers for Lower Costs,6878,NY Mag FB Ad v2,8/7/2025,INTAD,Internet - Display/Banner,130,11894,8/7/2025,ADBUY,Advertising Buy/Placement,129.64,Middle Seat,Washington,DC,20009,8/7/2025,129.64,Independent Spender,0
2025,Z196,New Yorkers for Lower Costs,6830,NYC Mayoral Poll,7/24/2025,TEXT,Text Messages,229,11804,7/24/2025,TEXT,Text Messages,228.84,Middle Seat,Washington,DC,20009,7/24/2025,228.84,Independent Spender,0
2025,Z196,New Yorkers for Lower Costs,6843,NYC Mayoral Poll FB Ad,7/28/2025,INTAD,Internet - Display/Banner,2422,11841,7/28/2025,ADBUY,Advertising Buy/Placement,703.09,Middle Seat,Washington,DC,20009,7/28/2025,703.09,Independent Spender,0
2025,Z196,New Yorkers for Lower Costs,6843,NYC Mayoral Poll FB Ad,7/28/2025,INTAD,Internet - Display/Banner,2422,11873,8/4/2025,ADBUY,Advertising Buy/Placement,331.17,Middle Seat,Washington,DC,20009,8/4/2025,331.17,Independent Spender,0
2025,Z196,New Yorkers for Lower Costs,6843,NYC Mayoral Poll FB Ad,7/28/2025,INTAD,Internet - Display/Banner,2422,11874,8/11/2025,ADBUY,Advertising Buy/Placement,332.56,Middle Seat,Washington,DC,20009,8/11/2025,332.56,Independent Spender,0
2025,Z196,New Yorkers for Lower Costs,6843,NYC Mayoral Poll FB Ad,7/28/2025,INTAD,Internet - Display/Banner,2422,11875,8/18/2025,ADBUY,Advertising Buy/Placement,117.96,Middle Seat,Washington,DC,20009,8/18/2025,117.96,Independent Spender,0
2025,Z196,New Yorkers for Lower Costs,6843,NYC Mayoral Poll FB Ad,7/28/2025,INTAD,Internet - Display/Banner,2422,11956,9/1/2025,ADBUY,Advertising Buy/Placement,779.75,Middle Seat,Washington,DC,20009,9/1/2025,779.75,Independent Spender,0
2025,Z196,New Yorkers for Lower Costs,6843,NYC Mayoral Poll FB Ad,7/28/2025,INTAD,Internet - Display/Banner,2422,11989,9/8/2025,TEXT,Text Messages,157.86,Middle Seat,Washington,DC,20009,9/8/2025,157.86,Independent Spender,0
2025,Z196,New Yorkers for Lower Costs,6845,NYC Mayoral Poll FB Ad v2,7/28/2025,INTAD,Internet - Display/Banner,3792,11843,7/28/2025,ADBUY,Advertising Buy/Placement,433.59,Middle Seat,Washington,DC,20009,7/28/2025,433.59,Independent Spender,0
2025,Z196,New Yorkers for Lower Costs,6845,NYC Mayoral Poll FB Ad v2,7/28/2025,INTAD,Internet - Display/Banner,3792,11879,8/4/2025,ADBUY,Advertising Buy/Placement,768.76,Middle Seat,Washington,DC,20009,8/4/2025,768.76,Independent Spender,0
2025,Z196,New Yorkers for Lower Costs,6845,NYC Mayoral Poll FB Ad v2,7/28/2025,INTAD,Internet - Display/Banner,3792,11880,8/11/2025,ADBUY,Advertising Buy/Placement,753.89,Middle Seat,Washington,DC,20009,8/11/2025,753.89,Independent Spender,0
2025,Z196,New Yorkers for Lower Costs,6845,NYC Mayoral Poll FB Ad v2,7/28/2025,INTAD,Internet - Display/Banner,3792,11881,8/18/2025,ADBUY,Advertising Buy/Placement,424.96,Middle Seat,Washington,DC,20009,8/18/2025,424.96,Independent Spender,0
2025,Z196,New Yorkers for Lower Costs,6845,NYC Mayoral Poll FB Ad v2,7/28/2025,INTAD,Internet - Display/Banner,3792,11958,9/1/2025,ADBUY,Advertising Buy/Placement,1271.03,Middle Seat,Washington,DC,20009,9/1/2025,1271.03,Independent Spender,0
2025,Z196,New Yorkers for Lower Costs,6845,NYC Mayoral Poll FB Ad v2,7/28/2025,INTAD,Internet - Display/Banner,3792,11991,9/8/2025,ADBUY,Advertising Buy/Placement,139.76,Middle Seat,Washington,DC,20009,9/8/2025,139.76,Independent Spender,0
2025,Z196,New Yorkers for Lower Costs,7087,NYC Mayoral Update FB Ad,10/7/2025,INTAD,Internet - Display/Banner,741,12200,10/8/2025,ADBUY,Advertising Buy/Placement,366.07,Middle Seat,Washington,DC,20009,10/8/2025,366.07,Independent Spender,0
2025,Z196,New Yorkers for Lower Costs,7087,NYC Mayoral Update FB Ad,10/7/2025,INTAD,Internet - Display/Banner,741,12293,10/14/2025,ADBUY,Advertising Buy/Placement,375.20,Middle Seat,Washington,DC,20009,10/14/2025,375.20,Independent Spender,0
2025,Z196,New Yorkers for Lower Costs,6432,NYT Text,6/19/2025,TEXT,Text Messages,193,11029,6/19/2025,TEXT,Text Messages,192.84,Middle Seat,Washington,DC,20009,6/19/2025,192.84,Independent Spender,0
2025,Z196,New Yorkers for Lower Costs,7376,One Year Ago Text,10/30/2025,TEXT,Text Messages,338,12727,10/30/2025,TEXT,Text Messages,337.68,Middle Seat,Washington,DC,20009,10/30/2025,337.36,Independent Spender,0
2025,Z196,New Yorkers for Lower Costs,5514,Only Zohran FB Ad,5/27/2025,INTAD,Internet - Display/Banner,210,9623,5/27/2025,TEXT,Text Messages,209.73,Middle Seat,Washington,DC,20009,5/27/2025,209.73,Independent Spender,0
2025,Z196,New Yorkers for Lower Costs,5516,Only Zohran FB Ad v2,5/27/2025,INTAD,Internet - Display/Banner,492,9625,5/27/2025,ADBUY,Advertising Buy/Placement,491.60,Middle Seat,Washington,DC,20009,5/27/2025,491.60,Independent Spender,0
2025,Z196,New Yorkers for Lower Costs,6873,Opening Bid FB Ad,8/4/2025,INTAD,Internet - Display/Banner,122,11886,8/4/2025,ADBUY,Advertising Buy/Placement,122.00,Middle Seat,Washington,DC,20009,8/4/2025,122.00,Independent Spender,0
2025,Z196,New Yorkers for Lower Costs,6671,Peaking (1 Day) Text,6/23/2025,TEXT,Text Messages,1412,11402,6/23/2025,TEXT,Text Messages,1411.76,Middle Seat,Washington,DC,20009,6/23/2025,1411.76,Independent Spender,0
2025,Z196,New Yorkers for Lower Costs,6670,Peaking Text,6/23/2025,TEXT,Text Messages,8294,11401,6/23/2025,TEXT,Text Messages,8294.12,Middle Seat,Washington,DC,20009,6/23/2025,8294.12,Independent Spender,0
2025,Z196,New Yorkers for Lower Costs,6694,Persuasion Texts,6/24/2025,TEXT,Text Messages,15960,11430,6/24/2025,TEXT,Text Messages,15960.00,SpeakEasy Political,San Francisco,CA,94109,6/25/2025,15960.00,Independent Spender,0
2025,Z196,New Yorkers for Lower Costs,6468,Photo Finish Text,6/20/2025,TEXT,Text Messages,2696,11073,6/20/2025,TEXT,Text Messages,195.66,Middle Seat,Washington,DC,20009,6/20/2025,195.66,Independent Spender,0
2025,Z196,New Yorkers for Lower Costs,6468,Photo Finish Text,6/20/2025,TEXT,Text Messages,2696,11236,6/21/2025,TEXT,Text Messages,2500.00,Middle Seat,Washington,DC,20009,6/21/2025,2500.00,Independent Spender,0
2025,Z196,New Yorkers for Lower Costs,6961,Polling USA FB Ad,9/15/2025,INTAD,Internet - Display/Banner,112,12026,9/15/2025,ADBUY,Advertising Buy/Placement,111.85,Middle Seat,Washington,DC,20009,9/15/2025,111.85,Independent Spender,0
2025,Z196,New Yorkers for Lower Costs,6962,Polling USA FB Ad v2,9/15/2025,INTAD,Internet - Display/Banner,186,12027,9/15/2025,ADBUY,Advertising Buy/Placement,186.28,Middle Seat,Washington,DC,20009,9/15/2025,186.28,Independent Spender,0
2025,Z196,New Yorkers for Lower Costs,6944,Polls are Close FB Ad,9/8/2025,INTAD,Internet - Display/Banner,858,11997,9/8/2025,ADBUY,Advertising Buy/Placement,858.40,Middle Seat,Washington,DC,20009,9/12/2025,858.40,Independent Spender,0
2025,Z196,New Yorkers for Lower Costs,6884,Potato Chips FB Ad,8/22/2025,INTAD,Internet - Display/Banner,162,11901,8/22/2025,ADBUY,Advertising Buy/Placement,161.94,Middle Seat,Washington,DC,20009,8/22/2025,161.94,Independent Spender,0
2025,Z196,New Yorkers for Lower Costs,7167,Protect the Family FB Ad,10/14/2025,INTAD,Internet - Display/Banner,279,12311,10/14/2025,ADBUY,Advertising Buy/Placement,279.22,Middle Seat,Washington,DC,20009,10/14/2025,279.22,Independent Spender,0
2025,Z196,New Yorkers for Lower Costs,7497,Racism Text,11/3/2025,TEXT,Text Messages,337,12978,11/3/2025,TEXT,Text Messages,336.54,Middle Seat,Washington,DC,20009,11/3/2025,336.54,Independent Spender,0
2025,Z196,New Yorkers for Lower Costs,7430,Radical Text,11/2/2025,TEXT,Text Messages,338,12839,11/2/2025,TEXT,Text Messages,338.04,Middle Seat,Washington,DC,20009,11/2/2025,338.04,Independent Spender,0
2025,Z196,New Yorkers for Lower Costs,5255,Rashida Tlaib,4/30/2025,TEXT,Text Messages,8724,9095,4/30/2025,TEXT,Text Messages,6003.70,Middle Seat,Washington,DC,20009,4/30/2025,6003.70,Independent Spender,0
2025,Z196,New Yorkers for Lower Costs,5255,Rashida Tlaib,4/30/2025,TEXT,Text Messages,8724,9115,5/12/2025,TEXT,Text Messages,2500.00,Middle Seat,Washington,DC,20009,5/12/2025,2500.00,Independent Spender,0
2025,Z196,New Yorkers for Lower Costs,5255,Rashida Tlaib,4/30/2025,TEXT,Text Messages,8724,9123,5/9/2025,TEXT,Text Messages,115.20,Middle Seat,Washington,DC,20009,5/9/2025,115.20,Independent Spender,0
2025,Z196,New Yorkers for Lower Costs,5255,Rashida Tlaib,4/30/2025,TEXT,Text Messages,8724,9302,5/23/2025,TEXT,Text Messages,105.36,Middle Seat,Washington,DC,20009,5/23/2025,105.36,Independent Spender,0
2025,Z196,New Yorkers for Lower Costs,6131,Republican Money for Cuomo Text,6/15/2025,TEXT,Text Messages,182,10566,6/15/2025,TEXT,Text Messages,182.04,Middle Seat,Washington,DC,20009,6/15/2025,182.04,Independent Spender,0
2025,Z196,New Yorkers for Lower Costs,7093,Republicans for Cuomo FB Ad,10/10/2025,INTAD,Internet - Display/Banner,172,12206,10/10/2025,ADBUY,Advertising Buy/Placement,172.16,Middle Seat,Washington,DC,20009,10/10/2025,172.16,Independent Spender,0
2025,Z196,New Yorkers for Lower Costs,6797,Shocked the World FB Ad,7/9/2025,INTAD,Internet - Display/Banner,274,11636,7/9/2025,ADBUY,Advertising Buy/Placement,104.39,Middle Seat,Washington,DC,20009,7/9/2025,104.39,Independent Spender,0
2025,Z196,New Yorkers for Lower Costs,6797,Shocked the World FB Ad,7/9/2025,INTAD,Internet - Display/Banner,274,11823,7/21/2025,ADBUY,Advertising Buy/Placement,169.62,Middle Seat,Washington,DC,20009,7/21/2025,169.62,Independent Spender,0
2025,Z196,New Yorkers for Lower Costs,7256,Snake and a Liar FB Ad,10/24/2025,INTAD,Internet - Display/Banner,102,12488,10/24/2025,ADBUY,Advertising Buy/Placement,102.44,Middle Seat,Washington,DC,20009,10/24/2025,102.44,Independent Spender,0
2025,Z196,New Yorkers for Lower Costs,7015,Spread Zohran's Message FB Ad,10/1/2025,INTAD,Internet - Display/Banner,126,12101,10/1/2025,ADBUY,Advertising Buy/Placement,126.12,Middle Seat,Washington,DC,20009,10/1/2025,126.12,Independent Spender,0
2025,Z196,New Yorkers for Lower Costs,7016,Spread Zohran's Message FB Ad v2,10/1/2025,INTAD,Internet - Display/Banner,107,12102,10/1/2025,ADBUY,Advertising Buy/Placement,106.78,Middle Seat,Washington,DC,20009,10/1/2025,106.78,Independent Spender,0
2025,Z196,New Yorkers for Lower Costs,7071,Stand Up to Trump Text,10/10/2025,TEXT,Text Messages,273,12179,10/10/2025,TEXT,Text Messages,273.46,Middle Seat,Washington,DC,20009,10/10/2025,273.46,Independent Spender,0
2025,Z196,New Yorkers for Lower Costs,5710,Starting to Talk Text,6/7/2025,TEXT,Text Messages,143,9913,6/7/2025,TEXT,Text Messages,143.16,Middle Seat,Washington,DC,20009,6/7/2025,143.16,Independent Spender,0
2025,Z196,New Yorkers for Lower Costs,7099,Stepped Off Stage Text,10/15/2025,TEXT,Text Messages,284,12213,10/15/2025,TEXT,Text Messages,284.22,Middle Seat,Washington,DC,20009,10/15/2025,284.22,Independent Spender,0
2025,Z196,New Yorkers for Lower Costs,7254,Stepped Off Stage Text v2,10/22/2025,TEXT,Text Messages,306,12485,10/22/2025,TEXT,Text Messages,306.48,Middle Seat,Washington,DC,20009,10/22/2025,306.48,Independent Spender,0
2025,Z196,New Yorkers for Lower Costs,6812,Still Running FB Ad v1,7/16/2025,INTAD,Internet - Display/Banner,789,11665,7/16/2025,ADBUY,Advertising Buy/Placement,788.86,Middle Seat,Washington,DC,20009,7/16/2025,788.86,Independent Spender,0
2025,Z196,New Yorkers for Lower Costs,7089,Stop Cuomo FB Ad,10/8/2025,INTAD,Internet - Display/Banner,103,12201,10/8/2025,ADBUY,Advertising Buy/Placement,102.76,Middle Seat,Washington,DC,20009,10/8/2025,102.76,Independent Spender,0
2025,Z196,New Yorkers for Lower Costs,5238,"Stop Cuomo, Elect Zohran Text Message",4/23/2025,TEXT,Text Messages,2457,9083,4/23/2025,TEXT,Text Messages,2352.94,Middle Seat,Washington,DC,20009,4/23/2025,2352.94,Independent Spender,0
2025,Z196,New Yorkers for Lower Costs,5238,"Stop Cuomo, Elect Zohran Text Message",4/23/2025,TEXT,Text Messages,2457,9621,5/27/2025,TEXT,Text Messages,104.01,Middle Seat,Washington,DC,20009,5/27/2025,104.01,Independent Spender,0
2025,Z196,New Yorkers for Lower Costs,7090,Stop Scrolling FB Ad,10/8/2025,INTAD,Internet - Display/Banner,843,12203,10/8/2025,ADBUY,Advertising Buy/Placement,122.15,Middle Seat,Washington,DC,20009,10/8/2025,122.15,Independent Spender,0
2025,Z196,New Yorkers for Lower Costs,7090,Stop Scrolling FB Ad,10/8/2025,INTAD,Internet - Display/Banner,843,12294,10/14/2025,ADBUY,Advertising Buy/Placement,579.57,Middle Seat,Washington,DC,20009,10/14/2025,579.57,Independent Spender,0
2025,Z196,New Yorkers for Lower Costs,7090,Stop Scrolling FB Ad,10/8/2025,INTAD,Internet - Display/Banner,843,12464,10/20/2025,ADBUY,Advertising Buy/Placement,141.28,Middle Seat,Washington,DC,20009,10/20/2025,141.28,Independent Spender,0
2025,Z196,New Yorkers for Lower Costs,7276,Subway Tile FB Ad,10/25/2025,INTAD,Internet - Display/Banner,105,12531,10/25/2025,ADBUY,Advertising Buy/Placement,105.22,Middle Seat,Washington,DC,20009,10/25/2025,105.22,Independent Spender,0
2025,Z196,New Yorkers for Lower Costs,6966,Support Zohran Search Ad,9/18/2025,INTAD,Internet - Display/Banner,31864,12031,9/18/2025,ADBUY,Advertising Buy/Placement,273.58,Middle Seat,Washington,DC,20009,9/18/2025,273.58,Independent Spender,0
2025,Z196,New Yorkers for Lower Costs,6966,Support Zohran Search Ad,9/18/2025,INTAD,Internet - Display/Banner,31864,12053,9/22/2025,ADBUY,Advertising Buy/Placement,793.42,Middle Seat,Washington,DC,20009,9/22/2025,793.42,Independent Spender,0
2025,Z196,New Yorkers for Lower Costs,6966,Support Zohran Search Ad,9/18/2025,INTAD,Internet - Display/Banner,31864,12094,9/29/2025,ADBUY,Advertising Buy/Placement,3558.00,Middle Seat,Washington,DC,20009,9/29/2025,3558.00,Independent Spender,0
2025,Z196,New Yorkers for Lower Costs,6966,Support Zohran Search Ad,9/18/2025,INTAD,Internet - Display/Banner,31864,12172,10/6/2025,ADBUY,Advertising Buy/Placement,2480.00,Middle Seat,Washington,DC,20009,10/6/2025,2480.00,Independent Spender,0
2025,Z196,New Yorkers for Lower Costs,6966,Support Zohran Search Ad,9/18/2025,INTAD,Internet - Display/Banner,31864,12286,10/14/2025,ADBUY,Advertising Buy/Placement,3902.00,Middle Seat,Washington,DC,20009,10/14/2025,3902.00,Independent Spender,0
2025,Z196,New Yorkers for Lower Costs,6966,Support Zohran Search Ad,9/18/2025,INTAD,Internet - Display/Banner,31864,12430,10/20/2025,ADBUY,Advertising Buy/Placement,426.00,Middle Seat,Washington,DC,20009,10/20/2025,426.00,Independent Spender,0
2025,Z196,New Yorkers for Lower Costs,6966,Support Zohran Search Ad,9/18/2025,INTAD,Internet - Display/Banner,31864,12431,10/21/2025,ADBUY,Advertising Buy/Placement,927.00,Middle Seat,Washington,DC,20009,10/21/2025,927.00,Independent Spender,0
2025,Z196,New Yorkers for Lower Costs,6966,Support Zohran Search Ad,9/18/2025,INTAD,Internet - Display/Banner,31864,12432,10/22/2025,ADBUY,Advertising Buy/Placement,968.00,Middle Seat,Washington,DC,20009,10/22/2025,968.00,Independent Spender,0
2025,Z196,New Yorkers for Lower Costs,6966,Support Zohran Search Ad,9/18/2025,INTAD,Internet - Display/Banner,31864,12433,10/23/2025,ADBUY,Advertising Buy/Placement,1220.00,Middle Seat,Washington,DC,20009,10/23/2025,1220.00,Independent Spender,0
2025,Z196,New Yorkers for Lower Costs,6966,Support Zohran Search Ad,9/18/2025,INTAD,Internet - Display/Banner,31864,12434,10/24/2025,ADBUY,Advertising Buy/Placement,1651.00,Middle Seat,Washington,DC,20009,10/24/2025,1651.00,Independent Spender,0
2025,Z196,New Yorkers for Lower Costs,6966,Support Zohran Search Ad,9/18/2025,INTAD,Internet - Display/Banner,31864,12522,10/25/2025,ADBUY,Advertising Buy/Placement,2774.00,Middle Seat,Washington,DC,20009,10/25/2025,2774.00,Independent Spender,0
2025,Z196,New Yorkers for Lower Costs,6966,Support Zohran Search Ad,9/18/2025,INTAD,Internet - Display/Banner,31864,12543,10/26/2025,ADBUY,Advertising Buy/Placement,1029.00,Middle Seat,Washington,DC,20009,10/26/2025,1029.00,Independent Spender,0
2025,Z196,New Yorkers for Lower Costs,6966,Support Zohran Search Ad,9/18/2025,INTAD,Internet - Display/Banner,31864,12598,10/27/2025,ADBUY,Advertising Buy/Placement,2161.00,Middle Seat,Washington,DC,20009,10/27/2025,2161.00,Independent Spender,0
2025,Z196,New Yorkers for Lower Costs,6966,Support Zohran Search Ad,9/18/2025,INTAD,Internet - Display/Banner,31864,12643,10/28/2025,ADBUY,Advertising Buy/Placement,2894.00,Middle Seat,Washington,DC,20009,10/28/2025,2894.00,Independent Spender,0
2025,Z196,New Yorkers for Lower Costs,6966,Support Zohran Search Ad,9/18/2025,INTAD,Internet - Display/Banner,31864,12682,10/29/2025,ADBUY,Advertising Buy/Placement,1780.00,Middle Seat,Washington,DC,20009,10/29/2025,1780.00,Independent Spender,0
2025,Z196,New Yorkers for Lower Costs,6966,Support Zohran Search Ad,9/18/2025,INTAD,Internet - Display/Banner,31864,12729,10/30/2025,ADBUY,Advertising Buy/Placement,1425.00,Middle Seat,Washington,DC,20009,10/30/2025,1425.00,Independent Spender,0
2025,Z196,New Yorkers for Lower Costs,6966,Support Zohran Search Ad,9/18/2025,INTAD,Internet - Display/Banner,31864,12803,10/31/2025,ADBUY,Advertising Buy/Placement,775.00,Middle Seat,Washington,DC,20009,10/31/2025,775.00,Independent Spender,0
2025,Z196,New Yorkers for Lower Costs,6966,Support Zohran Search Ad,9/18/2025,INTAD,Internet - Display/Banner,31864,12812,11/1/2025,ADBUY,Advertising Buy/Placement,1423.00,Middle Seat,Washington,DC,20009,11/1/2025,1423.00,Independent Spender,0
2025,Z196,New Yorkers for Lower Costs,6966,Support Zohran Search Ad,9/18/2025,INTAD,Internet - Display/Banner,31864,12866,11/2/2025,ADBUY,Advertising Buy/Placement,835.00,Middle Seat,Washington,DC,20009,11/2/2025,835.00,Independent Spender,0
2025,Z196,New Yorkers for Lower Costs,6966,Support Zohran Search Ad,9/18/2025,INTAD,Internet - Display/Banner,31864,12980,11/3/2025,ADBUY,Advertising Buy/Placement,568.67,Middle Seat,Washington,DC,20009,11/3/2025,568.67,Independent Spender,0
2025,Z196,New Yorkers for Lower Costs,5518,Surging Across the City FB Ad,5/27/2025,INTAD,Internet - Display/Banner,391,9627,5/27/2025,ADBUY,Advertising Buy/Placement,390.69,Middle Seat,Washington,DC,20009,5/27/2025,390.69,Independent Spender,0
2025,Z196,New Yorkers for Lower Costs,5691,Taking the Mic Email,6/4/2025,EMAIL,Emails,350,9894,6/5/2025,EMAIL,Emails,349.50,Middle Seat,Washington,DC,20009,6/5/2025,349.50,Independent Spender,0
2025,Z196,New Yorkers for Lower Costs,6081,The Name is Mamdani FB Ad,6/13/2025,INTAD,Internet - Display/Banner,147,10473,6/13/2025,ADBUY,Advertising Buy/Placement,147.39,Middle Seat,Washington,DC,20009,6/13/2025,147.39,Independent Spender,0
2025,Z196,New Yorkers for Lower Costs,6889,This Isn't AI Text,8/18/2025,TEXT,Text Messages,225,11906,8/18/2025,TEXT,Text Messages,224.64,Middle Seat,Washington,DC,20009,8/18/2025,224.64,Independent Spender,0
2025,Z196,New Yorkers for Lower Costs,5515,Tied in Brooklyn FB Ad,5/27/2025,INTAD,Internet - Display/Banner,108,9624,5/27/2025,ADBUY,Advertising Buy/Placement,107.94,Middle Seat,Washington,DC,20009,5/27/2025,107.94,Independent Spender,0
2025,Z196,New Yorkers for Lower Costs,5517,Tied in Brooklyn FB Ad v2,5/27/2025,INTAD,Internet - Display/Banner,175,9626,5/27/2025,ADBUY,Advertising Buy/Placement,174.73,Middle Seat,Washington,DC,20009,5/27/2025,174.73,Independent Spender,0
2025,Z196,New Yorkers for Lower Costs,7499,Tomorrow is Election Day FB Ad v5,11/3/2025,INTAD,Internet - Display/Banner,146,12985,11/3/2025,ADBUY,Advertising Buy/Placement,145.86,Middle Seat,Washington,DC,20009,11/3/2025,145.86,Independent Spender,0
2025,Z196,New Yorkers for Lower Costs,6665,Tomorrow Text,6/23/2025,TEXT,Text Messages,206,11399,6/23/2025,TEXT,Text Messages,206.22,Middle Seat,Washington,DC,20009,6/23/2025,206.22,Independent Spender,0
2025,Z196,New Yorkers for Lower Costs,7496,Tomorrow Text v2,11/3/2025,TEXT,Text Messages,337,12977,11/3/2025,ADBUY,Advertising Buy/Placement,336.96,Middle Seat,Washington,DC,20009,11/3/2025,336.96,Independent Spender,0
2025,Z196,New Yorkers for Lower Costs,7017,Trump Attacking Zohran Text,9/30/2025,TEXT,Text Messages,272,12103,9/30/2025,TEXT,Text Messages,271.98,Middle Seat,Washington,DC,20009,9/30/2025,271.98,Independent Spender,0
2025,Z196,New Yorkers for Lower Costs,7498,Trump Endorsement Text,11/3/2025,TEXT,Text Messages,336,12979,11/3/2025,TEXT,Text Messages,336.42,Middle Seat,Washington,DC,20009,11/3/2025,336.42,Independent Spender,0
2025,Z196,New Yorkers for Lower Costs,5267,Trump's Billionaire Buddies Text Message,5/11/2025,TEXT,Text Messages,2214,9122,5/11/2025,TEXT,Text Messages,112.20,Middle Seat,Washington,DC,20009,5/11/2025,112.20,Independent Spender,0
2025,Z196,New Yorkers for Lower Costs,5267,Trump's Billionaire Buddies Text Message,5/11/2025,TEXT,Text Messages,2214,9172,5/14/2025,TEXT,Text Messages,2000.00,Middle Seat,Washington,DC,20009,5/14/2025,2000.00,Independent Spender,0
2025,Z196,New Yorkers for Lower Costs,5267,Trump's Billionaire Buddies Text Message,5/11/2025,TEXT,Text Messages,2214,9634,5/30/2025,TEXT,Text Messages,101.64,Middle Seat,Washington,DC,20009,5/30/2025,101.64,Independent Spender,0
2025,Z196,New Yorkers for Lower Costs,5522,Turning Point Text,5/31/2025,TEXT,Text Messages,101,9632,5/31/2025,TEXT,Text Messages,100.74,Middle Seat,Washington,DC,20009,5/31/2025,100.74,Independent Spender,0
2025,Z196,New Yorkers for Lower Costs,6678,Voting Has Started FB Ad,6/20/2025,INTAD,Internet - Display/Banner,1730,11410,6/20/2025,ADBUY,Advertising Buy/Placement,1729.90,Middle Seat,Washington,DC,20009,6/20/2025,1729.90,Independent Spender,0
2025,Z196,New Yorkers for Lower Costs,6110,Voting Has Started Text,6/14/2025,TEXT,Text Messages,177,10525,6/14/2025,TEXT,Text Messages,176.82,Middle Seat,Washington,DC,20009,6/14/2025,176.82,Independent Spender,0
2025,Z196,New Yorkers for Lower Costs,7378,Voting Right Now FB Ad,10/30/2025,INTAD,Internet - Display/Banner,189,12743,10/30/2025,ADBUY,Advertising Buy/Placement,189.48,Middle Seat,Washington,DC,20009,10/30/2025,189.48,Independent Spender,0
2025,Z196,New Yorkers for Lower Costs,7288,Voting Right Now Text,10/26/2025,TEXT,Text Messages,309,12542,10/26/2025,TEXT,Text Messages,309.24,Middle Seat,Washington,DC,20009,10/26/2025,309.24,Independent Spender,0
2025,Z196,New Yorkers for Lower Costs,7170,Watch Our New Ad FB Ad,10/17/2025,INTAD,Internet - Display/Banner,599,12316,10/17/2025,ADBUY,Advertising Buy/Placement,201.71,Middle Seat,Washington,DC,20009,10/17/2025,201.71,Independent Spender,0
2025,Z196,New Yorkers for Lower Costs,7170,Watch Our New Ad FB Ad,10/17/2025,INTAD,Internet - Display/Banner,599,12478,10/20/2025,ADBUY,Advertising Buy/Placement,251.37,Middle Seat,Washington,DC,20009,10/20/2025,251.37,Independent Spender,0
2025,Z196,New Yorkers for Lower Costs,7170,Watch Our New Ad FB Ad,10/17/2025,INTAD,Internet - Display/Banner,599,12479,10/22/2025,ADBUY,Advertising Buy/Placement,146.23,Middle Seat,Washington,DC,20009,10/22/2025,146.23,Independent Spender,0
2025,Z196,New Yorkers for Lower Costs,7171,Watch Our New Ad FB Ad v2,10/17/2025,INTAD,Internet - Display/Banner,117,12317,10/17/2025,ADBUY,Advertising Buy/Placement,117.00,Middle Seat,Washington,DC,20009,10/17/2025,117.00,Independent Spender,0
2025,Z196,New Yorkers for Lower Costs,5244,We Need Zohran for NYC Text Message,4/23/2025,TEXT,Text Messages,2353,9087,4/23/2025,TEXT,Text Messages,2352.94,Middle Seat,Washington,DC,20009,4/23/2025,2352.94,Independent Spender,0
2025,Z196,New Yorkers for Lower Costs,5308,We're the Campaign Facebook,5/16/2025,INTAD,Internet - Display/Banner,153,9168,5/16/2025,ADBUY,Advertising Buy/Placement,153.35,Middle Seat,Washington,DC,20009,5/16/2025,153.35,Independent Spender,0
2025,Z196,New Yorkers for Lower Costs,6942,Wealthy Developers Text,9/12/2025,TEXT,Text Messages,246,11988,9/12/2025,TEXT,Text Messages,245.58,Middle Seat,Washington,DC,20009,9/12/2025,245.58,Independent Spender,0
2025,Z196,New Yorkers for Lower Costs,7342,Weaponizing Text,10/28/2025,TEXT,Text Messages,332,12654,10/28/2025,TEXT,Text Messages,332.10,Middle Seat,Washington,DC,20009,10/28/2025,332.10,Independent Spender,0
2025,Z196,New Yorkers for Lower Costs,6805,Website,7/11/2025,WEB,Website,7500,11644,7/11/2025,WEB,Website,7500.00,Middle Seat,Washington,DC,20009,7/11/2025,7500.00,Independent Spender,0
2025,Z196,New Yorkers for Lower Costs,6907,Welcome Email,8/6/2025,EMAIL,Emails,424,11926,8/6/2025,EMAIL,Emails,179.40,Middle Seat,Washington,DC,20009,8/6/2025,179.40,Independent Spender,0
2025,Z196,New Yorkers for Lower Costs,6907,Welcome Email,8/6/2025,EMAIL,Emails,424,11928,8/11/2025,EMAIL,Emails,140.58,Middle Seat,Washington,DC,20009,8/11/2025,140.58,Independent Spender,0
2025,Z196,New Yorkers for Lower Costs,6907,Welcome Email,8/6/2025,EMAIL,Emails,424,11931,8/26/2025,EMAIL,Emails,103.74,Middle Seat,Washington,DC,20009,8/26/2025,103.74,Independent Spender,0
2025,Z196,New Yorkers for Lower Costs,6563,Whose Team Text,6/22/2025,TEXT,Text Messages,205,11237,6/22/2025,TEXT,Text Messages,204.96,Middle Seat,Washington,DC,20009,6/22/2025,204.96,Independent Spender,0
2025,Z196,New Yorkers for Lower Costs,7111,You've Got Mail Text,10/18/2025,TEXT,Text Messages,287,12227,10/18/2025,TEXT,Text Messages,287.10,Middle Seat,Washington,DC,20009,10/18/2025,287.10,Independent Spender,0
2025,Z196,New Yorkers for Lower Costs,6693,Youth GOTV Texts,6/24/2025,TEXT,Text Messages,28586,11429,6/24/2025,TEXT,Text Messages,28585.60,SpeakEasy Political,San Francisco,CA,94109,6/25/2025,28585.60,Independent Spender,0
2025,Z196,New Yorkers for Lower Costs,6383,zohCuomo's Values FB Ad,6/18/2025,INTAD,Internet - Display/Banner,124,10956,6/18/2025,TEXT,Text Messages,124.49,Middle Seat,Washington,DC,20009,6/18/2025,124.49,Independent Spender,0
2025,Z196,New Yorkers for Lower Costs,5310,Zohran Can Catch Him Facebook,5/16/2025,INTAD,Internet - Display/Banner,174,9169,5/16/2025,ADBUY,Advertising Buy/Placement,173.68,Middle Seat,Washington,DC,20009,5/16/2025,173.68,Independent Spender,0
2025,Z196,New Yorkers for Lower Costs,6076,Zohran Can Win This FB Ad,6/13/2025,INTAD,Internet - Display/Banner,202,10468,6/13/2025,ADBUY,Advertising Buy/Placement,201.76,Middle Seat,Washington,DC,20009,6/13/2025,201.76,Independent Spender,0
2025,Z196,New Yorkers for Lower Costs,6077,Zohran Can Win This FB Ad v2,6/13/2025,INTAD,Internet - Display/Banner,235,10469,6/13/2025,ADBUY,Advertising Buy/Placement,234.96,Middle Seat,Washington,DC,20009,6/13/2025,234.96,Independent Spender,0
2025,Z196,New Yorkers for Lower Costs,6437,Zohran Fights for Us TV,6/17/2025,TVADS,Video (TV/Cable),200000,11034,6/17/2025,ADBUY,Advertising Buy/Placement,150000.00,Middle Seat,Washington,DC,20009,6/17/2025,150000.00,Independent Spender,0
2025,Z196,New Yorkers for Lower Costs,6437,Zohran Fights for Us TV,6/17/2025,TVADS,Video (TV/Cable),200000,11035,6/17/2025,ADBUY,Advertising Buy/Placement,50000.00,Middle Seat,Washington,DC,20009,6/20/2025,50000.00,Independent Spender,0
2025,Z196,New Yorkers for Lower Costs,6090,Zohran Fights for US Video,6/13/2025,INTVID,Video (Internet),263000,10493,6/13/2025,ADBUY,Advertising Buy/Placement,100000.00,Middle Seat,Washington,DC,20009,6/13/2025,100000.00,Independent Spender,0
2025,Z196,New Yorkers for Lower Costs,6090,Zohran Fights for US Video,6/13/2025,INTVID,Video (Internet),263000,10816,6/17/2025,ADBUY,Advertising Buy/Placement,88000.00,Middle Seat,Washington,DC,20009,6/17/2025,88000.00,Independent Spender,0
2025,Z196,New Yorkers for Lower Costs,6090,Zohran Fights for US Video,6/13/2025,INTVID,Video (Internet),263000,11030,6/19/2025,ADBUY,Advertising Buy/Placement,50000.00,Middle Seat,Washington,DC,20009,6/19/2025,50000.00,Independent Spender,0
2025,Z196,New Yorkers for Lower Costs,6090,Zohran Fights for US Video,6/13/2025,INTVID,Video (Internet),263000,11070,6/20/2025,ADBUY,Advertising Buy/Placement,25000.00,Middle Seat,Washington,DC,20009,6/20/2025,25000.00,Independent Spender,0
2025,Z196,New Yorkers for Lower Costs,6316,Zohran Fights for US Video with Skin,6/17/2025,INTVID,Video (Internet),90000,10851,6/17/2025,ADBUY,Advertising Buy/Placement,40000.00,Middle Seat,Washington,DC,20009,6/17/2025,40000.00,Independent Spender,0
2025,Z196,New Yorkers for Lower Costs,6316,Zohran Fights for US Video with Skin,6/17/2025,INTVID,Video (Internet),90000,11071,6/20/2025,ADBUY,Advertising Buy/Placement,50000.00,Middle Seat,Washington,DC,20009,6/20/2025,50000.00,Independent Spender,0
2025,Z196,New Yorkers for Lower Costs,5513,Zohran is surging text,5/28/2025,TEXT,Text Messages,103,9622,5/28/2025,TEXT,Text Messages,102.96,Middle Seat,Washington,DC,20009,5/28/2025,102.96,Independent Spender,0
2025,Z196,New Yorkers for Lower Costs,6987,Zohran Isn't Fundraising FB Ad,9/22/2025,INTAD,Internet - Display/Banner,579,12061,9/22/2025,ADBUY,Advertising Buy/Placement,400.53,Middle Seat,Washington,DC,20009,9/22/2025,400.53,Independent Spender,0
2025,Z196,New Yorkers for Lower Costs,6987,Zohran Isn't Fundraising FB Ad,9/22/2025,INTAD,Internet - Display/Banner,579,12089,9/29/2025,ADBUY,Advertising Buy/Placement,178.28,Middle Seat,Washington,DC,20009,9/29/2025,178.28,Independent Spender,0
2025,Z196,New Yorkers for Lower Costs,6989,Zohran Isn't Fundraising FB Ad v2,9/22/2025,INTAD,Internet - Display/Banner,2441,12063,9/22/2025,ADBUY,Advertising Buy/Placement,591.68,Middle Seat,Washington,DC,20009,9/22/2025,591.68,Independent Spender,0
2025,Z196,New Yorkers for Lower Costs,6989,Zohran Isn't Fundraising FB Ad v2,9/22/2025,INTAD,Internet - Display/Banner,2441,12090,9/29/2025,ADBUY,Advertising Buy/Placement,944.15,Middle Seat,Washington,DC,20009,9/29/2025,944.15,Independent Spender,0
2025,Z196,New Yorkers for Lower Costs,6989,Zohran Isn't Fundraising FB Ad v2,9/22/2025,INTAD,Internet - Display/Banner,2441,12169,10/6/2025,ADBUY,Advertising Buy/Placement,905.25,Middle Seat,Washington,DC,20009,10/6/2025,905.25,Independent Spender,0
2025,Z196,New Yorkers for Lower Costs,6990,Zohran Isn't Fundraising FB Ad v3,9/22/2025,INTAD,Internet - Display/Banner,3905,12064,9/22/2025,ADBUY,Advertising Buy/Placement,1245.60,Middle Seat,Washington,DC,20009,9/22/2025,1245.60,Independent Spender,0
2025,Z196,New Yorkers for Lower Costs,6990,Zohran Isn't Fundraising FB Ad v3,9/22/2025,INTAD,Internet - Display/Banner,3905,12092,9/29/2025,ADBUY,Advertising Buy/Placement,2387.04,Middle Seat,Washington,DC,20009,9/29/2025,2387.04,Independent Spender,0
2025,Z196,New Yorkers for Lower Costs,6990,Zohran Isn't Fundraising FB Ad v3,9/22/2025,INTAD,Internet - Display/Banner,3905,12170,10/6/2025,ADBUY,Advertising Buy/Placement,272.82,Middle Seat,Washington,DC,20009,10/6/2025,272.82,Independent Spender,0
2025,Z196,New Yorkers for Lower Costs,6921,Zohran Isn't Fundraising Text,9/5/2025,TEXT,Text Messages,7741,11954,9/5/2025,TEXT,Text Messages,241.26,Middle Seat,Washington,DC,20009,9/5/2025,241.26,Independent Spender,0
2025,Z196,New Yorkers for Lower Costs,6921,Zohran Isn't Fundraising Text,9/5/2025,TEXT,Text Messages,7741,12056,9/23/2025,TEXT,Text Messages,7500.00,Middle Seat,Washington,DC,20009,9/23/2025,7500.00,Independent Spender,0
2025,Z196,New Yorkers for Lower Costs,6925,Zohran Merch FB Ad,9/1/2025,INTAD,Internet - Display/Banner,1540,11967,9/1/2025,ADBUY,Advertising Buy/Placement,1540.32,Middle Seat,Washington,DC,20009,9/1/2025,1540.32,Independent Spender,0
2025,Z196,New Yorkers for Lower Costs,6891,Zohran Merch Text,8/21/2025,TEXT,Text Messages,222,11908,8/21/2025,TEXT,Text Messages,221.94,Middle Seat,Washington,DC,20009,8/21/2025,221.94,Independent Spender,0
2025,Z196,New Yorkers for Lower Costs,6795,Zohran Wins FB Ad,7/9/2025,INTAD,Internet - Display/Banner,1040,11634,7/9/2025,ADBUY,Advertising Buy/Placement,381.27,Middle Seat,Washington,DC,20009,7/9/2025,381.27,Independent Spender,0
2025,Z196,New Yorkers for Lower Costs,6795,Zohran Wins FB Ad,7/9/2025,INTAD,Internet - Display/Banner,1040,11635,7/9/2025,ADBUY,Advertising Buy/Placement,658.81,Middle Seat,Washington,DC,20009,7/9/2025,658.81,Independent Spender,0
2025,Z196,New Yorkers for Lower Costs,7091,Zohran's Birthday FB Ad,10/10/2025,INTAD,Internet - Display/Banner,112,12204,10/10/2025,ADBUY,Advertising Buy/Placement,111.85,Middle Seat,Washington,DC,20009,10/10/2025,111.85,Independent Spender,0
2025,Z196,New Yorkers for Lower Costs,7092,Zohran's Birthday FB Ad v2,10/10/2025,INTAD,Internet - Display/Banner,971,12205,10/10/2025,ADBUY,Advertising Buy/Placement,332.67,Middle Seat,Washington,DC,20009,10/10/2025,332.67,Independent Spender,0
2025,Z196,New Yorkers for Lower Costs,7092,Zohran's Birthday FB Ad v2,10/10/2025,INTAD,Internet - Display/Banner,971,12295,10/14/2025,ADBUY,Advertising Buy/Placement,638.51,Middle Seat,Washington,DC,20009,10/14/2025,638.51,Independent Spender,0
2025,Z245,NYSNA IE Committee,6997,Placards,10/4/2025,POSTER,Poster,1415,12071,10/3/2025,PRNT,Printing,1415.38,Stepvisual Communication,Rye Brook,NY,10573,10/21/2025,1415.38,Independent Spender,0
2025,Z226,OneNYC,7295,Digital Ad - 30 seconds,10/27/2025,INTVID,Video (Internet),2385,12561,11/30/2025,ADBUY,Advertising Buy/Placement,2384.69,Meta,Menlo Park,CA,94025,11/30/2025,2384.69,Independent Spender,0
2025,Z226,OneNYC,7294,Digital Ad - 60 seconds,10/27/2025,INTVID,Video (Internet),2451,12560,11/30/2025,ADBUY,Advertising Buy/Placement,2451.30,Meta,Menlo Park,CA,94025,11/30/2025,2451.30,Independent Spender,0
2025,Z226,OneNYC,7296,Digital Ad - 90 seconds,10/27/2025,INTVID,Video (Internet),2152,12562,11/30/2025,ADBUY,Advertising Buy/Placement,2151.52,Meta,Menlo Park,CA,94025,11/30/2025,2151.52,Independent Spender,0
2025,Z226,OneNYC,7384,Digital Ad - NYC Can Thrive Again (60 seconds),10/30/2025,INTVID,Video (Internet),1799,12748,10/31/2025,ADBUY,Advertising Buy/Placement,270.73,Google,Mountain View,CA,94023,10/31/2025,270.73,Independent Spender,0
2025,Z226,OneNYC,7384,Digital Ad - NYC Can Thrive Again (60 seconds),10/30/2025,INTVID,Video (Internet),1799,13036,11/30/2025,ADBUY,Advertising Buy/Placement,1528.62,Google,Mountain View,CA,94023,11/30/2025,1528.62,Independent Spender,0
2025,Z226,OneNYC,7385,Digital Ad - NYC Can Thrive Again (90 seconds),10/30/2025,INTVID,Video (Internet),1680,12749,10/31/2025,ADBUY,Advertising Buy/Placement,216.20,Google,Mountain View,CA,94023,10/31/2025,216.20,Independent Spender,0
2025,Z226,OneNYC,7385,Digital Ad - NYC Can Thrive Again (90 seconds),10/30/2025,INTVID,Video (Internet),1680,13038,11/30/2025,ADBUY,Advertising Buy/Placement,1463.31,Google,Mountain View,CA,94023,11/30/2025,1463.31,Independent Spender,0
2025,Z226,OneNYC,7386,Digital Ad - The Math is Simple (15 seconds),10/30/2025,INTVID,Video (Internet),16389,12750,10/31/2025,ADBUY,Advertising Buy/Placement,3101.10,Google,Mountain View,CA,94023,10/31/2025,3101.10,Independent Spender,0
2025,Z226,OneNYC,7386,Digital Ad - The Math is Simple (15 seconds),10/30/2025,INTVID,Video (Internet),16389,13034,11/30/2025,ADBUY,Advertising Buy/Placement,13287.73,Google,Mountain View,CA,94023,11/30/2025,13287.73,Independent Spender,0
2025,Z226,OneNYC,7387,Digital Ad - The Math is Simple (30 seconds),10/30/2025,INTVID,Video (Internet),4831,12751,10/31/2025,ADBUY,Advertising Buy/Placement,1010.97,Google,Mountain View,CA,94023,10/31/2025,1010.97,Independent Spender,0
2025,Z226,OneNYC,7387,Digital Ad - The Math is Simple (30 seconds),10/30/2025,INTVID,Video (Internet),4831,13032,11/30/2025,ADBUY,Advertising Buy/Placement,3819.60,Google,Mountain View,CA,94023,11/30/2025,3819.60,Independent Spender,0
2025,Z226,OneNYC,7504,Digital Ads - Daily News,11/4/2025,INTAD,Internet - Display/Banner,35000,12990,11/3/2025,ADBUY,Advertising Buy/Placement,35000.00,NY Daily News,Hicksville,NY,11801,11/3/2025,35000.00,Independent Spender,0
2025,Z226,OneNYC,6935,OneNYC Website,9/8/2025,WEB,Website,5000,11977,9/9/2025,WEB,Website,5000.00,Substrate Creative Agency,Danville,CA,94506,9/10/2025,5000.00,Independent Spender,0
2025,Z226,OneNYC,7503,Print Ad - Daily News,11/4/2025,PRINT,Print Ad,15000,12989,11/3/2025,ADBUY,Advertising Buy/Placement,15000.00,NY Daily News,Hicksville,NY,11801,11/3/2025,15000.00,Independent Spender,0
2025,Z226,OneNYC,7500,Print Ad - Staten Island Advance,11/4/2025,PRINT,Print Ad,4700,12987,11/3/2025,ADBUY,Advertising Buy/Placement,4700.00,Staten Island Advance,Staten Island,NY,10314,11/3/2025,4700.00,Independent Spender,0
2025,Z226,OneNYC,7506,Sign Truck - Still Image,11/4/2025,OTHER,Other,5250,12993,11/4/2025,ADBUY,Advertising Buy/Placement,5250.00,Rolling Box Media,Port Washington,NY,11050,11/4/2025,5250.00,Independent Spender,0
2025,Z226,OneNYC,7507,Sign Truck - Video,11/4/2025,OTHER,Other,5250,12994,11/4/2025,ADBUY,Advertising Buy/Placement,5250.00,Rolling Box Media,Port Washington,NY,11050,11/4/2025,5250.00,Independent Spender,0
2025,Z226,OneNYC,7201,TV Ad,10/22/2025,TVADS,Video (TV/Cable),118000,12370,10/21/2025,ADBUY,Advertising Buy/Placement,53000.00,Trip Yang Strategies LLC,Brooklyn,NY,11232,10/21/2025,53000.00,Independent Spender,0
2025,Z226,OneNYC,7201,TV Ad,10/22/2025,TVADS,Video (TV/Cable),118000,12660,10/24/2025,ADBUY,Advertising Buy/Placement,50000.00,Trip Yang Strategies LLC,Brooklyn,NY,11232,10/24/2025,50000.00,Independent Spender,0
2025,Z226,OneNYC,7201,TV Ad,10/22/2025,TVADS,Video (TV/Cable),118000,12893,11/3/2025,ADBUY,Advertising Buy/Placement,15000.00,Trip Yang Strategies LLC,Brooklyn,NY,11232,11/3/2025,15000.00,Independent Spender,0
2025,Z233,Protect the Protectors,7287,Leaflets 10-9-2025,10/9/2025,LITER,Leaflet/Flyer,20000,12540,9/26/2025,LD,Literature Distribution (non-postage),20000.00,Political Telephone Advertisers,Miami,FL,33181,9/29/2025,20000.00,Independent Spender,0
2025,Z233,Protect the Protectors,6913,Live Calls,8/18/2025,PHONE,Phone Calls - Live,22500,11935,8/18/2025,PHONE,Phone Bank,22500.00,Political Telephone Advertisers,Miami,FL,33181,8/18/2025,4500.00,Independent Spender,0
2025,Z233,Protect the Protectors,6913,Live Calls,8/18/2025,PHONE,Phone Calls - Live,22500,11935,8/18/2025,PHONE,Phone Bank,22500.00,Political Telephone Advertisers,Miami,FL,33181,9/5/2025,18000.00,Independent Spender,0
2025,Z233,Protect the Protectors,7081,Live Calls - Oct 17 2025,10/17/2025,PHONE,Phone Calls - Live,7500,12194,10/17/2025,PHONE,Phone Bank,7500.00,Political Telephone Advertisers,Miami,FL,33181,10/17/2025,7500.00,Independent Spender,0
2025,Z233,Protect the Protectors,6915,Live Calls - week of 9-2-2025,9/2/2025,PHONE,Phone Calls - Live,25000,11976,8/29/2025,PHONE,Phone Bank,25000.00,Political Telephone Advertisers,Miami,FL,33181,9/12/2025,25000.00,Independent Spender,0
2025,Z233,Protect the Protectors,7428,Live calls 11-3-2025,11/3/2025,PHONE,Phone Calls - Live,4000,12836,11/3/2025,PHONE,Phone Bank,4000.00,Political Telephone Advertisers,Miami,FL,33181,11/3/2025,4000.00,Independent Spender,0
2025,Z233,Protect the Protectors,7179,Live calls week of 10-22-25,10/22/2025,PHONE,Phone Calls - Live,25000,12334,10/22/2025,PHONE,Phone Bank,25000.00,Political Telephone Advertisers,Miami,FL,33181,10/22/2025,25000.00,Independent Spender,0
2025,Z233,Protect the Protectors,6914,Live Calls week of 8-27-25,8/27/2025,PHONE,Phone Calls - Live,25000,11950,9/5/2025,PHONE,Phone Bank,25000.00,Political Telephone Advertisers,Miami,FL,33181,9/5/2025,7000.00,Independent Spender,0
2025,Z233,Protect the Protectors,6914,Live Calls week of 8-27-25,8/27/2025,PHONE,Phone Calls - Live,25000,11950,9/5/2025,PHONE,Phone Bank,25000.00,Political Telephone Advertisers,Miami,FL,33181,9/12/2025,18000.00,Independent Spender,0
2025,Z233,Protect the Protectors,6953,Live calls week of 9-22-25,9/22/2025,PHONE,Phone Calls - Live,50000,12006,9/19/2025,PHONE,Phone Bank,50000.00,Political Telephone Advertisers,Miami,FL,33181,9/19/2025,50000.00,Independent Spender,0
2025,Z233,Protect the Protectors,7312,Text Blast 3 - 10-28-2025,10/28/2025,TEXT,Text Messages,1250,12592,10/27/2025,TEXT,Text Messages,1250.00,"Build the Wave, LLC",Long Island City,NY,11101,10/28/2025,1250.00,Independent Spender,0
2025,Z233,Protect the Protectors,7112,Text fundraising 10-14-2025,10/14/2025,TEXT,Text Messages,1500,12228,10/8/2025,TEXT,Text Messages,1500.00,"Build the Wave, LLC",Long Island City,NY,11101,10/8/2025,1500.00,Independent Spender,0
2025,Z233,Protect the Protectors,7178,text fundraising 10-21-2025,10/21/2025,TEXT,Text Messages,1900,12333,10/21/2025,TEXT,Text Messages,1900.00,"Build the Wave, LLC",Long Island City,NY,11101,10/21/2025,1900.00,Independent Spender,0
2025,Z228,SaveNYC,7040,Manage Field Campaigns and Coordinate Canvassing opera,9/22/2025,OTHER,Other,3675,12125,9/22/2025,LD,Literature Distribution (non-postage),3675.00,"Hornak, Robert",Fredericksburg,VA,22401,10/8/2025,3675.00,Independent Spender,0
2025,Z228,SaveNYC,7194,Federal Express - 10/22/25,10/22/2025,LITER,Leaflet/Flyer,302,12360,10/22/2025,PRNT,Printing,302.13,Federal Express,Memphis,TN,38120,10/22/2025,302.13,Independent Spender,0
2025,Z228,SaveNYC,6995,Future Donor flyer,10/1/2025,LITER,Leaflet/Flyer,578,12070,9/29/2025,PRNT,Printing,578.02,Federal Express,Memphis,TN,38120,9/29/2025,578.02,Independent Spender,0
2025,Z228,SaveNYC,7352,Jane Menton - 10/20 - 25/25,10/20/2025,OTHER,Other,2250,12678,10/20/2001,LD,Literature Distribution (non-postage),2250.00,"Menton, Jane",Sunnyside,NY,11104,10/28/2025,2250.00,Independent Spender,0
2025,Z228,SaveNYC,7074,Jane Menton - 10/6/25 - 10/10/25,10/6/2025,OTHER,Other,2250,12185,10/14/2025,LD,Literature Distribution (non-postage),2250.00,"Menton, Jane",Sunnyside,NY,11104,10/14/2025,2250.00,Independent Spender,0
2025,Z228,SaveNYC,7180,Jane Menton - 10/6/25 - 10/10/25 - addendum,10/6/2025,OTHER,Other,2593,12335,10/21/2025,LD,Literature Distribution (non-postage),2592.96,"Menton, Jane",Sunnyside,NY,11104,10/21/2025,2592.96,Independent Spender,0
2025,Z228,SaveNYC,7033,Manage Field Campaigns and Coordinate Canvassing operat,9/15/2025,OTHER,Other,6750,12117,9/15/2025,LD,Literature Distribution (non-postage),6750.00,"Menton, Jane",Sunnyside,NY,11104,10/7/2025,6750.00,Independent Spender,0
2025,Z228,SaveNYC,7039,Paladino - Flyer printing,10/6/2025,LITER,Leaflet/Flyer,860,12124,10/6/2025,PRNT,Printing,860.00,"Paladino Printing & Graphics, Inc",Bayside,NY,11361,10/6/2025,860.00,Independent Spender,0
2025,Z228,SaveNYC,7060,Robert Homak,10/4/2025,OTHER,Other,1383,12184,10/14/2025,LD,Literature Distribution (non-postage),1382.65,"Hornak, Robert",Fredericksburg,VA,22401,10/14/2025,1382.65,Independent Spender,0
2025,Z228,SaveNYC,7196,Robert Homak,10/22/2025,OTHER,Other,825,12361,10/22/2025,LD,Literature Distribution (non-postage),825.00,"Hornak, Robert",Fredericksburg,VA,22401,10/22/2025,825.00,Independent Spender,0
2025,Z228,SaveNYC,7351,Robert Homak - 10/20-25/25,10/20/2025,OTHER,Other,825,12677,10/25/2025,LD,Literature Distribution (non-postage),825.00,"Hornak, Robert",Fredericksburg,VA,22401,10/28/2025,825.00,Independent Spender,0
2025,Z228,SaveNYC,6969,Sheinkopf Communications,9/25/2025,LITER,Leaflet/Flyer,156022,12038,9/25/2025,PRNT,Printing,5443.75,Federal Express,Memphis,TN,38120,9/25/2025,5443.75,Independent Spender,0
2025,Z228,SaveNYC,6969,Sheinkopf Communications,9/25/2025,LITER,Leaflet/Flyer,156022,12039,9/29/2025,PRNT,Printing,578.02,Federal Express,Memphis,TN,38120,9/29/2025,578.02,Independent Spender,0
2025,Z228,SaveNYC,6969,Sheinkopf Communications,9/25/2025,LITER,Leaflet/Flyer,156022,12034,9/22/2025,LD,Literature Distribution (non-postage),150000.00,Sheinkopf Communications,New York,NY,10025,9/24/2025,150000.00,Independent Spender,0
2025,Z228,SaveNYC,7037,Sheinkopf Communications - Flyer Printing,9/21/2025,LITER,Leaflet/Flyer,15300,12122,10/2/2025,PRNT,Printing,15300.00,Sheinkopf Communications,New York,NY,10025,10/7/2025,15300.00,Independent Spender,0
2025,Z228,SaveNYC,7036,Sheinkopf Communications - services rendered,9/21/2025,OTHER,Other,800,12121,9/26/2025,LD,Literature Distribution (non-postage),800.00,Sheinkopf Communications,New York,NY,10025,10/7/2025,800.00,Independent Spender,0
2025,Z228,SaveNYC,7038,Sheinkopf Communications Canvassing,9/21/2025,OTHER,Other,130000,12123,9/29/2025,LD,Literature Distribution (non-postage),130000.00,Sheinkopf Communications,New York,NY,10025,10/7/2025,130000.00,Independent Spender,0
2025,Z228,SaveNYC,7051,Sheinkopf Communications Canvassing,9/28/2025,OTHER,Other,100000,12143,10/10/2025,LD,Literature Distribution (non-postage),100000.00,Sheinkopf Communications,New York,NY,10025,10/13/2025,100000.00,Independent Spender,0
2025,Z214,"Sensible City, Inc.",5755,Digital Ad - It Doesn't Stop,6/9/2025,INTVID,Video (Internet),85524,9978,6/6/2025,ADBUY,Advertising Buy/Placement,85524.16,CVC Group Inc.,New York,NY,10017,6/6/2025,85524.16,Independent Spender,0
2025,Z214,"Sensible City, Inc.",6037,Digital Ad Israel Debate,6/12/2025,INTVID,Video (Internet),1000,10476,6/13/2025,ADBUY,Advertising Buy/Placement,1000.00,"Howell, Cael",Newton,MA,02456,6/17/2025,1000.00,Independent Spender,0
2025,Z214,"Sensible City, Inc.",5756,Digital Ad It Doesn't Stop Original,6/6/2025,INTVID,Video (Internet),15000,9977,6/4/2025,ADBUY,Advertising Buy/Placement,15000.00,CVC Group Inc.,New York,NY,10017,6/4/2025,15000.00,Independent Spender,0
2025,Z214,"Sensible City, Inc.",6156,English Mailer 1,6/15/2025,MAIL,Mass Mailing,2500,10592,6/13/2025,PRNT,Printing,2500.00,CVC Group Inc.,New York,NY,10017,6/13/2025,2500.00,Independent Spender,0
2025,Z214,"Sensible City, Inc.",6684,Priviledge Doesn't Pay,6/24/2025,INTVID,Video (Internet),1000,11419,6/20/2025,ADBUY,Advertising Buy/Placement,1000.00,"Howell, Cael",Newton,MA,02456,6/20/2025,1000.00,Independent Spender,0
2025,Z214,"Sensible City, Inc.",6494,Rank him and Regret it,6/20/2025,INTVID,Video (Internet),1000,11155,6/20/2025,ADBUY,Advertising Buy/Placement,1000.00,LVN International,Rancho Cordova,CA,95670,6/20/2025,1000.00,Independent Spender,0
2025,Z214,"Sensible City, Inc.",6457,Scars of Inti. Digital Ad 6/19,6/19/2025,INTVID,Video (Internet),1000,11061,6/20/2025,ADBUY,Advertising Buy/Placement,1000.00,LVN International,Rancho Cordova,CA,95670,6/20/2025,1000.00,Independent Spender,0
2025,Z253,Stop The Socialists,7297,30 Second Audio - Crossroads,10/24/2025,SRADIO,Audio <= 30 seconds,500000,12563,10/17/2025,ADBUY,Advertising Buy/Placement,500000.00,"Vision Media Marketing, Inc. DBA Direct Developmen",Secaucus,NJ,07094,10/17/2025,500000.00,Independent Spender,0
2025,Z253,Stop The Socialists,7242,30 Second Video - Arlene Ross - Internet,10/23/2025,INTVID,Video (Internet),500000,12426,10/17/2025,ADBUY,Advertising Buy/Placement,500000.00,"Vision Media Marketing, Inc. DBA Direct Developmen",Secaucus,NJ,07094,10/17/2025,500000.00,Independent Spender,0
2025,Z253,Stop The Socialists,7207,30 Second Video - Don't Waste Your Vote - Internet,10/21/2025,INTVID,Video (Internet),500000,12381,10/17/2025,ADBUY,Advertising Buy/Placement,500000.00,"Vision Media Marketing, Inc. DBA Direct Developmen",Secaucus,NJ,07094,10/20/2025,500000.00,Independent Spender,0
2025,Z253,Stop The Socialists,7411,30 Second Video - Inna Vernikov,10/31/2025,TVADS,Video (TV/Cable),250000,12789,10/31/2025,ADBUY,Advertising Buy/Placement,250000.00,"Vision Media Marketing, Inc. DBA Direct Developmen",Secaucus,NJ,07094,10/31/2025,250000.00,Independent Spender,0
2025,Z253,Stop The Socialists,7240,30 Second Video - One City One Choice - Internet,10/23/2025,INTVID,Video (Internet),500000,12423,10/17/2025,ADBUY,Advertising Buy/Placement,500000.00,"Vision Media Marketing, Inc. DBA Direct Developmen",Secaucus,NJ,07094,10/17/2025,500000.00,Independent Spender,0
2025,Z253,Stop The Socialists,7393,30 Second Video - Stop Mamdani - TV,10/30/2025,TVADS,Video (TV/Cable),500000,12760,10/29/2025,ADBUY,Advertising Buy/Placement,500000.00,"Vision Media Marketing, Inc. DBA Direct Developmen",Secaucus,NJ,07094,10/29/2025,500000.00,Independent Spender,0
2025,Z253,Stop The Socialists,7468,45 Second Internet Video Ad - Schools,11/2/2025,INTVID,Video (Internet),6660,12913,10/31/2025,ADBUY,Advertising Buy/Placement,6660.00,"Vision Media Marketing, Inc. DBA Direct Developmen",Secaucus,NJ,07094,10/31/2025,6660.00,Independent Spender,0
2025,Z253,Stop The Socialists,7456,45 Second Video - Govt Grocery,11/2/2025,INTVID,Video (Internet),6660,12895,10/29/2025,ADBUY,Advertising Buy/Placement,6660.00,Strategic Voter Contact LLC,West Springfield,MA,01089,10/30/2025,6660.00,Independent Spender,0
2025,Z253,Stop The Socialists,7457,45 Second Video - Govt Housing,11/2/2025,INTVID,Video (Internet),6660,12896,10/29/2025,ADBUY,Advertising Buy/Placement,6660.00,Strategic Voter Contact LLC,West Springfield,MA,01089,10/30/2025,6660.00,Independent Spender,0
2025,Z253,Stop The Socialists,7464,GOTV Literature - Handouts,11/2/2025,LITER,Leaflet/Flyer,475000,12909,10/30/2025,LD,Literature Distribution (non-postage),475000.00,Strategic Voter Contact LLC,West Springfield,MA,01089,10/31/2025,475000.00,Independent Spender,0
2025,Z253,Stop The Socialists,7508,Internet Video Ad - GOTV - 11-4-25,11/4/2025,INTVID,Video (Internet),6660,12995,10/31/2025,ADBUY,Advertising Buy/Placement,6660.00,"Vision Media Marketing, Inc. DBA Direct Developmen",Secaucus,NJ,07094,10/31/2025,6660.00,Independent Spender,0
2025,Z253,Stop The Socialists,7486,"Internet Video Ad - Schools Teach, Not Preach",11/3/2025,INTVID,Video (Internet),6660,12944,10/31/2025,ADBUY,Advertising Buy/Placement,6660.00,"Vision Media Marketing, Inc. DBA Direct Developmen",Secaucus,NJ,07094,10/31/2025,6660.00,Independent Spender,0
2025,Z253,Stop The Socialists,7465,NY Post Tweets,11/2/2025,INTAD,Internet - Display/Banner,6660,12910,10/31/2025,ADBUY,Advertising Buy/Placement,6660.00,Strategic Voter Contact LLC,West Springfield,MA,01089,10/31/2025,6660.00,Independent Spender,0
2025,Z253,Stop The Socialists,7193,Static Internet Ads,10/21/2025,INTAD,Internet - Display/Banner,600000,12358,10/17/2025,ADBUY,Advertising Buy/Placement,500000.00,"Vision Media Marketing, Inc. DBA Direct Developmen",Secaucus,NJ,07094,10/20/2025,500000.00,Independent Spender,0
2025,Z253,Stop The Socialists,7193,Static Internet Ads,10/21/2025,INTAD,Internet - Display/Banner,600000,12791,10/30/2025,ADBUY,Advertising Buy/Placement,100000.00,"Vision Media Marketing, Inc. DBA Direct Developmen",Secaucus,NJ,07094,10/30/2025,100000.00,Independent Spender,0
2025,Z253,Stop The Socialists,7243,Static Internet Ads - 10-23-25,10/23/2025,INTAD,Internet - Display/Banner,900000,12427,10/17/2025,ADBUY,Advertising Buy/Placement,500000.00,"Vision Media Marketing, Inc. DBA Direct Developmen",Secaucus,NJ,07094,10/17/2025,500000.00,Independent Spender,0
2025,Z253,Stop The Socialists,7243,Static Internet Ads - 10-23-25,10/23/2025,INTAD,Internet - Display/Banner,900000,12761,10/18/2025,ADBUY,Advertising Buy/Placement,400000.00,"Vision Media Marketing, Inc. DBA Direct Developmen",Secaucus,NJ,07094,10/18/2025,400000.00,Independent Spender,0
2025,Z253,Stop The Socialists,7360,Static Newspaper Ads - NY Post,10/29/2025,PRINT,Print Ad,40000,12700,10/29/2025,ADBUY,Advertising Buy/Placement,40000.00,"Vision Media Marketing, Inc. DBA Direct Developmen",Secaucus,NJ,07094,10/29/2025,40000.00,Independent Spender,0
2025,Z253,Stop The Socialists,7463,Texts with pics,11/2/2025,TEXT,Text Messages,150000,12908,10/31/2025,TEXT,Text Messages,150000.00,Pluto Works Inc.,Portland,OR,97232,10/31/2025,150000.00,Independent Spender,0
2025,Z253,Stop The Socialists,7244,Website.,10/22/2025,WEB,Website,500000,12428,10/17/2025,WEB,Website,500000.00,"Vision Media Marketing, Inc. DBA Direct Developmen",Secaucus,NJ,07094,10/17/2025,500000.00,Independent Spender,0
2025,Z231,SURJ for a Livable New York,6862,08.23 Persuasion,8/23/2025,PHONE,Phone Calls - Live,1015,11865,8/23/2025,PHONE,Phone Bank,135.46,Scale to Win,Santa Ana,CA,92703,9/10/2025,135.46,Independent Spender,0
2025,Z231,SURJ for a Livable New York,6862,08.23 Persuasion,8/23/2025,PHONE,Phone Calls - Live,1015,11863,8/23/2025,PHONE,Phone Bank,879.67,SURJ,Atlanta,,30313,,0.00,,0
2025,Z231,SURJ for a Livable New York,6917,09.04 Persuasion,9/4/2025,PHONE,Phone Calls - Live,1737,11938,9/4/2025,PHONE,Phone Bank,334.43,Scale to Win,Santa Ana,CA,92703,10/15/2025,334.43,Independent Spender,0
2025,Z231,SURJ for a Livable New York,6917,09.04 Persuasion,9/4/2025,PHONE,Phone Calls - Live,1737,11937,9/4/2025,PHONE,Phone Bank,386.04,SURJ,Atlanta,,30313,,0.00,,0
2025,Z231,SURJ for a Livable New York,6917,09.04 Persuasion,9/4/2025,PHONE,Phone Calls - Live,1737,11939,9/6/2025,PHONE,Phone Bank,1016.62,SURJ,Atlanta,,30313,,0.00,,0
2025,Z231,SURJ for a Livable New York,6938,09.11 Persuasion,9/11/2025,PHONE,Phone Calls - Live,1271,11983,9/14/2025,PHONE,Phone Bank,295.00,Scale to Win,Santa Ana,CA,92703,10/15/2025,295.00,Independent Spender,0
2025,Z231,SURJ for a Livable New York,6938,09.11 Persuasion,9/11/2025,PHONE,Phone Calls - Live,1271,11981,9/11/2025,PHONE,Phone Bank,220.17,SURJ,Atlanta,,30313,,0.00,,0
2025,Z231,SURJ for a Livable New York,6938,09.11 Persuasion,9/11/2025,PHONE,Phone Calls - Live,1271,11982,9/13/2025,PHONE,Phone Bank,756.03,SURJ,Atlanta,,30313,,0.00,,0
2025,Z231,SURJ for a Livable New York,6940,09.14 Literature,9/14/2025,LITER,Leaflet/Flyer,461,11986,9/14/2025,PRNT,Printing,461.04,SURJ,Atlanta,,30313,,0.00,,0
2025,Z231,SURJ for a Livable New York,6954,09.18 Persuasion,9/18/2025,PHONE,Phone Calls - Live,1041,12010,9/18/2025,PHONE,Phone Bank,259.42,Scale to Win,Santa Ana,CA,92703,10/15/2025,259.42,Independent Spender,0
2025,Z231,SURJ for a Livable New York,6954,09.18 Persuasion,9/18/2025,PHONE,Phone Calls - Live,1041,12007,9/15/2025,PHONE,Phone Bank,121.06,SURJ,Atlanta,,30313,,0.00,,0
2025,Z231,SURJ for a Livable New York,6954,09.18 Persuasion,9/18/2025,PHONE,Phone Calls - Live,1041,12008,9/17/2025,PHONE,Phone Bank,149.06,SURJ,Atlanta,,30313,,0.00,,0
2025,Z231,SURJ for a Livable New York,6954,09.18 Persuasion,9/18/2025,PHONE,Phone Calls - Live,1041,12009,9/20/2025,PHONE,Phone Bank,511.03,SURJ,Atlanta,,30313,,0.00,,0
2025,Z231,SURJ for a Livable New York,6971,09.24 Persuasion,9/24/2025,PHONE,Phone Calls - Live,650,12036,9/27/2025,PHONE,Phone Bank,650.49,SURJ,Atlanta,,30313,,0.00,,0
2025,Z231,SURJ for a Livable New York,6999,09.30 Turnout,9/30/2025,PHONE,Phone Calls - Live,1171,12077,9/30/2025,PHONE,Phone Bank,266.27,Scale to Win,Santa Ana,CA,92703,10/15/2025,266.27,Independent Spender,0
2025,Z231,SURJ for a Livable New York,6999,09.30 Turnout,9/30/2025,PHONE,Phone Calls - Live,1171,12074,9/29/2025,PHONE,Phone Bank,209.37,SURJ,Atlanta,,30313,,0.00,,0
2025,Z231,SURJ for a Livable New York,6999,09.30 Turnout,9/30/2025,PHONE,Phone Calls - Live,1171,12075,9/30/2025,PHONE,Phone Bank,140.99,SURJ,Atlanta,,30313,,0.00,,0
2025,Z231,SURJ for a Livable New York,6999,09.30 Turnout,9/30/2025,PHONE,Phone Calls - Live,1171,12078,10/4/2025,PHONE,Phone Bank,553.92,SURJ,Atlanta,,30313,,0.00,,0
2025,Z231,SURJ for a Livable New York,7050,10.06 Turnout,10/6/2025,PHONE,Phone Calls - Live,300,12138,10/6/2025,PHONE,Phone Bank,138.45,Scale to Win,Santa Ana,CA,92703,11/5/2025,138.45,Independent Spender,0
2025,Z231,SURJ for a Livable New York,7050,10.06 Turnout,10/6/2025,PHONE,Phone Calls - Live,300,12137,10/6/2025,PHONE,Phone Bank,161.25,SURJ,Atlanta,,30313,,0.00,,0
2025,Z231,SURJ for a Livable New York,7047,10.09 Turnout,10/9/2025,PHONE,Phone Calls - Live,889,12140,10/9/2025,PHONE,Phone Bank,340.28,Scale to Win,Santa Ana,CA,92703,11/5/2025,340.28,Independent Spender,0
2025,Z231,SURJ for a Livable New York,7047,10.09 Turnout,10/9/2025,PHONE,Phone Calls - Live,889,12139,10/9/2025,PHONE,Phone Bank,549.03,SURJ,Atlanta,,30313,,0.00,,0
2025,Z231,SURJ for a Livable New York,7048,10.11 Turnout,10/11/2025,PHONE,Phone Calls - Live,1495,12142,10/11/2025,PHONE,Phone Bank,338.75,Scale to Win,Santa Ana,CA,92703,11/5/2025,338.75,Independent Spender,0
2025,Z231,SURJ for a Livable New York,7048,10.11 Turnout,10/11/2025,PHONE,Phone Calls - Live,1495,12141,10/11/2025,PHONE,Phone Bank,1155.75,SURJ,Atlanta,,30313,,0.00,,0
2025,Z231,SURJ for a Livable New York,7113,10.16 Turnout,10/16/2025,PHONE,Phone Calls - Live,2281,12230,10/16/2025,PHONE,Phone Bank,463.55,Scale to Win,Santa Ana,CA,92703,11/5/2025,463.55,Independent Spender,0
2025,Z231,SURJ for a Livable New York,7113,10.16 Turnout,10/16/2025,PHONE,Phone Calls - Live,2281,12229,10/16/2025,PHONE,Phone Bank,1817.27,SURJ,Atlanta,,30313,,0.00,,0
2025,Z231,SURJ for a Livable New York,7114,10.18 Literature,10/18/2025,LITER,Leaflet/Flyer,419,12231,10/18/2025,PRNT,Printing,419.17,SURJ,Atlanta,,30313,,0.00,,0
2025,Z231,SURJ for a Livable New York,7214,10.23 Turnout,10/23/2025,PHONE,Phone Calls - Live,708,12383,10/23/2025,PHONE,Phone Bank,582.26,Scale to Win,Santa Ana,CA,92703,11/5/2025,582.26,Independent Spender,0
2025,Z231,SURJ for a Livable New York,7214,10.23 Turnout,10/23/2025,PHONE,Phone Calls - Live,708,12382,10/23/2025,PHONE,Phone Bank,125.62,SURJ,Atlanta,,30313,,0.00,,0
2025,Z231,SURJ for a Livable New York,7431,11.02 Turnout,11/2/2025,PHONE,Phone Calls - Live,738,12841,11/2/2025,PHONE,Phone Bank,580.87,Scale to Win,Santa Ana,CA,92703,,0.00,,0
2025,Z231,SURJ for a Livable New York,7431,11.02 Turnout,11/2/2025,PHONE,Phone Calls - Live,738,12840,11/2/2025,PHONE,Phone Bank,157.03,SURJ,Atlanta,,30313,,0.00,,0
2025,Z231,SURJ for a Livable New York,7494,11.04 Turnout,11/4/2025,PHONE,Phone Calls - Live,1703,12954,11/4/2025,PHONE,Phone Bank,471.74,Scale to Win,Santa Ana,CA,92703,,0.00,,0
2025,Z231,SURJ for a Livable New York,7494,11.04 Turnout,11/4/2025,PHONE,Phone Calls - Live,1703,12953,11/4/2025,PHONE,Phone Bank,1231.24,SURJ,Atlanta,,30313,,0.00,,0
2025,Z231,SURJ for a Livable New York,6893,8.28 Persuasion,8/28/2025,PHONE,Phone Calls - Live,1245,11913,8/28/2025,PHONE,Phone Bank,309.50,Scale to Win,Santa Ana,CA,92703,9/10/2025,309.50,Independent Spender,0
2025,Z231,SURJ for a Livable New York,6893,8.28 Persuasion,8/28/2025,PHONE,Phone Calls - Live,1245,11909,8/26/2025,PHONE,Phone Bank,318.72,SURJ,Atlanta,,30313,,0.00,,0
2025,Z231,SURJ for a Livable New York,6893,8.28 Persuasion,8/28/2025,PHONE,Phone Calls - Live,1245,11910,8/27/2025,PHONE,Phone Bank,222.11,SURJ,Atlanta,,30313,,0.00,,0
2025,Z231,SURJ for a Livable New York,6893,8.28 Persuasion,8/28/2025,PHONE,Phone Calls - Live,1245,11911,8/28/2025,PHONE,Phone Bank,281.97,SURJ,Atlanta,,30313,,0.00,,0
2025,Z231,SURJ for a Livable New York,6893,8.28 Persuasion,8/28/2025,PHONE,Phone Calls - Live,1245,11912,8/29/2025,PHONE,Phone Bank,112.37,SURJ,Atlanta,,30313,,0.00,,0
2025,Z224,Unity & Justice Fund PAC,7446,Countering Billionaires,10/31/2025,INTVID,Video (Internet),1633,13045,10/31/2025,ADBUY,Advertising Buy/Placement,1633.06,"Meta Platforms, Inc.",Menlo Park,CA,94025,,0.00,,0
2025,Z224,Unity & Justice Fund PAC,7448,Lateefah Zohran,10/31/2025,INTVID,Video (Internet),1633,13047,10/31/2025,ADBUY,Advertising Buy/Placement,1633.06,"Meta Platforms, Inc.",Menlo Park,CA,94025,,0.00,,0
2025,Z224,Unity & Justice Fund PAC,7450,Mamdani SMS,10/31/2025,TEXT,Text Messages,1802,12875,10/31/2025,TEXT,Text Messages,1801.50,Switchboard Public Benefit Corp,Washington,DC,20033,,0.00,,0
2025,Z224,Unity & Justice Fund PAC,7449,Now-Nov,10/31/2025,INTVID,Video (Internet),1633,13049,10/31/2025,ADBUY,Advertising Buy/Placement,1633.05,"Meta Platforms, Inc.",Menlo Park,CA,94025,,0.00,,0
2025,Z224,Unity & Justice Fund PAC,7451,Rashida4Mamdani,10/31/2025,TEXT,Text Messages,1801,12876,10/31/2025,TEXT,Text Messages,1801.49,Switchboard Public Benefit Corp,Washington,DC,20033,,0.00,,0
2025,Z224,Unity & Justice Fund PAC,7447,Rashido for Zohran,10/31/2025,INTVID,Video (Internet),1633,13044,10/31/2025,ADBUY,Advertising Buy/Placement,1633.06,"Meta Platforms, Inc.",Menlo Park,CA,94025,,0.00,,0
2025,Z224,Unity & Justice Fund PAC,7516,UJF Mamdani Flyer,10/31/2025,LITER,Leaflet/Flyer,2776,13014,10/31/2025,LD,Literature Distribution (non-postage),1700.00,Getty Images,Seattle,WA,98104,11/20/2025,1700.00,Independent Spender,0
2025,Z224,Unity & Justice Fund PAC,7516,UJF Mamdani Flyer,10/31/2025,LITER,Leaflet/Flyer,2776,13015,10/31/2025,LD,Literature Distribution (non-postage),1076.36,Ninja Printhouse,Philadelphia,PA,19154,11/20/2025,1076.36,Independent Spender,0
2025,Z258,Vote Common Sense,7183,Media Placement,10/20/2025,TVADS,Video (TV/Cable),25000,12343,10/20/2025,ADBUY,Advertising Buy/Placement,25000.00,Arena Digital,Salt Lake City,UT,84106,10/20/2025,25000.00,Independent Spender,0
2025,Z258,Vote Common Sense,7184,Media Placement,10/11/2025,TVADS,Video (TV/Cable),25000,12344,10/11/2025,ADBUY,Advertising Buy/Placement,25000.00,Arena Digital,Salt Lake City,UT,84106,10/11/2025,25000.00,Independent Spender,0
2025,Z258,Vote Common Sense,7185,Media Placement,10/15/2025,TVADS,Video (TV/Cable),25000,12345,10/15/2025,ADBUY,Advertising Buy/Placement,25000.00,Arena Digital,Salt Lake City,UT,84106,10/15/2025,25000.00,Independent Spender,0
2025,Z258,Vote Common Sense,7186,Media Placement,10/11/2025,TVADS,Video (TV/Cable),224450,12346,10/11/2025,ADBUY,Advertising Buy/Placement,224450.00,Fidi Media LLC,New York,NY,10038,10/11/2025,224450.00,Independent Spender,0
2025,Z258,Vote Common Sense,7187,Media Placement,10/15/2025,TVADS,Video (TV/Cable),225450,12348,10/15/2025,ADBUY,Advertising Buy/Placement,225450.00,Fidi Media LLC,New York,NY,10038,10/15/2025,225450.00,Independent Spender,0
2025,Z258,Vote Common Sense,7188,Media Placement,10/20/2025,TVADS,Video (TV/Cable),251058,12349,10/20/2025,ADBUY,Advertising Buy/Placement,251058.00,Fidi Media LLC,New York,NY,10038,10/20/2025,251058.00,Independent Spender,0
2025,Z258,Vote Common Sense,7182,Media Production,10/11/2025,TVADS,Video (TV/Cable),13375,12340,10/11/2025,ADPROD,Advertising Production,13375.00,Riding Tide Media Group,Salt Lake City,UT,84106,10/11/2025,13375.00,Independent Spender,0
2025,Z222,"VYAS, KUSUM Y",6160,Aerial Banner,6/6/2025,BILLBD,Billboard,3000,10597,6/6/2025,ADBUY,Advertising Buy/Placement,3000.00,Flysigns Aerial Advertising,,,,6/6/2025,3000.00,Independent Spender,0
2025,Z249,WE ACT to Vote.,7080,WE ACT to Vote 2025 General Election Endorsement Mailer,10/17/2025,MAIL,Mass Mailing,9425,12207,10/17/2025,POSTA,Postage / Delivery,17541.70,AAA Photo,Old Bethpage,NY,11804,10/17/2025,17541.70,WE ACT 4 Change Inc,8483
2025,Z249,WE ACT to Vote.,7080,WE ACT to Vote 2025 General Election Endorsement Mailer,10/17/2025,MAIL,Mass Mailing,9425,12739,10/28/2025,LD,Literature Distribution (non-postage),2880.00,WE ACT 4 Change Inc,New York,NY,10031,10/31/2025,2880.00,WE ACT 4 Change Inc,8483
2025,Z225,"We the People, America for All",6840,Video fast and clean buses support for Mamdani for NYC,7/28/2025,BILLBD,Billboard,5000,11835,7/28/2025,ADBUY,Advertising Buy/Placement,5000.00,Molitico Consulting LLC,Washington,DC,20005,7/28/2025,5000.00,Independent Spender,0
2025,Z225,"We the People, America for All",6841,Video fast and clean buses support for Mamdani for NYC,8/4/2025,BILLBD,Billboard,5000,11836,8/4/2025,ADBUY,Advertising Buy/Placement,5000.00,Molitico Consulting LLC,Washington,DC,20005,,0.00,,0
2025,Z225,"We the People, America for All",6911,Video fast and clean buses support for Mamdani for NYC,8/25/2025,BILLBD,Billboard,5000,11932,8/25/2025,ADBUY,Advertising Buy/Placement,5000.00,Molitico Consulting LLC,Washington,DC,20005,,0.00,,0
2025,Z225,"We the People, America for All",6932,Video fast and clean buses support for Mamdani for NYC,9/2/2025,BILLBD,Billboard,5000,11973,9/2/2025,ADBUY,Advertising Buy/Placement,5000.00,Molitico Consulting LLC,Washington,DC,20005,,0.00,,0
2025,Z225,"We the People, America for All",6948,Video fast and clean buses support for Mamdani for NYC,9/8/2025,BILLBD,Billboard,5000,12001,9/8/2025,ADBUY,Advertising Buy/Placement,5000.00,Molitico Consulting LLC,Washington,DC,20005,,0.00,,0
2025,Z225,"We the People, America for All",6952,Video fast and clean buses support for Mamdani for NYC,9/15/2025,BILLBD,Billboard,5000,12033,9/15/2025,ADBUY,Advertising Buy/Placement,5000.00,Molitico Consulting LLC,Washington,DC,20005,,0.00,,0
2025,Z225,"We the People, America for All",6992,Video fast and clean buses support for Mamdani for NYC,9/22/2025,BILLBD,Billboard,5000,12066,9/22/2025,ADBUY,Advertising Buy/Placement,5000.00,Molitico Consulting LLC,Washington,DC,20005,,0.00,,0
2025,Z225,"We the People, America for All",7028,Video fast and clean buses support for Mamdani for NYC,9/29/2025,BILLBD,Billboard,1429,12112,9/29/2025,ADBUY,Advertising Buy/Placement,1429.00,Molitico Consulting LLC,Washington,DC,20005,,0.00,,0
2025,Z157,WFP National PAC - NYS IE Committee,6482,Billboard Truck,6/20/2025,OTHER,Other,6500,11136,6/20/2025,ADBUY,Advertising Buy/Placement,6500.00,Rolling Box Media,Port Washington,NY,11050,6/20/2025,6500.00,Emgage Action,7745
2025,Z157,WFP National PAC - NYS IE Committee,6672,Cuomo Digital Ad Distribution 6.23.25,6/23/2025,INTVID,Video (Internet),2000,11403,6/23/2025,ADBUY,Advertising Buy/Placement,2000.00,New Yorkers for a Better New York Today,Washington,,20033,6/24/2025,2000.00,Independent Spender,0
2025,Z157,WFP National PAC - NYS IE Committee,6674,Cuomo Digital Ad Distribution 6.23.25 2,6/23/2025,INTVID,Video (Internet),2000,11407,6/23/2025,ADBUY,Advertising Buy/Placement,2000.00,New Yorkers for Lower Costs,New York,,10016,,0.00,,0
2025,Z157,WFP National PAC - NYS IE Committee,6313,Cuomo TV Ad 15s,6/18/2025,TVADS,Video (TV/Cable),150000,10844,6/18/2025,ADBUY,Advertising Buy/Placement,150000.00,Mission Creative Inc.,Fairfax,VA,22030,6/18/2025,150000.00,Independent Spender,0
2025,Z157,WFP National PAC - NYS IE Committee,6314,Cuomo TV Ad 30s,6/18/2025,TVADS,Video (TV/Cable),250000,10847,6/18/2025,ADBUY,Advertising Buy/Placement,250000.00,Mission Creative Inc.,Fairfax,VA,22030,6/18/2025,250000.00,Independent Spender,0
2025,Z157,WFP National PAC - NYS IE Committee,7363,Cuomo TV Ad G2025,10/31/2025,TVADS,Video (TV/Cable),441600,12721,10/23/2025,ADBUY,Advertising Buy/Placement,441600.00,LC Media LLC,Huntingdon Valley,PA,19006,10/23/2025,441600.00,Independent Spender,0
2025,Z157,WFP National PAC - NYS IE Committee,6117,Cuomo Video Ad,6/14/2025,INTVID,Video (Internet),18000,10546,6/14/2025,ADPROD,Advertising Production,18000.00,"The Creative Resistance, LLC",Brooklyn,,11222,6/23/2025,18000.00,Independent Spender,0
2025,Z157,WFP National PAC - NYS IE Committee,6503,Hanif/Mamdani Phone Banking (In-kind),6/21/2025,PHONE,Phone Calls - Live,750,11163,6/21/2025,PHONE,Phone Bank,1500.00,Emgage Action,Kathleen,FL,33849,6/21/2025,1500.00,Emgage Action,7745
2025,Z157,WFP National PAC - NYS IE Committee,6505,Hanif/Mamdani Texting (In-kind),6/21/2025,TEXT,Text Messages,297,11165,6/21/2025,TEXT,Text Messages,593.55,Emgage Action,Kathleen,FL,33849,6/21/2025,593.55,Emgage Action,7745
2025,Z157,WFP National PAC - NYS IE Committee,7373,Mamdani - Patrick Merveille Video 10.30.25,10/30/2025,INTVID,Video (Internet),100,12723,10/30/2025,ADBUY,Advertising Buy/Placement,100.00,"Merveille, Patrick",New York,NY,11423,,0.00,,0
2025,Z157,WFP National PAC - NYS IE Committee,7334,Mamdani College Digital Program Buy,10/29/2025,INTVID,Video (Internet),25000,12633,10/27/2025,ADBUY,Advertising Buy/Placement,25000.00,LC Media LLC,Huntingdon Valley,PA,19006,10/27/2025,25000.00,Independent Spender,0
2025,Z157,WFP National PAC - NYS IE Committee,7335,Mamdani College Digital Program Buy 2,10/29/2025,INTVID,Video (Internet),25000,12632,10/27/2025,ADBUY,Advertising Buy/Placement,25000.00,LC Media LLC,Huntingdon Valley,PA,19006,10/27/2025,25000.00,Independent Spender,0
2025,Z157,WFP National PAC - NYS IE Committee,7306,Mamdani Digital Ads 10.28.25,10/28/2025,INTVID,Video (Internet),100000,12575,10/23/2025,ADBUY,Advertising Buy/Placement,100000.00,LC Media LLC,Huntingdon Valley,PA,19006,10/23/2025,100000.00,Independent Spender,0
2025,Z157,WFP National PAC - NYS IE Committee,7239,Mamdani Facebook Ads,10/23/2025,INTVID,Video (Internet),11120,12422,10/23/2025,ADBUY,Advertising Buy/Placement,11120.16,Facebook,Menlo Park,CA,94025,10/27/2025,2000.00,Independent Spender,0
2025,Z157,WFP National PAC - NYS IE Committee,7239,Mamdani Facebook Ads,10/23/2025,INTVID,Video (Internet),11120,12422,10/23/2025,ADBUY,Advertising Buy/Placement,11120.16,Facebook,Menlo Park,CA,94025,10/28/2025,2000.00,Independent Spender,0
2025,Z157,WFP National PAC - NYS IE Committee,7239,Mamdani Facebook Ads,10/23/2025,INTVID,Video (Internet),11120,12422,10/23/2025,ADBUY,Advertising Buy/Placement,11120.16,Facebook,Menlo Park,CA,94025,10/31/2025,93.63,Independent Spender,0
2025,Z157,WFP National PAC - NYS IE Committee,7239,Mamdani Facebook Ads,10/23/2025,INTVID,Video (Internet),11120,12422,10/23/2025,ADBUY,Advertising Buy/Placement,11120.16,Facebook,Menlo Park,CA,94025,10/31/2025,2000.00,Independent Spender,0
2025,Z157,WFP National PAC - NYS IE Committee,7239,Mamdani Facebook Ads,10/23/2025,INTVID,Video (Internet),11120,12422,10/23/2025,ADBUY,Advertising Buy/Placement,11120.16,Facebook,Menlo Park,CA,94025,11/3/2025,2000.00,Independent Spender,0
2025,Z157,WFP National PAC - NYS IE Committee,7348,Mamdani Newspaper Ad - The Korea Daily,10/30/2025,PRINT,Print Ad,2100,12674,10/30/2025,ADBUY,Advertising Buy/Placement,2100.00,The Korea Daily,Long Island City,,11101,,0.00,,0
2025,Z157,WFP National PAC - NYS IE Committee,7350,Mamdani Newspaper Ad - The Korea Times New York,10/30/2025,PRINT,Print Ad,1400,12676,10/30/2025,ADBUY,Advertising Buy/Placement,1400.00,The Korea Times New York,Flushing,,11354,,0.00,,0
2025,Z157,WFP National PAC - NYS IE Committee,7349,Mamdani Newspaper Ad - The Korean New York Daily,10/30/2025,PRINT,Print Ad,1500,12675,10/30/2025,ADBUY,Advertising Buy/Placement,1500.00,The Korean New York Daily,Flushing,,11358,,0.00,,0
2025,Z157,WFP National PAC - NYS IE Committee,6936,Mamdani Social Media Content,9/10/2025,INTAD,Internet - Display/Banner,9126,11979,9/10/2025,ADPROD,Advertising Production,5000.00,Moore + Associates LLC,New York,NY,10040,9/10/2025,5000.00,Independent Spender,0
2025,Z157,WFP National PAC - NYS IE Committee,6936,Mamdani Social Media Content,9/10/2025,INTAD,Internet - Display/Banner,9126,12576,10/27/2025,ADPROD,Advertising Production,4126.00,Moore + Associates LLC,New York,NY,10040,11/12/2025,4126.00,Independent Spender,0
2025,Z157,WFP National PAC - NYS IE Committee,7406,Mamdani Texts 1.1.25,11/1/2025,TEXT,Text Messages,7835,12784,11/1/2025,TEXT,Text Messages,7834.58,Community Labor Administrative Services,Brooklyn,NY,11201,,0.00,,0
2025,Z157,WFP National PAC - NYS IE Committee,7237,Mamdani TV Ads G2025,10/24/2025,TVADS,Video (TV/Cable),478400,12421,10/23/2025,ADBUY,Advertising Buy/Placement,478400.00,LC Media LLC,Huntingdon Valley,PA,19006,10/23/2025,478400.00,Independent Spender,0
2025,Z157,WFP National PAC - NYS IE Committee,7235,Mamdani Video Ads Production,10/23/2025,INTVID,Video (Internet),15000,12420,10/23/2025,ADPROD,Advertising Production,15000.00,"Kim, Christopher",Brooklyn,NY,11205,11/12/2025,15000.00,Independent Spender,0
2025,Z157,WFP National PAC - NYS IE Committee,6509,Mayor Digital Ad 6.23.25,6/23/2025,INTVID,Video (Internet),7500,11169,6/22/2025,ADBUY,Advertising Buy/Placement,50000.00,Mission Creative Inc.,Fairfax,VA,22030,6/23/2025,50000.00,Independent Spender,0
2025,Z157,WFP National PAC - NYS IE Committee,5911,NYC Mayor Canvass (In-Kind),6/11/2025,OTHER,Other,45697,10225,6/11/2025,PHONE,Phone Bank,45697.14,"Make the Road Action, Inc.",Brooklyn,NY,11237,6/11/2025,45697.14,"Make The Road Action, Inc.",7442
2025,Z157,WFP National PAC - NYS IE Committee,6231,NYC Slate Direct Mail,6/17/2025,MAIL,Mass Mailing,167285,10718,6/16/2025,POSTA,Postage / Delivery,177133.33,SpeakEasy Political,San Francisco,CA,94109,6/16/2025,177133.33,Independent Spender,0
2025,Z157,WFP National PAC - NYS IE Committee,5893,Texting - NYC Mayor,6/12/2025,TEXT,Text Messages,11309,10321,6/12/2025,PHONE,Phone Bank,11308.77,Community Labor Administrative Services,Brooklyn,NY,11201,,0.00,,0
2025,Z263,"Winters, hpwinters, Hope",7536,Cab Billboards,11/3/2025,BILLBD,Billboard,60000,13072,11/3/2025,ADPROD,Advertising Production,60000.00,"FIrefly Systems, Inc",New York,NY,10001,11/3/2025,60000.00,Independent Spender,0
2025,Z263,"Winters, hpwinters, Hope",7529,trucks,10/29/2025,BILLBD,Billboard,175000,13064,10/29/2025,ADPROD,Advertising Production,175000.00,"FIrefly Systems, Inc",New York,NY,10001,,0.00,,0

