ELECTION,SPENDERID,SPENDER_NAME,C_CODE,STRNO,STRNAME,APARTMENT,CITY,STATE,ZIP,FILING,COMMUNICATION_ID,COMMUNICATION_NAME,COMM_DATE,COMM_PURPOSECD,COMM_PURPOSE,COMM_AMNT,CANDID,CANDNAME,OFFICECD,OFFICE_BORO_DISTRICT,ALLOCATION,POSITION
2025,Z194,Affordable New York,OTHR,2350,Kerner Boulevard,250,San Rafael,CA,94901,PD,6273,Multiple Candidate Social Media Ads,6/17/2025,INTAD,Internet - Display/Banner,237500,1164,"Lander, Brad",1,,79166.6800,Oppose
2025,Z194,Affordable New York,OTHR,2350,Kerner Boulevard,250,San Rafael,CA,94901,PD,6273,Multiple Candidate Social Media Ads,6/17/2025,INTAD,Internet - Display/Banner,237500,2899,"Mamdani, Zohran K",1,,79166.6600,Oppose
2025,Z194,Affordable New York,OTHR,2350,Kerner Boulevard,250,San Rafael,CA,94901,PD,6273,Multiple Candidate Social Media Ads,6/17/2025,INTAD,Internet - Display/Banner,237500,148,"Stringer, Scott M",1,,79166.6600,Oppose
2025,Z194,Affordable New York,OTHR,2350,Kerner Boulevard,250,San Rafael,CA,94901,PD,5753,Multiple Candidates TV Ad,6/9/2025,TVADS,Video (TV/Cable),1084100,1164,"Lander, Brad",1,,361366.6800,Oppose
2025,Z194,Affordable New York,OTHR,2350,Kerner Boulevard,250,San Rafael,CA,94901,PD,5753,Multiple Candidates TV Ad,6/9/2025,TVADS,Video (TV/Cable),1084100,2899,"Mamdani, Zohran K",1,,361366.6600,Oppose
2025,Z194,Affordable New York,OTHR,2350,Kerner Boulevard,250,San Rafael,CA,94901,PD,5753,Multiple Candidates TV Ad,6/9/2025,TVADS,Video (TV/Cable),1084100,148,"Stringer, Scott M",1,,361366.6600,Oppose
2025,Z229,Anyone But Mamdani,OTHR,489,Fifth Ave,FL16,New York,NY,10017,41,7151,Bo at Library,10/17/2025,INTVID,Video (Internet),15132,2899,"Mamdani, Zohran K",1,,15132.0000,Oppose
2025,Z229,Anyone But Mamdani,OTHR,489,Fifth Ave,FL16,New York,NY,10017,39,7026,Bo in Bronx,9/29/2025,INTVID,Video (Internet),700,2899,"Mamdani, Zohran K",1,,700.0000,Oppose
2025,Z229,Anyone But Mamdani,OTHR,489,Fifth Ave,FL16,New York,NY,10017,38,6993,Bo in Harlem,9/26/2025,INTVID,Video (Internet),700,2899,"Mamdani, Zohran K",1,,700.0000,Oppose
2025,Z229,Anyone But Mamdani,OTHR,489,Fifth Ave,FL16,New York,NY,10017,41,7150,Bo in Office,10/17/2025,INTVID,Video (Internet),15082,2899,"Mamdani, Zohran K",1,,15082.3200,Oppose
2025,Z229,Anyone But Mamdani,OTHR,489,Fifth Ave,FL16,New York,NY,10017,35,6922,Video on Queensbridge Development,9/2/2025,INTVID,Video (Internet),500,2899,"Mamdani, Zohran K",1,,500.0000,Oppose
2025,Z229,Anyone But Mamdani,OTHR,489,Fifth Ave,FL16,New York,NY,10017,32,6853,Website,8/12/2025,WEB,Website,4470,2899,"Mamdani, Zohran K",1,,4470.0000,Oppose
2025,Z169,Committee for Sensible Government,OTHR,5907,5907 175th Place,STE PH,fresh meadows,NY,11365,PD,6477,30 second video opposing Mamdani,6/20/2025,INTVID,Video (Internet),16500,2899,"Mamdani, Zohran K",1,,16500.0000,Oppose
2025,Z217,Competent New York,OTHR,1900,L St NW Ste 800,,Washington,DC,20036,23,5711,Best of the Boroughs - Digital Video,6/7/2025,INTVID,Video (Internet),374200,2063,"Adams, Adrienne E",1,,374200.0000,Support
2025,Z217,Competent New York,OTHR,1900,L St NW Ste 800,,Washington,DC,20036,23,5719,Order My Steps - Radio Advertisement,6/7/2025,RADIO,Audio > 30 seconds,135800,2063,"Adams, Adrienne E",1,,135800.0000,Support
2025,Z234,Counter Coalition Action,OTHR,12323,Ashford Hollow Dr,,Sugar Land,TX,77478,33,6869,Fundraising Text Blast,8/19/2025,TEXT,Text Messages,386,2899,"Mamdani, Zohran K",1,,385.9400,Support
2025,Z234,Counter Coalition Action,OTHR,12323,Ashford Hollow Dr,,Sugar Land,TX,77478,33,6870,Relatinoal Organizing Training,8/22/2025,OTHER,Other,1000,2899,"Mamdani, Zohran K",1,,1000.0000,Support
2025,Z239,Defend and Advance - NY I.E.,OTHR,3425,U.S. Hwy 98 N,,Lakeland,FL,33809,40,6976,Canvassing for Zohran,9/27/2025,LITER,Leaflet/Flyer,949,2899,"Mamdani, Zohran K",1,,948.7700,Support
2025,Z239,Defend and Advance - NY I.E.,OTHR,3425,U.S. Hwy 98 N,,Lakeland,FL,33809,GD,7420,Mobile Billboard for Zohran,11/1/2025,OTHER,Other,16068,2899,"Mamdani, Zohran K",1,,16068.0000,Support
2025,Z239,Defend and Advance - NY I.E.,OTHR,3425,U.S. Hwy 98 N,,Lakeland,FL,33809,GD,7148,Muslims for Zohran T-Shirts and Totes,10/19/2025,BUTTON,Button / Pen / Shirt,5422,2899,"Mamdani, Zohran K",1,,5422.0900,Support
2025,Z239,Defend and Advance - NY I.E.,OTHR,3425,U.S. Hwy 98 N,,Lakeland,FL,33809,40,7042,Phone Bank Script for Zohran Mamdani,10/7/2025,PHONE,Phone Calls - Live,4609,2899,"Mamdani, Zohran K",1,,4608.6000,Support
2025,Z239,Defend and Advance - NY I.E.,OTHR,3425,U.S. Hwy 98 N,,Lakeland,FL,33809,45,7044,Phone Bank Script for Zohran Mamdani,10/23/2025,PHONE,Phone Calls - Live,1387,2899,"Mamdani, Zohran K",1,,1387.4400,Support
2025,Z239,Defend and Advance - NY I.E.,OTHR,3425,U.S. Hwy 98 N,,Lakeland,FL,33809,40,7043,Social Media Content,10/7/2025,INTAD,Internet - Display/Banner,2750,2899,"Mamdani, Zohran K",1,,2750.0000,Support
2025,Z239,Defend and Advance - NY I.E.,OTHR,3425,U.S. Hwy 98 N,,Lakeland,FL,33809,GD,7045,Support Zohran Buttons,10/10/2025,BUTTON,Button / Pen / Shirt,434,2899,"Mamdani, Zohran K",1,,434.1800,Support
2025,Z239,Defend and Advance - NY I.E.,OTHR,3425,U.S. Hwy 98 N,,Lakeland,FL,33809,GD,7346,Text Banking,10/26/2025,TEXT,Text Messages,1909,2899,"Mamdani, Zohran K",1,,1908.5200,Support
2025,Z250,Defend NYC,OTHR,7,Park Avenue,16A,New York,NY,10016,41,7110,10/17 Text Message,10/17/2025,TEXT,Text Messages,750000,2899,"Mamdani, Zohran K",1,,750000.0000,Oppose
2025,Z250,Defend NYC,OTHR,7,Park Avenue,16A,New York,NY,10016,GD,7284,10/27 Text Messages,10/27/2025,TEXT,Text Messages,250000,2993,"Cuomo, Andrew M",1,,125000.0000,Support
2025,Z250,Defend NYC,OTHR,7,Park Avenue,16A,New York,NY,10016,GD,7284,10/27 Text Messages,10/27/2025,TEXT,Text Messages,250000,2899,"Mamdani, Zohran K",1,,125000.0000,Oppose
2025,Z250,Defend NYC,OTHR,7,Park Avenue,16A,New York,NY,10016,GD,7442,Palm Cards,11/2/2025,LITER,Leaflet/Flyer,30000,2993,"Cuomo, Andrew M",1,,30000.0000,Support
2025,Z250,Defend NYC,OTHR,7,Park Avenue,16A,New York,NY,10016,GD,7332,Text Messages,10/28/2025,TEXT,Text Messages,1000000,2993,"Cuomo, Andrew M",1,,500000.0000,Support
2025,Z250,Defend NYC,OTHR,7,Park Avenue,16A,New York,NY,10016,GD,7332,Text Messages,10/28/2025,TEXT,Text Messages,1000000,2899,"Mamdani, Zohran K",1,,500000.0000,Oppose
2025,Z250,Defend NYC,OTHR,7,Park Avenue,16A,New York,NY,10016,GD,7365,Text Messages,10/30/2025,TEXT,Text Messages,1000000,2993,"Cuomo, Andrew M",1,,1000000.0000,Support
2025,Z250,Defend NYC,OTHR,7,Park Avenue,16A,New York,NY,10016,GD,7429,Text Messages,11/2/2025,TEXT,Text Messages,1000000,2993,"Cuomo, Andrew M",1,,333333.3400,Support
2025,Z250,Defend NYC,OTHR,7,Park Avenue,16A,New York,NY,10016,GD,7429,Text Messages,11/2/2025,TEXT,Text Messages,1000000,2899,"Mamdani, Zohran K",1,,333333.3300,Oppose
2025,Z250,Defend NYC,OTHR,7,Park Avenue,16A,New York,NY,10016,GD,7429,Text Messages,11/2/2025,TEXT,Text Messages,1000000,2618,"Sliwa, Curtis A",1,,333333.3300,Oppose
2025,Z250,Defend NYC,OTHR,7,Park Avenue,16A,New York,NY,10016,GD,7471,Text Messages,11/3/2025,TEXT,Text Messages,1000000,2993,"Cuomo, Andrew M",1,,500000.0000,Support
2025,Z250,Defend NYC,OTHR,7,Park Avenue,16A,New York,NY,10016,GD,7471,Text Messages,11/3/2025,TEXT,Text Messages,1000000,2899,"Mamdani, Zohran K",1,,500000.0000,Oppose
2025,Z44,Empire State 32BJ SEIU PAC,EMPO,25,West 18th Street,,New York,NY,10011,23,5715,Cuomo Literature Distribution,6/6/2025,LITER,Leaflet/Flyer,18983,2993,"Cuomo, Andrew M",1,,18983.1900,Support
2025,Z44,Empire State 32BJ SEIU PAC,EMPO,25,West 18th Street,,New York,NY,10011,23,5732,Cuomo phone banking english,5/21/2025,PHONE,Phone Calls - Live,3697,2993,"Cuomo, Andrew M",1,,3697.2400,Support
2025,Z44,Empire State 32BJ SEIU PAC,EMPO,25,West 18th Street,,New York,NY,10011,PD,6636,Cuomo phone banking GOTV,6/23/2025,PHONE,Phone Calls - Live,170,2993,"Cuomo, Andrew M",1,,169.6100,Support
2025,Z44,Empire State 32BJ SEIU PAC,EMPO,25,West 18th Street,,New York,NY,10011,23,5734,Cuomo phone banking spanish,5/21/2025,PHONE,Phone Calls - Live,3697,2993,"Cuomo, Andrew M",1,,3697.2400,Support
2025,Z44,Empire State 32BJ SEIU PAC,EMPO,25,West 18th Street,,New York,NY,10011,40,7053,Mamdani phone banking,10/9/2025,PHONE,Phone Calls - Live,10332,2899,"Mamdani, Zohran K",1,,10332.2400,Support
2025,Z44,Empire State 32BJ SEIU PAC,EMPO,25,West 18th Street,,New York,NY,10011,40,7058,Mamdani Robo Calls,10/6/2025,ROBO,Robo Call,750,2899,"Mamdani, Zohran K",1,,750.0000,Support
2025,Z44,Empire State 32BJ SEIU PAC,EMPO,25,West 18th Street,,New York,NY,10011,39,7030,Zohran Palm Cards,9/29/2025,LITER,Leaflet/Flyer,35714,2899,"Mamdani, Zohran K",1,,35714.3200,Support
2025,Z44,Empire State 32BJ SEIU PAC,EMPO,25,West 18th Street,,New York,NY,10011,39,7003,Zohran Static Ad Placement,9/30/2025,INTAD,Internet - Display/Banner,55362,2899,"Mamdani, Zohran K",1,,55362.1600,Support
2025,Z230,Empower NYC,OTHR,1325,"Avenue of the Americas, 28th flo",,New york,NY,10019,33,6866,AD PLACEMENTS,8/19/2025,OTHER,Other,17050,1545,"Adams, Eric L",1,,17050.0000,Support
2025,Z230,Empower NYC,OTHR,1325,"Avenue of the Americas, 28th flo",,New york,NY,10019,34,6905,AD PLACEMENTS,8/25/2025,INTAD,Internet - Display/Banner,2000,1545,"Adams, Eric L",1,,2000.0000,Support
2025,Z230,Empower NYC,OTHR,1325,"Avenue of the Americas, 28th flo",,New york,NY,10019,32,6868,AD PRODUCTION + AD PLACEMENT,8/14/2025,INTVID,Video (Internet),20000,1545,"Adams, Eric L",1,,20000.0000,Support
2025,Z230,Empower NYC,OTHR,1325,"Avenue of the Americas, 28th flo",,New york,NY,10019,32,6854,BUTTONS,8/11/2025,BUTTON,Button / Pen / Shirt,825,1545,"Adams, Eric L",1,,825.0000,Support
2025,Z230,Empower NYC,OTHR,1325,"Avenue of the Americas, 28th flo",,New york,NY,10019,33,6867,DIGITAL AD PRODUCTION + DISTRIBUTION,8/18/2025,INTVID,Video (Internet),105000,1545,"Adams, Eric L",1,,105000.0000,Support
2025,Z230,Empower NYC,OTHR,1325,"Avenue of the Americas, 28th flo",,New york,NY,10019,32,6855,DOOR HANGER,8/11/2025,LITER,Leaflet/Flyer,10500,1545,"Adams, Eric L",1,,10500.0000,Support
2025,Z230,Empower NYC,OTHR,1325,"Avenue of the Americas, 28th flo",,New york,NY,10019,34,6901,DOOR HANGER,8/26/2025,LITER,Leaflet/Flyer,1400,1545,"Adams, Eric L",1,,1400.0000,Support
2025,Z230,Empower NYC,OTHR,1325,"Avenue of the Americas, 28th flo",,New york,NY,10019,34,6903,DOOR HANGER,8/25/2025,LITER,Leaflet/Flyer,1675,1545,"Adams, Eric L",1,,1675.0000,Support
2025,Z230,Empower NYC,OTHR,1325,"Avenue of the Americas, 28th flo",,New york,NY,10019,36,6939,EDITING,9/9/2025,INTVID,Video (Internet),4156,1545,"Adams, Eric L",1,,4156.2500,Support
2025,Z230,Empower NYC,OTHR,1325,"Avenue of the Americas, 28th flo",,New york,NY,10019,33,6865,FLYERS,8/19/2025,LITER,Leaflet/Flyer,2850,1545,"Adams, Eric L",1,,2850.0000,Support
2025,Z230,Empower NYC,OTHR,1325,"Avenue of the Americas, 28th flo",,New york,NY,10019,32,6860,GRAPHIC DESIGN,8/12/2025,BUTTON,Button / Pen / Shirt,2500,1545,"Adams, Eric L",1,,2500.0000,Support
2025,Z230,Empower NYC,OTHR,1325,"Avenue of the Americas, 28th flo",,New york,NY,10019,32,6859,GRAPHICS/ADVERTISING,8/12/2025,PRINT,Print Ad,15325,1545,"Adams, Eric L",1,,15325.0000,Support
2025,Z230,Empower NYC,OTHR,1325,"Avenue of the Americas, 28th flo",,New york,NY,10019,34,6904,LED TRUCK,8/25/2025,BILLBD,Billboard,15000,1545,"Adams, Eric L",1,,15000.0000,Support
2025,Z230,Empower NYC,OTHR,1325,"Avenue of the Americas, 28th flo",,New york,NY,10019,34,6898,MEDIA DISTRIBUTION,8/25/2025,PRINT,Print Ad,14000,1545,"Adams, Eric L",1,,14000.0000,Support
2025,Z230,Empower NYC,OTHR,1325,"Avenue of the Americas, 28th flo",,New york,NY,10019,32,6856,PALM CARD,8/11/2025,LITER,Leaflet/Flyer,2625,1545,"Adams, Eric L",1,,2625.0000,Support
2025,Z230,Empower NYC,OTHR,1325,"Avenue of the Americas, 28th flo",,New york,NY,10019,32,6857,POSTER,8/11/2025,LITER,Leaflet/Flyer,2200,1545,"Adams, Eric L",1,,2200.0000,Support
2025,Z230,Empower NYC,OTHR,1325,"Avenue of the Americas, 28th flo",,New york,NY,10019,34,6894,PRODUCTION,8/25/2025,INTVID,Video (Internet),3750,1545,"Adams, Eric L",1,,3750.0000,Support
2025,Z230,Empower NYC,OTHR,1325,"Avenue of the Americas, 28th flo",,New york,NY,10019,34,6895,PRODUCTION,8/25/2025,INTVID,Video (Internet),3750,1545,"Adams, Eric L",1,,3750.0000,Support
2025,Z230,Empower NYC,OTHR,1325,"Avenue of the Americas, 28th flo",,New york,NY,10019,34,6896,PRODUCTION,8/25/2025,INTVID,Video (Internet),3750,1545,"Adams, Eric L",1,,3750.0000,Support
2025,Z230,Empower NYC,OTHR,1325,"Avenue of the Americas, 28th flo",,New york,NY,10019,34,6897,PRODUCTION,8/25/2025,INTVID,Video (Internet),3750,1545,"Adams, Eric L",1,,3750.0000,Support
2025,Z230,Empower NYC,OTHR,1325,"Avenue of the Americas, 28th flo",,New york,NY,10019,33,6864,TEXT MESSAGES,8/23/2025,TEXT,Text Messages,20625,1545,"Adams, Eric L",1,,20625.0000,Support
2025,Z230,Empower NYC,OTHR,1325,"Avenue of the Americas, 28th flo",,New york,NY,10019,34,6900,TEXT MESSAGES,8/27/2025,TEXT,Text Messages,17963,1545,"Adams, Eric L",1,,17963.1700,Support
2025,Z230,Empower NYC,OTHR,1325,"Avenue of the Americas, 28th flo",,New york,NY,10019,34,6902,TEXT MESSAGES,8/25/2025,TEXT,Text Messages,6270,1545,"Adams, Eric L",1,,6270.0000,Support
2025,Z230,Empower NYC,OTHR,1325,"Avenue of the Americas, 28th flo",,New york,NY,10019,36,6937,TEXT MESSAGES,9/9/2025,TEXT,Text Messages,16750,1545,"Adams, Eric L",1,,16749.5400,Support
2025,Z230,Empower NYC,OTHR,1325,"Avenue of the Americas, 28th flo",,New york,NY,10019,32,6858,TSHIRT,8/11/2025,BUTTON,Button / Pen / Shirt,6269,1545,"Adams, Eric L",1,,6269.4400,Support
2025,Z230,Empower NYC,OTHR,1325,"Avenue of the Americas, 28th flo",,New york,NY,10019,34,6931,TSHIRT,9/1/2025,BUTTON,Button / Pen / Shirt,3750,1545,"Adams, Eric L",1,,3750.0000,Support
2025,Z193,"Fix the City, Inc.",CORP,156,"West 56th Street, 3rd Floor",,New York,NY,10019,PD,5748,1/2 Page Ad,6/9/2025,PRINT,Print Ad,12540,2993,"Cuomo, Andrew M",1,,12540.0000,Support
2025,Z193,"Fix the City, Inc.",CORP,156,"West 56th Street, 3rd Floor",,New York,NY,10019,PD,6655,6/23/2025,6/23/2025,ROBO,Robo Call,42000,2993,"Cuomo, Andrew M",1,,42000.0000,Support
2025,Z193,"Fix the City, Inc.",CORP,156,"West 56th Street, 3rd Floor",,New York,NY,10019,15,4205,Ad 2,4/8/2025,TVADS,Video (TV/Cable),2279181,2993,"Cuomo, Andrew M",1,,2279181.3000,Support
2025,Z193,"Fix the City, Inc.",CORP,156,"West 56th Street, 3rd Floor",,New York,NY,10019,GD,7410,Additional Social Media Post,10/31/2025,INTAD,Internet - Display/Banner,60000,2993,"Cuomo, Andrew M",1,,60000.0000,Support
2025,Z193,"Fix the City, Inc.",CORP,156,"West 56th Street, 3rd Floor",,New York,NY,10019,18,5252,Allegory Ad 3,5/4/2025,TVADS,Video (TV/Cable),756994,2993,"Cuomo, Andrew M",1,,756994.3300,Support
2025,Z193,"Fix the City, Inc.",CORP,156,"West 56th Street, 3rd Floor",,New York,NY,10019,PD,6445,AMNY News Ad 6.19,6/20/2025,PRINT,Print Ad,5075,2993,"Cuomo, Andrew M",1,,5075.0000,Support
2025,Z193,"Fix the City, Inc.",CORP,156,"West 56th Street, 3rd Floor",,New York,NY,10019,PD,6031,Amsterdam News Ad,6/12/2025,PRINT,Print Ad,5075,2993,"Cuomo, Andrew M",1,,5075.0000,Support
2025,Z193,"Fix the City, Inc.",CORP,156,"West 56th Street, 3rd Floor",,New York,NY,10019,GD,7368,Anti Sliwa Palmcards,10/30/2025,LITER,Leaflet/Flyer,890800,2618,"Sliwa, Curtis A",1,,890800.0000,Oppose
2025,Z193,"Fix the City, Inc.",CORP,156,"West 56th Street, 3rd Floor",,New York,NY,10019,PD,6310,Applecart Digital Ad,6/18/2025,INTVID,Video (Internet),35000,2993,"Cuomo, Andrew M",1,,35000.0000,Support
2025,Z193,"Fix the City, Inc.",CORP,156,"West 56th Street, 3rd Floor",,New York,NY,10019,PD,6309,Applecart Direct Mail,6/18/2025,MAIL,Mass Mailing,203967,2993,"Cuomo, Andrew M",1,,203967.0000,Support
2025,Z193,"Fix the City, Inc.",CORP,156,"West 56th Street, 3rd Floor",,New York,NY,10019,PD,6312,Applecart Phone Campaign,6/18/2025,PHONE,Phone Calls - Live,132505,2993,"Cuomo, Andrew M",1,,132504.5000,Support
2025,Z193,"Fix the City, Inc.",CORP,156,"West 56th Street, 3rd Floor",,New York,NY,10019,35,6916,Banner Digital Ads,9/3/2025,INTAD,Internet - Display/Banner,6500,2899,"Mamdani, Zohran K",1,,6500.0000,Oppose
2025,Z193,"Fix the City, Inc.",CORP,156,"West 56th Street, 3rd Floor",,New York,NY,10019,GD,7177,Banner Digital Ads NYC Voice,10/20/2025,INTAD,Internet - Display/Banner,3500,2899,"Mamdani, Zohran K",1,,3500.0000,Oppose
2025,Z193,"Fix the City, Inc.",CORP,156,"West 56th Street, 3rd Floor",,New York,NY,10019,40,7066,Bilingual Palm Cards 10/8,10/10/2025,LITER,Leaflet/Flyer,11000,2993,"Cuomo, Andrew M",1,,11000.0000,Support
2025,Z193,"Fix the City, Inc.",CORP,156,"West 56th Street, 3rd Floor",,New York,NY,10019,PD,6318,Brooklyn Mailer,6/17/2025,MAIL,Mass Mailing,26225,2993,"Cuomo, Andrew M",1,,26224.7100,Support
2025,Z193,"Fix the City, Inc.",CORP,156,"West 56th Street, 3rd Floor",,New York,NY,10019,PD,6625,Caribbean Life Email Blast,6/23/2025,EMAIL,Emails,500,2993,"Cuomo, Andrew M",1,,500.0000,Support
2025,Z193,"Fix the City, Inc.",CORP,156,"West 56th Street, 3rd Floor",,New York,NY,10019,GD,7382,Caribbean Life Full page,10/30/2025,PRINT,Print Ad,3571,2993,"Cuomo, Andrew M",1,,3571.4200,Support
2025,Z193,"Fix the City, Inc.",CORP,156,"West 56th Street, 3rd Floor",,New York,NY,10019,20,5307,Challenge Ad 4,5/13/2025,TVADS,Video (TV/Cable),82203,2993,"Cuomo, Andrew M",1,,82202.8200,Support
2025,Z193,"Fix the City, Inc.",CORP,156,"West 56th Street, 3rd Floor",,New York,NY,10019,20,5302,Challenge Ad 4 Revised,5/16/2025,TVADS,Video (TV/Cable),3076723,2993,"Cuomo, Andrew M",1,,3076723.2700,Support
2025,Z193,"Fix the City, Inc.",CORP,156,"West 56th Street, 3rd Floor",,New York,NY,10019,GD,7404,Chinese Palm Cards,10/31/2025,LITER,Leaflet/Flyer,5500,2993,"Cuomo, Andrew M",1,,5500.0000,Support
2025,Z193,"Fix the City, Inc.",CORP,156,"West 56th Street, 3rd Floor",,New York,NY,10019,PD,5950,Citywide Mailer #2,6/11/2025,MAIL,Mass Mailing,348573,2993,"Cuomo, Andrew M",1,,348573.3900,Support
2025,Z193,"Fix the City, Inc.",CORP,156,"West 56th Street, 3rd Floor",,New York,NY,10019,PD,6214,Citywide Mailer #3,6/15/2025,MAIL,Mass Mailing,387570,2899,"Mamdani, Zohran K",1,,387570.1000,Oppose
2025,Z193,"Fix the City, Inc.",CORP,156,"West 56th Street, 3rd Floor",,New York,NY,10019,PD,6322,Citywide Mailer #4,6/17/2025,MAIL,Mass Mailing,297153,2993,"Cuomo, Andrew M",1,,297152.5900,Support
2025,Z193,"Fix the City, Inc.",CORP,156,"West 56th Street, 3rd Floor",,New York,NY,10019,GD,7308,Crisis Video,10/28/2025,TVADS,Video (TV/Cable),1700000,2899,"Mamdani, Zohran K",1,,1700000.0000,Oppose
2025,Z193,"Fix the City, Inc.",CORP,156,"West 56th Street, 3rd Floor",,New York,NY,10019,GD,7202,Crown Heights Election Ad,10/22/2025,OTHER,Other,17850,2993,"Cuomo, Andrew M",1,,17850.0000,Support
2025,Z193,"Fix the City, Inc.",CORP,156,"West 56th Street, 3rd Floor",,New York,NY,10019,PD,5913,Crown Heights Mailer 1,6/11/2025,MAIL,Mass Mailing,8839,2993,"Cuomo, Andrew M",1,,8838.6500,Support
2025,Z193,"Fix the City, Inc.",CORP,156,"West 56th Street, 3rd Floor",,New York,NY,10019,PD,5914,Crown Heights Mailer 2,6/11/2025,MAIL,Mass Mailing,8839,2993,"Cuomo, Andrew M",1,,8838.6600,Support
2025,Z193,"Fix the City, Inc.",CORP,156,"West 56th Street, 3rd Floor",,New York,NY,10019,PD,6668,CTV Ads Record,6/20/2025,TVADS,Video (TV/Cable),160000,2993,"Cuomo, Andrew M",1,,160000.0000,Support
2025,Z193,"Fix the City, Inc.",CORP,156,"West 56th Street, 3rd Floor",,New York,NY,10019,GD,7412,Cuomo Early Voting Banners,10/31/2025,INTAD,Internet - Display/Banner,2500,2993,"Cuomo, Andrew M",1,,2500.0000,Support
2025,Z193,"Fix the City, Inc.",CORP,156,"West 56th Street, 3rd Floor",,New York,NY,10019,GD,7383,Cuomo V Mamdani Policy Video Ad,10/28/2025,INTVID,Video (Internet),5667,2993,"Cuomo, Andrew M",1,,5666.6700,Support
2025,Z193,"Fix the City, Inc.",CORP,156,"West 56th Street, 3rd Floor",,New York,NY,10019,11,4156,Digital Ad,3/12/2025,INTVID,Video (Internet),132008,2993,"Cuomo, Andrew M",1,,132007.7800,Support
2025,Z193,"Fix the City, Inc.",CORP,156,"West 56th Street, 3rd Floor",,New York,NY,10019,20,5304,Digital Ad 15sec Chaos,5/16/2025,INTVID,Video (Internet),117269,2993,"Cuomo, Andrew M",1,,117268.5500,Support
2025,Z193,"Fix the City, Inc.",CORP,156,"West 56th Street, 3rd Floor",,New York,NY,10019,20,5303,Digital Ad 15sec WIN,5/13/2025,INTVID,Video (Internet),197028,2993,"Cuomo, Andrew M",1,,197028.2300,Support
2025,Z193,"Fix the City, Inc.",CORP,156,"West 56th Street, 3rd Floor",,New York,NY,10019,PD,6528,Digital Ad Meta,6/21/2025,INTVID,Video (Internet),50000,2993,"Cuomo, Andrew M",1,,50000.0000,Support
2025,Z193,"Fix the City, Inc.",CORP,156,"West 56th Street, 3rd Floor",,New York,NY,10019,PD,6529,Digital Ad Meta 2,6/21/2025,INTVID,Video (Internet),50000,2993,"Cuomo, Andrew M",1,,50000.0000,Support
2025,Z193,"Fix the City, Inc.",CORP,156,"West 56th Street, 3rd Floor",,New York,NY,10019,PD,6530,Digital Ad Meta 3,6/21/2025,INTVID,Video (Internet),50000,2993,"Cuomo, Andrew M",1,,50000.0000,Support
2025,Z193,"Fix the City, Inc.",CORP,156,"West 56th Street, 3rd Floor",,New York,NY,10019,GD,7408,Digital Ad_Pivot,10/31/2025,INTVID,Video (Internet),20000,2993,"Cuomo, Andrew M",1,,20000.0000,Support
2025,Z193,"Fix the City, Inc.",CORP,156,"West 56th Street, 3rd Floor",,New York,NY,10019,GD,7409,Digital Ad_Pivot 2,10/31/2025,INTVID,Video (Internet),20000,2993,"Cuomo, Andrew M",1,,20000.0000,Support
2025,Z193,"Fix the City, Inc.",CORP,156,"West 56th Street, 3rd Floor",,New York,NY,10019,PD,6574,DN 6.23 Ad,6/23/2025,PRINT,Print Ad,50000,2993,"Cuomo, Andrew M",1,,50000.0000,Support
2025,Z193,"Fix the City, Inc.",CORP,156,"West 56th Street, 3rd Floor",,New York,NY,10019,43,7473,ElectionDay Calls,11/4/2025,PHONE,Phone Calls - Live,20000,2993,"Cuomo, Andrew M",1,,20000.0000,Support
2025,Z193,"Fix the City, Inc.",CORP,156,"West 56th Street, 3rd Floor",,New York,NY,10019,PD,6339,Flatbush Jewish AD1,6/19/2025,PRINT,Print Ad,8333,2899,"Mamdani, Zohran K",1,,8333.0000,Oppose
2025,Z193,"Fix the City, Inc.",CORP,156,"West 56th Street, 3rd Floor",,New York,NY,10019,PD,6341,Flatbush Jewish AD2,6/19/2025,PRINT,Print Ad,8333,2899,"Mamdani, Zohran K",1,,8333.0000,Oppose
2025,Z193,"Fix the City, Inc.",CORP,156,"West 56th Street, 3rd Floor",,New York,NY,10019,PD,6342,Flatbush Jewish AD3,6/19/2025,PRINT,Print Ad,8334,2993,"Cuomo, Andrew M",1,,8334.0000,Support
2025,Z193,"Fix the City, Inc.",CORP,156,"West 56th Street, 3rd Floor",,New York,NY,10019,23,5664,FTC Done Spanish Ad,6/6/2025,INTVID,Video (Internet),170000,2993,"Cuomo, Andrew M",1,,170000.0000,Support
2025,Z193,"Fix the City, Inc.",CORP,156,"West 56th Street, 3rd Floor",,New York,NY,10019,23,5661,FTC Dough Digital Ad,6/5/2025,INTVID,Video (Internet),112500,2993,"Cuomo, Andrew M",1,,112500.0000,Support
2025,Z193,"Fix the City, Inc.",CORP,156,"West 56th Street, 3rd Floor",,New York,NY,10019,PD,6447,FTC Essence 1,6/20/2025,INTAD,Internet - Display/Banner,50000,2993,"Cuomo, Andrew M",1,,50000.0000,Support
2025,Z193,"Fix the City, Inc.",CORP,156,"West 56th Street, 3rd Floor",,New York,NY,10019,PD,6448,FTC Essence 2,6/20/2025,INTAD,Internet - Display/Banner,50000,2993,"Cuomo, Andrew M",1,,50000.0000,Support
2025,Z193,"Fix the City, Inc.",CORP,156,"West 56th Street, 3rd Floor",,New York,NY,10019,PD,6449,FTC Essence 3,6/20/2025,INTAD,Internet - Display/Banner,50000,2993,"Cuomo, Andrew M",1,,50000.0000,Support
2025,Z193,"Fix the City, Inc.",CORP,156,"West 56th Street, 3rd Floor",,New York,NY,10019,PD,6450,FTC Essence 4,6/20/2025,INTAD,Internet - Display/Banner,50000,2993,"Cuomo, Andrew M",1,,50000.0000,Support
2025,Z193,"Fix the City, Inc.",CORP,156,"West 56th Street, 3rd Floor",,New York,NY,10019,23,5660,FTC Fewer Digital Ad,6/5/2025,INTVID,Video (Internet),112500,2993,"Cuomo, Andrew M",1,,112500.0000,Support
2025,Z193,"Fix the City, Inc.",CORP,156,"West 56th Street, 3rd Floor",,New York,NY,10019,23,5659,FTC HEY AD,6/5/2025,TVADS,Video (TV/Cable),1015170,2993,"Cuomo, Andrew M",1,,1015170.0000,Support
2025,Z193,"Fix the City, Inc.",CORP,156,"West 56th Street, 3rd Floor",,New York,NY,10019,23,5663,FTC Kids Spanish Ad,6/6/2025,INTVID,Video (Internet),170000,2993,"Cuomo, Andrew M",1,,170000.0000,Support
2025,Z193,"Fix the City, Inc.",CORP,156,"West 56th Street, 3rd Floor",,New York,NY,10019,23,5669,FTC Mailer 1,6/6/2025,MAIL,Mass Mailing,379737,2993,"Cuomo, Andrew M",1,,379737.4100,Support
2025,Z193,"Fix the City, Inc.",CORP,156,"West 56th Street, 3rd Floor",,New York,NY,10019,PD,6391,FTC WC,6/18/2025,MAIL,Mass Mailing,65509,2993,"Cuomo, Andrew M",1,,65508.5900,Support
2025,Z193,"Fix the City, Inc.",CORP,156,"West 56th Street, 3rd Floor",,New York,NY,10019,23,5667,FTC_Palm Card 1,6/8/2025,LITER,Leaflet/Flyer,827244,2993,"Cuomo, Andrew M",1,,827243.8700,Support
2025,Z193,"Fix the City, Inc.",CORP,156,"West 56th Street, 3rd Floor",,New York,NY,10019,PD,6525,Google Ads,6/21/2025,INTAD,Internet - Display/Banner,50000,2993,"Cuomo, Andrew M",1,,50000.0000,Support
2025,Z193,"Fix the City, Inc.",CORP,156,"West 56th Street, 3rd Floor",,New York,NY,10019,PD,6666,Google Ads Joke,6/20/2025,INTVID,Video (Internet),80000,2993,"Cuomo, Andrew M",1,,80000.0000,Support
2025,Z193,"Fix the City, Inc.",CORP,156,"West 56th Street, 3rd Floor",,New York,NY,10019,PD,6667,Google Ads Praise,6/20/2025,INTVID,Video (Internet),80000,2993,"Cuomo, Andrew M",1,,80000.0000,Support
2025,Z193,"Fix the City, Inc.",CORP,156,"West 56th Street, 3rd Floor",,New York,NY,10019,GD,7405,GOTV Palm Cards,10/31/2025,LITER,Leaflet/Flyer,44000,2993,"Cuomo, Andrew M",1,,44000.0000,Support
2025,Z193,"Fix the City, Inc.",CORP,156,"West 56th Street, 3rd Floor",,New York,NY,10019,PD,5951,Jewish New Yorkers #1,6/12/2025,MAIL,Mass Mailing,62504,2993,"Cuomo, Andrew M",1,,62504.4600,Support
2025,Z193,"Fix the City, Inc.",CORP,156,"West 56th Street, 3rd Floor",,New York,NY,10019,PD,6220,Jewish NY 2,6/14/2025,MAIL,Mass Mailing,57404,2899,"Mamdani, Zohran K",1,,57404.4600,Oppose
2025,Z193,"Fix the City, Inc.",CORP,156,"West 56th Street, 3rd Floor",,New York,NY,10019,PD,6390,Jewish NY 3,6/18/2025,MAIL,Mass Mailing,61057,2993,"Cuomo, Andrew M",1,,61057.3200,Support
2025,Z193,"Fix the City, Inc.",CORP,156,"West 56th Street, 3rd Floor",,New York,NY,10019,PD,6446,Jewish NY 4,6/19/2025,MAIL,Mass Mailing,59306,2899,"Mamdani, Zohran K",1,,59306.4100,Oppose
2025,Z193,"Fix the City, Inc.",CORP,156,"West 56th Street, 3rd Floor",,New York,NY,10019,PD,6513,Kiosks 1,6/21/2025,INTAD,Internet - Display/Banner,97500,2993,"Cuomo, Andrew M",1,,97500.0000,Support
2025,Z193,"Fix the City, Inc.",CORP,156,"West 56th Street, 3rd Floor",,New York,NY,10019,PD,6514,Kiosks 2,6/21/2025,INTAD,Internet - Display/Banner,97500,2993,"Cuomo, Andrew M",1,,97500.0000,Support
2025,Z193,"Fix the City, Inc.",CORP,156,"West 56th Street, 3rd Floor",,New York,NY,10019,PD,6217,Latino Mailer,6/14/2025,MAIL,Mass Mailing,90962,2899,"Mamdani, Zohran K",1,,90961.5600,Oppose
2025,Z193,"Fix the City, Inc.",CORP,156,"West 56th Street, 3rd Floor",,New York,NY,10019,PD,6388,Latino Mailer 2,6/18/2025,MAIL,Mass Mailing,93058,2899,"Mamdani, Zohran K",1,,93058.2700,Oppose
2025,Z193,"Fix the City, Inc.",CORP,156,"West 56th Street, 3rd Floor",,New York,NY,10019,41,7123,Lawn Signs,10/17/2025,POSTER,Poster,2739,2993,"Cuomo, Andrew M",1,,2739.2200,Support
2025,Z193,"Fix the City, Inc.",CORP,156,"West 56th Street, 3rd Floor",,New York,NY,10019,43,7475,Leadership Not Noise Cuomo,11/4/2025,INTVID,Video (Internet),150000,2993,"Cuomo, Andrew M",1,,150000.0000,Support
2025,Z193,"Fix the City, Inc.",CORP,156,"West 56th Street, 3rd Floor",,New York,NY,10019,40,7061,Live Ads and Posting 10/06 - 10/13,10/6/2025,INTAD,Internet - Display/Banner,151500,2993,"Cuomo, Andrew M",1,,151500.0000,Support
2025,Z193,"Fix the City, Inc.",CORP,156,"West 56th Street, 3rd Floor",,New York,NY,10019,PD,6580,Live Calls,6/23/2025,PHONE,Phone Calls - Live,300000,2993,"Cuomo, Andrew M",1,,300000.0000,Support
2025,Z193,"Fix the City, Inc.",CORP,156,"West 56th Street, 3rd Floor",,New York,NY,10019,PD,6575,Local Paper Display,6/23/2025,PRINT,Print Ad,50000,2993,"Cuomo, Andrew M",1,,50000.0000,Support
2025,Z193,"Fix the City, Inc.",CORP,156,"West 56th Street, 3rd Floor",,New York,NY,10019,PD,6495,Mailer 1 Chinese,6/20/2025,MAIL,Mass Mailing,42640,2899,"Mamdani, Zohran K",1,,42640.0000,Oppose
2025,Z193,"Fix the City, Inc.",CORP,156,"West 56th Street, 3rd Floor",,New York,NY,10019,PD,6496,Mailer 2 Chinese,6/20/2025,MAIL,Mass Mailing,42640,2899,"Mamdani, Zohran K",1,,42640.0000,Oppose
2025,Z193,"Fix the City, Inc.",CORP,156,"West 56th Street, 3rd Floor",,New York,NY,10019,32,6852,Mainstream Site,8/11/2025,WEB,Website,70000,2899,"Mamdani, Zohran K",1,,70000.0000,Oppose
2025,Z193,"Fix the City, Inc.",CORP,156,"West 56th Street, 3rd Floor",,New York,NY,10019,GD,7307,Mandarin Phone Calls,10/27/2025,PHONE,Phone Calls - Live,75000,2899,"Mamdani, Zohran K",1,,75000.0000,Oppose
2025,Z193,"Fix the City, Inc.",CORP,156,"West 56th Street, 3rd Floor",,New York,NY,10019,PD,6493,Mayoral Race Ad,6/20/2025,INTVID,Video (Internet),92987,2993,"Cuomo, Andrew M",1,,92986.9300,Support
2025,Z193,"Fix the City, Inc.",CORP,156,"West 56th Street, 3rd Floor",,New York,NY,10019,PD,6320,Meeks Endorsement Direct Mail,6/17/2025,MAIL,Mass Mailing,20474,2993,"Cuomo, Andrew M",1,,20473.6500,Support
2025,Z193,"Fix the City, Inc.",CORP,156,"West 56th Street, 3rd Floor",,New York,NY,10019,PD,5873,Memorial Day Ad,5/23/2025,PRINT,Print Ad,1995,2993,"Cuomo, Andrew M",1,,1995.0000,Support
2025,Z193,"Fix the City, Inc.",CORP,156,"West 56th Street, 3rd Floor",,New York,NY,10019,PD,6531,Meta Digital Ads,6/20/2025,INTVID,Video (Internet),50000,2993,"Cuomo, Andrew M",1,,50000.0000,Support
2025,Z193,"Fix the City, Inc.",CORP,156,"West 56th Street, 3rd Floor",,New York,NY,10019,25,6716,Mobile Ads,6/24/2025,POSTER,Poster,8000,2993,"Cuomo, Andrew M",1,,8000.0000,Support
2025,Z193,"Fix the City, Inc.",CORP,156,"West 56th Street, 3rd Floor",,New York,NY,10019,25,6712,Mobile Ads Williamsburg 1,6/24/2025,POSTER,Poster,2167,2993,"Cuomo, Andrew M",1,,2166.6600,Support
2025,Z193,"Fix the City, Inc.",CORP,156,"West 56th Street, 3rd Floor",,New York,NY,10019,25,6713,Mobile Ads Williamsburg 2,6/24/2025,POSTER,Poster,2167,2993,"Cuomo, Andrew M",1,,2166.6700,Support
2025,Z193,"Fix the City, Inc.",CORP,156,"West 56th Street, 3rd Floor",,New York,NY,10019,25,6714,Mobile Ads Williamsburg 3,6/24/2025,POSTER,Poster,2167,2993,"Cuomo, Andrew M",1,,2166.6600,Support
2025,Z193,"Fix the City, Inc.",CORP,156,"West 56th Street, 3rd Floor",,New York,NY,10019,PD,6319,MRB Endorsement Direct Mail,6/17/2025,MAIL,Mass Mailing,88532,2993,"Cuomo, Andrew M",1,,88531.7600,Support
2025,Z193,"Fix the City, Inc.",CORP,156,"West 56th Street, 3rd Floor",,New York,NY,10019,40,7057,Not Series Video Ad,10/6/2025,TVADS,Video (TV/Cable),10500,2899,"Mamdani, Zohran K",1,,10500.0000,Oppose
2025,Z193,"Fix the City, Inc.",CORP,156,"West 56th Street, 3rd Floor",,New York,NY,10019,38,6974,Not Serious Digital Ad,9/24/2025,INTVID,Video (Internet),26666,2899,"Mamdani, Zohran K",1,,26666.0000,Oppose
2025,Z193,"Fix the City, Inc.",CORP,156,"West 56th Street, 3rd Floor",,New York,NY,10019,PD,6624,Noticia Email Blast,6/23/2025,EMAIL,Emails,500,2993,"Cuomo, Andrew M",1,,500.0000,Support
2025,Z193,"Fix the City, Inc.",CORP,156,"West 56th Street, 3rd Floor",,New York,NY,10019,36,6933,NYC Biggest Challenges_Media,9/11/2025,INTVID,Video (Internet),9358,2899,"Mamdani, Zohran K",1,,9358.0000,Oppose
2025,Z193,"Fix the City, Inc.",CORP,156,"West 56th Street, 3rd Floor",,New York,NY,10019,40,7055,NYC Deserves Real Leadership Youtube Video Ad,10/6/2025,INTVID,Video (Internet),10500,2899,"Mamdani, Zohran K",1,,10500.0000,Oppose
2025,Z193,"Fix the City, Inc.",CORP,156,"West 56th Street, 3rd Floor",,New York,NY,10019,PD,6526,NYDN and Google Ads,6/21/2025,INTAD,Internet - Display/Banner,50000,2993,"Cuomo, Andrew M",1,,50000.0000,Support
2025,Z193,"Fix the City, Inc.",CORP,156,"West 56th Street, 3rd Floor",,New York,NY,10019,PD,6527,NYT Digital Ads,6/20/2025,INTVID,Video (Internet),50000,2993,"Cuomo, Andrew M",1,,50000.0000,Support
2025,Z193,"Fix the City, Inc.",CORP,156,"West 56th Street, 3rd Floor",,New York,NY,10019,PD,6451,NYT Targeted Mail,6/19/2025,MAIL,Mass Mailing,284437,2993,"Cuomo, Andrew M",1,,284437.1600,Support
2025,Z193,"Fix the City, Inc.",CORP,156,"West 56th Street, 3rd Floor",,New York,NY,10019,37,6958,Palm Card,9/20/2025,LITER,Leaflet/Flyer,561488,2993,"Cuomo, Andrew M",1,,561488.0000,Support
2025,Z193,"Fix the City, Inc.",CORP,156,"West 56th Street, 3rd Floor",,New York,NY,10019,GD,7427,Phone Call Scripts,11/2/2025,PHONE,Phone Calls - Live,100000,2993,"Cuomo, Andrew M",1,,100000.0000,Support
2025,Z193,"Fix the City, Inc.",CORP,156,"West 56th Street, 3rd Floor",,New York,NY,10019,40,7065,Phone Calls 10/6-10/14,10/6/2025,PHONE,Phone Calls - Live,53668,2993,"Cuomo, Andrew M",1,,53668.0000,Support
2025,Z193,"Fix the City, Inc.",CORP,156,"West 56th Street, 3rd Floor",,New York,NY,10019,39,7023,Phone Calls 9/30,9/30/2025,PHONE,Phone Calls - Live,37428,2993,"Cuomo, Andrew M",1,,37428.0000,Support
2025,Z193,"Fix the City, Inc.",CORP,156,"West 56th Street, 3rd Floor",,New York,NY,10019,PD,6491,Phone Campaign,6/20/2025,PHONE,Phone Calls - Live,132893,2993,"Cuomo, Andrew M",1,,132893.2900,Support
2025,Z193,"Fix the City, Inc.",CORP,156,"West 56th Street, 3rd Floor",,New York,NY,10019,PD,6186,Poster,6/15/2025,LITER,Leaflet/Flyer,48613,2993,"Cuomo, Andrew M",1,,48612.5000,Support
2025,Z193,"Fix the City, Inc.",CORP,156,"West 56th Street, 3rd Floor",,New York,NY,10019,PD,6573,Poster- Spanish,6/22/2025,LITER,Leaflet/Flyer,4075,2993,"Cuomo, Andrew M",1,,4075.0000,Support
2025,Z193,"Fix the City, Inc.",CORP,156,"West 56th Street, 3rd Floor",,New York,NY,10019,PD,6411,Print Ad Full Caribbean 6/19,6/19/2025,PRINT,Print Ad,2458,2993,"Cuomo, Andrew M",1,,2458.0000,Support
2025,Z193,"Fix the City, Inc.",CORP,156,"West 56th Street, 3rd Floor",,New York,NY,10019,PD,6096,Print Ad Full Page Bronx,6/13/2025,PRINT,Print Ad,1604,2993,"Cuomo, Andrew M",1,,1604.0000,Support
2025,Z193,"Fix the City, Inc.",CORP,156,"West 56th Street, 3rd Floor",,New York,NY,10019,PD,6098,Print Ad Full Page Jamaica,6/13/2025,PRINT,Print Ad,1604,2993,"Cuomo, Andrew M",1,,1604.0000,Support
2025,Z193,"Fix the City, Inc.",CORP,156,"West 56th Street, 3rd Floor",,New York,NY,10019,PD,6413,Print Ad Full Page Jamaica 6/20,6/20/2025,PRINT,Print Ad,1604,2993,"Cuomo, Andrew M",1,,1604.0000,Support
2025,Z193,"Fix the City, Inc.",CORP,156,"West 56th Street, 3rd Floor",,New York,NY,10019,PD,6099,Print Ad Full Page Queens,6/13/2025,PRINT,Print Ad,3515,2993,"Cuomo, Andrew M",1,,3515.0000,Support
2025,Z193,"Fix the City, Inc.",CORP,156,"West 56th Street, 3rd Floor",,New York,NY,10019,PD,6416,Print Ad Full Page Queens 6/20,6/20/2025,PRINT,Print Ad,3515,2993,"Cuomo, Andrew M",1,,3515.0000,Support
2025,Z193,"Fix the City, Inc.",CORP,156,"West 56th Street, 3rd Floor",,New York,NY,10019,PD,6029,Print Ad Full Page Schneps,6/12/2025,PRINT,Print Ad,2458,2993,"Cuomo, Andrew M",1,,2458.0000,Support
2025,Z193,"Fix the City, Inc.",CORP,156,"West 56th Street, 3rd Floor",,New York,NY,10019,PD,6100,Print Ad Full Page Spanish El Diario,6/14/2025,PRINT,Print Ad,13080,2993,"Cuomo, Andrew M",1,,13079.9100,Support
2025,Z193,"Fix the City, Inc.",CORP,156,"West 56th Street, 3rd Floor",,New York,NY,10019,PD,6097,Print Ad Full Page Spanish Noticia,6/13/2025,PRINT,Print Ad,1495,2993,"Cuomo, Andrew M",1,,1495.0000,Support
2025,Z193,"Fix the City, Inc.",CORP,156,"West 56th Street, 3rd Floor",,New York,NY,10019,PD,6409,Print Ad Full Page Spanish Noticia 6/20,6/20/2025,PRINT,Print Ad,1495,2993,"Cuomo, Andrew M",1,,1495.0000,Support
2025,Z193,"Fix the City, Inc.",CORP,156,"West 56th Street, 3rd Floor",,New York,NY,10019,PD,6408,Print Ad Full Pg Bronx Times 6/20,6/20/2025,PRINT,Print Ad,1604,2993,"Cuomo, Andrew M",1,,1604.0000,Support
2025,Z193,"Fix the City, Inc.",CORP,156,"West 56th Street, 3rd Floor",,New York,NY,10019,PD,6267,Print Ad Replacement Schneps,6/16/2025,PRINT,Print Ad,16720,2993,"Cuomo, Andrew M",1,,16720.0000,Support
2025,Z193,"Fix the City, Inc.",CORP,156,"West 56th Street, 3rd Floor",,New York,NY,10019,PD,5915,Print Ad Straus Media,6/12/2025,PRINT,Print Ad,4150,2993,"Cuomo, Andrew M",1,,4150.0000,Support
2025,Z193,"Fix the City, Inc.",CORP,156,"West 56th Street, 3rd Floor",,New York,NY,10019,GD,7402,Print Ads Schneps,10/31/2025,PRINT,Print Ad,46429,2993,"Cuomo, Andrew M",1,,46428.5800,Support
2025,Z193,"Fix the City, Inc.",CORP,156,"West 56th Street, 3rd Floor",,New York,NY,10019,PD,6576,Radio,6/22/2025,RADIO,Audio > 30 seconds,100000,2993,"Cuomo, Andrew M",1,,100000.0000,Support
2025,Z193,"Fix the City, Inc.",CORP,156,"West 56th Street, 3rd Floor",,New York,NY,10019,GD,7443,Radio Ad Restaurant,11/1/2025,RADIO,Audio > 30 seconds,30910,2993,"Cuomo, Andrew M",1,,30910.0000,Support
2025,Z193,"Fix the City, Inc.",CORP,156,"West 56th Street, 3rd Floor",,New York,NY,10019,PD,6321,Ramos Endorsement Direct Mail,6/17/2025,MAIL,Mass Mailing,11940,2993,"Cuomo, Andrew M",1,,11939.7400,Support
2025,Z193,"Fix the City, Inc.",CORP,156,"West 56th Street, 3rd Floor",,New York,NY,10019,40,7056,Ready for the Job Youtube Video Ad,10/6/2025,INTVID,Video (Internet),10500,2899,"Mamdani, Zohran K",1,,10500.0000,Oppose
2025,Z193,"Fix the City, Inc.",CORP,156,"West 56th Street, 3rd Floor",,New York,NY,10019,36,6934,Rent Freeze_Media,9/11/2025,INTVID,Video (Internet),9358,2899,"Mamdani, Zohran K",1,,9358.0000,Oppose
2025,Z193,"Fix the City, Inc.",CORP,156,"West 56th Street, 3rd Floor",,New York,NY,10019,41,7121,Revised Palm Card Bilingual English/Spanish,10/17/2025,LITER,Leaflet/Flyer,17600,2993,"Cuomo, Andrew M",1,,17600.0000,Support
2025,Z193,"Fix the City, Inc.",CORP,156,"West 56th Street, 3rd Floor",,New York,NY,10019,41,7120,Revised Palm Card English,10/17/2025,LITER,Leaflet/Flyer,1832520,2993,"Cuomo, Andrew M",1,,1832520.0000,Support
2025,Z193,"Fix the City, Inc.",CORP,156,"West 56th Street, 3rd Floor",,New York,NY,10019,PD,5964,Risky Ad,6/12/2025,TVADS,Video (TV/Cable),5389604,2899,"Mamdani, Zohran K",1,,5389604.4000,Oppose
2025,Z193,"Fix the City, Inc.",CORP,156,"West 56th Street, 3rd Floor",,New York,NY,10019,39,7000,Round 3 Text Messages,9/30/2025,TEXT,Text Messages,76933,2993,"Cuomo, Andrew M",1,,76933.2400,Support
2025,Z193,"Fix the City, Inc.",CORP,156,"West 56th Street, 3rd Floor",,New York,NY,10019,40,7054,Safey Youtube Video Ad,10/6/2025,INTVID,Video (Internet),10500,2899,"Mamdani, Zohran K",1,,10500.0000,Oppose
2025,Z193,"Fix the City, Inc.",CORP,156,"West 56th Street, 3rd Floor",,New York,NY,10019,PD,6334,Schneps 6/19,6/19/2025,PRINT,Print Ad,55500,2993,"Cuomo, Andrew M",1,,55500.0000,Support
2025,Z193,"Fix the City, Inc.",CORP,156,"West 56th Street, 3rd Floor",,New York,NY,10019,PD,6622,Schneps Digital 6/24,6/24/2025,INTAD,Internet - Display/Banner,3500,2993,"Cuomo, Andrew M",1,,3500.0000,Support
2025,Z193,"Fix the City, Inc.",CORP,156,"West 56th Street, 3rd Floor",,New York,NY,10019,39,7001,Social Media (X Corp) 10/01,10/1/2025,INTAD,Internet - Display/Banner,640,2993,"Cuomo, Andrew M",1,,640.1100,Support
2025,Z193,"Fix the City, Inc.",CORP,156,"West 56th Street, 3rd Floor",,New York,NY,10019,39,7007,Social Media (X Corp) 10/02/2025,10/2/2025,INTAD,Internet - Display/Banner,994,2993,"Cuomo, Andrew M",1,,993.8000,Support
2025,Z193,"Fix the City, Inc.",CORP,156,"West 56th Street, 3rd Floor",,New York,NY,10019,40,7008,Social Media (X Corp) 10/03/25,10/3/2025,INTAD,Internet - Display/Banner,998,2993,"Cuomo, Andrew M",1,,997.9400,Support
2025,Z193,"Fix the City, Inc.",CORP,156,"West 56th Street, 3rd Floor",,New York,NY,10019,38,6978,Social Media (X Corp) 9/22,9/22/2025,INTAD,Internet - Display/Banner,615,2993,"Cuomo, Andrew M",1,,615.0000,Support
2025,Z193,"Fix the City, Inc.",CORP,156,"West 56th Street, 3rd Floor",,New York,NY,10019,38,6979,Social Media (X Corp) 9/23,9/23/2025,INTAD,Internet - Display/Banner,926,2993,"Cuomo, Andrew M",1,,926.2100,Support
2025,Z193,"Fix the City, Inc.",CORP,156,"West 56th Street, 3rd Floor",,New York,NY,10019,38,6980,Social Media (X Corp) 9/24,9/24/2025,INTAD,Internet - Display/Banner,1596,2993,"Cuomo, Andrew M",1,,1595.8800,Support
2025,Z193,"Fix the City, Inc.",CORP,156,"West 56th Street, 3rd Floor",,New York,NY,10019,38,6981,Social Media (X Corp) 9/25,9/25/2025,INTAD,Internet - Display/Banner,934,2993,"Cuomo, Andrew M",1,,934.3100,Support
2025,Z193,"Fix the City, Inc.",CORP,156,"West 56th Street, 3rd Floor",,New York,NY,10019,38,6982,Social Media (X Corp) 9/26,9/26/2025,INTAD,Internet - Display/Banner,1744,2993,"Cuomo, Andrew M",1,,1743.7900,Support
2025,Z193,"Fix the City, Inc.",CORP,156,"West 56th Street, 3rd Floor",,New York,NY,10019,39,7002,Social Media (X Corp) 9/29,9/30/2025,INTAD,Internet - Display/Banner,1606,2993,"Cuomo, Andrew M",1,,1606.4600,Support
2025,Z193,"Fix the City, Inc.",CORP,156,"West 56th Street, 3rd Floor",,New York,NY,10019,39,7006,Social Media (X Corp) 9/30,9/30/2025,INTAD,Internet - Display/Banner,2681,2993,"Cuomo, Andrew M",1,,2681.4200,Support
2025,Z193,"Fix the City, Inc.",CORP,156,"West 56th Street, 3rd Floor",,New York,NY,10019,41,7152,Social Media (X Corp) w/e 10/19,10/19/2025,INTAD,Internet - Display/Banner,15269,2993,"Cuomo, Andrew M",1,,15268.5600,Support
2025,Z193,"Fix the City, Inc.",CORP,156,"West 56th Street, 3rd Floor",,New York,NY,10019,37,6957,Social Media Ads,9/21/2025,INTAD,Internet - Display/Banner,10000,2899,"Mamdani, Zohran K",1,,10000.0000,Oppose
2025,Z193,"Fix the City, Inc.",CORP,156,"West 56th Street, 3rd Floor",,New York,NY,10019,41,7117,Social Media Ads & Postings w/e 10/19,10/19/2025,INTAD,Internet - Display/Banner,204000,2993,"Cuomo, Andrew M",1,,204000.0000,Support
2025,Z193,"Fix the City, Inc.",CORP,156,"West 56th Street, 3rd Floor",,New York,NY,10019,38,6973,Social Media Posting 9/22-9/28,9/22/2025,INTAD,Internet - Display/Banner,29722,2993,"Cuomo, Andrew M",1,,29721.8500,Support
2025,Z193,"Fix the City, Inc.",CORP,156,"West 56th Street, 3rd Floor",,New York,NY,10019,39,7022,Social Media Posting 9/29-10/5,9/29/2025,INTAD,Internet - Display/Banner,12068,2993,"Cuomo, Andrew M",1,,12067.6600,Support
2025,Z193,"Fix the City, Inc.",CORP,156,"West 56th Street, 3rd Floor",,New York,NY,10019,40,7067,Social Media Postings 10/06 - 10/13,10/6/2025,INTAD,Internet - Display/Banner,7455,2993,"Cuomo, Andrew M",1,,7455.4000,Support
2025,Z193,"Fix the City, Inc.",CORP,156,"West 56th Street, 3rd Floor",,New York,NY,10019,GD,7190,Social Media Postings 10/21 & 10/22,10/21/2025,INTAD,Internet - Display/Banner,200000,2993,"Cuomo, Andrew M",1,,200000.0000,Support
2025,Z193,"Fix the City, Inc.",CORP,156,"West 56th Street, 3rd Floor",,New York,NY,10019,40,7063,Social Post Arent Leadership Youtube Video Ad,10/6/2025,INTVID,Video (Internet),10500,2899,"Mamdani, Zohran K",1,,10500.0000,Oppose
2025,Z193,"Fix the City, Inc.",CORP,156,"West 56th Street, 3rd Floor",,New York,NY,10019,PD,6577,Sound Truck Ad Audio 6/22-6/24,6/22/2025,RADIO,Audio > 30 seconds,24000,2993,"Cuomo, Andrew M",1,,24000.0000,Support
2025,Z193,"Fix the City, Inc.",CORP,156,"West 56th Street, 3rd Floor",,New York,NY,10019,PD,6578,Soundtrack Ad Display 6/22-6/24,6/22/2025,INTAD,Internet - Display/Banner,24000,2993,"Cuomo, Andrew M",1,,24000.0000,Support
2025,Z193,"Fix the City, Inc.",CORP,156,"West 56th Street, 3rd Floor",,New York,NY,10019,PD,6187,Spanish Palm Card,6/15/2025,LITER,Leaflet/Flyer,514744,2993,"Cuomo, Andrew M",1,,514743.6300,Support
2025,Z193,"Fix the City, Inc.",CORP,156,"West 56th Street, 3rd Floor",,New York,NY,10019,PD,6654,Spanish Radio Ad,6/23/2025,RADIO,Audio > 30 seconds,55000,2993,"Cuomo, Andrew M",1,,55000.0000,Support
2025,Z193,"Fix the City, Inc.",CORP,156,"West 56th Street, 3rd Floor",,New York,NY,10019,PD,5998,Spanish Taxi Ad,6/12/2025,INTAD,Internet - Display/Banner,169955,2993,"Cuomo, Andrew M",1,,169955.0000,Support
2025,Z193,"Fix the City, Inc.",CORP,156,"West 56th Street, 3rd Floor",,New York,NY,10019,PD,6338,Steinreich Ads,6/18/2025,PRINT,Print Ad,16706,2993,"Cuomo, Andrew M",1,,16706.0000,Support
2025,Z193,"Fix the City, Inc.",CORP,156,"West 56th Street, 3rd Floor",,New York,NY,10019,41,7124,Stickers,10/17/2025,OTHER,Other,2500,2993,"Cuomo, Andrew M",1,,2500.0000,Support
2025,Z193,"Fix the City, Inc.",CORP,156,"West 56th Street, 3rd Floor",,New York,NY,10019,41,7122,Storefront Posters,10/17/2025,POSTER,Poster,8283,2993,"Cuomo, Andrew M",1,,8282.8600,Support
2025,Z193,"Fix the City, Inc.",CORP,156,"West 56th Street, 3rd Floor",,New York,NY,10019,PD,6392,Straus Media 6.19,6/19/2025,PRINT,Print Ad,4150,2993,"Cuomo, Andrew M",1,,4150.0000,Support
2025,Z193,"Fix the City, Inc.",CORP,156,"West 56th Street, 3rd Floor",,New York,NY,10019,41,7126,Sweatshirt,10/17/2025,BUTTON,Button / Pen / Shirt,48111,2993,"Cuomo, Andrew M",1,,48111.3900,Support
2025,Z193,"Fix the City, Inc.",CORP,156,"West 56th Street, 3rd Floor",,New York,NY,10019,PD,6183,T Shirts,6/15/2025,BUTTON,Button / Pen / Shirt,4266,2993,"Cuomo, Andrew M",1,,4266.3800,Support
2025,Z193,"Fix the City, Inc.",CORP,156,"West 56th Street, 3rd Floor",,New York,NY,10019,GD,7403,Talkline Radio Commercial,11/1/2025,OTHER,Other,2500,2993,"Cuomo, Andrew M",1,,2500.0000,Support
2025,Z193,"Fix the City, Inc.",CORP,156,"West 56th Street, 3rd Floor",,New York,NY,10019,40,7290,Tax Fantasy Video,10/24/2025,INTVID,Video (Internet),5667,2899,"Mamdani, Zohran K",1,,5666.6600,Oppose
2025,Z193,"Fix the City, Inc.",CORP,156,"West 56th Street, 3rd Floor",,New York,NY,10019,PD,6515,Taxi 1,6/21/2025,INTAD,Internet - Display/Banner,28628,2993,"Cuomo, Andrew M",1,,28627.6300,Support
2025,Z193,"Fix the City, Inc.",CORP,156,"West 56th Street, 3rd Floor",,New York,NY,10019,PD,6516,Taxi Tops 2,6/21/2025,INTAD,Internet - Display/Banner,28628,2993,"Cuomo, Andrew M",1,,28627.6300,Support
2025,Z193,"Fix the City, Inc.",CORP,156,"West 56th Street, 3rd Floor",,New York,NY,10019,PD,6517,Taxi Tops 3,6/21/2025,INTAD,Internet - Display/Banner,28628,2993,"Cuomo, Andrew M",1,,28627.6400,Support
2025,Z193,"Fix the City, Inc.",CORP,156,"West 56th Street, 3rd Floor",,New York,NY,10019,PD,6492,Text Campaign,6/20/2025,TEXT,Text Messages,25120,2993,"Cuomo, Andrew M",1,,25119.7800,Support
2025,Z193,"Fix the City, Inc.",CORP,156,"West 56th Street, 3rd Floor",,New York,NY,10019,PD,6656,Text Message 6/14,6/14/2025,TEXT,Text Messages,15556,2993,"Cuomo, Andrew M",1,,15555.5500,Support
2025,Z193,"Fix the City, Inc.",CORP,156,"West 56th Street, 3rd Floor",,New York,NY,10019,PD,6664,Text Message Chinese,6/24/2025,TEXT,Text Messages,1041,2993,"Cuomo, Andrew M",1,,1041.1200,Support
2025,Z193,"Fix the City, Inc.",CORP,156,"West 56th Street, 3rd Floor",,New York,NY,10019,PD,6579,Text Messages 2,6/23/2025,TEXT,Text Messages,92505,2993,"Cuomo, Andrew M",1,,92504.5000,Support
2025,Z193,"Fix the City, Inc.",CORP,156,"West 56th Street, 3rd Floor",,New York,NY,10019,PD,6657,Text Messages 6/16,6/16/2025,TEXT,Text Messages,15556,2993,"Cuomo, Andrew M",1,,15555.5500,Support
2025,Z193,"Fix the City, Inc.",CORP,156,"West 56th Street, 3rd Floor",,New York,NY,10019,PD,6658,Text Messages 6/18/25,6/18/2025,TEXT,Text Messages,15556,2993,"Cuomo, Andrew M",1,,15555.5500,Support
2025,Z193,"Fix the City, Inc.",CORP,156,"West 56th Street, 3rd Floor",,New York,NY,10019,PD,6659,Text Messages 6/19/25,6/19/2025,TEXT,Text Messages,15556,2993,"Cuomo, Andrew M",1,,15555.5500,Support
2025,Z193,"Fix the City, Inc.",CORP,156,"West 56th Street, 3rd Floor",,New York,NY,10019,PD,6660,Text Messages 6/20/25,6/20/2025,TEXT,Text Messages,15556,2993,"Cuomo, Andrew M",1,,15555.5500,Support
2025,Z193,"Fix the City, Inc.",CORP,156,"West 56th Street, 3rd Floor",,New York,NY,10019,PD,6661,Text Messages 6/21/25,6/21/2025,TEXT,Text Messages,15556,2993,"Cuomo, Andrew M",1,,15555.5500,Support
2025,Z193,"Fix the City, Inc.",CORP,156,"West 56th Street, 3rd Floor",,New York,NY,10019,PD,6683,Text Messages 6/22/2025,6/22/2025,TEXT,Text Messages,15556,2993,"Cuomo, Andrew M",1,,15555.5000,Support
2025,Z193,"Fix the City, Inc.",CORP,156,"West 56th Street, 3rd Floor",,New York,NY,10019,PD,6662,Text Messages 6/23/25,6/23/2025,TEXT,Text Messages,60556,2993,"Cuomo, Andrew M",1,,60555.6000,Support
2025,Z193,"Fix the City, Inc.",CORP,156,"West 56th Street, 3rd Floor",,New York,NY,10019,PD,6663,Text Messages 6/24/25,6/24/2025,TEXT,Text Messages,60556,2993,"Cuomo, Andrew M",1,,60555.5500,Support
2025,Z193,"Fix the City, Inc.",CORP,156,"West 56th Street, 3rd Floor",,New York,NY,10019,38,6972,Text Messages Round 2 9/23,9/23/2025,TEXT,Text Messages,74361,2993,"Cuomo, Andrew M",1,,74360.5000,Support
2025,Z193,"Fix the City, Inc.",CORP,156,"West 56th Street, 3rd Floor",,New York,NY,10019,40,7064,Text Messages Round 4,10/6/2025,TEXT,Text Messages,67827,2993,"Cuomo, Andrew M",1,,67826.8000,Support
2025,Z193,"Fix the City, Inc.",CORP,156,"West 56th Street, 3rd Floor",,New York,NY,10019,41,7115,Text Messages Round 5,10/13/2025,TEXT,Text Messages,62590,2993,"Cuomo, Andrew M",1,,62589.8600,Support
2025,Z193,"Fix the City, Inc.",CORP,156,"West 56th Street, 3rd Floor",,New York,NY,10019,GD,7192,Text Messages Round 6,10/21/2025,TEXT,Text Messages,98171,2993,"Cuomo, Andrew M",1,,98171.2200,Support
2025,Z193,"Fix the City, Inc.",CORP,156,"West 56th Street, 3rd Floor",,New York,NY,10019,GD,7315,Text Messages Round 7,10/27/2025,TEXT,Text Messages,79750,2899,"Mamdani, Zohran K",1,,79750.1000,Oppose
2025,Z193,"Fix the City, Inc.",CORP,156,"West 56th Street, 3rd Floor",,New York,NY,10019,GD,7440,Text Messages Round 8,11/3/2025,TEXT,Text Messages,79620,2993,"Cuomo, Andrew M",1,,79619.9000,Support
2025,Z193,"Fix the City, Inc.",CORP,156,"West 56th Street, 3rd Floor",,New York,NY,10019,43,7474,Text Messages Round 9 & 10,11/4/2025,TEXT,Text Messages,157575,2993,"Cuomo, Andrew M",1,,157575.4300,Support
2025,Z193,"Fix the City, Inc.",CORP,156,"West 56th Street, 3rd Floor",,New York,NY,10019,37,6956,Text Messaging 9/15/25,9/15/2025,TEXT,Text Messages,79082,2899,"Mamdani, Zohran K",1,,79082.4400,Oppose
2025,Z193,"Fix the City, Inc.",CORP,156,"West 56th Street, 3rd Floor",,New York,NY,10019,PD,6443,Tooth Ad,6/20/2025,INTVID,Video (Internet),220354,2993,"Cuomo, Andrew M",1,,220354.4000,Support
2025,Z193,"Fix the City, Inc.",CORP,156,"West 56th Street, 3rd Floor",,New York,NY,10019,GD,7389,Truck Side Ads,10/30/2025,BILLBD,Billboard,7500,2993,"Cuomo, Andrew M",1,,7500.0000,Support
2025,Z193,"Fix the City, Inc.",CORP,156,"West 56th Street, 3rd Floor",,New York,NY,10019,PD,6184,TShirt 2,6/15/2025,BUTTON,Button / Pen / Shirt,24238,2993,"Cuomo, Andrew M",1,,24238.0000,Support
2025,Z193,"Fix the City, Inc.",CORP,156,"West 56th Street, 3rd Floor",,New York,NY,10019,38,6975,Tweets Digital Ad,9/24/2025,INTVID,Video (Internet),26667,2899,"Mamdani, Zohran K",1,,26667.0000,Oppose
2025,Z193,"Fix the City, Inc.",CORP,156,"West 56th Street, 3rd Floor",,New York,NY,10019,PD,6367,Unsuited Ad,6/18/2025,TVADS,Video (TV/Cable),1550000,2899,"Mamdani, Zohran K",1,,1550000.0000,Oppose
2025,Z193,"Fix the City, Inc.",CORP,156,"West 56th Street, 3rd Floor",,New York,NY,10019,42,7275,Updated Live Ads and Links 10/25,10/25/2025,INTVID,Video (Internet),100000,2993,"Cuomo, Andrew M",1,,100000.0000,Support
2025,Z193,"Fix the City, Inc.",CORP,156,"West 56th Street, 3rd Floor",,New York,NY,10019,GD,7116,Video_Smooth,10/20/2025,INTVID,Video (Internet),375000,2899,"Mamdani, Zohran K",1,,375000.0000,Oppose
2025,Z193,"Fix the City, Inc.",CORP,156,"West 56th Street, 3rd Floor",,New York,NY,10019,GD,7155,Video_Stop Mamdani,10/20/2025,INTVID,Video (Internet),375000,2899,"Mamdani, Zohran K",1,,375000.0000,Oppose
2025,Z193,"Fix the City, Inc.",CORP,156,"West 56th Street, 3rd Floor",,New York,NY,10019,43,7476,Vote Cuomo for Common Sense,11/4/2025,INTVID,Video (Internet),150000,2993,"Cuomo, Andrew M",1,,150000.0000,Support
2025,Z193,"Fix the City, Inc.",CORP,156,"West 56th Street, 3rd Floor",,New York,NY,10019,GD,7413,Vote Early Truck Sides,10/31/2025,INTAD,Internet - Display/Banner,2500,2993,"Cuomo, Andrew M",1,,2500.0000,Support
2025,Z193,"Fix the City, Inc.",CORP,156,"West 56th Street, 3rd Floor",,New York,NY,10019,39,6998,Vote for Cuomo/Vote Nov 4 T-Shirts,9/29/2025,BUTTON,Button / Pen / Shirt,3605,2993,"Cuomo, Andrew M",1,,3604.9000,Support
2025,Z193,"Fix the City, Inc.",CORP,156,"West 56th Street, 3rd Floor",,New York,NY,10019,GD,7388,Vote Posters,10/30/2025,POSTER,Poster,4285,2993,"Cuomo, Andrew M",1,,4285.0000,Support
2025,Z193,"Fix the City, Inc.",CORP,156,"West 56th Street, 3rd Floor",,New York,NY,10019,PD,6389,Voter Guide,6/18/2025,MAIL,Mass Mailing,37018,2993,"Cuomo, Andrew M",1,,37018.3000,Support
2025,Z193,"Fix the City, Inc.",CORP,156,"West 56th Street, 3rd Floor",,New York,NY,10019,GD,7438,Weekend Truck Advertising,11/2/2025,INTAD,Internet - Display/Banner,19500,2993,"Cuomo, Andrew M",1,,19500.0000,Support
2025,Z257,For Our City,OTHR,60,"Park Place, Ste 1303",,Newark,NJ,07102,GD,7426,15 Second Video - Piker and Mamdani,11/1/2025,TVADS,Video (TV/Cable),650000,2899,"Mamdani, Zohran K",1,,650000.0000,Oppose
2025,Z257,For Our City,OTHR,60,"Park Place, Ste 1303",,Newark,NJ,07102,GD,7358,30 Second Video - Alone - Internet,10/29/2025,INTVID,Video (Internet),250000,2993,"Cuomo, Andrew M",1,,125000.0000,Support
2025,Z257,For Our City,OTHR,60,"Park Place, Ste 1303",,Newark,NJ,07102,GD,7358,30 Second Video - Alone - Internet,10/29/2025,INTVID,Video (Internet),250000,2899,"Mamdani, Zohran K",1,,125000.0000,Oppose
2025,Z257,For Our City,OTHR,60,"Park Place, Ste 1303",,Newark,NJ,07102,GD,7415,30 Second Video - Biggest Fear - Alone w/new Paid By,10/31/2025,TVADS,Video (TV/Cable),1201193,2993,"Cuomo, Andrew M",1,,600596.4600,Support
2025,Z257,For Our City,OTHR,60,"Park Place, Ste 1303",,Newark,NJ,07102,GD,7415,30 Second Video - Biggest Fear - Alone w/new Paid By,10/31/2025,TVADS,Video (TV/Cable),1201193,2899,"Mamdani, Zohran K",1,,600596.4600,Oppose
2025,Z257,For Our City,OTHR,60,"Park Place, Ste 1303",,Newark,NJ,07102,GD,7416,30 Second Video - Biggest Fear - Alone w/new Paid By We,10/31/2025,INTVID,Video (Internet),80063,2993,"Cuomo, Andrew M",1,,40031.3400,Support
2025,Z257,For Our City,OTHR,60,"Park Place, Ste 1303",,Newark,NJ,07102,GD,7416,30 Second Video - Biggest Fear - Alone w/new Paid By We,10/31/2025,INTVID,Video (Internet),80063,2899,"Mamdani, Zohran K",1,,40031.3300,Oppose
2025,Z257,For Our City,OTHR,60,"Park Place, Ste 1303",,Newark,NJ,07102,GD,7417,30 Second Video - Crisis,10/31/2025,TVADS,Video (TV/Cable),1201193,2993,"Cuomo, Andrew M",1,,1201192.9300,Support
2025,Z257,For Our City,OTHR,60,"Park Place, Ste 1303",,Newark,NJ,07102,GD,7418,30 Second Video - Crisis - Internet,10/31/2025,INTVID,Video (Internet),82489,2993,"Cuomo, Andrew M",1,,82488.8100,Support
2025,Z257,For Our City,OTHR,60,"Park Place, Ste 1303",,Newark,NJ,07102,GD,7191,30 Second Video - Embrace,10/22/2025,TVADS,Video (TV/Cable),849660,2899,"Mamdani, Zohran K",1,,849660.0600,Oppose
2025,Z257,For Our City,OTHR,60,"Park Place, Ste 1303",,Newark,NJ,07102,GD,7398,30 Second Video - Not Who You Think / Trashed - Interne,10/30/2025,INTVID,Video (Internet),24332,2899,"Mamdani, Zohran K",1,,24331.7400,Support
2025,Z257,For Our City,OTHR,60,"Park Place, Ste 1303",,Newark,NJ,07102,41,7149,30 Second Video - Not Who You Think He Is / Trashed,10/18/2025,TVADS,Video (TV/Cable),2174179,2899,"Mamdani, Zohran K",1,,2174178.6400,Oppose
2025,Z257,For Our City,OTHR,60,"Park Place, Ste 1303",,Newark,NJ,07102,GD,7205,30 Second Video - Own Words,10/22/2025,INTVID,Video (Internet),250000,2899,"Mamdani, Zohran K",1,,250000.0000,Oppose
2025,Z257,For Our City,OTHR,60,"Park Place, Ste 1303",,Newark,NJ,07102,GD,7419,30 Second Video - Smiling - Embrace w/new Paid By - Web,10/31/2025,INTVID,Video (Internet),80063,2899,"Mamdani, Zohran K",1,,80062.6700,Support
2025,Z257,For Our City,OTHR,60,"Park Place, Ste 1303",,Newark,NJ,07102,GD,7396,30 Second Video - Spanish TV,10/30/2025,TVADS,Video (TV/Cable),290000,2993,"Cuomo, Andrew M",1,,290000.0000,Support
2025,Z257,For Our City,OTHR,60,"Park Place, Ste 1303",,Newark,NJ,07102,GD,7455,Airplane Banner - Flying 11/2-11/4 - Paid By FOC,11/2/2025,OTHER,Other,12000,2993,"Cuomo, Andrew M",1,,12000.0000,Support
2025,Z257,For Our City,OTHR,60,"Park Place, Ste 1303",,Newark,NJ,07102,43,7505,Text Messages,11/4/2025,TEXT,Text Messages,325000,2993,"Cuomo, Andrew M",1,,162500.0000,Support
2025,Z257,For Our City,OTHR,60,"Park Place, Ste 1303",,Newark,NJ,07102,43,7505,Text Messages,11/4/2025,TEXT,Text Messages,325000,2899,"Mamdani, Zohran K",1,,162500.0000,Oppose
2025,Z244,Good Growth NYC,OTHR,10,K Street SE,40,Washington,DC,20003,41,7079,Flyers,10/16/2025,LITER,Leaflet/Flyer,338500,2993,"Cuomo, Andrew M",1,,338500.0000,Support
2025,Z89,Hotel Workers for Stronger Communities,OTHR,707,8th Avenue,,New York,NY,10036,PD,6335,Andrew Cuomo mayor live phones v1,6/18/2025,PHONE,Phone Calls - Live,5263,2993,"Cuomo, Andrew M",1,,5262.7700,Support
2025,Z89,Hotel Workers for Stronger Communities,OTHR,707,8th Avenue,,New York,NY,10036,PD,6336,Andrew Cuomo mayor live phones v2,6/18/2025,PHONE,Phone Calls - Live,5263,2993,"Cuomo, Andrew M",1,,5262.7700,Support
2025,Z89,Hotel Workers for Stronger Communities,OTHR,707,8th Avenue,,New York,NY,10036,PD,6222,Cuomo mayor billboard trucks v2,6/16/2025,BILLBD,Billboard,38750,2993,"Cuomo, Andrew M",1,,38750.0000,Support
2025,Z89,Hotel Workers for Stronger Communities,OTHR,707,8th Avenue,,New York,NY,10036,PD,5843,Cuomo mayor mail 01 v1,6/10/2025,MAIL,Mass Mailing,140517,2993,"Cuomo, Andrew M",1,,140517.4800,Support
2025,Z89,Hotel Workers for Stronger Communities,OTHR,707,8th Avenue,,New York,NY,10036,PD,5847,Cuomo mayor mail 01 v2,6/10/2025,MAIL,Mass Mailing,95643,2993,"Cuomo, Andrew M",1,,95643.4100,Support
2025,Z89,Hotel Workers for Stronger Communities,OTHR,707,8th Avenue,,New York,NY,10036,PD,6210,Cuomo mayor mail 02 v1,6/16/2025,MAIL,Mass Mailing,137440,2993,"Cuomo, Andrew M",1,,137440.4500,Support
2025,Z89,Hotel Workers for Stronger Communities,OTHR,707,8th Avenue,,New York,NY,10036,PD,6211,Cuomo mayor mail 02 v2,6/16/2025,MAIL,Mass Mailing,93637,2993,"Cuomo, Andrew M",1,,93636.9000,Support
2025,Z89,Hotel Workers for Stronger Communities,OTHR,707,8th Avenue,,New York,NY,10036,PD,6349,Cuomo mayor mail 03 v1,6/18/2025,MAIL,Mass Mailing,137440,2993,"Cuomo, Andrew M",1,,137440.4500,Support
2025,Z89,Hotel Workers for Stronger Communities,OTHR,707,8th Avenue,,New York,NY,10036,PD,6350,Cuomo mayor mail 03 v2,6/18/2025,MAIL,Mass Mailing,93637,2993,"Cuomo, Andrew M",1,,93636.9000,Support
2025,Z89,Hotel Workers for Stronger Communities,OTHR,707,8th Avenue,,New York,NY,10036,PD,6219,Cuomo mayor mobile billboard v1,6/16/2025,BILLBD,Billboard,38750,2993,"Cuomo, Andrew M",1,,38750.0000,Support
2025,Z89,Hotel Workers for Stronger Communities,OTHR,707,8th Avenue,,New York,NY,10036,PD,5848,Cuomo mayor palm card 1 v1,6/10/2025,LITER,Leaflet/Flyer,51656,2993,"Cuomo, Andrew M",1,,51655.6400,Support
2025,Z89,Hotel Workers for Stronger Communities,OTHR,707,8th Avenue,,New York,NY,10036,PD,5849,Cuomo mayor palm card 1 v2,6/10/2025,LITER,Leaflet/Flyer,37622,2993,"Cuomo, Andrew M",1,,37621.5900,Support
2025,Z89,Hotel Workers for Stronger Communities,OTHR,707,8th Avenue,,New York,NY,10036,PD,6510,Cuomo mayor palm card 2,6/21/2025,LITER,Leaflet/Flyer,6149,2993,"Cuomo, Andrew M",1,,6148.5100,Support
2025,Z89,Hotel Workers for Stronger Communities,OTHR,707,8th Avenue,,New York,NY,10036,GD,7197,Shift Change broadcast TV video,10/22/2025,TVADS,Video (TV/Cable),610000,2899,"Mamdani, Zohran K",1,,610000.0000,Support
2025,Z89,Hotel Workers for Stronger Communities,OTHR,707,8th Avenue,,New York,NY,10036,GD,7198,Shift Change digital video,10/22/2025,INTVID,Video (Internet),200000,2899,"Mamdani, Zohran K",1,,200000.0000,Support
2025,Z89,Hotel Workers for Stronger Communities,OTHR,707,8th Avenue,,New York,NY,10036,GD,7291,Union Workers for Zhoran button,10/26/2025,BUTTON,Button / Pen / Shirt,208,2899,"Mamdani, Zohran K",1,,208.0000,Support
2025,Z89,Hotel Workers for Stronger Communities,OTHR,707,8th Avenue,,New York,NY,10036,GD,7292,Union Workers for Zohran signs,10/26/2025,POSTER,Poster,114,2899,"Mamdani, Zohran K",1,,114.0000,Support
2025,Z205,HOUSING FOR ALL,OTHR,123,William,,New York,NY,10038,PD,6027,Radio & TV Media Buy,6/9/2025,TVADS,Video (TV/Cable),2300000,2993,"Cuomo, Andrew M",1,,2300000.0000,Support
2025,Z205,HOUSING FOR ALL,OTHR,123,William,,New York,NY,10038,25,6669,Radio Ads,6/23/2025,SRADIO,Audio <= 30 seconds,200000,2993,"Cuomo, Andrew M",1,,200000.0000,Support
2025,Z223,Indian Americans for Cuomo,OTHR,28,Arie Dr,,Marlboro,NJ,07746,PD,6537,Airline banner opposing Mamdani,6/22/2025,OTHER,Other,3570,2899,"Mamdani, Zohran K",1,,3570.0000,Oppose
2025,Z223,Indian Americans for Cuomo,OTHR,28,Arie Dr,,Marlboro,NJ,07746,PD,6497,Digital Truck (June 21st),6/22/2025,OTHER,Other,2200,2993,"Cuomo, Andrew M",1,,2200.0000,Support
2025,Z223,Indian Americans for Cuomo,OTHR,28,Arie Dr,,Marlboro,NJ,07746,PD,6583,Digital Truck (June 23rd),6/23/2025,OTHER,Other,1400,2993,"Cuomo, Andrew M",1,,1400.0000,Support
2025,Z223,Indian Americans for Cuomo,OTHR,28,Arie Dr,,Marlboro,NJ,07746,PD,6506,Digital Truck June 22nd,6/22/2025,OTHER,Other,1400,2993,"Cuomo, Andrew M",1,,1400.0000,Support
2025,Z223,Indian Americans for Cuomo,OTHR,28,Arie Dr,,Marlboro,NJ,07746,PD,6356,radio ad on June 14th (27 seconds),6/14/2025,SRADIO,Audio <= 30 seconds,200,2993,"Cuomo, Andrew M",1,,200.0000,Support
2025,Z223,Indian Americans for Cuomo,OTHR,28,Arie Dr,,Marlboro,NJ,07746,PD,6357,radio ad on June 14th (28 seconds),6/14/2025,SRADIO,Audio <= 30 seconds,200,2993,"Cuomo, Andrew M",1,,200.0000,Support
2025,Z223,Indian Americans for Cuomo,OTHR,28,Arie Dr,,Marlboro,NJ,07746,PD,6359,radio ad on June 14th (31 seconds),6/14/2025,RADIO,Audio > 30 seconds,200,2993,"Cuomo, Andrew M",1,,200.0000,Support
2025,Z223,Indian Americans for Cuomo,OTHR,28,Arie Dr,,Marlboro,NJ,07746,PD,6358,radio ad on June 14th (33 seconds),6/14/2025,RADIO,Audio > 30 seconds,200,2993,"Cuomo, Andrew M",1,,200.0000,Support
2025,Z223,Indian Americans for Cuomo,OTHR,28,Arie Dr,,Marlboro,NJ,07746,PD,6360,radio interview on June 13th (6 minutes 49 seconds),6/13/2025,RADIO,Audio > 30 seconds,100,2993,"Cuomo, Andrew M",1,,100.0000,Support
2025,Z256,Innovate NY,OTHR,2270,Lulu Lizzy Lane,,Knoxville,TN,37932,GD,7264,Flyer,10/24/2025,LITER,Leaflet/Flyer,30000,2993,"Cuomo, Andrew M",1,,15000.0000,Support
2025,Z256,Innovate NY,OTHR,2270,Lulu Lizzy Lane,,Knoxville,TN,37932,GD,7264,Flyer,10/24/2025,LITER,Leaflet/Flyer,30000,2899,"Mamdani, Zohran K",1,,15000.0000,Oppose
2025,Z256,Innovate NY,OTHR,2270,Lulu Lizzy Lane,,Knoxville,TN,37932,GD,7356,Flyer,10/29/2025,LITER,Leaflet/Flyer,51400,2993,"Cuomo, Andrew M",1,,51400.0000,Support
2025,Z256,Innovate NY,OTHR,2270,Lulu Lizzy Lane,,Knoxville,TN,37932,GD,7355,Sign,10/29/2025,POSTER,Poster,15000,2993,"Cuomo, Andrew M",1,,15000.0000,Support
2025,Z252,Livable Future,OTHR,9621,Olive Blvd,12404,Saint Louis,MO,63132,40,7073,Mamdami Canvassing Flyer 1,10/6/2025,LITER,Leaflet/Flyer,16476,2899,"Mamdani, Zohran K",1,,16475.8300,Support
2025,Z213,Local Economies Forward NY,OTHR,2350,Kerner Boulevard,250,San Rafael,CA,94901,25,6704,Andrew Cuomo Newspaper Ad 7,6/24/2025,INTAD,Internet - Display/Banner,2700,2993,"Cuomo, Andrew M",1,,2700.0000,Support
2025,Z213,Local Economies Forward NY,OTHR,2350,Kerner Boulevard,250,San Rafael,CA,94901,PD,6549,Andrew Cuomo Billboard Truck Sides 1,6/22/2025,BILLBD,Billboard,25000,2993,"Cuomo, Andrew M",1,,25000.0000,Support
2025,Z213,Local Economies Forward NY,OTHR,2350,Kerner Boulevard,250,San Rafael,CA,94901,PD,6488,Andrew Cuomo Display Ads 1,6/21/2025,BILLBD,Billboard,30000,2993,"Cuomo, Andrew M",1,,30000.0000,Support
2025,Z213,Local Economies Forward NY,OTHR,2350,Kerner Boulevard,250,San Rafael,CA,94901,PD,6351,Andrew Cuomo GOTV  Phone Script 1,6/18/2025,PHONE,Phone Calls - Live,38500,2993,"Cuomo, Andrew M",1,,38500.0000,Support
2025,Z213,Local Economies Forward NY,OTHR,2350,Kerner Boulevard,250,San Rafael,CA,94901,PD,6452,Andrew Cuomo GOVT Mailer 1,6/20/2025,MAIL,Mass Mailing,77621,2993,"Cuomo, Andrew M",1,,77620.7100,Support
2025,Z213,Local Economies Forward NY,OTHR,2350,Kerner Boulevard,250,San Rafael,CA,94901,PD,6276,Andrew Cuomo Mailer 1,6/17/2025,MAIL,Mass Mailing,49463,2993,"Cuomo, Andrew M",1,,49463.2900,Support
2025,Z213,Local Economies Forward NY,OTHR,2350,Kerner Boulevard,250,San Rafael,CA,94901,PD,6354,Andrew Cuomo Mailer 2,6/18/2025,MAIL,Mass Mailing,49463,2993,"Cuomo, Andrew M",1,,49463.2900,Support
2025,Z213,Local Economies Forward NY,OTHR,2350,Kerner Boulevard,250,San Rafael,CA,94901,PD,6484,Andrew Cuomo Newspaper Ad 1,6/21/2025,INTAD,Internet - Display/Banner,3475,2993,"Cuomo, Andrew M",1,,3475.0000,Support
2025,Z213,Local Economies Forward NY,OTHR,2350,Kerner Boulevard,250,San Rafael,CA,94901,PD,6540,Andrew Cuomo Newspaper Ad 2,6/22/2025,INTAD,Internet - Display/Banner,3475,2993,"Cuomo, Andrew M",1,,3475.0000,Support
2025,Z213,Local Economies Forward NY,OTHR,2350,Kerner Boulevard,250,San Rafael,CA,94901,PD,6542,Andrew Cuomo Newspaper Ad 3,6/22/2025,INTAD,Internet - Display/Banner,4800,2993,"Cuomo, Andrew M",1,,4800.0000,Support
2025,Z213,Local Economies Forward NY,OTHR,2350,Kerner Boulevard,250,San Rafael,CA,94901,PD,6616,Andrew Cuomo Newspaper Ad 4,6/23/2025,INTAD,Internet - Display/Banner,3475,2993,"Cuomo, Andrew M",1,,3475.0000,Support
2025,Z213,Local Economies Forward NY,OTHR,2350,Kerner Boulevard,250,San Rafael,CA,94901,25,6702,Andrew Cuomo Newspaper Ad 5,6/24/2025,INTAD,Internet - Display/Banner,3475,2993,"Cuomo, Andrew M",1,,3475.0000,Support
2025,Z213,Local Economies Forward NY,OTHR,2350,Kerner Boulevard,250,San Rafael,CA,94901,25,6703,Andrew Cuomo Newspaper Ad 6,6/24/2025,INTAD,Internet - Display/Banner,4800,2993,"Cuomo, Andrew M",1,,4800.0000,Support
2025,Z213,Local Economies Forward NY,OTHR,2350,Kerner Boulevard,250,San Rafael,CA,94901,25,6705,Andrew Cuomo Newspaper Ad 8,6/24/2025,INTAD,Internet - Display/Banner,4400,2993,"Cuomo, Andrew M",1,,4400.0000,Support
2025,Z213,Local Economies Forward NY,OTHR,2350,Kerner Boulevard,250,San Rafael,CA,94901,PD,6487,Andrew Cuomo Text Round 1,6/21/2025,TEXT,Text Messages,23800,2993,"Cuomo, Andrew M",1,,23800.0000,Support
2025,Z213,Local Economies Forward NY,OTHR,2350,Kerner Boulevard,250,San Rafael,CA,94901,PD,6620,Andrew Cuomo Text Round 2,6/23/2025,TEXT,Text Messages,23800,2993,"Cuomo, Andrew M",1,,23800.0000,Support
2025,Z213,Local Economies Forward NY,OTHR,2350,Kerner Boulevard,250,San Rafael,CA,94901,PD,6486,Andrew Cuomo WeChat Video Ad 1,6/21/2025,INTVID,Video (Internet),20000,2993,"Cuomo, Andrew M",1,,20000.0000,Support
2025,Z241,"NEW YORKERS FOR A BETTER FUTURE MAYOR 25, INC",CORP,163,AMSTERDAM AVENUE,1350,New york,NY,10023,GD,7359,Canvasser Shirts,10/30/2025,BUTTON,Button / Pen / Shirt,6657,2993,"Cuomo, Andrew M",1,,3328.2900,Support
2025,Z241,"NEW YORKERS FOR A BETTER FUTURE MAYOR 25, INC",CORP,163,AMSTERDAM AVENUE,1350,New york,NY,10023,GD,7359,Canvasser Shirts,10/30/2025,BUTTON,Button / Pen / Shirt,6657,2899,"Mamdani, Zohran K",1,,1664.1500,Oppose
2025,Z241,"NEW YORKERS FOR A BETTER FUTURE MAYOR 25, INC",CORP,163,AMSTERDAM AVENUE,1350,New york,NY,10023,GD,7359,Canvasser Shirts,10/30/2025,BUTTON,Button / Pen / Shirt,6657,2618,"Sliwa, Curtis A",1,,1664.1500,Oppose
2025,Z241,"NEW YORKERS FOR A BETTER FUTURE MAYOR 25, INC",CORP,163,AMSTERDAM AVENUE,1350,New york,NY,10023,GD,7467,Canvassing - 3 Boroughs,11/3/2025,LITER,Leaflet/Flyer,85000,2993,"Cuomo, Andrew M",1,,85000.0000,Support
2025,Z241,"NEW YORKERS FOR A BETTER FUTURE MAYOR 25, INC",CORP,163,AMSTERDAM AVENUE,1350,New york,NY,10023,42,7263,Canvassing for Mayor 2025 - Brooklyn,10/25/2025,LITER,Leaflet/Flyer,15000,2993,"Cuomo, Andrew M",1,,10000.0000,Support
2025,Z241,"NEW YORKERS FOR A BETTER FUTURE MAYOR 25, INC",CORP,163,AMSTERDAM AVENUE,1350,New york,NY,10023,42,7263,Canvassing for Mayor 2025 - Brooklyn,10/25/2025,LITER,Leaflet/Flyer,15000,2899,"Mamdani, Zohran K",1,,2500.0000,Oppose
2025,Z241,"NEW YORKERS FOR A BETTER FUTURE MAYOR 25, INC",CORP,163,AMSTERDAM AVENUE,1350,New york,NY,10023,42,7263,Canvassing for Mayor 2025 - Brooklyn,10/25/2025,LITER,Leaflet/Flyer,15000,2618,"Sliwa, Curtis A",1,,2500.0000,Oppose
2025,Z241,"NEW YORKERS FOR A BETTER FUTURE MAYOR 25, INC",CORP,163,AMSTERDAM AVENUE,1350,New york,NY,10023,42,7262,Canvassing for Mayor 2025 - Brooklyn / Staten Island,10/24/2025,LITER,Leaflet/Flyer,75000,2993,"Cuomo, Andrew M",1,,50000.0000,Support
2025,Z241,"NEW YORKERS FOR A BETTER FUTURE MAYOR 25, INC",CORP,163,AMSTERDAM AVENUE,1350,New york,NY,10023,42,7262,Canvassing for Mayor 2025 - Brooklyn / Staten Island,10/24/2025,LITER,Leaflet/Flyer,75000,2899,"Mamdani, Zohran K",1,,12500.0000,Oppose
2025,Z241,"NEW YORKERS FOR A BETTER FUTURE MAYOR 25, INC",CORP,163,AMSTERDAM AVENUE,1350,New york,NY,10023,42,7262,Canvassing for Mayor 2025 - Brooklyn / Staten Island,10/24/2025,LITER,Leaflet/Flyer,75000,2618,"Sliwa, Curtis A",1,,12500.0000,Oppose
2025,Z241,"NEW YORKERS FOR A BETTER FUTURE MAYOR 25, INC",CORP,163,AMSTERDAM AVENUE,1350,New york,NY,10023,GD,7397,Canvassing for Mayor 2025 - Queens/Brooklyn,10/30/2025,OTHER,Other,65000,2993,"Cuomo, Andrew M",1,,32500.0000,Support
2025,Z241,"NEW YORKERS FOR A BETTER FUTURE MAYOR 25, INC",CORP,163,AMSTERDAM AVENUE,1350,New york,NY,10023,GD,7397,Canvassing for Mayor 2025 - Queens/Brooklyn,10/30/2025,OTHER,Other,65000,2899,"Mamdani, Zohran K",1,,32500.0000,Oppose
2025,Z241,"NEW YORKERS FOR A BETTER FUTURE MAYOR 25, INC",CORP,163,AMSTERDAM AVENUE,1350,New york,NY,10023,GD,7357,Canvassing for Mayor 2025 - Staten Island,10/30/2025,LITER,Leaflet/Flyer,20000,2993,"Cuomo, Andrew M",1,,10000.0000,Support
2025,Z241,"NEW YORKERS FOR A BETTER FUTURE MAYOR 25, INC",CORP,163,AMSTERDAM AVENUE,1350,New york,NY,10023,GD,7357,Canvassing for Mayor 2025 - Staten Island,10/30/2025,LITER,Leaflet/Flyer,20000,2899,"Mamdani, Zohran K",1,,5000.0000,Oppose
2025,Z241,"NEW YORKERS FOR A BETTER FUTURE MAYOR 25, INC",CORP,163,AMSTERDAM AVENUE,1350,New york,NY,10023,GD,7357,Canvassing for Mayor 2025 - Staten Island,10/30/2025,LITER,Leaflet/Flyer,20000,2618,"Sliwa, Curtis A",1,,5000.0000,Oppose
2025,Z241,"NEW YORKERS FOR A BETTER FUTURE MAYOR 25, INC",CORP,163,AMSTERDAM AVENUE,1350,New york,NY,10023,GD,7469,Canvassing Management,11/3/2025,LITER,Leaflet/Flyer,17000,2993,"Cuomo, Andrew M",1,,8500.0000,Support
2025,Z241,"NEW YORKERS FOR A BETTER FUTURE MAYOR 25, INC",CORP,163,AMSTERDAM AVENUE,1350,New york,NY,10023,GD,7469,Canvassing Management,11/3/2025,LITER,Leaflet/Flyer,17000,2899,"Mamdani, Zohran K",1,,4250.0000,Oppose
2025,Z241,"NEW YORKERS FOR A BETTER FUTURE MAYOR 25, INC",CORP,163,AMSTERDAM AVENUE,1350,New york,NY,10023,GD,7469,Canvassing Management,11/3/2025,LITER,Leaflet/Flyer,17000,2618,"Sliwa, Curtis A",1,,4250.0000,Oppose
2025,Z241,"NEW YORKERS FOR A BETTER FUTURE MAYOR 25, INC",CORP,163,AMSTERDAM AVENUE,1350,New york,NY,10023,GD,7470,Citywide Text Message,11/3/2025,TEXT,Text Messages,26250,2993,"Cuomo, Andrew M",1,,26250.0000,Support
2025,Z241,"NEW YORKERS FOR A BETTER FUTURE MAYOR 25, INC",CORP,163,AMSTERDAM AVENUE,1350,New york,NY,10023,37,6955,Digital Ads opposing  Zohran Mamdani,9/16/2025,INTAD,Internet - Display/Banner,250000,2899,"Mamdani, Zohran K",1,,250000.0000,Oppose
2025,Z241,"NEW YORKERS FOR A BETTER FUTURE MAYOR 25, INC",CORP,163,AMSTERDAM AVENUE,1350,New york,NY,10023,40,7046,Digital Ads opposing Zohran Mamdani,10/10/2025,INTAD,Internet - Display/Banner,250000,2899,"Mamdani, Zohran K",1,,250000.0000,Oppose
2025,Z241,"NEW YORKERS FOR A BETTER FUTURE MAYOR 25, INC",CORP,163,AMSTERDAM AVENUE,1350,New york,NY,10023,42,7261,GOTV Door Hanger - Pro-Cuomo and Anti-Sliwa/Mamdani,10/25/2025,LITER,Leaflet/Flyer,31188,2993,"Cuomo, Andrew M",1,,15594.0000,Support
2025,Z241,"NEW YORKERS FOR A BETTER FUTURE MAYOR 25, INC",CORP,163,AMSTERDAM AVENUE,1350,New york,NY,10023,42,7261,GOTV Door Hanger - Pro-Cuomo and Anti-Sliwa/Mamdani,10/25/2025,LITER,Leaflet/Flyer,31188,2899,"Mamdani, Zohran K",1,,7797.0000,Oppose
2025,Z241,"NEW YORKERS FOR A BETTER FUTURE MAYOR 25, INC",CORP,163,AMSTERDAM AVENUE,1350,New york,NY,10023,42,7261,GOTV Door Hanger - Pro-Cuomo and Anti-Sliwa/Mamdani,10/25/2025,LITER,Leaflet/Flyer,31188,2618,"Sliwa, Curtis A",1,,7797.0000,Oppose
2025,Z241,"NEW YORKERS FOR A BETTER FUTURE MAYOR 25, INC",CORP,163,AMSTERDAM AVENUE,1350,New york,NY,10023,42,7257,GOTV Palm Card - Pro-Cuomo and Anti-Sliwa/Mamdani,10/24/2025,LITER,Leaflet/Flyer,38204,2993,"Cuomo, Andrew M",1,,19102.0000,Support
2025,Z241,"NEW YORKERS FOR A BETTER FUTURE MAYOR 25, INC",CORP,163,AMSTERDAM AVENUE,1350,New york,NY,10023,42,7257,GOTV Palm Card - Pro-Cuomo and Anti-Sliwa/Mamdani,10/24/2025,LITER,Leaflet/Flyer,38204,2899,"Mamdani, Zohran K",1,,9551.0000,Oppose
2025,Z241,"NEW YORKERS FOR A BETTER FUTURE MAYOR 25, INC",CORP,163,AMSTERDAM AVENUE,1350,New york,NY,10023,42,7257,GOTV Palm Card - Pro-Cuomo and Anti-Sliwa/Mamdani,10/24/2025,LITER,Leaflet/Flyer,38204,2618,"Sliwa, Curtis A",1,,9551.0000,Oppose
2025,Z241,"NEW YORKERS FOR A BETTER FUTURE MAYOR 25, INC",CORP,163,AMSTERDAM AVENUE,1350,New york,NY,10023,GD,7362,NYFABF Mayor 25 - Cable TV Ad,10/30/2025,TVADS,Video (TV/Cable),36000,2993,"Cuomo, Andrew M",1,,36000.0000,Support
2025,Z241,"NEW YORKERS FOR A BETTER FUTURE MAYOR 25, INC",CORP,163,AMSTERDAM AVENUE,1350,New york,NY,10023,GD,7395,NYFABF Mayor 25 - Lawn Signs,10/31/2025,POSTER,Poster,16000,2993,"Cuomo, Andrew M",1,,8000.0000,Support
2025,Z241,"NEW YORKERS FOR A BETTER FUTURE MAYOR 25, INC",CORP,163,AMSTERDAM AVENUE,1350,New york,NY,10023,GD,7395,NYFABF Mayor 25 - Lawn Signs,10/31/2025,POSTER,Poster,16000,2899,"Mamdani, Zohran K",1,,8000.0000,Oppose
2025,Z241,"NEW YORKERS FOR A BETTER FUTURE MAYOR 25, INC",CORP,163,AMSTERDAM AVENUE,1350,New york,NY,10023,GD,7361,NYFABF Mayor 25 - Radio Ads,10/30/2025,RADIO,Audio > 30 seconds,17000,2993,"Cuomo, Andrew M",1,,17000.0000,Support
2025,Z241,"NEW YORKERS FOR A BETTER FUTURE MAYOR 25, INC",CORP,163,AMSTERDAM AVENUE,1350,New york,NY,10023,GD,7394,NYFABFM25 - Newspaper Ads,10/31/2025,PRINT,Print Ad,7300,2993,"Cuomo, Andrew M",1,,3650.0000,Support
2025,Z241,"NEW YORKERS FOR A BETTER FUTURE MAYOR 25, INC",CORP,163,AMSTERDAM AVENUE,1350,New york,NY,10023,GD,7394,NYFABFM25 - Newspaper Ads,10/31/2025,PRINT,Print Ad,7300,2899,"Mamdani, Zohran K",1,,1825.0000,Oppose
2025,Z241,"NEW YORKERS FOR A BETTER FUTURE MAYOR 25, INC",CORP,163,AMSTERDAM AVENUE,1350,New york,NY,10023,GD,7394,NYFABFM25 - Newspaper Ads,10/31/2025,PRINT,Print Ad,7300,2618,"Sliwa, Curtis A",1,,1825.0000,Oppose
2025,Z241,"NEW YORKERS FOR A BETTER FUTURE MAYOR 25, INC",CORP,163,AMSTERDAM AVENUE,1350,New york,NY,10023,GD,7392,NYFABFM25 - South Asian Mailer,10/31/2025,MAIL,Mass Mailing,48936,2993,"Cuomo, Andrew M",1,,24468.0000,Support
2025,Z241,"NEW YORKERS FOR A BETTER FUTURE MAYOR 25, INC",CORP,163,AMSTERDAM AVENUE,1350,New york,NY,10023,GD,7392,NYFABFM25 - South Asian Mailer,10/31/2025,MAIL,Mass Mailing,48936,2899,"Mamdani, Zohran K",1,,24468.0000,Oppose
2025,Z241,"NEW YORKERS FOR A BETTER FUTURE MAYOR 25, INC",CORP,163,AMSTERDAM AVENUE,1350,New york,NY,10023,GD,7391,NYFABFM25 - South Asian Palm Card,10/31/2025,LITER,Leaflet/Flyer,28570,2993,"Cuomo, Andrew M",1,,14285.0000,Support
2025,Z241,"NEW YORKERS FOR A BETTER FUTURE MAYOR 25, INC",CORP,163,AMSTERDAM AVENUE,1350,New york,NY,10023,GD,7391,NYFABFM25 - South Asian Palm Card,10/31/2025,LITER,Leaflet/Flyer,28570,2899,"Mamdani, Zohran K",1,,14285.0000,Oppose
2025,Z241,"NEW YORKERS FOR A BETTER FUTURE MAYOR 25, INC",CORP,163,AMSTERDAM AVENUE,1350,New york,NY,10023,GD,7466,Robocalls - Citywide,11/3/2025,ROBO,Robo Call,58000,2993,"Cuomo, Andrew M",1,,58000.0000,Support
2025,Z241,"NEW YORKERS FOR A BETTER FUTURE MAYOR 25, INC",CORP,163,AMSTERDAM AVENUE,1350,New york,NY,10023,41,7154,Russian Digital Ad Supporting Cuomo & Opposing Sliwa/ZM,10/18/2025,INTAD,Internet - Display/Banner,100000,2993,"Cuomo, Andrew M",1,,50000.0000,Support
2025,Z241,"NEW YORKERS FOR A BETTER FUTURE MAYOR 25, INC",CORP,163,AMSTERDAM AVENUE,1350,New york,NY,10023,41,7154,Russian Digital Ad Supporting Cuomo & Opposing Sliwa/ZM,10/18/2025,INTAD,Internet - Display/Banner,100000,2899,"Mamdani, Zohran K",1,,25000.0000,Oppose
2025,Z241,"NEW YORKERS FOR A BETTER FUTURE MAYOR 25, INC",CORP,163,AMSTERDAM AVENUE,1350,New york,NY,10023,41,7154,Russian Digital Ad Supporting Cuomo & Opposing Sliwa/ZM,10/18/2025,INTAD,Internet - Display/Banner,100000,2618,"Sliwa, Curtis A",1,,25000.0000,Oppose
2025,Z241,"NEW YORKERS FOR A BETTER FUTURE MAYOR 25, INC",CORP,163,AMSTERDAM AVENUE,1350,New york,NY,10023,41,7153,South Asian Digital Ads Opposing Zohran Mamdani,10/18/2025,INTAD,Internet - Display/Banner,100000,2899,"Mamdani, Zohran K",1,,100000.0000,Oppose
2025,Z241,"NEW YORKERS FOR A BETTER FUTURE MAYOR 25, INC",CORP,163,AMSTERDAM AVENUE,1350,New york,NY,10023,GD,7390,South Asian Digital Ads Opposing Zohran Mamdani #2,10/30/2025,INTAD,Internet - Display/Banner,100000,2899,"Mamdani, Zohran K",1,,100000.0000,Oppose
2025,Z241,"NEW YORKERS FOR A BETTER FUTURE MAYOR 25, INC",CORP,163,AMSTERDAM AVENUE,1350,New york,NY,10023,41,7088,Video - Election Advice from Zohran Mamdani,10/17/2025,INTVID,Video (Internet),30000,2993,"Cuomo, Andrew M",1,,25000.0000,Support
2025,Z241,"NEW YORKERS FOR A BETTER FUTURE MAYOR 25, INC",CORP,163,AMSTERDAM AVENUE,1350,New york,NY,10023,41,7088,Video - Election Advice from Zohran Mamdani,10/17/2025,INTVID,Video (Internet),30000,2899,"Mamdani, Zohran K",1,,5000.0000,Oppose
2025,Z198,New Yorkers for a Better New York Today,OTHR,1900,L St NW,800,Washington,DC,20036,PD,6587,Arbini Family,6/20/2025,INTVID,Video (Internet),787,2993,"Cuomo, Andrew M",1,,787.1800,Oppose
2025,Z198,New Yorkers for a Better New York Today,OTHR,1900,L St NW,800,Washington,DC,20036,PD,6589,Cassie Video_Oops All Cuomo,6/20/2025,INTVID,Video (Internet),1465,2993,"Cuomo, Andrew M",1,,1465.4400,Oppose
2025,Z198,New Yorkers for a Better New York Today,OTHR,1900,L St NW,800,Washington,DC,20036,PD,6588,Dr. Steve,6/20/2025,INTVID,Video (Internet),212,2993,"Cuomo, Andrew M",1,,211.8200,Oppose
2025,Z198,New Yorkers for a Better New York Today,OTHR,1900,L St NW,800,Washington,DC,20036,PD,4169,Dream Sticker,3/11/2025,BUTTON,Button / Pen / Shirt,228,2993,"Cuomo, Andrew M",1,,228.1000,Oppose
2025,Z198,New Yorkers for a Better New York Today,OTHR,1900,L St NW,800,Washington,DC,20036,PD,6572,ICE  - Digital Ad,6/18/2025,INTVID,Video (Internet),325,2993,"Cuomo, Andrew M",1,,325.0300,Oppose
2025,Z198,New Yorkers for a Better New York Today,OTHR,1900,L St NW,800,Washington,DC,20036,PD,6586,Jamaal Clip,6/20/2025,INTVID,Video (Internet),941,2993,"Cuomo, Andrew M",1,,941.2000,Oppose
2025,Z198,New Yorkers for a Better New York Today,OTHR,1900,L St NW,800,Washington,DC,20036,41,7462,Make The Road - In-Kind - Poster,10/18/2025,LITER,Leaflet/Flyer,2638,2899,"Mamdani, Zohran K",1,,2638.0000,Support
2025,Z198,New Yorkers for a Better New York Today,OTHR,1900,L St NW,800,Washington,DC,20036,41,7156,Make The Road - In-Kind - Social Media Ads #1,10/15/2025,INTVID,Video (Internet),3358,2899,"Mamdani, Zohran K",1,,3358.4900,Support
2025,Z198,New Yorkers for a Better New York Today,OTHR,1900,L St NW,800,Washington,DC,20036,41,7459,Make The Road - In-Kind - Social Media Ads #2,10/15/2025,INTVID,Video (Internet),4495,2899,"Mamdani, Zohran K",1,,4494.9100,Support
2025,Z198,New Yorkers for a Better New York Today,OTHR,1900,L St NW,800,Washington,DC,20036,41,7460,Make The Road - In-Kind - Social Media Ads #3,10/15/2025,INTVID,Video (Internet),4021,2899,"Mamdani, Zohran K",1,,4020.5600,Support
2025,Z198,New Yorkers for a Better New York Today,OTHR,1900,L St NW,800,Washington,DC,20036,41,7461,Make The Road - In-Kind - Social Media Graphic #1,10/15/2025,INTAD,Internet - Display/Banner,1500,2899,"Mamdani, Zohran K",1,,1500.0000,Support
2025,Z198,New Yorkers for a Better New York Today,OTHR,1900,L St NW,800,Washington,DC,20036,PD,6590,Racism,6/20/2025,INTVID,Video (Internet),1682,2993,"Cuomo, Andrew M",1,,1682.3800,Oppose
2025,Z198,New Yorkers for a Better New York Today,OTHR,1900,L St NW,800,Washington,DC,20036,PD,6585,RCV,6/18/2025,INTVID,Video (Internet),733,2993,"Cuomo, Andrew M",1,,733.2900,Oppose
2025,Z198,New Yorkers for a Better New York Today,OTHR,1900,L St NW,800,Washington,DC,20036,PD,6593,RCV Guide,6/19/2025,LITER,Leaflet/Flyer,321,2993,"Cuomo, Andrew M",1,,321.1800,Oppose
2025,Z198,New Yorkers for a Better New York Today,OTHR,1900,L St NW,800,Washington,DC,20036,PD,6591,Staten Island,6/22/2025,INTVID,Video (Internet),253,2993,"Cuomo, Andrew M",1,,253.2000,Oppose
2025,Z198,New Yorkers for a Better New York Today,OTHR,1900,L St NW,800,Washington,DC,20036,PD,6592,Testimony 2,6/23/2025,INTVID,Video (Internet),143,2993,"Cuomo, Andrew M",1,,142.8800,Oppose
2025,Z198,New Yorkers for a Better New York Today,OTHR,1900,L St NW,800,Washington,DC,20036,PD,5820,Texting Against Cuomo,6/9/2025,TEXT,Text Messages,300,2993,"Cuomo, Andrew M",1,,300.0000,Oppose
2025,Z198,New Yorkers for a Better New York Today,OTHR,1900,L St NW,800,Washington,DC,20036,PD,4166,Website,3/4/2025,WEB,Website,200,2993,"Cuomo, Andrew M",1,,200.0000,Oppose
2025,Z196,New Yorkers for Lower Costs,OTHR,169,Madison Ave,11258,New York,NY,10016,40,7084,$100k FB Ad v2,10/7/2025,INTAD,Internet - Display/Banner,25131,2899,"Mamdani, Zohran K",1,,25130.5700,Support
2025,Z196,New Yorkers for Lower Costs,OTHR,169,Madison Ave,11258,New York,NY,10016,40,7085,$100k FB Ad v3,10/7/2025,INTAD,Internet - Display/Banner,4878,2899,"Mamdani, Zohran K",1,,4878.2200,Support
2025,Z196,New Yorkers for Lower Costs,OTHR,169,Madison Ave,11258,New York,NY,10016,40,7083,$100k Goal FB Ad,10/7/2025,INTAD,Internet - Display/Banner,16060,2899,"Mamdani, Zohran K",1,,16059.7600,Support
2025,Z196,New Yorkers for Lower Costs,OTHR,169,Madison Ave,11258,New York,NY,10016,28,6814,$25 FB Ad,7/16/2025,INTAD,Internet - Display/Banner,245,2899,"Mamdani, Zohran K",1,,245.3500,Support
2025,Z196,New Yorkers for Lower Costs,OTHR,169,Madison Ave,11258,New York,NY,10016,28,6815,$25 FB Ad v2,7/16/2025,INTAD,Internet - Display/Banner,151,2899,"Mamdani, Zohran K",1,,150.8500,Support
2025,Z196,New Yorkers for Lower Costs,OTHR,169,Madison Ave,11258,New York,NY,10016,28,6816,$25 FB Ad v3,7/16/2025,INTAD,Internet - Display/Banner,961,2899,"Mamdani, Zohran K",1,,961.1500,Support
2025,Z196,New Yorkers for Lower Costs,OTHR,169,Madison Ave,11258,New York,NY,10016,28,6819,$25 FB Ad v4,7/16/2025,INTAD,Internet - Display/Banner,194,2899,"Mamdani, Zohran K",1,,193.9700,Support
2025,Z196,New Yorkers for Lower Costs,OTHR,169,Madison Ave,11258,New York,NY,10016,28,6820,$25 FB Ad v5,7/16/2025,INTAD,Internet - Display/Banner,134,2899,"Mamdani, Zohran K",1,,133.7000,Support
2025,Z196,New Yorkers for Lower Costs,OTHR,169,Madison Ave,11258,New York,NY,10016,28,6821,$25 FB Ad v6,7/16/2025,INTAD,Internet - Display/Banner,202,2899,"Mamdani, Zohran K",1,,201.9700,Support
2025,Z196,New Yorkers for Lower Costs,OTHR,169,Madison Ave,11258,New York,NY,10016,34,6926,$25 FB Ad v7,9/1/2025,INTAD,Internet - Display/Banner,1262,2899,"Mamdani, Zohran K",1,,1262.2700,Support
2025,Z196,New Yorkers for Lower Costs,OTHR,169,Madison Ave,11258,New York,NY,10016,34,6927,$25 FB Ad v8,9/1/2025,INTAD,Internet - Display/Banner,2637,2899,"Mamdani, Zohran K",1,,2636.7800,Support
2025,Z196,New Yorkers for Lower Costs,OTHR,169,Madison Ave,11258,New York,NY,10016,38,6985,$250k Text,9/26/2025,TEXT,Text Messages,269,2899,"Mamdani, Zohran K",1,,268.6200,Support
2025,Z196,New Yorkers for Lower Costs,OTHR,169,Madison Ave,11258,New York,NY,10016,39,7018,$415k Text,10/2/2025,TEXT,Text Messages,2773,2899,"Mamdani, Zohran K",1,,2772.8200,Support
2025,Z196,New Yorkers for Lower Costs,OTHR,169,Madison Ave,11258,New York,NY,10016,PD,6500,10-1 Text,6/21/2025,TEXT,Text Messages,198,2993,"Cuomo, Andrew M",1,,98.7900,Oppose
2025,Z196,New Yorkers for Lower Costs,OTHR,169,Madison Ave,11258,New York,NY,10016,PD,6500,10-1 Text,6/21/2025,TEXT,Text Messages,198,2899,"Mamdani, Zohran K",1,,98.7900,Support
2025,Z196,New Yorkers for Lower Costs,OTHR,169,Madison Ave,11258,New York,NY,10016,39,7021,10-4 Mailer,10/4/2025,MAIL,Mass Mailing,173579,2899,"Mamdani, Zohran K",1,,173579.2400,Support
2025,Z196,New Yorkers for Lower Costs,OTHR,169,Madison Ave,11258,New York,NY,10016,40,7069,10-8 Mailer,10/8/2025,MAIL,Mass Mailing,164551,2899,"Mamdani, Zohran K",1,,164551.4500,Support
2025,Z196,New Yorkers for Lower Costs,OTHR,169,Madison Ave,11258,New York,NY,10016,41,7176,10/14 FB Ads,10/14/2025,INTAD,Internet - Display/Banner,805,2899,"Mamdani, Zohran K",1,,804.6900,Support
2025,Z196,New Yorkers for Lower Costs,OTHR,169,Madison Ave,11258,New York,NY,10016,41,7096,10/16 Mailer v1,10/16/2025,MAIL,Mass Mailing,126164,2899,"Mamdani, Zohran K",1,,126163.8700,Support
2025,Z196,New Yorkers for Lower Costs,OTHR,169,Madison Ave,11258,New York,NY,10016,41,7097,10/16 Mailer v2,10/16/2025,MAIL,Mass Mailing,64834,2899,"Mamdani, Zohran K",1,,64834.0200,Support
2025,Z196,New Yorkers for Lower Costs,OTHR,169,Madison Ave,11258,New York,NY,10016,42,7269,10/20 FB Ads,10/20/2025,INTAD,Internet - Display/Banner,115,2899,"Mamdani, Zohran K",1,,114.9700,Support
2025,Z196,New Yorkers for Lower Costs,OTHR,169,Madison Ave,11258,New York,NY,10016,42,7270,10/21 FB Ad,10/21/2025,INTAD,Internet - Display/Banner,156,2899,"Mamdani, Zohran K",1,,156.0200,Support
2025,Z196,New Yorkers for Lower Costs,OTHR,169,Madison Ave,11258,New York,NY,10016,42,7271,10/24 FB Ads,10/24/2025,INTAD,Internet - Display/Banner,371,2899,"Mamdani, Zohran K",1,,371.1500,Support
2025,Z196,New Yorkers for Lower Costs,OTHR,169,Madison Ave,11258,New York,NY,10016,42,7272,10/24 Mailer,10/24/2025,MAIL,Mass Mailing,181828,2899,"Mamdani, Zohran K",1,,181827.7700,Support
2025,Z196,New Yorkers for Lower Costs,OTHR,169,Madison Ave,11258,New York,NY,10016,42,7280,10/25 FB Ads,10/25/2025,INTAD,Internet - Display/Banner,533,2899,"Mamdani, Zohran K",1,,532.6800,Support
2025,Z196,New Yorkers for Lower Costs,OTHR,169,Madison Ave,11258,New York,NY,10016,42,7289,10/26 FB Ads,10/26/2025,INTAD,Internet - Display/Banner,435,2899,"Mamdani, Zohran K",1,,434.8400,Support
2025,Z196,New Yorkers for Lower Costs,OTHR,169,Madison Ave,11258,New York,NY,10016,GD,7321,10/27 FB Ads,10/27/2025,INTAD,Internet - Display/Banner,357,2899,"Mamdani, Zohran K",1,,357.2500,Support
2025,Z196,New Yorkers for Lower Costs,OTHR,169,Madison Ave,11258,New York,NY,10016,GD,7345,10/28 FB Ads,10/28/2025,INTAD,Internet - Display/Banner,239,2899,"Mamdani, Zohran K",1,,238.8000,Support
2025,Z196,New Yorkers for Lower Costs,OTHR,169,Madison Ave,11258,New York,NY,10016,GD,7341,10/28 Mailer,10/28/2025,MAIL,Mass Mailing,189145,2993,"Cuomo, Andrew M",1,,94572.5000,Oppose
2025,Z196,New Yorkers for Lower Costs,OTHR,169,Madison Ave,11258,New York,NY,10016,GD,7341,10/28 Mailer,10/28/2025,MAIL,Mass Mailing,189145,2899,"Mamdani, Zohran K",1,,94572.5000,Support
2025,Z196,New Yorkers for Lower Costs,OTHR,169,Madison Ave,11258,New York,NY,10016,GD,7379,10/30 FB Ads,10/30/2025,INTAD,Internet - Display/Banner,478,2899,"Mamdani, Zohran K",1,,478.2100,Support
2025,Z196,New Yorkers for Lower Costs,OTHR,169,Madison Ave,11258,New York,NY,10016,GD,7425,10/31 FB Ads,10/31/2025,INTAD,Internet - Display/Banner,430,2899,"Mamdani, Zohran K",1,,430.0400,Support
2025,Z196,New Yorkers for Lower Costs,OTHR,169,Madison Ave,11258,New York,NY,10016,40,7094,10/6 FB Ads,10/6/2025,INTAD,Internet - Display/Banner,770,2899,"Mamdani, Zohran K",1,,770.1700,Support
2025,Z196,New Yorkers for Lower Costs,OTHR,169,Madison Ave,11258,New York,NY,10016,29,6831,100 Days Text,7/27/2025,TEXT,Text Messages,228,2899,"Mamdani, Zohran K",1,,228.0600,Support
2025,Z196,New Yorkers for Lower Costs,OTHR,169,Madison Ave,11258,New York,NY,10016,43,7502,11/3 FB Ads,11/3/2025,INTAD,Internet - Display/Banner,482,2899,"Mamdani, Zohran K",1,,481.6500,Support
2025,Z196,New Yorkers for Lower Costs,OTHR,169,Madison Ave,11258,New York,NY,10016,17,5243,"18,000 Donors Text Message",4/23/2025,TEXT,Text Messages,4706,2899,"Mamdani, Zohran K",1,,4705.8800,Support
2025,Z196,New Yorkers for Lower Costs,OTHR,169,Madison Ave,11258,New York,NY,10016,20,5313,"18,000 Grassroots Donors Text",5/17/2025,TEXT,Text Messages,105,2899,"Mamdani, Zohran K",1,,105.1200,Support
2025,Z196,New Yorkers for Lower Costs,OTHR,169,Madison Ave,11258,New York,NY,10016,GD,7445,2 Days Text,11/2/2025,TEXT,Text Messages,337,2899,"Mamdani, Zohran K",1,,337.2600,Support
2025,Z196,New Yorkers for Lower Costs,OTHR,169,Madison Ave,11258,New York,NY,10016,PD,5924,2 Thumbs Text,6/11/2025,TEXT,Text Messages,157,2993,"Cuomo, Andrew M",1,,78.4200,Oppose
2025,Z196,New Yorkers for Lower Costs,OTHR,169,Madison Ave,11258,New York,NY,10016,PD,5924,2 Thumbs Text,6/11/2025,TEXT,Text Messages,157,2899,"Mamdani, Zohran K",1,,78.4200,Support
2025,Z196,New Yorkers for Lower Costs,OTHR,169,Madison Ave,11258,New York,NY,10016,PD,5876,2 Weeks Left Text,6/10/2025,TEXT,Text Messages,148,2899,"Mamdani, Zohran K",1,,147.9000,Support
2025,Z196,New Yorkers for Lower Costs,OTHR,169,Madison Ave,11258,New York,NY,10016,42,7253,2 Weeks Left Text,10/21/2025,TEXT,Text Messages,299,2899,"Mamdani, Zohran K",1,,299.2800,Support
2025,Z196,New Yorkers for Lower Costs,OTHR,169,Madison Ave,11258,New York,NY,10016,PD,6501,3 Days Text,6/21/2025,TEXT,Text Messages,198,2899,"Mamdani, Zohran K",1,,197.5800,Support
2025,Z196,New Yorkers for Lower Costs,OTHR,169,Madison Ave,11258,New York,NY,10016,41,7098,3 Weeks Text,10/14/2025,TEXT,Text Messages,277,2899,"Mamdani, Zohran K",1,,276.9000,Support
2025,Z196,New Yorkers for Lower Costs,OTHR,169,Madison Ave,11258,New York,NY,10016,PD,6467,4 Days Text,6/20/2025,TEXT,Text Messages,194,2899,"Mamdani, Zohran K",1,,193.6200,Support
2025,Z196,New Yorkers for Lower Costs,OTHR,169,Madison Ave,11258,New York,NY,10016,36,6945,41-52 FB Ad,9/9/2025,INTAD,Internet - Display/Banner,4208,2899,"Mamdani, Zohran K",1,,4207.5900,Support
2025,Z196,New Yorkers for Lower Costs,OTHR,169,Madison Ave,11258,New York,NY,10016,36,6946,41-52 FB Ad v2,9/9/2025,INTAD,Internet - Display/Banner,3596,2899,"Mamdani, Zohran K",1,,3595.5400,Support
2025,Z196,New Yorkers for Lower Costs,OTHR,169,Madison Ave,11258,New York,NY,10016,22,5763,5/27-6/1 Emails,5/27/2025,EMAIL,Emails,132,2899,"Mamdani, Zohran K",1,,132.3600,Support
2025,Z196,New Yorkers for Lower Costs,OTHR,169,Madison Ave,11258,New York,NY,10016,22,5525,5/27-6/1 FB Ads,5/27/2025,INTAD,Internet - Display/Banner,900,2993,"Cuomo, Andrew M",1,,449.7600,Oppose
2025,Z196,New Yorkers for Lower Costs,OTHR,169,Madison Ave,11258,New York,NY,10016,22,5525,5/27-6/1 FB Ads,5/27/2025,INTAD,Internet - Display/Banner,900,2899,"Mamdani, Zohran K",1,,449.7500,Support
2025,Z196,New Yorkers for Lower Costs,OTHR,169,Madison Ave,11258,New York,NY,10016,PD,5879,6/10 FB Ads & Email,6/10/2025,INTAD,Internet - Display/Banner,223,2899,"Mamdani, Zohran K",1,,222.5900,Support
2025,Z196,New Yorkers for Lower Costs,OTHR,169,Madison Ave,11258,New York,NY,10016,PD,6039,6/12 Emails,6/12/2025,EMAIL,Emails,231,2899,"Mamdani, Zohran K",1,,231.4000,Support
2025,Z196,New Yorkers for Lower Costs,OTHR,169,Madison Ave,11258,New York,NY,10016,PD,6082,6/13 FB Ads,6/13/2025,INTAD,Internet - Display/Banner,517,2899,"Mamdani, Zohran K",1,,516.6900,Support
2025,Z196,New Yorkers for Lower Costs,OTHR,169,Madison Ave,11258,New York,NY,10016,PD,6305,6/17 Emails,6/17/2025,EMAIL,Emails,189,2993,"Cuomo, Andrew M",1,,94.5900,Oppose
2025,Z196,New Yorkers for Lower Costs,OTHR,169,Madison Ave,11258,New York,NY,10016,PD,6305,6/17 Emails,6/17/2025,EMAIL,Emails,189,2899,"Mamdani, Zohran K",1,,94.5800,Support
2025,Z196,New Yorkers for Lower Costs,OTHR,169,Madison Ave,11258,New York,NY,10016,PD,6385,6/18 Emails,6/18/2025,EMAIL,Emails,307,2993,"Cuomo, Andrew M",1,,153.5800,Oppose
2025,Z196,New Yorkers for Lower Costs,OTHR,169,Madison Ave,11258,New York,NY,10016,PD,6385,6/18 Emails,6/18/2025,EMAIL,Emails,307,2899,"Mamdani, Zohran K",1,,153.5700,Support
2025,Z196,New Yorkers for Lower Costs,OTHR,169,Madison Ave,11258,New York,NY,10016,PD,6471,6/20 Emails,6/20/2025,EMAIL,Emails,123,2899,"Mamdani, Zohran K",1,,122.5200,Support
2025,Z196,New Yorkers for Lower Costs,OTHR,169,Madison Ave,11258,New York,NY,10016,PD,6682,6/23 Emails,6/23/2025,EMAIL,Emails,241,2899,"Mamdani, Zohran K",1,,240.5900,Support
2025,Z196,New Yorkers for Lower Costs,OTHR,169,Madison Ave,11258,New York,NY,10016,25,6692,6/24 Emails & Text,6/24/2025,EMAIL,Emails,309,2899,"Mamdani, Zohran K",1,,309.3500,Support
2025,Z196,New Yorkers for Lower Costs,OTHR,169,Madison Ave,11258,New York,NY,10016,PD,5825,6/9 FB Ads & Email,6/9/2025,EMAIL,Emails,175,2899,"Mamdani, Zohran K",1,,174.9900,Support
2025,Z196,New Yorkers for Lower Costs,OTHR,169,Madison Ave,11258,New York,NY,10016,28,6822,7/16-7/18 FB Ads,7/16/2025,INTAD,Internet - Display/Banner,312,2899,"Mamdani, Zohran K",1,,311.8500,Support
2025,Z196,New Yorkers for Lower Costs,OTHR,169,Madison Ave,11258,New York,NY,10016,28,6842,7/18 FB Ads,7/18/2025,INTAD,Internet - Display/Banner,130,2899,"Mamdani, Zohran K",1,,130.2600,Support
2025,Z196,New Yorkers for Lower Costs,OTHR,169,Madison Ave,11258,New York,NY,10016,30,6838,7/28 Facebook Ads,7/28/2025,INTAD,Internet - Display/Banner,429,2899,"Mamdani, Zohran K",1,,428.5100,Support
2025,Z196,New Yorkers for Lower Costs,OTHR,169,Madison Ave,11258,New York,NY,10016,27,6804,7/9 FB Ads,7/9/2025,INTAD,Internet - Display/Banner,473,2899,"Mamdani, Zohran K",1,,473.3300,Support
2025,Z196,New Yorkers for Lower Costs,OTHR,169,Madison Ave,11258,New York,NY,10016,32,6909,8/12 FB Ads & Email,8/12/2025,INTAD,Internet - Display/Banner,118,2899,"Mamdani, Zohran K",1,,117.7200,Support
2025,Z196,New Yorkers for Lower Costs,OTHR,169,Madison Ave,11258,New York,NY,10016,33,6910,8/18-8/22 FB Ads,8/18/2025,INTAD,Internet - Display/Banner,392,2899,"Mamdani, Zohran K",1,,392.0900,Support
2025,Z196,New Yorkers for Lower Costs,OTHR,169,Madison Ave,11258,New York,NY,10016,34,7095,8/25 Emails,8/25/2025,EMAIL,Emails,138,2899,"Mamdani, Zohran K",1,,138.3200,Support
2025,Z196,New Yorkers for Lower Costs,OTHR,169,Madison Ave,11258,New York,NY,10016,31,6846,8/4 FB Ads,8/4/2025,INTAD,Internet - Display/Banner,138,2899,"Mamdani, Zohran K",1,,138.1600,Support
2025,Z196,New Yorkers for Lower Costs,OTHR,169,Madison Ave,11258,New York,NY,10016,31,6908,8/4-8/8 FB Ads & Emails,8/4/2025,INTAD,Internet - Display/Banner,199,2899,"Mamdani, Zohran K",1,,198.7400,Support
2025,Z196,New Yorkers for Lower Costs,OTHR,169,Madison Ave,11258,New York,NY,10016,31,6851,8/7 Emails,8/7/2025,EMAIL,Emails,148,2899,"Mamdani, Zohran K",1,,148.0000,Support
2025,Z196,New Yorkers for Lower Costs,OTHR,169,Madison Ave,11258,New York,NY,10016,34,6929,9/1 FB Ads part 1,9/1/2025,INTAD,Internet - Display/Banner,190,2899,"Mamdani, Zohran K",1,,190.2200,Support
2025,Z196,New Yorkers for Lower Costs,OTHR,169,Madison Ave,11258,New York,NY,10016,34,6930,9/1 FB Ads part 2,9/1/2025,INTAD,Internet - Display/Banner,454,2899,"Mamdani, Zohran K",1,,454.0500,Support
2025,Z196,New Yorkers for Lower Costs,OTHR,169,Madison Ave,11258,New York,NY,10016,37,6967,9/15 FB & Search Ads,9/15/2025,INTAD,Internet - Display/Banner,450,2899,"Mamdani, Zohran K",1,,449.7400,Support
2025,Z196,New Yorkers for Lower Costs,OTHR,169,Madison Ave,11258,New York,NY,10016,38,6991,9/22 FB & Search Ads,9/22/2025,INTAD,Internet - Display/Banner,211,2899,"Mamdani, Zohran K",1,,211.1600,Support
2025,Z196,New Yorkers for Lower Costs,OTHR,169,Madison Ave,11258,New York,NY,10016,39,7020,9/29 Facebook Ads,9/29/2025,INTAD,Internet - Display/Banner,603,2899,"Mamdani, Zohran K",1,,602.7400,Support
2025,Z196,New Yorkers for Lower Costs,OTHR,169,Madison Ave,11258,New York,NY,10016,36,6947,9/8 FB Ads,9/8/2025,INTAD,Internet - Display/Banner,385,2899,"Mamdani, Zohran K",1,,384.8500,Support
2025,Z196,New Yorkers for Lower Costs,OTHR,169,Madison Ave,11258,New York,NY,10016,40,7082,A Few Weeks Left FB Ad,10/6/2025,INTAD,Internet - Display/Banner,279,2899,"Mamdani, Zohran K",1,,279.2100,Support
2025,Z196,New Yorkers for Lower Costs,OTHR,169,Madison Ave,11258,New York,NY,10016,41,7163,A Few Weeks Left FB Ad v2,10/14/2025,INTAD,Internet - Display/Banner,961,2899,"Mamdani, Zohran K",1,,960.6300,Support
2025,Z196,New Yorkers for Lower Costs,OTHR,169,Madison Ave,11258,New York,NY,10016,40,7070,A Lot Can Change Text,10/7/2025,TEXT,Text Messages,273,2899,"Mamdani, Zohran K",1,,273.2600,Support
2025,Z196,New Yorkers for Lower Costs,OTHR,169,Madison Ave,11258,New York,NY,10016,32,6887,A Whole Lot Text,8/11/2025,TEXT,Text Messages,225,2899,"Mamdani, Zohran K",1,,224.7600,Support
2025,Z196,New Yorkers for Lower Costs,OTHR,169,Madison Ave,11258,New York,NY,10016,41,7101,A001,10/16/2025,INTAD,Internet - Display/Banner,10488,2899,"Mamdani, Zohran K",1,,10487.5000,Support
2025,Z196,New Yorkers for Lower Costs,OTHR,169,Madison Ave,11258,New York,NY,10016,41,7102,A002,10/16/2025,INTAD,Internet - Display/Banner,10488,2899,"Mamdani, Zohran K",1,,10487.5000,Support
2025,Z196,New Yorkers for Lower Costs,OTHR,169,Madison Ave,11258,New York,NY,10016,41,7103,A003,10/16/2025,INTAD,Internet - Display/Banner,10488,2899,"Mamdani, Zohran K",1,,10487.5000,Support
2025,Z196,New Yorkers for Lower Costs,OTHR,169,Madison Ave,11258,New York,NY,10016,41,7104,A004,10/16/2025,INTAD,Internet - Display/Banner,10488,2899,"Mamdani, Zohran K",1,,10487.5000,Support
2025,Z196,New Yorkers for Lower Costs,OTHR,169,Madison Ave,11258,New York,NY,10016,41,7105,A005,10/16/2025,INTAD,Internet - Display/Banner,10488,2899,"Mamdani, Zohran K",1,,10487.5000,Support
2025,Z196,New Yorkers for Lower Costs,OTHR,169,Madison Ave,11258,New York,NY,10016,41,7106,A006,10/16/2025,INTAD,Internet - Display/Banner,10488,2899,"Mamdani, Zohran K",1,,10487.5000,Support
2025,Z196,New Yorkers for Lower Costs,OTHR,169,Madison Ave,11258,New York,NY,10016,PD,6078,Ad on the Airwaves FB Ad,6/13/2025,INTAD,Internet - Display/Banner,141,2899,"Mamdani, Zohran K",1,,140.6600,Support
2025,Z196,New Yorkers for Lower Costs,OTHR,169,Madison Ave,11258,New York,NY,10016,PD,6079,Ad on the Airwaves FB Ad v2,6/13/2025,INTAD,Internet - Display/Banner,126,2899,"Mamdani, Zohran K",1,,125.9800,Support
2025,Z196,New Yorkers for Lower Costs,OTHR,169,Madison Ave,11258,New York,NY,10016,27,6801,Adams Billionaires FB Ad,7/9/2025,INTAD,Internet - Display/Banner,63,2899,"Mamdani, Zohran K",1,,63.3700,Support
2025,Z196,New Yorkers for Lower Costs,OTHR,169,Madison Ave,11258,New York,NY,10016,39,7010,Adams Quit NYC FB Ad,9/29/2025,INTAD,Internet - Display/Banner,151,2899,"Mamdani, Zohran K",1,,150.9100,Support
2025,Z196,New Yorkers for Lower Costs,OTHR,169,Madison Ave,11258,New York,NY,10016,39,7011,Adams Quit NYC FB Ad v2,9/29/2025,INTAD,Internet - Display/Banner,433,2899,"Mamdani, Zohran K",1,,433.1200,Support
2025,Z196,New Yorkers for Lower Costs,OTHR,169,Madison Ave,11258,New York,NY,10016,PD,6436,ADC Billboard Cuomo,6/19/2025,BILLBD,Billboard,2500,2993,"Cuomo, Andrew M",1,,2500.0000,Oppose
2025,Z196,New Yorkers for Lower Costs,OTHR,169,Madison Ave,11258,New York,NY,10016,PD,6435,ADC Billboard Zohran,6/19/2025,BILLBD,Billboard,2500,2899,"Mamdani, Zohran K",1,,2500.0000,Support
2025,Z196,New Yorkers for Lower Costs,OTHR,169,Madison Ave,11258,New York,NY,10016,23,5712,Affordable New York Text,6/8/2025,TEXT,Text Messages,143,2899,"Mamdani, Zohran K",1,,142.7400,Support
2025,Z196,New Yorkers for Lower Costs,OTHR,169,Madison Ave,11258,New York,NY,10016,PD,6080,American Name FB Ad,6/13/2025,INTAD,Internet - Display/Banner,282,2899,"Mamdani, Zohran K",1,,282.3200,Support
2025,Z196,New Yorkers for Lower Costs,OTHR,169,Madison Ave,11258,New York,NY,10016,GD,7377,Anything to Chance Text,10/30/2025,TEXT,Text Messages,338,2899,"Mamdani, Zohran K",1,,337.6200,Support
2025,Z196,New Yorkers for Lower Costs,OTHR,169,Madison Ave,11258,New York,NY,10016,PD,6315,AOC Banner Ads,6/17/2025,INTAD,Internet - Display/Banner,13000,2899,"Mamdani, Zohran K",1,,13000.0000,Support
2025,Z196,New Yorkers for Lower Costs,OTHR,169,Madison Ave,11258,New York,NY,10016,23,5821,AOC Just Chose a Side Email,6/5/2025,EMAIL,Emails,243,2899,"Mamdani, Zohran K",1,,243.4800,Support
2025,Z196,New Yorkers for Lower Costs,OTHR,169,Madison Ave,11258,New York,NY,10016,23,5708,AOC Just Endorsed FB Ad,6/6/2025,INTAD,Internet - Display/Banner,876,2899,"Mamdani, Zohran K",1,,876.0900,Support
2025,Z196,New Yorkers for Lower Costs,OTHR,169,Madison Ave,11258,New York,NY,10016,23,5709,AOC Just Endorsed FB Ad v2,6/6/2025,INTAD,Internet - Display/Banner,175,2899,"Mamdani, Zohran K",1,,174.5200,Support
2025,Z196,New Yorkers for Lower Costs,OTHR,169,Madison Ave,11258,New York,NY,10016,23,5697,AOC Just Endorsed Text,6/5/2025,TEXT,Text Messages,196,2899,"Mamdani, Zohran K",1,,195.6600,Support
2025,Z196,New Yorkers for Lower Costs,OTHR,169,Madison Ave,11258,New York,NY,10016,23,5823,Attack Ads Email,6/6/2025,EMAIL,Emails,130,2899,"Mamdani, Zohran K",1,,129.9400,Support
2025,Z196,New Yorkers for Lower Costs,OTHR,169,Madison Ave,11258,New York,NY,10016,36,6941,Bad News Text,9/9/2025,TEXT,Text Messages,7746,2899,"Mamdani, Zohran K",1,,7745.5800,Support
2025,Z196,New Yorkers for Lower Costs,OTHR,169,Madison Ave,11258,New York,NY,10016,GD,7311,Bad News Text v2,10/27/2025,TEXT,Text Messages,2827,2899,"Mamdani, Zohran K",1,,2827.0600,Support
2025,Z196,New Yorkers for Lower Costs,OTHR,169,Madison Ave,11258,New York,NY,10016,PD,6384,Bernie Endorsement FB Ad,6/18/2025,INTAD,Internet - Display/Banner,213,2899,"Mamdani, Zohran K",1,,212.9900,Support
2025,Z196,New Yorkers for Lower Costs,OTHR,169,Madison Ave,11258,New York,NY,10016,PD,6299,Bernie Endorsement Text,6/17/2025,TEXT,Text Messages,185,2899,"Mamdani, Zohran K",1,,185.2200,Support
2025,Z196,New Yorkers for Lower Costs,OTHR,169,Madison Ave,11258,New York,NY,10016,27,6802,Bill Ackman FB Ad,7/9/2025,INTAD,Internet - Display/Banner,214,2899,"Mamdani, Zohran K",1,,214.2600,Support
2025,Z196,New Yorkers for Lower Costs,OTHR,169,Madison Ave,11258,New York,NY,10016,20,5305,Billionaire Buddies Facebook Ad,5/15/2025,INTAD,Internet - Display/Banner,200,2899,"Mamdani, Zohran K",1,,200.2600,Support
2025,Z196,New Yorkers for Lower Costs,OTHR,169,Madison Ave,11258,New York,NY,10016,22,5519,Block Cuomo FB Ad,5/27/2025,INTAD,Internet - Display/Banner,202,2993,"Cuomo, Andrew M",1,,101.2200,Oppose
2025,Z196,New Yorkers for Lower Costs,OTHR,169,Madison Ave,11258,New York,NY,10016,22,5519,Block Cuomo FB Ad,5/27/2025,INTAD,Internet - Display/Banner,202,2899,"Mamdani, Zohran K",1,,101.2200,Support
2025,Z196,New Yorkers for Lower Costs,OTHR,169,Madison Ave,11258,New York,NY,10016,PD,6381,Bloomberg Text,6/18/2025,TEXT,Text Messages,189,2993,"Cuomo, Andrew M",1,,94.5600,Oppose
2025,Z196,New Yorkers for Lower Costs,OTHR,169,Madison Ave,11258,New York,NY,10016,PD,6381,Bloomberg Text,6/18/2025,TEXT,Text Messages,189,2899,"Mamdani, Zohran K",1,,94.5600,Support
2025,Z196,New Yorkers for Lower Costs,OTHR,169,Madison Ave,11258,New York,NY,10016,GD,7422,Bloomberg Text v2,10/31/2025,TEXT,Text Messages,345,2899,"Mamdani, Zohran K",1,,345.0000,Support
2025,Z196,New Yorkers for Lower Costs,OTHR,169,Madison Ave,11258,New York,NY,10016,32,6881,Board is Rigged FB Ad,8/12/2025,INTAD,Internet - Display/Banner,269,2899,"Mamdani, Zohran K",1,,268.8000,Support
2025,Z196,New Yorkers for Lower Costs,OTHR,169,Madison Ave,11258,New York,NY,10016,PD,6502,Bon Voyage Text,6/22/2025,TEXT,Text Messages,200,2993,"Cuomo, Andrew M",1,,99.9000,Oppose
2025,Z196,New Yorkers for Lower Costs,OTHR,169,Madison Ave,11258,New York,NY,10016,PD,6502,Bon Voyage Text,6/22/2025,TEXT,Text Messages,200,2899,"Mamdani, Zohran K",1,,99.9000,Support
2025,Z196,New Yorkers for Lower Costs,OTHR,169,Madison Ave,11258,New York,NY,10016,GD,7421,Boo Text,10/31/2025,TEXT,Text Messages,342,2899,"Mamdani, Zohran K",1,,342.0000,Support
2025,Z196,New Yorkers for Lower Costs,OTHR,169,Madison Ave,11258,New York,NY,10016,25,6689,Bowman Robocall,6/23/2025,ROBO,Robo Call,6684,2899,"Mamdani, Zohran K",1,,6684.0000,Support
2025,Z196,New Yorkers for Lower Costs,OTHR,169,Madison Ave,11258,New York,NY,10016,31,6879,Breaking News Hearts FB Ad,8/7/2025,INTAD,Internet - Display/Banner,109,2899,"Mamdani, Zohran K",1,,108.7800,Support
2025,Z196,New Yorkers for Lower Costs,OTHR,169,Madison Ave,11258,New York,NY,10016,GD,7343,Bus Screen FB Ad,10/28/2025,INTAD,Internet - Display/Banner,561,2899,"Mamdani, Zohran K",1,,561.3000,Support
2025,Z196,New Yorkers for Lower Costs,OTHR,169,Madison Ave,11258,New York,NY,10016,37,6963,CBS News FB Ad,9/15/2025,INTAD,Internet - Display/Banner,1423,2899,"Mamdani, Zohran K",1,,1422.8700,Support
2025,Z196,New Yorkers for Lower Costs,OTHR,169,Madison Ave,11258,New York,NY,10016,PD,6297,Clock is Ticking Text,6/17/2025,TEXT,Text Messages,186,2993,"Cuomo, Andrew M",1,,93.0000,Oppose
2025,Z196,New Yorkers for Lower Costs,OTHR,169,Madison Ave,11258,New York,NY,10016,PD,6297,Clock is Ticking Text,6/17/2025,TEXT,Text Messages,186,2899,"Mamdani, Zohran K",1,,93.0000,Support
2025,Z196,New Yorkers for Lower Costs,OTHR,169,Madison Ave,11258,New York,NY,10016,23,5703,Close the Gap Text,6/6/2025,TEXT,Text Messages,146,2899,"Mamdani, Zohran K",1,,146.3400,Support
2025,Z196,New Yorkers for Lower Costs,OTHR,169,Madison Ave,11258,New York,NY,10016,GD,7424,Complacency Text,11/1/2025,TEXT,Text Messages,337,2899,"Mamdani, Zohran K",1,,337.3800,Support
2025,Z196,New Yorkers for Lower Costs,OTHR,169,Madison Ave,11258,New York,NY,10016,39,7019,Cuomo Attack Ads Text,10/5/2025,TEXT,Text Messages,273,2899,"Mamdani, Zohran K",1,,273.0600,Support
2025,Z196,New Yorkers for Lower Costs,OTHR,169,Madison Ave,11258,New York,NY,10016,29,6832,Cuomo Relaunches FB Ad,7/21/2025,INTAD,Internet - Display/Banner,134,2993,"Cuomo, Andrew M",1,,66.9900,Oppose
2025,Z196,New Yorkers for Lower Costs,OTHR,169,Madison Ave,11258,New York,NY,10016,29,6832,Cuomo Relaunches FB Ad,7/21/2025,INTAD,Internet - Display/Banner,134,2899,"Mamdani, Zohran K",1,,67.0000,Support
2025,Z196,New Yorkers for Lower Costs,OTHR,169,Madison Ave,11258,New York,NY,10016,42,7251,Cuomo Surges FB Ad,10/22/2025,INTAD,Internet - Display/Banner,506,2899,"Mamdani, Zohran K",1,,505.9700,Support
2025,Z196,New Yorkers for Lower Costs,OTHR,169,Madison Ave,11258,New York,NY,10016,GD,7375,Cuomo Surges Text,10/29/2025,TEXT,Text Messages,336,2899,"Mamdani, Zohran K",1,,335.7600,Support
2025,Z196,New Yorkers for Lower Costs,OTHR,169,Madison Ave,11258,New York,NY,10016,33,6882,Cuomo to Florida FB Ad,8/22/2025,INTAD,Internet - Display/Banner,583,2899,"Mamdani, Zohran K",1,,583.1100,Support
2025,Z196,New Yorkers for Lower Costs,OTHR,169,Madison Ave,11258,New York,NY,10016,32,6888,Cuomo to Florida Text,8/14/2025,TEXT,Text Messages,227,2899,"Mamdani, Zohran K",1,,226.5600,Support
2025,Z196,New Yorkers for Lower Costs,OTHR,169,Madison Ave,11258,New York,NY,10016,33,6883,Cuomo Wants a Vacation FB Ad,8/22/2025,INTAD,Internet - Display/Banner,105,2899,"Mamdani, Zohran K",1,,105.3100,Support
2025,Z196,New Yorkers for Lower Costs,OTHR,169,Madison Ave,11258,New York,NY,10016,34,6923,Cuomo's AI Bot FB Ad,9/1/2025,INTAD,Internet - Display/Banner,104,2899,"Mamdani, Zohran K",1,,103.5600,Support
2025,Z196,New Yorkers for Lower Costs,OTHR,169,Madison Ave,11258,New York,NY,10016,PD,6380,Cuomo's Bull Text,6/18/2025,TEXT,Text Messages,189,2993,"Cuomo, Andrew M",1,,94.3800,Oppose
2025,Z196,New Yorkers for Lower Costs,OTHR,169,Madison Ave,11258,New York,NY,10016,PD,6380,Cuomo's Bull Text,6/18/2025,TEXT,Text Messages,189,2899,"Mamdani, Zohran K",1,,94.3800,Support
2025,Z196,New Yorkers for Lower Costs,OTHR,169,Madison Ave,11258,New York,NY,10016,GD,7453,Cuomo's Covid Corruption Video,10/31/2025,TVADS,Video (TV/Cable),165000,2993,"Cuomo, Andrew M",1,,165000.0000,Oppose
2025,Z196,New Yorkers for Lower Costs,OTHR,169,Madison Ave,11258,New York,NY,10016,31,6871,Cuomo's Resurgence FB Ad,8/4/2025,INTAD,Internet - Display/Banner,4456,2899,"Mamdani, Zohran K",1,,4455.6800,Support
2025,Z196,New Yorkers for Lower Costs,OTHR,169,Madison Ave,11258,New York,NY,10016,35,6919,Daily Dose Email,9/2/2025,EMAIL,Emails,652,2899,"Mamdani, Zohran K",1,,651.7600,Support
2025,Z196,New Yorkers for Lower Costs,OTHR,169,Madison Ave,11258,New York,NY,10016,37,6983,Daily Dose Email v2,9/19/2025,EMAIL,Emails,119,2899,"Mamdani, Zohran K",1,,118.5000,Support
2025,Z196,New Yorkers for Lower Costs,OTHR,169,Madison Ave,11258,New York,NY,10016,41,7107,Day in the Life Video,10/14/2025,INTVID,Video (Internet),121602,2899,"Mamdani, Zohran K",1,,121602.3000,Support
2025,Z196,New Yorkers for Lower Costs,OTHR,169,Madison Ave,11258,New York,NY,10016,41,7108,Day in the Life Video - Spanish,10/16/2025,INTVID,Video (Internet),17500,2899,"Mamdani, Zohran K",1,,17500.0000,Support
2025,Z196,New Yorkers for Lower Costs,OTHR,169,Madison Ave,11258,New York,NY,10016,GD,7380,Day in the Life Video - Spanish (TV),10/30/2025,TVADS,Video (TV/Cable),98217,2899,"Mamdani, Zohran K",1,,98216.8200,Support
2025,Z196,New Yorkers for Lower Costs,OTHR,169,Madison Ave,11258,New York,NY,10016,PD,5824,Dead Heat Text,6/9/2025,TEXT,Text Messages,14294,2899,"Mamdani, Zohran K",1,,14294.1100,Support
2025,Z196,New Yorkers for Lower Costs,OTHR,169,Madison Ave,11258,New York,NY,10016,PD,5826,Dead Heat Text v2,6/9/2025,TEXT,Text Messages,143,2899,"Mamdani, Zohran K",1,,142.5000,Support
2025,Z196,New Yorkers for Lower Costs,OTHR,169,Madison Ave,11258,New York,NY,10016,39,7009,Defeat DT's Donors Search Ad,9/29/2025,INTAD,Internet - Display/Banner,6972,2899,"Mamdani, Zohran K",1,,6971.6800,Support
2025,Z196,New Yorkers for Lower Costs,OTHR,169,Madison Ave,11258,New York,NY,10016,40,7068,Democratic Leaders Video,10/9/2025,INTVID,Video (Internet),114102,2899,"Mamdani, Zohran K",1,,114102.3000,Support
2025,Z196,New Yorkers for Lower Costs,OTHR,169,Madison Ave,11258,New York,NY,10016,30,6848,Did you see this poll Text,8/2/2025,TEXT,Text Messages,227,2899,"Mamdani, Zohran K",1,,226.7400,Support
2025,Z196,New Yorkers for Lower Costs,OTHR,169,Madison Ave,11258,New York,NY,10016,41,7109,Don't Get Pushed Out Video,10/14/2025,INTVID,Video (Internet),124202,2899,"Mamdani, Zohran K",1,,124202.2900,Support
2025,Z196,New Yorkers for Lower Costs,OTHR,169,Madison Ave,11258,New York,NY,10016,41,7172,Done Fundraising Text,10/19/2025,TEXT,Text Messages,5290,2899,"Mamdani, Zohran K",1,,5290.4600,Support
2025,Z196,New Yorkers for Lower Costs,OTHR,169,Madison Ave,11258,New York,NY,10016,27,6800,DT Threatens FB Ad,7/9/2025,INTAD,Internet - Display/Banner,184,2899,"Mamdani, Zohran K",1,,183.7900,Support
2025,Z196,New Yorkers for Lower Costs,OTHR,169,Madison Ave,11258,New York,NY,10016,GD,7344,Early Vote Fund FB Ad,10/28/2025,INTAD,Internet - Display/Banner,358,2899,"Mamdani, Zohran K",1,,357.8400,Support
2025,Z196,New Yorkers for Lower Costs,OTHR,169,Madison Ave,11258,New York,NY,10016,43,7501,Election Day Text,11/3/2025,TEXT,Text Messages,336,2899,"Mamdani, Zohran K",1,,336.3600,Support
2025,Z196,New Yorkers for Lower Costs,OTHR,169,Madison Ave,11258,New York,NY,10016,34,6924,End of Summer Drop FB Ad,9/1/2025,INTAD,Internet - Display/Banner,245,2899,"Mamdani, Zohran K",1,,244.8100,Support
2025,Z196,New Yorkers for Lower Costs,OTHR,169,Madison Ave,11258,New York,NY,10016,35,6920,Eric Adams and Curtis Silwa Text,9/4/2025,TEXT,Text Messages,242,2993,"Cuomo, Andrew M",1,,241.9800,Support
2025,Z196,New Yorkers for Lower Costs,OTHR,169,Madison Ave,11258,New York,NY,10016,38,6986,Eric Adams Out Text,9/28/2025,TEXT,Text Messages,268,2899,"Mamdani, Zohran K",1,,268.4400,Support
2025,Z196,New Yorkers for Lower Costs,OTHR,169,Madison Ave,11258,New York,NY,10016,29,6829,Far from Over Text,7/21/2025,TEXT,Text Messages,229,2899,"Mamdani, Zohran K",1,,228.6600,Support
2025,Z196,New Yorkers for Lower Costs,OTHR,169,Madison Ave,11258,New York,NY,10016,27,6798,Fascism FB Ad,7/9/2025,INTAD,Internet - Display/Banner,467,2899,"Mamdani, Zohran K",1,,467.3900,Support
2025,Z196,New Yorkers for Lower Costs,OTHR,169,Madison Ave,11258,New York,NY,10016,27,6799,Fascism FB Ad v2,7/9/2025,INTAD,Internet - Display/Banner,151,2899,"Mamdani, Zohran K",1,,150.5200,Support
2025,Z196,New Yorkers for Lower Costs,OTHR,169,Madison Ave,11258,New York,NY,10016,41,7166,Fate of Zohran FB Ad,10/14/2025,INTAD,Internet - Display/Banner,741,2899,"Mamdani, Zohran K",1,,740.9100,Support
2025,Z196,New Yorkers for Lower Costs,OTHR,169,Madison Ave,11258,New York,NY,10016,39,7012,Final Stretch FB Ad,10/1/2025,INTAD,Internet - Display/Banner,6441,2899,"Mamdani, Zohran K",1,,6441.3100,Support
2025,Z196,New Yorkers for Lower Costs,OTHR,169,Madison Ave,11258,New York,NY,10016,39,7013,Final Stretch FB Ad v2,10/1/2025,INTAD,Internet - Display/Banner,2846,2899,"Mamdani, Zohran K",1,,2845.7600,Support
2025,Z196,New Yorkers for Lower Costs,OTHR,169,Madison Ave,11258,New York,NY,10016,PD,6075,Go Time Text,6/13/2025,TEXT,Text Messages,172,2899,"Mamdani, Zohran K",1,,171.7200,Support
2025,Z196,New Yorkers for Lower Costs,OTHR,169,Madison Ave,11258,New York,NY,10016,PD,6377,Google Search Ads,6/17/2025,OTHER,Other,7000,2899,"Mamdani, Zohran K",1,,7000.0000,Support
2025,Z196,New Yorkers for Lower Costs,OTHR,169,Madison Ave,11258,New York,NY,10016,GD,7354,Gothamist FB Ad,10/29/2025,INTAD,Internet - Display/Banner,405,2899,"Mamdani, Zohran K",1,,405.1400,Support
2025,Z196,New Yorkers for Lower Costs,OTHR,169,Madison Ave,11258,New York,NY,10016,42,7265,GOTV - Early Vote Video,10/20/2025,INTVID,Video (Internet),140527,2899,"Mamdani, Zohran K",1,,140527.2700,Support
2025,Z196,New Yorkers for Lower Costs,OTHR,169,Madison Ave,11258,New York,NY,10016,25,6695,GOTV Texts,6/24/2025,TEXT,Text Messages,3272,2899,"Mamdani, Zohran K",1,,3272.0000,Support
2025,Z196,New Yorkers for Lower Costs,OTHR,169,Madison Ave,11258,New York,NY,10016,PD,6499,GOTV Video,6/21/2025,INTVID,Video (Internet),150000,2899,"Mamdani, Zohran K",1,,150000.0000,Support
2025,Z196,New Yorkers for Lower Costs,OTHR,169,Madison Ave,11258,New York,NY,10016,PD,6226,Guess Who Text,6/16/2025,TEXT,Text Messages,185,2899,"Mamdani, Zohran K",1,,184.7400,Support
2025,Z196,New Yorkers for Lower Costs,OTHR,169,Madison Ave,11258,New York,NY,10016,GD,7374,Gunning Text,10/29/2025,TEXT,Text Messages,334,2899,"Mamdani, Zohran K",1,,334.3200,Support
2025,Z196,New Yorkers for Lower Costs,OTHR,169,Madison Ave,11258,New York,NY,10016,35,6918,Head to Head Text,9/2/2025,TEXT,Text Messages,242,2899,"Mamdani, Zohran K",1,,241.9800,Support
2025,Z196,New Yorkers for Lower Costs,OTHR,169,Madison Ave,11258,New York,NY,10016,31,6850,Hedge Funder Text,8/8/2025,TEXT,Text Messages,225,2899,"Mamdani, Zohran K",1,,224.8200,Support
2025,Z196,New Yorkers for Lower Costs,OTHR,169,Madison Ave,11258,New York,NY,10016,31,6872,Hell Gate FB Ad,8/4/2025,INTAD,Internet - Display/Banner,186,2899,"Mamdani, Zohran K",1,,186.4100,Support
2025,Z196,New Yorkers for Lower Costs,OTHR,169,Madison Ave,11258,New York,NY,10016,31,6874,Hell Gate FB Ad v2,8/4/2025,INTAD,Internet - Display/Banner,547,2899,"Mamdani, Zohran K",1,,546.6300,Support
2025,Z196,New Yorkers for Lower Costs,OTHR,169,Madison Ave,11258,New York,NY,10016,17,5241,Help Us Support Him Text Message,4/23/2025,TEXT,Text Messages,4353,2899,"Mamdani, Zohran K",1,,4352.9400,Support
2025,Z196,New Yorkers for Lower Costs,OTHR,169,Madison Ave,11258,New York,NY,10016,33,6885,Help Zohran Win FB Ad,8/22/2025,INTAD,Internet - Display/Banner,4583,2899,"Mamdani, Zohran K",1,,4583.3900,Support
2025,Z196,New Yorkers for Lower Costs,OTHR,169,Madison Ave,11258,New York,NY,10016,33,6886,Help Zohran Win FB Ad v2,8/22/2025,INTAD,Internet - Display/Banner,3697,2899,"Mamdani, Zohran K",1,,3697.1600,Support
2025,Z196,New Yorkers for Lower Costs,OTHR,169,Madison Ave,11258,New York,NY,10016,34,6928,Help Zohran Win FB Ad v3,9/1/2025,INTAD,Internet - Display/Banner,3707,2899,"Mamdani, Zohran K",1,,3707.3700,Support
2025,Z196,New Yorkers for Lower Costs,OTHR,169,Madison Ave,11258,New York,NY,10016,28,6813,Huge Impact FB Ad,7/16/2025,INTAD,Internet - Display/Banner,398,2993,"Cuomo, Andrew M",1,,198.9300,Oppose
2025,Z196,New Yorkers for Lower Costs,OTHR,169,Madison Ave,11258,New York,NY,10016,28,6813,Huge Impact FB Ad,7/16/2025,INTAD,Internet - Display/Banner,398,2899,"Mamdani, Zohran K",1,,198.9400,Support
2025,Z196,New Yorkers for Lower Costs,OTHR,169,Madison Ave,11258,New York,NY,10016,31,6849,Immigrant Neighbors Text,8/5/2025,TEXT,Text Messages,225,2899,"Mamdani, Zohran K",1,,225.3000,Support
2025,Z196,New Yorkers for Lower Costs,OTHR,169,Madison Ave,11258,New York,NY,10016,40,7086,Keep Us Ahead FB Ad,10/7/2025,INTAD,Internet - Display/Banner,116,2899,"Mamdani, Zohran K",1,,115.8400,Support
2025,Z196,New Yorkers for Lower Costs,OTHR,169,Madison Ave,11258,New York,NY,10016,42,7252,Keep Us Ahead FB Ad v2,10/22/2025,INTAD,Internet - Display/Banner,4277,2899,"Mamdani, Zohran K",1,,4276.6700,Support
2025,Z196,New Yorkers for Lower Costs,OTHR,169,Madison Ave,11258,New York,NY,10016,40,7072,Keep Us Ahead Text,10/12/2025,TEXT,Text Messages,275,2899,"Mamdani, Zohran K",1,,275.2200,Support
2025,Z196,New Yorkers for Lower Costs,OTHR,169,Madison Ave,11258,New York,NY,10016,23,5674,Knicks Lost the Series Email,6/2/2025,EMAIL,Emails,350,2899,"Mamdani, Zohran K",1,,349.5000,Support
2025,Z196,New Yorkers for Lower Costs,OTHR,169,Madison Ave,11258,New York,NY,10016,GD,7423,Knock Knock Text,11/1/2025,TEXT,Text Messages,338,2899,"Mamdani, Zohran K",1,,338.3400,Support
2025,Z196,New Yorkers for Lower Costs,OTHR,169,Madison Ave,11258,New York,NY,10016,23,5822,Landlords Email,6/7/2025,EMAIL,Emails,105,2993,"Cuomo, Andrew M",1,,52.5100,Oppose
2025,Z196,New Yorkers for Lower Costs,OTHR,169,Madison Ave,11258,New York,NY,10016,23,5822,Landlords Email,6/7/2025,EMAIL,Emails,105,2899,"Mamdani, Zohran K",1,,52.5100,Support
2025,Z196,New Yorkers for Lower Costs,OTHR,169,Madison Ave,11258,New York,NY,10016,18,5256,Last Chance Facebook,4/30/2025,INTAD,Internet - Display/Banner,134,2899,"Mamdani, Zohran K",1,,134.4100,Support
2025,Z196,New Yorkers for Lower Costs,OTHR,169,Madison Ave,11258,New York,NY,10016,42,7277,Last Chance FB Ad,10/25/2025,INTAD,Internet - Display/Banner,3200,2899,"Mamdani, Zohran K",1,,3199.9700,Support
2025,Z196,New Yorkers for Lower Costs,OTHR,169,Madison Ave,11258,New York,NY,10016,42,7278,Last Chance FB Ad v2,10/25/2025,INTAD,Internet - Display/Banner,4851,2899,"Mamdani, Zohran K",1,,4851.1400,Support
2025,Z196,New Yorkers for Lower Costs,OTHR,169,Madison Ave,11258,New York,NY,10016,42,7279,Last Chance FB Ad v3,10/25/2025,INTAD,Internet - Display/Banner,7180,2899,"Mamdani, Zohran K",1,,7179.5800,Support
2025,Z196,New Yorkers for Lower Costs,OTHR,169,Madison Ave,11258,New York,NY,10016,PD,6035,Last Debate Text,6/12/2025,TEXT,Text Messages,168,2899,"Mamdani, Zohran K",1,,168.4800,Support
2025,Z196,New Yorkers for Lower Costs,OTHR,169,Madison Ave,11258,New York,NY,10016,PD,6677,Last Minute Fund FB Ad,6/20/2025,INTAD,Internet - Display/Banner,6933,2899,"Mamdani, Zohran K",1,,6933.1400,Support
2025,Z196,New Yorkers for Lower Costs,OTHR,169,Madison Ave,11258,New York,NY,10016,41,7164,Last Minute Fund FB Ad,10/14/2025,INTAD,Internet - Display/Banner,25430,2899,"Mamdani, Zohran K",1,,25430.2300,Support
2025,Z196,New Yorkers for Lower Costs,OTHR,169,Madison Ave,11258,New York,NY,10016,PD,6679,Last Minute Fund FB Ad v2,6/20/2025,INTAD,Internet - Display/Banner,3845,2899,"Mamdani, Zohran K",1,,3845.3900,Support
2025,Z196,New Yorkers for Lower Costs,OTHR,169,Madison Ave,11258,New York,NY,10016,41,7165,Last Minute Fund FB Ad v2,10/14/2025,INTAD,Internet - Display/Banner,17708,2899,"Mamdani, Zohran K",1,,17708.4300,Support
2025,Z196,New Yorkers for Lower Costs,OTHR,169,Madison Ave,11258,New York,NY,10016,PD,6681,Last Minute Fund FB Ad v3,6/20/2025,INTAD,Internet - Display/Banner,3722,2899,"Mamdani, Zohran K",1,,3721.7700,Support
2025,Z196,New Yorkers for Lower Costs,OTHR,169,Madison Ave,11258,New York,NY,10016,20,5306,Leading in People Power Facebook,5/16/2025,INTAD,Internet - Display/Banner,288,2899,"Mamdani, Zohran K",1,,288.3600,Support
2025,Z196,New Yorkers for Lower Costs,OTHR,169,Madison Ave,11258,New York,NY,10016,27,6803,Less Than $100k FB Ad,7/9/2025,INTAD,Internet - Display/Banner,174,2899,"Mamdani, Zohran K",1,,173.5700,Support
2025,Z196,New Yorkers for Lower Costs,OTHR,169,Madison Ave,11258,New York,NY,10016,PD,5922,Mailer 1,6/11/2025,MAIL,Mass Mailing,91763,2993,"Cuomo, Andrew M",1,,45881.5600,Oppose
2025,Z196,New Yorkers for Lower Costs,OTHR,169,Madison Ave,11258,New York,NY,10016,PD,5922,Mailer 1,6/11/2025,MAIL,Mass Mailing,91763,2899,"Mamdani, Zohran K",1,,45881.5600,Support
2025,Z196,New Yorkers for Lower Costs,OTHR,169,Madison Ave,11258,New York,NY,10016,PD,6174,Mailer 2,6/16/2025,MAIL,Mass Mailing,174524,2993,"Cuomo, Andrew M",1,,87262.0500,Oppose
2025,Z196,New Yorkers for Lower Costs,OTHR,169,Madison Ave,11258,New York,NY,10016,PD,6174,Mailer 2,6/16/2025,MAIL,Mass Mailing,174524,2899,"Mamdani, Zohran K",1,,87262.0500,Support
2025,Z196,New Yorkers for Lower Costs,OTHR,169,Madison Ave,11258,New York,NY,10016,42,7266,Mailer Display Ads 1,10/21/2025,INTAD,Internet - Display/Banner,6992,2899,"Mamdani, Zohran K",1,,6991.6700,Support
2025,Z196,New Yorkers for Lower Costs,OTHR,169,Madison Ave,11258,New York,NY,10016,42,7267,Mailer Display Ads 2,10/21/2025,INTAD,Internet - Display/Banner,6992,2899,"Mamdani, Zohran K",1,,6991.6700,Support
2025,Z196,New Yorkers for Lower Costs,OTHR,169,Madison Ave,11258,New York,NY,10016,42,7268,Mailer Display Ads 3,10/21/2025,INTAD,Internet - Display/Banner,6992,2899,"Mamdani, Zohran K",1,,6991.6600,Support
2025,Z196,New Yorkers for Lower Costs,OTHR,169,Madison Ave,11258,New York,NY,10016,23,5690,Make Buses Free Email,6/3/2025,EMAIL,Emails,350,2899,"Mamdani, Zohran K",1,,349.5000,Support
2025,Z196,New Yorkers for Lower Costs,OTHR,169,Madison Ave,11258,New York,NY,10016,PD,6431,Make NY Affordable Again Text,6/19/2025,TEXT,Text Messages,193,2899,"Mamdani, Zohran K",1,,192.6600,Support
2025,Z196,New Yorkers for Lower Costs,OTHR,169,Madison Ave,11258,New York,NY,10016,PD,6673,Mamdani Leads Text,6/23/2025,TEXT,Text Messages,214,2899,"Mamdani, Zohran K",1,,213.7200,Support
2025,Z196,New Yorkers for Lower Costs,OTHR,169,Madison Ave,11258,New York,NY,10016,PD,6034,Mamdani Surges Text,6/12/2025,TEXT,Text Messages,5662,2899,"Mamdani, Zohran K",1,,5662.0000,Support
2025,Z196,New Yorkers for Lower Costs,OTHR,169,Madison Ave,11258,New York,NY,10016,22,5523,Max Out Text,6/1/2025,TEXT,Text Messages,100,2899,"Mamdani, Zohran K",1,,100.3800,Support
2025,Z196,New Yorkers for Lower Costs,OTHR,169,Madison Ave,11258,New York,NY,10016,31,6875,Merch Store is Live FB Ad,8/7/2025,INTAD,Internet - Display/Banner,1768,2899,"Mamdani, Zohran K",1,,1767.5300,Support
2025,Z196,New Yorkers for Lower Costs,OTHR,169,Madison Ave,11258,New York,NY,10016,31,6876,Merch Store is Live FB Ad v2,8/7/2025,INTAD,Internet - Display/Banner,708,2899,"Mamdani, Zohran K",1,,707.7800,Support
2025,Z196,New Yorkers for Lower Costs,OTHR,169,Madison Ave,11258,New York,NY,10016,21,5413,Momentum Text,5/20/2025,TEXT,Text Messages,106,2899,"Mamdani, Zohran K",1,,106.2600,Support
2025,Z196,New Yorkers for Lower Costs,OTHR,169,Madison Ave,11258,New York,NY,10016,PD,6680,Move NYC Forward FB Ad,6/20/2025,INTAD,Internet - Display/Banner,762,2899,"Mamdani, Zohran K",1,,761.7200,Support
2025,Z196,New Yorkers for Lower Costs,OTHR,169,Madison Ave,11258,New York,NY,10016,28,6818,Neck and Neck FB Ad,7/18/2025,INTAD,Internet - Display/Banner,2947,2899,"Mamdani, Zohran K",1,,2947.4900,Support
2025,Z196,New Yorkers for Lower Costs,OTHR,169,Madison Ave,11258,New York,NY,10016,29,6834,Neck and Neck FB Ad v2,7/21/2025,INTAD,Internet - Display/Banner,1126,2899,"Mamdani, Zohran K",1,,1126.0600,Support
2025,Z196,New Yorkers for Lower Costs,OTHR,169,Madison Ave,11258,New York,NY,10016,29,6836,Neck and Neck FB Ad v3,7/21/2025,INTAD,Internet - Display/Banner,1073,2899,"Mamdani, Zohran K",1,,1072.8800,Support
2025,Z196,New Yorkers for Lower Costs,OTHR,169,Madison Ave,11258,New York,NY,10016,30,6844,Neck and Neck FB Ad v4,7/28/2025,INTAD,Internet - Display/Banner,10128,2899,"Mamdani, Zohran K",1,,10128.0100,Support
2025,Z196,New Yorkers for Lower Costs,OTHR,169,Madison Ave,11258,New York,NY,10016,32,6880,Neck and Neck FB Ad v5,8/11/2025,INTAD,Internet - Display/Banner,1195,2899,"Mamdani, Zohran K",1,,1195.1700,Support
2025,Z196,New Yorkers for Lower Costs,OTHR,169,Madison Ave,11258,New York,NY,10016,38,6984,Negative Ads Text,9/23/2025,TEXT,Text Messages,5262,2899,"Mamdani, Zohran K",1,,5262.0200,Support
2025,Z196,New Yorkers for Lower Costs,OTHR,169,Madison Ave,11258,New York,NY,10016,PD,6466,New Day Video,6/20/2025,TVADS,Video (TV/Cable),175000,2899,"Mamdani, Zohran K",1,,175000.0000,Support
2025,Z196,New Yorkers for Lower Costs,OTHR,169,Madison Ave,11258,New York,NY,10016,30,6847,New Merch Text,7/30/2025,TEXT,Text Messages,227,2899,"Mamdani, Zohran K",1,,226.6200,Support
2025,Z196,New Yorkers for Lower Costs,OTHR,169,Madison Ave,11258,New York,NY,10016,37,6960,New Merch Text v2,9/19/2025,TEXT,Text Messages,262,2899,"Mamdani, Zohran K",1,,261.7200,Support
2025,Z196,New Yorkers for Lower Costs,OTHR,169,Madison Ave,11258,New York,NY,10016,28,6817,New Poll Alert FB Ad,7/18/2025,INTAD,Internet - Display/Banner,845,2899,"Mamdani, Zohran K",1,,844.5600,Support
2025,Z196,New Yorkers for Lower Costs,OTHR,169,Madison Ave,11258,New York,NY,10016,29,6833,New Poll Alert FB Ad v2,7/21/2025,INTAD,Internet - Display/Banner,2300,2899,"Mamdani, Zohran K",1,,2299.6400,Support
2025,Z196,New Yorkers for Lower Costs,OTHR,169,Madison Ave,11258,New York,NY,10016,29,6835,New Poll Alert FB Ad v3,7/21/2025,INTAD,Internet - Display/Banner,1190,2899,"Mamdani, Zohran K",1,,1189.8100,Support
2025,Z196,New Yorkers for Lower Costs,OTHR,169,Madison Ave,11258,New York,NY,10016,20,5312,New Poll Text,5/15/2025,TEXT,Text Messages,3106,2899,"Mamdani, Zohran K",1,,3106.2000,Support
2025,Z196,New Yorkers for Lower Costs,OTHR,169,Madison Ave,11258,New York,NY,10016,41,7168,Nightmare FB Ad,10/17/2025,INTAD,Internet - Display/Banner,173,2899,"Mamdani, Zohran K",1,,173.0400,Support
2025,Z196,New Yorkers for Lower Costs,OTHR,169,Madison Ave,11258,New York,NY,10016,42,7255,No Restocks FB Ad,10/23/2025,INTAD,Internet - Display/Banner,588,2899,"Mamdani, Zohran K",1,,588.2900,Support
2025,Z196,New Yorkers for Lower Costs,OTHR,169,Madison Ave,11258,New York,NY,10016,PD,6676,No-Mo Cuomo FB Ad,6/20/2025,INTAD,Internet - Display/Banner,4451,2993,"Cuomo, Andrew M",1,,2225.4600,Oppose
2025,Z196,New Yorkers for Lower Costs,OTHR,169,Madison Ave,11258,New York,NY,10016,PD,6676,No-Mo Cuomo FB Ad,6/20/2025,INTAD,Internet - Display/Banner,4451,2899,"Mamdani, Zohran K",1,,2225.4700,Support
2025,Z196,New Yorkers for Lower Costs,OTHR,169,Madison Ave,11258,New York,NY,10016,33,6890,Not Over Text,8/20/2025,INTAD,Internet - Display/Banner,9000,2899,"Mamdani, Zohran K",1,,9000.0000,Support
2025,Z196,New Yorkers for Lower Costs,OTHR,169,Madison Ave,11258,New York,NY,10016,37,6964,Not Too Late FB Ad,9/19/2025,INTAD,Internet - Display/Banner,380,2899,"Mamdani, Zohran K",1,,380.1100,Support
2025,Z196,New Yorkers for Lower Costs,OTHR,169,Madison Ave,11258,New York,NY,10016,37,6965,Not Too Late FB Ad v2,9/19/2025,INTAD,Internet - Display/Banner,3375,2899,"Mamdani, Zohran K",1,,3375.2900,Support
2025,Z196,New Yorkers for Lower Costs,OTHR,169,Madison Ave,11258,New York,NY,10016,38,6988,Not Too Late FB Ad v3,9/22/2025,INTAD,Internet - Display/Banner,107,2899,"Mamdani, Zohran K",1,,107.2600,Support
2025,Z196,New Yorkers for Lower Costs,OTHR,169,Madison Ave,11258,New York,NY,10016,39,7014,Notes App FB Ad,10/1/2025,INTAD,Internet - Display/Banner,152,2899,"Mamdani, Zohran K",1,,151.7400,Support
2025,Z196,New Yorkers for Lower Costs,OTHR,169,Madison Ave,11258,New York,NY,10016,31,6877,NY Mag FB Ad,8/7/2025,INTAD,Internet - Display/Banner,112,2899,"Mamdani, Zohran K",1,,111.7900,Support
2025,Z196,New Yorkers for Lower Costs,OTHR,169,Madison Ave,11258,New York,NY,10016,31,6878,NY Mag FB Ad v2,8/7/2025,INTAD,Internet - Display/Banner,130,2899,"Mamdani, Zohran K",1,,129.6400,Support
2025,Z196,New Yorkers for Lower Costs,OTHR,169,Madison Ave,11258,New York,NY,10016,29,6830,NYC Mayoral Poll,7/24/2025,TEXT,Text Messages,229,2899,"Mamdani, Zohran K",1,,228.8400,Support
2025,Z196,New Yorkers for Lower Costs,OTHR,169,Madison Ave,11258,New York,NY,10016,30,6843,NYC Mayoral Poll FB Ad,7/28/2025,INTAD,Internet - Display/Banner,2422,2899,"Mamdani, Zohran K",1,,2422.3900,Support
2025,Z196,New Yorkers for Lower Costs,OTHR,169,Madison Ave,11258,New York,NY,10016,30,6845,NYC Mayoral Poll FB Ad v2,7/28/2025,INTAD,Internet - Display/Banner,3792,2899,"Mamdani, Zohran K",1,,3791.9900,Support
2025,Z196,New Yorkers for Lower Costs,OTHR,169,Madison Ave,11258,New York,NY,10016,40,7087,NYC Mayoral Update FB Ad,10/7/2025,INTAD,Internet - Display/Banner,741,2899,"Mamdani, Zohran K",1,,741.2700,Support
2025,Z196,New Yorkers for Lower Costs,OTHR,169,Madison Ave,11258,New York,NY,10016,PD,6432,NYT Text,6/19/2025,TEXT,Text Messages,193,2899,"Mamdani, Zohran K",1,,192.8400,Support
2025,Z196,New Yorkers for Lower Costs,OTHR,169,Madison Ave,11258,New York,NY,10016,GD,7376,One Year Ago Text,10/30/2025,TEXT,Text Messages,338,2899,"Mamdani, Zohran K",1,,337.6800,Support
2025,Z196,New Yorkers for Lower Costs,OTHR,169,Madison Ave,11258,New York,NY,10016,22,5514,Only Zohran FB Ad,5/27/2025,INTAD,Internet - Display/Banner,210,2899,"Mamdani, Zohran K",1,,209.7300,Support
2025,Z196,New Yorkers for Lower Costs,OTHR,169,Madison Ave,11258,New York,NY,10016,22,5516,Only Zohran FB Ad v2,5/27/2025,INTAD,Internet - Display/Banner,492,2899,"Mamdani, Zohran K",1,,491.6000,Support
2025,Z196,New Yorkers for Lower Costs,OTHR,169,Madison Ave,11258,New York,NY,10016,31,6873,Opening Bid FB Ad,8/4/2025,INTAD,Internet - Display/Banner,122,2899,"Mamdani, Zohran K",1,,122.0000,Support
2025,Z196,New Yorkers for Lower Costs,OTHR,169,Madison Ave,11258,New York,NY,10016,PD,6671,Peaking (1 Day) Text,6/23/2025,TEXT,Text Messages,1412,2899,"Mamdani, Zohran K",1,,1411.7600,Support
2025,Z196,New Yorkers for Lower Costs,OTHR,169,Madison Ave,11258,New York,NY,10016,PD,6670,Peaking Text,6/23/2025,TEXT,Text Messages,8294,2899,"Mamdani, Zohran K",1,,8294.1200,Support
2025,Z196,New Yorkers for Lower Costs,OTHR,169,Madison Ave,11258,New York,NY,10016,25,6694,Persuasion Texts,6/24/2025,TEXT,Text Messages,15960,2993,"Cuomo, Andrew M",1,,7980.0000,Oppose
2025,Z196,New Yorkers for Lower Costs,OTHR,169,Madison Ave,11258,New York,NY,10016,25,6694,Persuasion Texts,6/24/2025,TEXT,Text Messages,15960,2899,"Mamdani, Zohran K",1,,7980.0000,Support
2025,Z196,New Yorkers for Lower Costs,OTHR,169,Madison Ave,11258,New York,NY,10016,PD,6468,Photo Finish Text,6/20/2025,TEXT,Text Messages,2696,2899,"Mamdani, Zohran K",1,,2695.6600,Support
2025,Z196,New Yorkers for Lower Costs,OTHR,169,Madison Ave,11258,New York,NY,10016,37,6961,Polling USA FB Ad,9/15/2025,INTAD,Internet - Display/Banner,112,2899,"Mamdani, Zohran K",1,,111.8500,Support
2025,Z196,New Yorkers for Lower Costs,OTHR,169,Madison Ave,11258,New York,NY,10016,37,6962,Polling USA FB Ad v2,9/15/2025,INTAD,Internet - Display/Banner,186,2899,"Mamdani, Zohran K",1,,186.2800,Support
2025,Z196,New Yorkers for Lower Costs,OTHR,169,Madison Ave,11258,New York,NY,10016,36,6944,Polls are Close FB Ad,9/8/2025,INTAD,Internet - Display/Banner,858,2899,"Mamdani, Zohran K",1,,858.4000,Support
2025,Z196,New Yorkers for Lower Costs,OTHR,169,Madison Ave,11258,New York,NY,10016,33,6884,Potato Chips FB Ad,8/22/2025,INTAD,Internet - Display/Banner,162,2899,"Mamdani, Zohran K",1,,161.9400,Support
2025,Z196,New Yorkers for Lower Costs,OTHR,169,Madison Ave,11258,New York,NY,10016,41,7167,Protect the Family FB Ad,10/14/2025,INTAD,Internet - Display/Banner,279,2899,"Mamdani, Zohran K",1,,279.2200,Support
2025,Z196,New Yorkers for Lower Costs,OTHR,169,Madison Ave,11258,New York,NY,10016,43,7497,Racism Text,11/3/2025,TEXT,Text Messages,337,2899,"Mamdani, Zohran K",1,,336.5400,Support
2025,Z196,New Yorkers for Lower Costs,OTHR,169,Madison Ave,11258,New York,NY,10016,GD,7430,Radical Text,11/2/2025,TEXT,Text Messages,338,2899,"Mamdani, Zohran K",1,,338.0400,Support
2025,Z196,New Yorkers for Lower Costs,OTHR,169,Madison Ave,11258,New York,NY,10016,18,5255,Rashida Tlaib,4/30/2025,TEXT,Text Messages,8724,2899,"Mamdani, Zohran K",1,,8724.2600,Support
2025,Z196,New Yorkers for Lower Costs,OTHR,169,Madison Ave,11258,New York,NY,10016,PD,6131,Republican Money for Cuomo Text,6/15/2025,TEXT,Text Messages,182,2993,"Cuomo, Andrew M",1,,91.0200,Oppose
2025,Z196,New Yorkers for Lower Costs,OTHR,169,Madison Ave,11258,New York,NY,10016,PD,6131,Republican Money for Cuomo Text,6/15/2025,TEXT,Text Messages,182,2899,"Mamdani, Zohran K",1,,91.0200,Support
2025,Z196,New Yorkers for Lower Costs,OTHR,169,Madison Ave,11258,New York,NY,10016,40,7093,Republicans for Cuomo FB Ad,10/10/2025,INTAD,Internet - Display/Banner,172,2899,"Mamdani, Zohran K",1,,172.1600,Support
2025,Z196,New Yorkers for Lower Costs,OTHR,169,Madison Ave,11258,New York,NY,10016,27,6797,Shocked the World FB Ad,7/9/2025,INTAD,Internet - Display/Banner,274,2899,"Mamdani, Zohran K",1,,274.0100,Support
2025,Z196,New Yorkers for Lower Costs,OTHR,169,Madison Ave,11258,New York,NY,10016,42,7256,Snake and a Liar FB Ad,10/24/2025,INTAD,Internet - Display/Banner,102,2899,"Mamdani, Zohran K",1,,102.4400,Support
2025,Z196,New Yorkers for Lower Costs,OTHR,169,Madison Ave,11258,New York,NY,10016,39,7015,Spread Zohran's Message FB Ad,10/1/2025,INTAD,Internet - Display/Banner,126,2899,"Mamdani, Zohran K",1,,126.1200,Support
2025,Z196,New Yorkers for Lower Costs,OTHR,169,Madison Ave,11258,New York,NY,10016,39,7016,Spread Zohran's Message FB Ad v2,10/1/2025,INTAD,Internet - Display/Banner,107,2899,"Mamdani, Zohran K",1,,106.7800,Support
2025,Z196,New Yorkers for Lower Costs,OTHR,169,Madison Ave,11258,New York,NY,10016,40,7071,Stand Up to Trump Text,10/10/2025,TEXT,Text Messages,273,2899,"Mamdani, Zohran K",1,,273.4600,Support
2025,Z196,New Yorkers for Lower Costs,OTHR,169,Madison Ave,11258,New York,NY,10016,23,5710,Starting to Talk Text,6/7/2025,TEXT,Text Messages,143,2899,"Mamdani, Zohran K",1,,143.1600,Support
2025,Z196,New Yorkers for Lower Costs,OTHR,169,Madison Ave,11258,New York,NY,10016,41,7099,Stepped Off Stage Text,10/15/2025,TEXT,Text Messages,284,2899,"Mamdani, Zohran K",1,,284.2200,Support
2025,Z196,New Yorkers for Lower Costs,OTHR,169,Madison Ave,11258,New York,NY,10016,42,7254,Stepped Off Stage Text v2,10/22/2025,TEXT,Text Messages,306,2899,"Mamdani, Zohran K",1,,306.4800,Support
2025,Z196,New Yorkers for Lower Costs,OTHR,169,Madison Ave,11258,New York,NY,10016,28,6812,Still Running FB Ad v1,7/16/2025,INTAD,Internet - Display/Banner,789,2899,"Mamdani, Zohran K",1,,788.8600,Support
2025,Z196,New Yorkers for Lower Costs,OTHR,169,Madison Ave,11258,New York,NY,10016,40,7089,Stop Cuomo FB Ad,10/8/2025,INTAD,Internet - Display/Banner,103,2899,"Mamdani, Zohran K",1,,102.7600,Support
2025,Z196,New Yorkers for Lower Costs,OTHR,169,Madison Ave,11258,New York,NY,10016,17,5238,"Stop Cuomo, Elect Zohran Text Message",4/23/2025,TEXT,Text Messages,2457,2993,"Cuomo, Andrew M",1,,1228.4700,Oppose
2025,Z196,New Yorkers for Lower Costs,OTHR,169,Madison Ave,11258,New York,NY,10016,17,5238,"Stop Cuomo, Elect Zohran Text Message",4/23/2025,TEXT,Text Messages,2457,2899,"Mamdani, Zohran K",1,,1228.4800,Support
2025,Z196,New Yorkers for Lower Costs,OTHR,169,Madison Ave,11258,New York,NY,10016,40,7090,Stop Scrolling FB Ad,10/8/2025,INTAD,Internet - Display/Banner,843,2899,"Mamdani, Zohran K",1,,843.0000,Support
2025,Z196,New Yorkers for Lower Costs,OTHR,169,Madison Ave,11258,New York,NY,10016,42,7276,Subway Tile FB Ad,10/25/2025,INTAD,Internet - Display/Banner,105,2899,"Mamdani, Zohran K",1,,105.2200,Support
2025,Z196,New Yorkers for Lower Costs,OTHR,169,Madison Ave,11258,New York,NY,10016,37,6966,Support Zohran Search Ad,9/18/2025,INTAD,Internet - Display/Banner,31864,2899,"Mamdani, Zohran K",1,,31863.6700,Support
2025,Z196,New Yorkers for Lower Costs,OTHR,169,Madison Ave,11258,New York,NY,10016,22,5518,Surging Across the City FB Ad,5/27/2025,INTAD,Internet - Display/Banner,391,2899,"Mamdani, Zohran K",1,,390.6900,Support
2025,Z196,New Yorkers for Lower Costs,OTHR,169,Madison Ave,11258,New York,NY,10016,23,5691,Taking the Mic Email,6/4/2025,EMAIL,Emails,350,2899,"Mamdani, Zohran K",1,,349.5000,Support
2025,Z196,New Yorkers for Lower Costs,OTHR,169,Madison Ave,11258,New York,NY,10016,PD,6081,The Name is Mamdani FB Ad,6/13/2025,INTAD,Internet - Display/Banner,147,2899,"Mamdani, Zohran K",1,,147.3900,Support
2025,Z196,New Yorkers for Lower Costs,OTHR,169,Madison Ave,11258,New York,NY,10016,33,6889,This Isn't AI Text,8/18/2025,TEXT,Text Messages,225,2899,"Mamdani, Zohran K",1,,224.6400,Support
2025,Z196,New Yorkers for Lower Costs,OTHR,169,Madison Ave,11258,New York,NY,10016,22,5515,Tied in Brooklyn FB Ad,5/27/2025,INTAD,Internet - Display/Banner,108,2899,"Mamdani, Zohran K",1,,107.9400,Support
2025,Z196,New Yorkers for Lower Costs,OTHR,169,Madison Ave,11258,New York,NY,10016,22,5517,Tied in Brooklyn FB Ad v2,5/27/2025,INTAD,Internet - Display/Banner,175,2899,"Mamdani, Zohran K",1,,174.7300,Support
2025,Z196,New Yorkers for Lower Costs,OTHR,169,Madison Ave,11258,New York,NY,10016,43,7499,Tomorrow is Election Day FB Ad v5,11/3/2025,INTAD,Internet - Display/Banner,146,2899,"Mamdani, Zohran K",1,,145.8600,Support
2025,Z196,New Yorkers for Lower Costs,OTHR,169,Madison Ave,11258,New York,NY,10016,PD,6665,Tomorrow Text,6/23/2025,TEXT,Text Messages,206,2899,"Mamdani, Zohran K",1,,206.2200,Support
2025,Z196,New Yorkers for Lower Costs,OTHR,169,Madison Ave,11258,New York,NY,10016,43,7496,Tomorrow Text v2,11/3/2025,TEXT,Text Messages,337,2899,"Mamdani, Zohran K",1,,336.9600,Support
2025,Z196,New Yorkers for Lower Costs,OTHR,169,Madison Ave,11258,New York,NY,10016,39,7017,Trump Attacking Zohran Text,9/30/2025,TEXT,Text Messages,272,2899,"Mamdani, Zohran K",1,,271.9800,Support
2025,Z196,New Yorkers for Lower Costs,OTHR,169,Madison Ave,11258,New York,NY,10016,43,7498,Trump Endorsement Text,11/3/2025,TEXT,Text Messages,336,2899,"Mamdani, Zohran K",1,,336.4200,Support
2025,Z196,New Yorkers for Lower Costs,OTHR,169,Madison Ave,11258,New York,NY,10016,19,5267,Trump's Billionaire Buddies Text Message,5/11/2025,TEXT,Text Messages,2214,2993,"Cuomo, Andrew M",1,,1106.9200,Oppose
2025,Z196,New Yorkers for Lower Costs,OTHR,169,Madison Ave,11258,New York,NY,10016,19,5267,Trump's Billionaire Buddies Text Message,5/11/2025,TEXT,Text Messages,2214,2899,"Mamdani, Zohran K",1,,1106.9200,Support
2025,Z196,New Yorkers for Lower Costs,OTHR,169,Madison Ave,11258,New York,NY,10016,22,5522,Turning Point Text,5/31/2025,TEXT,Text Messages,101,2899,"Mamdani, Zohran K",1,,100.7400,Support
2025,Z196,New Yorkers for Lower Costs,OTHR,169,Madison Ave,11258,New York,NY,10016,PD,6678,Voting Has Started FB Ad,6/20/2025,INTAD,Internet - Display/Banner,1730,2899,"Mamdani, Zohran K",1,,1729.9000,Support
2025,Z196,New Yorkers for Lower Costs,OTHR,169,Madison Ave,11258,New York,NY,10016,PD,6110,Voting Has Started Text,6/14/2025,TEXT,Text Messages,177,2899,"Mamdani, Zohran K",1,,176.8200,Support
2025,Z196,New Yorkers for Lower Costs,OTHR,169,Madison Ave,11258,New York,NY,10016,GD,7378,Voting Right Now FB Ad,10/30/2025,INTAD,Internet - Display/Banner,189,2899,"Mamdani, Zohran K",1,,189.4800,Support
2025,Z196,New Yorkers for Lower Costs,OTHR,169,Madison Ave,11258,New York,NY,10016,42,7288,Voting Right Now Text,10/26/2025,TEXT,Text Messages,309,2899,"Mamdani, Zohran K",1,,309.2400,Support
2025,Z196,New Yorkers for Lower Costs,OTHR,169,Madison Ave,11258,New York,NY,10016,41,7170,Watch Our New Ad FB Ad,10/17/2025,INTAD,Internet - Display/Banner,599,2899,"Mamdani, Zohran K",1,,599.3100,Support
2025,Z196,New Yorkers for Lower Costs,OTHR,169,Madison Ave,11258,New York,NY,10016,41,7171,Watch Our New Ad FB Ad v2,10/17/2025,INTAD,Internet - Display/Banner,117,2899,"Mamdani, Zohran K",1,,117.0000,Support
2025,Z196,New Yorkers for Lower Costs,OTHR,169,Madison Ave,11258,New York,NY,10016,17,5244,We Need Zohran for NYC Text Message,4/23/2025,TEXT,Text Messages,2353,2899,"Mamdani, Zohran K",1,,2352.9400,Support
2025,Z196,New Yorkers for Lower Costs,OTHR,169,Madison Ave,11258,New York,NY,10016,20,5308,We're the Campaign Facebook,5/16/2025,INTAD,Internet - Display/Banner,153,2899,"Mamdani, Zohran K",1,,153.3500,Support
2025,Z196,New Yorkers for Lower Costs,OTHR,169,Madison Ave,11258,New York,NY,10016,36,6942,Wealthy Developers Text,9/12/2025,TEXT,Text Messages,246,2899,"Mamdani, Zohran K",1,,245.5800,Support
2025,Z196,New Yorkers for Lower Costs,OTHR,169,Madison Ave,11258,New York,NY,10016,GD,7342,Weaponizing Text,10/28/2025,TEXT,Text Messages,332,2899,"Mamdani, Zohran K",1,,332.1000,Support
2025,Z196,New Yorkers for Lower Costs,OTHR,169,Madison Ave,11258,New York,NY,10016,27,6805,Website,7/11/2025,WEB,Website,7500,2899,"Mamdani, Zohran K",1,,7500.0000,Support
2025,Z196,New Yorkers for Lower Costs,OTHR,169,Madison Ave,11258,New York,NY,10016,31,6907,Welcome Email,8/6/2025,EMAIL,Emails,424,2899,"Mamdani, Zohran K",1,,423.7200,Support
2025,Z196,New Yorkers for Lower Costs,OTHR,169,Madison Ave,11258,New York,NY,10016,PD,6563,Whose Team Text,6/22/2025,TEXT,Text Messages,205,2993,"Cuomo, Andrew M",1,,102.4800,Oppose
2025,Z196,New Yorkers for Lower Costs,OTHR,169,Madison Ave,11258,New York,NY,10016,PD,6563,Whose Team Text,6/22/2025,TEXT,Text Messages,205,2899,"Mamdani, Zohran K",1,,102.4800,Support
2025,Z196,New Yorkers for Lower Costs,OTHR,169,Madison Ave,11258,New York,NY,10016,41,7111,You've Got Mail Text,10/18/2025,TEXT,Text Messages,287,2899,"Mamdani, Zohran K",1,,287.1000,Support
2025,Z196,New Yorkers for Lower Costs,OTHR,169,Madison Ave,11258,New York,NY,10016,25,6693,Youth GOTV Texts,6/24/2025,TEXT,Text Messages,28586,2899,"Mamdani, Zohran K",1,,28585.6000,Support
2025,Z196,New Yorkers for Lower Costs,OTHR,169,Madison Ave,11258,New York,NY,10016,PD,6383,zohCuomo's Values FB Ad,6/18/2025,INTAD,Internet - Display/Banner,124,2993,"Cuomo, Andrew M",1,,62.2500,Oppose
2025,Z196,New Yorkers for Lower Costs,OTHR,169,Madison Ave,11258,New York,NY,10016,PD,6383,zohCuomo's Values FB Ad,6/18/2025,INTAD,Internet - Display/Banner,124,2899,"Mamdani, Zohran K",1,,62.2400,Support
2025,Z196,New Yorkers for Lower Costs,OTHR,169,Madison Ave,11258,New York,NY,10016,20,5310,Zohran Can Catch Him Facebook,5/16/2025,INTAD,Internet - Display/Banner,174,2899,"Mamdani, Zohran K",1,,173.6800,Support
2025,Z196,New Yorkers for Lower Costs,OTHR,169,Madison Ave,11258,New York,NY,10016,PD,6076,Zohran Can Win This FB Ad,6/13/2025,INTAD,Internet - Display/Banner,202,2993,"Cuomo, Andrew M",1,,100.8800,Oppose
2025,Z196,New Yorkers for Lower Costs,OTHR,169,Madison Ave,11258,New York,NY,10016,PD,6076,Zohran Can Win This FB Ad,6/13/2025,INTAD,Internet - Display/Banner,202,2899,"Mamdani, Zohran K",1,,100.8800,Support
2025,Z196,New Yorkers for Lower Costs,OTHR,169,Madison Ave,11258,New York,NY,10016,PD,6077,Zohran Can Win This FB Ad v2,6/13/2025,INTAD,Internet - Display/Banner,235,2993,"Cuomo, Andrew M",1,,117.4800,Oppose
2025,Z196,New Yorkers for Lower Costs,OTHR,169,Madison Ave,11258,New York,NY,10016,PD,6077,Zohran Can Win This FB Ad v2,6/13/2025,INTAD,Internet - Display/Banner,235,2899,"Mamdani, Zohran K",1,,117.4800,Support
2025,Z196,New Yorkers for Lower Costs,OTHR,169,Madison Ave,11258,New York,NY,10016,PD,6437,Zohran Fights for Us TV,6/17/2025,TVADS,Video (TV/Cable),200000,2993,"Cuomo, Andrew M",1,,100000.0000,Oppose
2025,Z196,New Yorkers for Lower Costs,OTHR,169,Madison Ave,11258,New York,NY,10016,PD,6437,Zohran Fights for Us TV,6/17/2025,TVADS,Video (TV/Cable),200000,2899,"Mamdani, Zohran K",1,,100000.0000,Support
2025,Z196,New Yorkers for Lower Costs,OTHR,169,Madison Ave,11258,New York,NY,10016,PD,6090,Zohran Fights for US Video,6/13/2025,INTVID,Video (Internet),263000,2993,"Cuomo, Andrew M",1,,131500.0000,Oppose
2025,Z196,New Yorkers for Lower Costs,OTHR,169,Madison Ave,11258,New York,NY,10016,PD,6090,Zohran Fights for US Video,6/13/2025,INTVID,Video (Internet),263000,2899,"Mamdani, Zohran K",1,,131500.0000,Support
2025,Z196,New Yorkers for Lower Costs,OTHR,169,Madison Ave,11258,New York,NY,10016,PD,6316,Zohran Fights for US Video with Skin,6/17/2025,INTVID,Video (Internet),90000,2993,"Cuomo, Andrew M",1,,45000.0000,Oppose
2025,Z196,New Yorkers for Lower Costs,OTHR,169,Madison Ave,11258,New York,NY,10016,PD,6316,Zohran Fights for US Video with Skin,6/17/2025,INTVID,Video (Internet),90000,2899,"Mamdani, Zohran K",1,,45000.0000,Support
2025,Z196,New Yorkers for Lower Costs,OTHR,169,Madison Ave,11258,New York,NY,10016,22,5513,Zohran is surging text,5/28/2025,TEXT,Text Messages,103,2899,"Mamdani, Zohran K",1,,102.9600,Support
2025,Z196,New Yorkers for Lower Costs,OTHR,169,Madison Ave,11258,New York,NY,10016,38,6987,Zohran Isn't Fundraising FB Ad,9/22/2025,INTAD,Internet - Display/Banner,579,2899,"Mamdani, Zohran K",1,,578.8100,Support
2025,Z196,New Yorkers for Lower Costs,OTHR,169,Madison Ave,11258,New York,NY,10016,38,6989,Zohran Isn't Fundraising FB Ad v2,9/22/2025,INTAD,Internet - Display/Banner,2441,2899,"Mamdani, Zohran K",1,,2441.0800,Support
2025,Z196,New Yorkers for Lower Costs,OTHR,169,Madison Ave,11258,New York,NY,10016,38,6990,Zohran Isn't Fundraising FB Ad v3,9/22/2025,INTAD,Internet - Display/Banner,3905,2899,"Mamdani, Zohran K",1,,3905.4600,Support
2025,Z196,New Yorkers for Lower Costs,OTHR,169,Madison Ave,11258,New York,NY,10016,35,6921,Zohran Isn't Fundraising Text,9/5/2025,TEXT,Text Messages,7741,2899,"Mamdani, Zohran K",1,,7741.2600,Support
2025,Z196,New Yorkers for Lower Costs,OTHR,169,Madison Ave,11258,New York,NY,10016,34,6925,Zohran Merch FB Ad,9/1/2025,INTAD,Internet - Display/Banner,1540,2899,"Mamdani, Zohran K",1,,1540.3200,Support
2025,Z196,New Yorkers for Lower Costs,OTHR,169,Madison Ave,11258,New York,NY,10016,33,6891,Zohran Merch Text,8/21/2025,TEXT,Text Messages,222,2899,"Mamdani, Zohran K",1,,221.9400,Support
2025,Z196,New Yorkers for Lower Costs,OTHR,169,Madison Ave,11258,New York,NY,10016,27,6795,Zohran Wins FB Ad,7/9/2025,INTAD,Internet - Display/Banner,1040,2899,"Mamdani, Zohran K",1,,1040.0800,Support
2025,Z196,New Yorkers for Lower Costs,OTHR,169,Madison Ave,11258,New York,NY,10016,40,7091,Zohran's Birthday FB Ad,10/10/2025,INTAD,Internet - Display/Banner,112,2899,"Mamdani, Zohran K",1,,111.8500,Support
2025,Z196,New Yorkers for Lower Costs,OTHR,169,Madison Ave,11258,New York,NY,10016,40,7092,Zohran's Birthday FB Ad v2,10/10/2025,INTAD,Internet - Display/Banner,971,2899,"Mamdani, Zohran K",1,,971.1800,Support
2025,Z245,NYSNA IE Committee,OTHR,131,"W 33rd St, 4th Fl",,New York,NY,10011,39,6997,Placards,10/4/2025,POSTER,Poster,1415,2899,"Mamdani, Zohran K",1,,1415.3800,Support
2025,Z226,OneNYC,OTHR,515,East 86th St,,New York,NY,10028,GD,7295,Digital Ad - 30 seconds,10/27/2025,INTVID,Video (Internet),2385,2899,"Mamdani, Zohran K",1,,2384.6900,Support
2025,Z226,OneNYC,OTHR,515,East 86th St,,New York,NY,10028,GD,7294,Digital Ad - 60 seconds,10/27/2025,INTVID,Video (Internet),2451,2899,"Mamdani, Zohran K",1,,2451.3000,Support
2025,Z226,OneNYC,OTHR,515,East 86th St,,New York,NY,10028,GD,7296,Digital Ad - 90 seconds,10/27/2025,INTVID,Video (Internet),2152,2899,"Mamdani, Zohran K",1,,2151.5200,Support
2025,Z226,OneNYC,OTHR,515,East 86th St,,New York,NY,10028,GD,7384,Digital Ad - NYC Can Thrive Again (60 seconds),10/30/2025,INTVID,Video (Internet),1799,2899,"Mamdani, Zohran K",1,,1799.3500,Support
2025,Z226,OneNYC,OTHR,515,East 86th St,,New York,NY,10028,GD,7385,Digital Ad - NYC Can Thrive Again (90 seconds),10/30/2025,INTVID,Video (Internet),1680,2899,"Mamdani, Zohran K",1,,1679.5100,Support
2025,Z226,OneNYC,OTHR,515,East 86th St,,New York,NY,10028,GD,7386,Digital Ad - The Math is Simple (15 seconds),10/30/2025,INTVID,Video (Internet),16389,2899,"Mamdani, Zohran K",1,,16388.8300,Support
2025,Z226,OneNYC,OTHR,515,East 86th St,,New York,NY,10028,GD,7387,Digital Ad - The Math is Simple (30 seconds),10/30/2025,INTVID,Video (Internet),4831,2899,"Mamdani, Zohran K",1,,4830.5700,Support
2025,Z226,OneNYC,OTHR,515,East 86th St,,New York,NY,10028,43,7504,Digital Ads - Daily News,11/4/2025,INTAD,Internet - Display/Banner,35000,2899,"Mamdani, Zohran K",1,,35000.0000,Support
2025,Z226,OneNYC,OTHR,515,East 86th St,,New York,NY,10028,36,6935,OneNYC Website,9/8/2025,WEB,Website,5000,2899,"Mamdani, Zohran K",1,,5000.0000,Support
2025,Z226,OneNYC,OTHR,515,East 86th St,,New York,NY,10028,43,7503,Print Ad - Daily News,11/4/2025,PRINT,Print Ad,15000,2899,"Mamdani, Zohran K",1,,15000.0000,Support
2025,Z226,OneNYC,OTHR,515,East 86th St,,New York,NY,10028,43,7500,Print Ad - Staten Island Advance,11/4/2025,PRINT,Print Ad,4700,2899,"Mamdani, Zohran K",1,,4700.0000,Support
2025,Z226,OneNYC,OTHR,515,East 86th St,,New York,NY,10028,43,7506,Sign Truck - Still Image,11/4/2025,OTHER,Other,5250,2899,"Mamdani, Zohran K",1,,5250.0000,Support
2025,Z226,OneNYC,OTHR,515,East 86th St,,New York,NY,10028,43,7507,Sign Truck - Video,11/4/2025,OTHER,Other,5250,2899,"Mamdani, Zohran K",1,,5250.0000,Support
2025,Z226,OneNYC,OTHR,515,East 86th St,,New York,NY,10028,GD,7201,TV Ad,10/22/2025,TVADS,Video (TV/Cable),118000,2899,"Mamdani, Zohran K",1,,118000.0000,Support
2025,Z233,Protect the Protectors,OTHR,867,Madison Pl,,N Merrick,NY,11566,38,7287,Leaflets 10-9-2025,10/9/2025,LITER,Leaflet/Flyer,20000,2899,"Mamdani, Zohran K",1,,20000.0000,Oppose
2025,Z233,Protect the Protectors,OTHR,867,Madison Pl,,N Merrick,NY,11566,33,6913,Live Calls,8/18/2025,PHONE,Phone Calls - Live,22500,2899,"Mamdani, Zohran K",1,,22500.0000,Oppose
2025,Z233,Protect the Protectors,OTHR,867,Madison Pl,,N Merrick,NY,11566,41,7081,Live Calls - Oct 17 2025,10/17/2025,PHONE,Phone Calls - Live,7500,2899,"Mamdani, Zohran K",1,,7500.0000,Oppose
2025,Z233,Protect the Protectors,OTHR,867,Madison Pl,,N Merrick,NY,11566,34,6915,Live Calls - week of 9-2-2025,9/2/2025,PHONE,Phone Calls - Live,25000,2899,"Mamdani, Zohran K",1,,25000.0000,Oppose
2025,Z233,Protect the Protectors,OTHR,867,Madison Pl,,N Merrick,NY,11566,GD,7428,Live calls 11-3-2025,11/3/2025,PHONE,Phone Calls - Live,4000,2899,"Mamdani, Zohran K",1,,4000.0000,Oppose
2025,Z233,Protect the Protectors,OTHR,867,Madison Pl,,N Merrick,NY,11566,GD,7179,Live calls week of 10-22-25,10/22/2025,PHONE,Phone Calls - Live,25000,2899,"Mamdani, Zohran K",1,,25000.0000,Oppose
2025,Z233,Protect the Protectors,OTHR,867,Madison Pl,,N Merrick,NY,11566,35,6914,Live Calls week of 8-27-25,8/27/2025,PHONE,Phone Calls - Live,25000,2899,"Mamdani, Zohran K",1,,25000.0000,Oppose
2025,Z233,Protect the Protectors,OTHR,867,Madison Pl,,N Merrick,NY,11566,38,6953,Live calls week of 9-22-25,9/22/2025,PHONE,Phone Calls - Live,50000,2899,"Mamdani, Zohran K",1,,50000.0000,Oppose
2025,Z233,Protect the Protectors,OTHR,867,Madison Pl,,N Merrick,NY,11566,GD,7312,Text Blast 3 - 10-28-2025,10/28/2025,TEXT,Text Messages,1250,2899,"Mamdani, Zohran K",1,,1250.0000,Oppose
2025,Z233,Protect the Protectors,OTHR,867,Madison Pl,,N Merrick,NY,11566,41,7112,Text fundraising 10-14-2025,10/14/2025,TEXT,Text Messages,1500,2899,"Mamdani, Zohran K",1,,1500.0000,Oppose
2025,Z233,Protect the Protectors,OTHR,867,Madison Pl,,N Merrick,NY,11566,GD,7178,text fundraising 10-21-2025,10/21/2025,TEXT,Text Messages,1900,2899,"Mamdani, Zohran K",1,,1900.0000,Oppose
2025,Z228,SaveNYC,OTHR,1111,Park Avenue,13c,New York,NY,10128,38,7040,Manage Field Campaigns and Coordinate Canvassing opera,9/22/2025,OTHER,Other,3675,2899,"Mamdani, Zohran K",1,,3675.0000,Oppose
2025,Z228,SaveNYC,OTHR,1111,Park Avenue,13c,New York,NY,10128,GD,7194,Federal Express - 10/22/25,10/22/2025,LITER,Leaflet/Flyer,302,2899,"Mamdani, Zohran K",1,,302.1300,Oppose
2025,Z228,SaveNYC,OTHR,1111,Park Avenue,13c,New York,NY,10128,39,6995,Future Donor flyer,10/1/2025,LITER,Leaflet/Flyer,578,2899,"Mamdani, Zohran K",1,,578.0200,Oppose
2025,Z228,SaveNYC,OTHR,1111,Park Avenue,13c,New York,NY,10128,GD,7352,Jane Menton - 10/20 - 25/25,10/20/2025,OTHER,Other,2250,2899,"Mamdani, Zohran K",1,,2250.0000,Oppose
2025,Z228,SaveNYC,OTHR,1111,Park Avenue,13c,New York,NY,10128,41,7074,Jane Menton - 10/6/25 - 10/10/25,10/6/2025,OTHER,Other,2250,2899,"Mamdani, Zohran K",1,,2250.0000,Oppose
2025,Z228,SaveNYC,OTHR,1111,Park Avenue,13c,New York,NY,10128,GD,7180,Jane Menton - 10/6/25 - 10/10/25 - addendum,10/6/2025,OTHER,Other,2593,2899,"Mamdani, Zohran K",1,,2592.9600,Oppose
2025,Z228,SaveNYC,OTHR,1111,Park Avenue,13c,New York,NY,10128,38,7033,Manage Field Campaigns and Coordinate Canvassing operat,9/15/2025,OTHER,Other,6750,2899,"Mamdani, Zohran K",1,,6750.0000,Oppose
2025,Z228,SaveNYC,OTHR,1111,Park Avenue,13c,New York,NY,10128,40,7039,Paladino - Flyer printing,10/6/2025,LITER,Leaflet/Flyer,860,2899,"Mamdani, Zohran K",1,,860.0000,Oppose
2025,Z228,SaveNYC,OTHR,1111,Park Avenue,13c,New York,NY,10128,41,7060,Robert Homak,10/4/2025,OTHER,Other,1383,2899,"Mamdani, Zohran K",1,,1382.6500,Oppose
2025,Z228,SaveNYC,OTHR,1111,Park Avenue,13c,New York,NY,10128,GD,7196,Robert Homak,10/22/2025,OTHER,Other,825,2899,"Mamdani, Zohran K",1,,825.0000,Oppose
2025,Z228,SaveNYC,OTHR,1111,Park Avenue,13c,New York,NY,10128,GD,7351,Robert Homak - 10/20-25/25,10/20/2025,OTHER,Other,825,2899,"Mamdani, Zohran K",1,,825.0000,Oppose
2025,Z228,SaveNYC,OTHR,1111,Park Avenue,13c,New York,NY,10128,38,6969,Sheinkopf Communications,9/25/2025,LITER,Leaflet/Flyer,156022,2899,"Mamdani, Zohran K",1,,156021.7700,Oppose
2025,Z228,SaveNYC,OTHR,1111,Park Avenue,13c,New York,NY,10128,39,7037,Sheinkopf Communications - Flyer Printing,9/21/2025,LITER,Leaflet/Flyer,15300,2899,"Mamdani, Zohran K",1,,15300.0000,Oppose
2025,Z228,SaveNYC,OTHR,1111,Park Avenue,13c,New York,NY,10128,38,7036,Sheinkopf Communications - services rendered,9/21/2025,OTHER,Other,800,2899,"Mamdani, Zohran K",1,,800.0000,Oppose
2025,Z228,SaveNYC,OTHR,1111,Park Avenue,13c,New York,NY,10128,39,7038,Sheinkopf Communications Canvassing,9/21/2025,OTHER,Other,130000,2899,"Mamdani, Zohran K",1,,130000.0000,Oppose
2025,Z228,SaveNYC,OTHR,1111,Park Avenue,13c,New York,NY,10128,40,7051,Sheinkopf Communications Canvassing,9/28/2025,OTHER,Other,100000,2899,"Mamdani, Zohran K",1,,100000.0000,Oppose
2025,Z214,"Sensible City, Inc.",OTHR,360,Furman Street,,Brooklyn,NY,11201,PD,5755,Digital Ad - It Doesn't Stop,6/9/2025,INTVID,Video (Internet),85524,2899,"Mamdani, Zohran K",1,,85524.1600,Oppose
2025,Z214,"Sensible City, Inc.",OTHR,360,Furman Street,,Brooklyn,NY,11201,PD,6037,Digital Ad Israel Debate,6/12/2025,INTVID,Video (Internet),1000,2899,"Mamdani, Zohran K",1,,1000.0000,Oppose
2025,Z214,"Sensible City, Inc.",OTHR,360,Furman Street,,Brooklyn,NY,11201,23,5756,Digital Ad It Doesn't Stop Original,6/6/2025,INTVID,Video (Internet),15000,2899,"Mamdani, Zohran K",1,,15000.0000,Oppose
2025,Z214,"Sensible City, Inc.",OTHR,360,Furman Street,,Brooklyn,NY,11201,PD,6156,English Mailer 1,6/15/2025,MAIL,Mass Mailing,2500,2899,"Mamdani, Zohran K",1,,2500.0000,Oppose
2025,Z214,"Sensible City, Inc.",OTHR,360,Furman Street,,Brooklyn,NY,11201,25,6684,Priviledge Doesn't Pay,6/24/2025,INTVID,Video (Internet),1000,2899,"Mamdani, Zohran K",1,,1000.0000,Oppose
2025,Z214,"Sensible City, Inc.",OTHR,360,Furman Street,,Brooklyn,NY,11201,PD,6494,Rank him and Regret it,6/20/2025,INTVID,Video (Internet),1000,2899,"Mamdani, Zohran K",1,,1000.0000,Oppose
2025,Z214,"Sensible City, Inc.",OTHR,360,Furman Street,,Brooklyn,NY,11201,PD,6457,Scars of Inti. Digital Ad 6/19,6/19/2025,INTVID,Video (Internet),1000,2899,"Mamdani, Zohran K",1,,1000.0000,Oppose
2025,Z253,Stop The Socialists,OTHR,1075,"Easton Avenue, Suite 2-1",,Somerset,NJ,08873,GD,7297,30 Second Audio - Crossroads,10/24/2025,SRADIO,Audio <= 30 seconds,500000,2993,"Cuomo, Andrew M",1,,166666.6600,Support
2025,Z253,Stop The Socialists,OTHR,1075,"Easton Avenue, Suite 2-1",,Somerset,NJ,08873,GD,7297,30 Second Audio - Crossroads,10/24/2025,SRADIO,Audio <= 30 seconds,500000,2899,"Mamdani, Zohran K",1,,166666.6700,Oppose
2025,Z253,Stop The Socialists,OTHR,1075,"Easton Avenue, Suite 2-1",,Somerset,NJ,08873,GD,7297,30 Second Audio - Crossroads,10/24/2025,SRADIO,Audio <= 30 seconds,500000,2618,"Sliwa, Curtis A",1,,166666.6700,Oppose
2025,Z253,Stop The Socialists,OTHR,1075,"Easton Avenue, Suite 2-1",,Somerset,NJ,08873,GD,7242,30 Second Video - Arlene Ross - Internet,10/23/2025,INTVID,Video (Internet),500000,2993,"Cuomo, Andrew M",1,,250000.0000,Support
2025,Z253,Stop The Socialists,OTHR,1075,"Easton Avenue, Suite 2-1",,Somerset,NJ,08873,GD,7242,30 Second Video - Arlene Ross - Internet,10/23/2025,INTVID,Video (Internet),500000,2618,"Sliwa, Curtis A",1,,250000.0000,Oppose
2025,Z253,Stop The Socialists,OTHR,1075,"Easton Avenue, Suite 2-1",,Somerset,NJ,08873,GD,7207,30 Second Video - Don't Waste Your Vote - Internet,10/21/2025,INTVID,Video (Internet),500000,2993,"Cuomo, Andrew M",1,,166666.6600,Support
2025,Z253,Stop The Socialists,OTHR,1075,"Easton Avenue, Suite 2-1",,Somerset,NJ,08873,GD,7207,30 Second Video - Don't Waste Your Vote - Internet,10/21/2025,INTVID,Video (Internet),500000,2899,"Mamdani, Zohran K",1,,166666.6700,Oppose
2025,Z253,Stop The Socialists,OTHR,1075,"Easton Avenue, Suite 2-1",,Somerset,NJ,08873,GD,7207,30 Second Video - Don't Waste Your Vote - Internet,10/21/2025,INTVID,Video (Internet),500000,2618,"Sliwa, Curtis A",1,,166666.6700,Oppose
2025,Z253,Stop The Socialists,OTHR,1075,"Easton Avenue, Suite 2-1",,Somerset,NJ,08873,GD,7411,30 Second Video - Inna Vernikov,10/31/2025,TVADS,Video (TV/Cable),250000,2993,"Cuomo, Andrew M",1,,83333.3400,Support
2025,Z253,Stop The Socialists,OTHR,1075,"Easton Avenue, Suite 2-1",,Somerset,NJ,08873,GD,7411,30 Second Video - Inna Vernikov,10/31/2025,TVADS,Video (TV/Cable),250000,2899,"Mamdani, Zohran K",1,,83333.3300,Oppose
2025,Z253,Stop The Socialists,OTHR,1075,"Easton Avenue, Suite 2-1",,Somerset,NJ,08873,GD,7411,30 Second Video - Inna Vernikov,10/31/2025,TVADS,Video (TV/Cable),250000,2618,"Sliwa, Curtis A",1,,83333.3300,Oppose
2025,Z253,Stop The Socialists,OTHR,1075,"Easton Avenue, Suite 2-1",,Somerset,NJ,08873,GD,7240,30 Second Video - One City One Choice - Internet,10/23/2025,INTVID,Video (Internet),500000,2993,"Cuomo, Andrew M",1,,166666.6600,Support
2025,Z253,Stop The Socialists,OTHR,1075,"Easton Avenue, Suite 2-1",,Somerset,NJ,08873,GD,7240,30 Second Video - One City One Choice - Internet,10/23/2025,INTVID,Video (Internet),500000,2899,"Mamdani, Zohran K",1,,166666.6700,Oppose
2025,Z253,Stop The Socialists,OTHR,1075,"Easton Avenue, Suite 2-1",,Somerset,NJ,08873,GD,7240,30 Second Video - One City One Choice - Internet,10/23/2025,INTVID,Video (Internet),500000,2618,"Sliwa, Curtis A",1,,166666.6700,Oppose
2025,Z253,Stop The Socialists,OTHR,1075,"Easton Avenue, Suite 2-1",,Somerset,NJ,08873,GD,7393,30 Second Video - Stop Mamdani - TV,10/30/2025,TVADS,Video (TV/Cable),500000,2993,"Cuomo, Andrew M",1,,166666.6600,Support
2025,Z253,Stop The Socialists,OTHR,1075,"Easton Avenue, Suite 2-1",,Somerset,NJ,08873,GD,7393,30 Second Video - Stop Mamdani - TV,10/30/2025,TVADS,Video (TV/Cable),500000,2899,"Mamdani, Zohran K",1,,166666.6700,Oppose
2025,Z253,Stop The Socialists,OTHR,1075,"Easton Avenue, Suite 2-1",,Somerset,NJ,08873,GD,7393,30 Second Video - Stop Mamdani - TV,10/30/2025,TVADS,Video (TV/Cable),500000,2618,"Sliwa, Curtis A",1,,166666.6700,Oppose
2025,Z253,Stop The Socialists,OTHR,1075,"Easton Avenue, Suite 2-1",,Somerset,NJ,08873,GD,7468,45 Second Internet Video Ad - Schools,11/2/2025,INTVID,Video (Internet),6660,2993,"Cuomo, Andrew M",1,,3330.0000,Support
2025,Z253,Stop The Socialists,OTHR,1075,"Easton Avenue, Suite 2-1",,Somerset,NJ,08873,GD,7468,45 Second Internet Video Ad - Schools,11/2/2025,INTVID,Video (Internet),6660,2899,"Mamdani, Zohran K",1,,3330.0000,Oppose
2025,Z253,Stop The Socialists,OTHR,1075,"Easton Avenue, Suite 2-1",,Somerset,NJ,08873,GD,7456,45 Second Video - Govt Grocery,11/2/2025,INTVID,Video (Internet),6660,2993,"Cuomo, Andrew M",1,,3330.0000,Support
2025,Z253,Stop The Socialists,OTHR,1075,"Easton Avenue, Suite 2-1",,Somerset,NJ,08873,GD,7456,45 Second Video - Govt Grocery,11/2/2025,INTVID,Video (Internet),6660,2899,"Mamdani, Zohran K",1,,3330.0000,Oppose
2025,Z253,Stop The Socialists,OTHR,1075,"Easton Avenue, Suite 2-1",,Somerset,NJ,08873,GD,7457,45 Second Video - Govt Housing,11/2/2025,INTVID,Video (Internet),6660,2993,"Cuomo, Andrew M",1,,3330.0000,Support
2025,Z253,Stop The Socialists,OTHR,1075,"Easton Avenue, Suite 2-1",,Somerset,NJ,08873,GD,7457,45 Second Video - Govt Housing,11/2/2025,INTVID,Video (Internet),6660,2899,"Mamdani, Zohran K",1,,3330.0000,Oppose
2025,Z253,Stop The Socialists,OTHR,1075,"Easton Avenue, Suite 2-1",,Somerset,NJ,08873,GD,7464,GOTV Literature - Handouts,11/2/2025,LITER,Leaflet/Flyer,475000,2993,"Cuomo, Andrew M",1,,158333.3400,Support
2025,Z253,Stop The Socialists,OTHR,1075,"Easton Avenue, Suite 2-1",,Somerset,NJ,08873,GD,7464,GOTV Literature - Handouts,11/2/2025,LITER,Leaflet/Flyer,475000,2899,"Mamdani, Zohran K",1,,158333.3300,Oppose
2025,Z253,Stop The Socialists,OTHR,1075,"Easton Avenue, Suite 2-1",,Somerset,NJ,08873,GD,7464,GOTV Literature - Handouts,11/2/2025,LITER,Leaflet/Flyer,475000,2618,"Sliwa, Curtis A",1,,158333.3300,Oppose
2025,Z253,Stop The Socialists,OTHR,1075,"Easton Avenue, Suite 2-1",,Somerset,NJ,08873,43,7508,Internet Video Ad - GOTV - 11-4-25,11/4/2025,INTVID,Video (Internet),6660,2993,"Cuomo, Andrew M",1,,3330.0000,Support
2025,Z253,Stop The Socialists,OTHR,1075,"Easton Avenue, Suite 2-1",,Somerset,NJ,08873,43,7508,Internet Video Ad - GOTV - 11-4-25,11/4/2025,INTVID,Video (Internet),6660,2899,"Mamdani, Zohran K",1,,3330.0000,Oppose
2025,Z253,Stop The Socialists,OTHR,1075,"Easton Avenue, Suite 2-1",,Somerset,NJ,08873,GD,7486,"Internet Video Ad - Schools Teach, Not Preach",11/3/2025,INTVID,Video (Internet),6660,2993,"Cuomo, Andrew M",1,,3330.0000,Support
2025,Z253,Stop The Socialists,OTHR,1075,"Easton Avenue, Suite 2-1",,Somerset,NJ,08873,GD,7486,"Internet Video Ad - Schools Teach, Not Preach",11/3/2025,INTVID,Video (Internet),6660,2899,"Mamdani, Zohran K",1,,3330.0000,Oppose
2025,Z253,Stop The Socialists,OTHR,1075,"Easton Avenue, Suite 2-1",,Somerset,NJ,08873,GD,7465,NY Post Tweets,11/2/2025,INTAD,Internet - Display/Banner,6660,2993,"Cuomo, Andrew M",1,,3330.0000,Support
2025,Z253,Stop The Socialists,OTHR,1075,"Easton Avenue, Suite 2-1",,Somerset,NJ,08873,GD,7465,NY Post Tweets,11/2/2025,INTAD,Internet - Display/Banner,6660,2899,"Mamdani, Zohran K",1,,3330.0000,Oppose
2025,Z253,Stop The Socialists,OTHR,1075,"Easton Avenue, Suite 2-1",,Somerset,NJ,08873,GD,7193,Static Internet Ads,10/21/2025,INTAD,Internet - Display/Banner,600000,2899,"Mamdani, Zohran K",1,,600000.0000,Oppose
2025,Z253,Stop The Socialists,OTHR,1075,"Easton Avenue, Suite 2-1",,Somerset,NJ,08873,GD,7243,Static Internet Ads - 10-23-25,10/23/2025,INTAD,Internet - Display/Banner,900000,2993,"Cuomo, Andrew M",1,,300000.0000,Support
2025,Z253,Stop The Socialists,OTHR,1075,"Easton Avenue, Suite 2-1",,Somerset,NJ,08873,GD,7243,Static Internet Ads - 10-23-25,10/23/2025,INTAD,Internet - Display/Banner,900000,2899,"Mamdani, Zohran K",1,,300000.0000,Oppose
2025,Z253,Stop The Socialists,OTHR,1075,"Easton Avenue, Suite 2-1",,Somerset,NJ,08873,GD,7243,Static Internet Ads - 10-23-25,10/23/2025,INTAD,Internet - Display/Banner,900000,2618,"Sliwa, Curtis A",1,,300000.0000,Oppose
2025,Z253,Stop The Socialists,OTHR,1075,"Easton Avenue, Suite 2-1",,Somerset,NJ,08873,GD,7360,Static Newspaper Ads - NY Post,10/29/2025,PRINT,Print Ad,40000,2993,"Cuomo, Andrew M",1,,13333.3400,Support
2025,Z253,Stop The Socialists,OTHR,1075,"Easton Avenue, Suite 2-1",,Somerset,NJ,08873,GD,7360,Static Newspaper Ads - NY Post,10/29/2025,PRINT,Print Ad,40000,2899,"Mamdani, Zohran K",1,,13333.3300,Oppose
2025,Z253,Stop The Socialists,OTHR,1075,"Easton Avenue, Suite 2-1",,Somerset,NJ,08873,GD,7360,Static Newspaper Ads - NY Post,10/29/2025,PRINT,Print Ad,40000,2618,"Sliwa, Curtis A",1,,13333.3300,Oppose
2025,Z253,Stop The Socialists,OTHR,1075,"Easton Avenue, Suite 2-1",,Somerset,NJ,08873,GD,7463,Texts with pics,11/2/2025,TEXT,Text Messages,150000,2993,"Cuomo, Andrew M",1,,50000.0000,Support
2025,Z253,Stop The Socialists,OTHR,1075,"Easton Avenue, Suite 2-1",,Somerset,NJ,08873,GD,7463,Texts with pics,11/2/2025,TEXT,Text Messages,150000,2899,"Mamdani, Zohran K",1,,50000.0000,Oppose
2025,Z253,Stop The Socialists,OTHR,1075,"Easton Avenue, Suite 2-1",,Somerset,NJ,08873,GD,7463,Texts with pics,11/2/2025,TEXT,Text Messages,150000,2618,"Sliwa, Curtis A",1,,50000.0000,Oppose
2025,Z253,Stop The Socialists,OTHR,1075,"Easton Avenue, Suite 2-1",,Somerset,NJ,08873,GD,7244,Website.,10/22/2025,WEB,Website,500000,2993,"Cuomo, Andrew M",1,,250000.0000,Support
2025,Z253,Stop The Socialists,OTHR,1075,"Easton Avenue, Suite 2-1",,Somerset,NJ,08873,GD,7244,Website.,10/22/2025,WEB,Website,500000,2899,"Mamdani, Zohran K",1,,250000.0000,Oppose
2025,Z231,SURJ for a Livable New York,OTHR,311,Nelson St. SW,16124,Atlanta,GA,30313,33,6862,08.23 Persuasion,8/23/2025,PHONE,Phone Calls - Live,1015,2899,"Mamdani, Zohran K",1,,1015.1300,Support
2025,Z231,SURJ for a Livable New York,OTHR,311,Nelson St. SW,16124,Atlanta,GA,30313,35,6917,09.04 Persuasion,9/4/2025,PHONE,Phone Calls - Live,1737,2899,"Mamdani, Zohran K",1,,1737.0900,Support
2025,Z231,SURJ for a Livable New York,OTHR,311,Nelson St. SW,16124,Atlanta,GA,30313,36,6938,09.11 Persuasion,9/11/2025,PHONE,Phone Calls - Live,1271,2899,"Mamdani, Zohran K",1,,1271.2000,Support
2025,Z231,SURJ for a Livable New York,OTHR,311,Nelson St. SW,16124,Atlanta,GA,30313,36,6940,09.14 Literature,9/14/2025,LITER,Leaflet/Flyer,461,2899,"Mamdani, Zohran K",1,,461.0400,Support
2025,Z231,SURJ for a Livable New York,OTHR,311,Nelson St. SW,16124,Atlanta,GA,30313,37,6954,09.18 Persuasion,9/18/2025,PHONE,Phone Calls - Live,1041,2899,"Mamdani, Zohran K",1,,1040.5700,Support
2025,Z231,SURJ for a Livable New York,OTHR,311,Nelson St. SW,16124,Atlanta,GA,30313,38,6971,09.24 Persuasion,9/24/2025,PHONE,Phone Calls - Live,650,2899,"Mamdani, Zohran K",1,,650.4900,Support
2025,Z231,SURJ for a Livable New York,OTHR,311,Nelson St. SW,16124,Atlanta,GA,30313,39,6999,09.30 Turnout,9/30/2025,PHONE,Phone Calls - Live,1171,2899,"Mamdani, Zohran K",1,,1170.5500,Support
2025,Z231,SURJ for a Livable New York,OTHR,311,Nelson St. SW,16124,Atlanta,GA,30313,40,7050,10.06 Turnout,10/6/2025,PHONE,Phone Calls - Live,300,2899,"Mamdani, Zohran K",1,,299.7000,Support
2025,Z231,SURJ for a Livable New York,OTHR,311,Nelson St. SW,16124,Atlanta,GA,30313,40,7047,10.09 Turnout,10/9/2025,PHONE,Phone Calls - Live,889,2899,"Mamdani, Zohran K",1,,889.3100,Support
2025,Z231,SURJ for a Livable New York,OTHR,311,Nelson St. SW,16124,Atlanta,GA,30313,40,7048,10.11 Turnout,10/11/2025,PHONE,Phone Calls - Live,1495,2899,"Mamdani, Zohran K",1,,1494.5000,Support
2025,Z231,SURJ for a Livable New York,OTHR,311,Nelson St. SW,16124,Atlanta,GA,30313,41,7113,10.16 Turnout,10/16/2025,PHONE,Phone Calls - Live,2281,2899,"Mamdani, Zohran K",1,,2280.8200,Support
2025,Z231,SURJ for a Livable New York,OTHR,311,Nelson St. SW,16124,Atlanta,GA,30313,41,7114,10.18 Literature,10/18/2025,LITER,Leaflet/Flyer,419,2899,"Mamdani, Zohran K",1,,419.1700,Support
2025,Z231,SURJ for a Livable New York,OTHR,311,Nelson St. SW,16124,Atlanta,GA,30313,GD,7214,10.23 Turnout,10/23/2025,PHONE,Phone Calls - Live,708,2899,"Mamdani, Zohran K",1,,707.8800,Support
2025,Z231,SURJ for a Livable New York,OTHR,311,Nelson St. SW,16124,Atlanta,GA,30313,GD,7431,11.02 Turnout,11/2/2025,PHONE,Phone Calls - Live,738,2899,"Mamdani, Zohran K",1,,737.9000,Support
2025,Z231,SURJ for a Livable New York,OTHR,311,Nelson St. SW,16124,Atlanta,GA,30313,43,7494,11.04 Turnout,11/4/2025,PHONE,Phone Calls - Live,1703,2899,"Mamdani, Zohran K",1,,1702.9800,Support
2025,Z231,SURJ for a Livable New York,OTHR,311,Nelson St. SW,16124,Atlanta,GA,30313,34,6893,8.28 Persuasion,8/28/2025,PHONE,Phone Calls - Live,1245,2899,"Mamdani, Zohran K",1,,1244.6700,Support
2025,Z224,Unity & Justice Fund PAC,OTHR,20,Elton Court,,Sacramento,CA,95826,GD,7446,Countering Billionaires,10/31/2025,INTVID,Video (Internet),1633,2899,"Mamdani, Zohran K",1,,1633.0600,Support
2025,Z224,Unity & Justice Fund PAC,OTHR,20,Elton Court,,Sacramento,CA,95826,GD,7448,Lateefah Zohran,10/31/2025,INTVID,Video (Internet),1633,2899,"Mamdani, Zohran K",1,,1633.0600,Support
2025,Z224,Unity & Justice Fund PAC,OTHR,20,Elton Court,,Sacramento,CA,95826,GD,7450,Mamdani SMS,10/31/2025,TEXT,Text Messages,1802,2899,"Mamdani, Zohran K",1,,1801.5000,Support
2025,Z224,Unity & Justice Fund PAC,OTHR,20,Elton Court,,Sacramento,CA,95826,GD,7449,Now-Nov,10/31/2025,INTVID,Video (Internet),1633,2899,"Mamdani, Zohran K",1,,1633.0500,Support
2025,Z224,Unity & Justice Fund PAC,OTHR,20,Elton Court,,Sacramento,CA,95826,GD,7451,Rashida4Mamdani,10/31/2025,TEXT,Text Messages,1801,2899,"Mamdani, Zohran K",1,,1801.4900,Support
2025,Z224,Unity & Justice Fund PAC,OTHR,20,Elton Court,,Sacramento,CA,95826,GD,7447,Rashido for Zohran,10/31/2025,INTVID,Video (Internet),1633,2899,"Mamdani, Zohran K",1,,1633.0600,Support
2025,Z224,Unity & Justice Fund PAC,OTHR,20,Elton Court,,Sacramento,CA,95826,GD,7516,UJF Mamdani Flyer,10/31/2025,LITER,Leaflet/Flyer,2776,2899,"Mamdani, Zohran K",1,,2776.3600,Support
2025,Z258,Vote Common Sense,CORP,502,6th Street,,Hudson,WI,54016,GD,7183,Media Placement,10/20/2025,TVADS,Video (TV/Cable),25000,2618,"Sliwa, Curtis A",1,,25000.0000,Support
2025,Z258,Vote Common Sense,CORP,502,6th Street,,Hudson,WI,54016,GD,7184,Media Placement,10/11/2025,TVADS,Video (TV/Cable),25000,2618,"Sliwa, Curtis A",1,,25000.0000,Support
2025,Z258,Vote Common Sense,CORP,502,6th Street,,Hudson,WI,54016,GD,7185,Media Placement,10/15/2025,TVADS,Video (TV/Cable),25000,2618,"Sliwa, Curtis A",1,,25000.0000,Support
2025,Z258,Vote Common Sense,CORP,502,6th Street,,Hudson,WI,54016,GD,7186,Media Placement,10/11/2025,TVADS,Video (TV/Cable),224450,2618,"Sliwa, Curtis A",1,,224450.0000,Support
2025,Z258,Vote Common Sense,CORP,502,6th Street,,Hudson,WI,54016,GD,7187,Media Placement,10/15/2025,TVADS,Video (TV/Cable),225450,2618,"Sliwa, Curtis A",1,,225450.0000,Support
2025,Z258,Vote Common Sense,CORP,502,6th Street,,Hudson,WI,54016,GD,7188,Media Placement,10/20/2025,TVADS,Video (TV/Cable),251058,2618,"Sliwa, Curtis A",1,,251058.0000,Support
2025,Z258,Vote Common Sense,CORP,502,6th Street,,Hudson,WI,54016,GD,7182,Media Production,10/11/2025,TVADS,Video (TV/Cable),13375,2618,"Sliwa, Curtis A",1,,13375.0000,Support
2025,Z222,"VYAS, KUSUM Y",IND,9307,ANGELAS MEADOW LN,,HOUSTON,TX,77095,23,6160,Aerial Banner,6/6/2025,BILLBD,Billboard,3000,2993,"Cuomo, Andrew M",1,,3000.0000,Support
2025,Z249,WE ACT to Vote.,OTHR,1854,Amsterdam Ave,,New York,NY,10031,41,7080,WE ACT to Vote 2025 General Election Endorsement Mailer,10/17/2025,MAIL,Mass Mailing,9425,2899,"Mamdani, Zohran K",1,,1570.9000,Support
2025,Z249,WE ACT to Vote.,OTHR,1854,Amsterdam Ave,,New York,NY,10031,41,7080,WE ACT to Vote 2025 General Election Endorsement Mailer,10/17/2025,MAIL,Mass Mailing,9425,386,Q2-Affordable housing fast-track,7,,1570.9000,Support
2025,Z249,WE ACT to Vote.,OTHR,1854,Amsterdam Ave,,New York,NY,10031,41,7080,WE ACT to Vote 2025 General Election Endorsement Mailer,10/17/2025,MAIL,Mass Mailing,9425,387,Q3-Expedited land use review,7,,1570.9000,Support
2025,Z249,WE ACT to Vote.,OTHR,1854,Amsterdam Ave,,New York,NY,10031,41,7080,WE ACT to Vote 2025 General Election Endorsement Mailer,10/17/2025,MAIL,Mass Mailing,9425,388,Q4-Affordable housing appeals board,7,,1570.9000,Support
2025,Z249,WE ACT to Vote.,OTHR,1854,Amsterdam Ave,,New York,NY,10031,41,7080,WE ACT to Vote 2025 General Election Endorsement Mailer,10/17/2025,MAIL,Mass Mailing,9425,389,Q5-Digitize City map,7,,1570.9000,Support
2025,Z249,WE ACT to Vote.,OTHR,1854,Amsterdam Ave,,New York,NY,10031,41,7080,WE ACT to Vote 2025 General Election Endorsement Mailer,10/17/2025,MAIL,Mass Mailing,9425,390,Q6-City elections in even years,7,,1570.9000,Support
2025,Z225,"We the People, America for All",OTHR,777,Terrace Ave.,303,Hasbrouck Heights,NJ,53560,30,6840,Video fast and clean buses support for Mamdani for NYC,7/28/2025,BILLBD,Billboard,5000,2899,"Mamdani, Zohran K",1,,5000.0000,Support
2025,Z225,"We the People, America for All",OTHR,777,Terrace Ave.,303,Hasbrouck Heights,NJ,53560,31,6841,Video fast and clean buses support for Mamdani for NYC,8/4/2025,BILLBD,Billboard,5000,2899,"Mamdani, Zohran K",1,,5000.0000,Support
2025,Z225,"We the People, America for All",OTHR,777,Terrace Ave.,303,Hasbrouck Heights,NJ,53560,34,6911,Video fast and clean buses support for Mamdani for NYC,8/25/2025,BILLBD,Billboard,5000,2899,"Mamdani, Zohran K",1,,5000.0000,Support
2025,Z225,"We the People, America for All",OTHR,777,Terrace Ave.,303,Hasbrouck Heights,NJ,53560,35,6932,Video fast and clean buses support for Mamdani for NYC,9/2/2025,BILLBD,Billboard,5000,2899,"Mamdani, Zohran K",1,,5000.0000,Support
2025,Z225,"We the People, America for All",OTHR,777,Terrace Ave.,303,Hasbrouck Heights,NJ,53560,36,6948,Video fast and clean buses support for Mamdani for NYC,9/8/2025,BILLBD,Billboard,5000,2899,"Mamdani, Zohran K",1,,5000.0000,Support
2025,Z225,"We the People, America for All",OTHR,777,Terrace Ave.,303,Hasbrouck Heights,NJ,53560,37,6952,Video fast and clean buses support for Mamdani for NYC,9/15/2025,BILLBD,Billboard,5000,2899,"Mamdani, Zohran K",1,,5000.0000,Support
2025,Z225,"We the People, America for All",OTHR,777,Terrace Ave.,303,Hasbrouck Heights,NJ,53560,38,6992,Video fast and clean buses support for Mamdani for NYC,9/22/2025,BILLBD,Billboard,5000,2899,"Mamdani, Zohran K",1,,5000.0000,Support
2025,Z225,"We the People, America for All",OTHR,777,Terrace Ave.,303,Hasbrouck Heights,NJ,53560,39,7028,Video fast and clean buses support for Mamdani for NYC,9/29/2025,BILLBD,Billboard,1429,2899,"Mamdani, Zohran K",1,,1429.0000,Support
2025,Z157,WFP National PAC - NYS IE Committee,OTHR,77,Sands Street,6th FL,Brooklyn,NY,11201,PD,6482,Billboard Truck,6/20/2025,OTHER,Other,6500,2993,"Cuomo, Andrew M",1,,1625.0000,Oppose
2025,Z157,WFP National PAC - NYS IE Committee,OTHR,77,Sands Street,6th FL,Brooklyn,NY,11201,PD,6482,Billboard Truck,6/20/2025,OTHER,Other,6500,2899,"Mamdani, Zohran K",1,,4875.0000,Support
2025,Z157,WFP National PAC - NYS IE Committee,OTHR,77,Sands Street,6th FL,Brooklyn,NY,11201,PD,6672,Cuomo Digital Ad Distribution 6.23.25,6/23/2025,INTVID,Video (Internet),2000,2993,"Cuomo, Andrew M",1,,2000.0000,Oppose
2025,Z157,WFP National PAC - NYS IE Committee,OTHR,77,Sands Street,6th FL,Brooklyn,NY,11201,PD,6674,Cuomo Digital Ad Distribution 6.23.25 2,6/23/2025,INTVID,Video (Internet),2000,2993,"Cuomo, Andrew M",1,,2000.0000,Oppose
2025,Z157,WFP National PAC - NYS IE Committee,OTHR,77,Sands Street,6th FL,Brooklyn,NY,11201,PD,6313,Cuomo TV Ad 15s,6/18/2025,TVADS,Video (TV/Cable),150000,2993,"Cuomo, Andrew M",1,,150000.0000,Oppose
2025,Z157,WFP National PAC - NYS IE Committee,OTHR,77,Sands Street,6th FL,Brooklyn,NY,11201,PD,6314,Cuomo TV Ad 30s,6/18/2025,TVADS,Video (TV/Cable),250000,2993,"Cuomo, Andrew M",1,,250000.0000,Oppose
2025,Z157,WFP National PAC - NYS IE Committee,OTHR,77,Sands Street,6th FL,Brooklyn,NY,11201,GD,7363,Cuomo TV Ad G2025,10/31/2025,TVADS,Video (TV/Cable),441600,2993,"Cuomo, Andrew M",1,,441600.0000,Oppose
2025,Z157,WFP National PAC - NYS IE Committee,OTHR,77,Sands Street,6th FL,Brooklyn,NY,11201,PD,6117,Cuomo Video Ad,6/14/2025,INTVID,Video (Internet),18000,2993,"Cuomo, Andrew M",1,,18000.0000,Oppose
2025,Z157,WFP National PAC - NYS IE Committee,OTHR,77,Sands Street,6th FL,Brooklyn,NY,11201,PD,6503,Hanif/Mamdani Phone Banking (In-kind),6/21/2025,PHONE,Phone Calls - Live,750,2899,"Mamdani, Zohran K",1,,750.0000,Support
2025,Z157,WFP National PAC - NYS IE Committee,OTHR,77,Sands Street,6th FL,Brooklyn,NY,11201,PD,6505,Hanif/Mamdani Texting (In-kind),6/21/2025,TEXT,Text Messages,297,2899,"Mamdani, Zohran K",1,,296.7700,Support
2025,Z157,WFP National PAC - NYS IE Committee,OTHR,77,Sands Street,6th FL,Brooklyn,NY,11201,GD,7373,Mamdani - Patrick Merveille Video 10.30.25,10/30/2025,INTVID,Video (Internet),100,2899,"Mamdani, Zohran K",1,,100.0000,Support
2025,Z157,WFP National PAC - NYS IE Committee,OTHR,77,Sands Street,6th FL,Brooklyn,NY,11201,GD,7334,Mamdani College Digital Program Buy,10/29/2025,INTVID,Video (Internet),25000,2899,"Mamdani, Zohran K",1,,25000.0000,Support
2025,Z157,WFP National PAC - NYS IE Committee,OTHR,77,Sands Street,6th FL,Brooklyn,NY,11201,GD,7335,Mamdani College Digital Program Buy 2,10/29/2025,INTVID,Video (Internet),25000,2899,"Mamdani, Zohran K",1,,25000.0000,Support
2025,Z157,WFP National PAC - NYS IE Committee,OTHR,77,Sands Street,6th FL,Brooklyn,NY,11201,GD,7306,Mamdani Digital Ads 10.28.25,10/28/2025,INTVID,Video (Internet),100000,2899,"Mamdani, Zohran K",1,,100000.0000,Support
2025,Z157,WFP National PAC - NYS IE Committee,OTHR,77,Sands Street,6th FL,Brooklyn,NY,11201,GD,7239,Mamdani Facebook Ads,10/23/2025,INTVID,Video (Internet),11120,2899,"Mamdani, Zohran K",1,,11120.1600,Support
2025,Z157,WFP National PAC - NYS IE Committee,OTHR,77,Sands Street,6th FL,Brooklyn,NY,11201,GD,7348,Mamdani Newspaper Ad - The Korea Daily,10/30/2025,PRINT,Print Ad,2100,2899,"Mamdani, Zohran K",1,,2100.0000,Support
2025,Z157,WFP National PAC - NYS IE Committee,OTHR,77,Sands Street,6th FL,Brooklyn,NY,11201,GD,7350,Mamdani Newspaper Ad - The Korea Times New York,10/30/2025,PRINT,Print Ad,1400,2899,"Mamdani, Zohran K",1,,1400.0000,Support
2025,Z157,WFP National PAC - NYS IE Committee,OTHR,77,Sands Street,6th FL,Brooklyn,NY,11201,GD,7349,Mamdani Newspaper Ad - The Korean New York Daily,10/30/2025,PRINT,Print Ad,1500,2899,"Mamdani, Zohran K",1,,1500.0000,Support
2025,Z157,WFP National PAC - NYS IE Committee,OTHR,77,Sands Street,6th FL,Brooklyn,NY,11201,36,6936,Mamdani Social Media Content,9/10/2025,INTAD,Internet - Display/Banner,9126,2899,"Mamdani, Zohran K",1,,9126.0000,Support
2025,Z157,WFP National PAC - NYS IE Committee,OTHR,77,Sands Street,6th FL,Brooklyn,NY,11201,GD,7406,Mamdani Texts 1.1.25,11/1/2025,TEXT,Text Messages,7835,2899,"Mamdani, Zohran K",1,,7834.5800,Support
2025,Z157,WFP National PAC - NYS IE Committee,OTHR,77,Sands Street,6th FL,Brooklyn,NY,11201,GD,7237,Mamdani TV Ads G2025,10/24/2025,TVADS,Video (TV/Cable),478400,2899,"Mamdani, Zohran K",1,,478400.0000,Support
2025,Z157,WFP National PAC - NYS IE Committee,OTHR,77,Sands Street,6th FL,Brooklyn,NY,11201,GD,7235,Mamdani Video Ads Production,10/23/2025,INTVID,Video (Internet),15000,2899,"Mamdani, Zohran K",1,,15000.0000,Support
2025,Z157,WFP National PAC - NYS IE Committee,OTHR,77,Sands Street,6th FL,Brooklyn,NY,11201,PD,6509,Mayor Digital Ad 6.23.25,6/23/2025,INTVID,Video (Internet),7500,2993,"Cuomo, Andrew M",1,,7500.0000,Oppose
2025,Z157,WFP National PAC - NYS IE Committee,OTHR,77,Sands Street,6th FL,Brooklyn,NY,11201,PD,5911,NYC Mayor Canvass (In-Kind),6/11/2025,OTHER,Other,45697,2063,"Adams, Adrienne E",1,,11424.3000,Support
2025,Z157,WFP National PAC - NYS IE Committee,OTHR,77,Sands Street,6th FL,Brooklyn,NY,11201,PD,5911,NYC Mayor Canvass (In-Kind),6/11/2025,OTHER,Other,45697,2993,"Cuomo, Andrew M",1,,11424.2800,Oppose
2025,Z157,WFP National PAC - NYS IE Committee,OTHR,77,Sands Street,6th FL,Brooklyn,NY,11201,PD,5911,NYC Mayor Canvass (In-Kind),6/11/2025,OTHER,Other,45697,1164,"Lander, Brad",1,,11424.2800,Support
2025,Z157,WFP National PAC - NYS IE Committee,OTHR,77,Sands Street,6th FL,Brooklyn,NY,11201,PD,5911,NYC Mayor Canvass (In-Kind),6/11/2025,OTHER,Other,45697,2899,"Mamdani, Zohran K",1,,11424.2800,Support
2025,Z157,WFP National PAC - NYS IE Committee,OTHR,77,Sands Street,6th FL,Brooklyn,NY,11201,PD,6231,NYC Slate Direct Mail,6/17/2025,MAIL,Mass Mailing,167285,2063,"Adams, Adrienne E",1,,11814.7900,Support
2025,Z157,WFP National PAC - NYS IE Committee,OTHR,77,Sands Street,6th FL,Brooklyn,NY,11201,PD,6231,NYC Slate Direct Mail,6/17/2025,MAIL,Mass Mailing,167285,2993,"Cuomo, Andrew M",1,,88566.6600,Oppose
2025,Z157,WFP National PAC - NYS IE Committee,OTHR,77,Sands Street,6th FL,Brooklyn,NY,11201,PD,6231,NYC Slate Direct Mail,6/17/2025,MAIL,Mass Mailing,167285,1164,"Lander, Brad",1,,19679.5100,Support
2025,Z157,WFP National PAC - NYS IE Committee,OTHR,77,Sands Street,6th FL,Brooklyn,NY,11201,PD,6231,NYC Slate Direct Mail,6/17/2025,MAIL,Mass Mailing,167285,2899,"Mamdani, Zohran K",1,,39359.0300,Support
2025,Z157,WFP National PAC - NYS IE Committee,OTHR,77,Sands Street,6th FL,Brooklyn,NY,11201,PD,6231,NYC Slate Direct Mail,6/17/2025,MAIL,Mass Mailing,167285,2857,"Myrie, Zellnor",1,,7864.7200,Support
2025,Z157,WFP National PAC - NYS IE Committee,OTHR,77,Sands Street,6th FL,Brooklyn,NY,11201,PD,5893,Texting - NYC Mayor,6/12/2025,TEXT,Text Messages,11309,2063,"Adams, Adrienne E",1,,848.1500,Support
2025,Z157,WFP National PAC - NYS IE Committee,OTHR,77,Sands Street,6th FL,Brooklyn,NY,11201,PD,5893,Texting - NYC Mayor,6/12/2025,TEXT,Text Messages,11309,2993,"Cuomo, Andrew M",1,,5654.3900,Oppose
2025,Z157,WFP National PAC - NYS IE Committee,OTHR,77,Sands Street,6th FL,Brooklyn,NY,11201,PD,5893,Texting - NYC Mayor,6/12/2025,TEXT,Text Messages,11309,1164,"Lander, Brad",1,,1413.6000,Support
2025,Z157,WFP National PAC - NYS IE Committee,OTHR,77,Sands Street,6th FL,Brooklyn,NY,11201,PD,5893,Texting - NYC Mayor,6/12/2025,TEXT,Text Messages,11309,2899,"Mamdani, Zohran K",1,,2827.1900,Support
2025,Z157,WFP National PAC - NYS IE Committee,OTHR,77,Sands Street,6th FL,Brooklyn,NY,11201,PD,5893,Texting - NYC Mayor,6/12/2025,TEXT,Text Messages,11309,2857,"Myrie, Zellnor",1,,565.4400,Support
2025,Z263,"Winters, hpwinters, Hope",IND,11124,White Balsam Ave,,BOYNTON BEACH,FL,33473,46,7536,Cab Billboards,11/3/2025,BILLBD,Billboard,60000,2993,"Cuomo, Andrew M",1,,60000.0000,Support
2025,Z263,"Winters, hpwinters, Hope",IND,11124,White Balsam Ave,,BOYNTON BEACH,FL,33473,46,7529,trucks,10/29/2025,BILLBD,Billboard,175000,2993,"Cuomo, Andrew M",1,,165000.0000,Support
2025,Z263,"Winters, hpwinters, Hope",IND,11124,White Balsam Ave,,BOYNTON BEACH,FL,33473,46,7529,trucks,10/29/2025,BILLBD,Billboard,175000,2899,"Mamdani, Zohran K",1,,10000.0000,Oppose

